Date,Open,High,Low,Close,Adj Close,Volume
2006-01-26,45.0,48.279998779296875,39.5099983215332,44.0,44.0,13218600
2006-01-27,44.880001068115234,44.900001525878906,41.75,42.20000076293945,42.20000076293945,1150800
2006-01-30,42.20000076293945,45.5099983215332,41.25,44.79999923706055,44.79999923706055,735800
2006-01-31,45.5,49.29999923706055,45.380001068115234,47.52000045776367,47.52000045776367,1111200
2006-02-01,48.900001525878906,49.2400016784668,45.25,46.560001373291016,46.560001373291016,606700
2006-02-02,47.900001525878906,47.90999984741211,44.2599983215332,44.75,44.75,401500
2006-02-03,44.849998474121094,46.560001373291016,44.25,46.54999923706055,46.54999923706055,245300
2006-02-06,47.47999954223633,48.0,46.0,47.709999084472656,47.709999084472656,349800
2006-02-07,47.709999084472656,47.75,45.25,46.279998779296875,46.279998779296875,267200
2006-02-08,45.849998474121094,46.599998474121094,45.040000915527344,45.7400016784668,45.7400016784668,174400
2006-02-09,45.779998779296875,46.0,43.08000183105469,44.04999923706055,44.04999923706055,220300
2006-02-10,43.25,43.2599983215332,41.5,42.310001373291016,42.310001373291016,375500
2006-02-13,41.75,42.54999923706055,41.0,41.47999954223633,41.47999954223633,199100
2006-02-14,41.45000076293945,43.2599983215332,41.189998626708984,43.0,43.0,197900
2006-02-15,43.099998474121094,43.29999923706055,42.220001220703125,42.70000076293945,42.70000076293945,98100
2006-02-16,43.75,44.70000076293945,42.529998779296875,44.45000076293945,44.45000076293945,293000
2006-02-17,44.25,45.0,43.849998474121094,43.849998474121094,43.849998474121094,138000
2006-02-21,44.0,44.060001373291016,42.810001373291016,43.099998474121094,43.099998474121094,68100
2006-02-22,43.0,44.150001525878906,42.849998474121094,43.869998931884766,43.869998931884766,95900
2006-02-23,45.099998474121094,45.9900016784668,44.75,45.79999923706055,45.79999923706055,249300
2006-02-24,45.900001525878906,46.75,45.79999923706055,46.66999816894531,46.66999816894531,138300
2006-02-27,46.95000076293945,46.95000076293945,46.18000030517578,46.529998779296875,46.529998779296875,100800
2006-02-28,46.529998779296875,46.529998779296875,45.599998474121094,45.599998474121094,45.599998474121094,87500
2006-03-01,45.63999938964844,46.20000076293945,44.599998474121094,45.5,45.5,190100
2006-03-02,45.5,46.310001373291016,45.06999969482422,45.75,45.75,229000
2006-03-03,45.75,46.290000915527344,45.130001068115234,45.47999954223633,45.47999954223633,89100
2006-03-06,45.599998474121094,46.099998474121094,45.029998779296875,45.790000915527344,45.790000915527344,168900
2006-03-07,44.5,45.25,44.25,45.0,45.0,328300
2006-03-08,44.849998474121094,44.849998474121094,42.20000076293945,42.5,42.5,306600
2006-03-09,42.75,42.900001525878906,41.25,41.459999084472656,41.459999084472656,161500
2006-03-10,41.400001525878906,42.880001068115234,40.88999938964844,42.11000061035156,42.11000061035156,313900
2006-03-13,42.36000061035156,43.75,42.36000061035156,43.40999984741211,43.40999984741211,190400
2006-03-14,46.290000915527344,49.150001525878906,45.95000076293945,48.70000076293945,48.70000076293945,1255800
2006-03-15,48.0,52.75,47.849998474121094,52.0099983215332,52.0099983215332,1142100
2006-03-16,52.0,56.75,51.88999938964844,55.04999923706055,55.04999923706055,1697700
2006-03-17,55.5,55.5,53.41999816894531,53.86000061035156,53.86000061035156,396200
2006-03-20,53.86000061035156,53.86000061035156,50.04999923706055,50.09000015258789,50.09000015258789,863500
2006-03-21,50.2599983215332,52.349998474121094,50.20000076293945,52.0,52.0,360400
2006-03-22,52.95000076293945,54.849998474121094,52.95000076293945,54.79999923706055,54.79999923706055,579300
2006-03-23,55.0,55.099998474121094,53.0,53.880001068115234,53.880001068115234,505500
2006-03-24,54.0,54.849998474121094,53.61000061035156,54.5099983215332,54.5099983215332,277000
2006-03-27,54.25,54.45000076293945,53.29999923706055,54.09000015258789,54.09000015258789,220900
2006-03-28,54.099998474121094,54.099998474121094,52.95000076293945,53.20000076293945,53.20000076293945,175600
2006-03-29,53.45000076293945,54.45000076293945,53.0,53.93000030517578,53.93000030517578,148000
2006-03-30,54.029998779296875,55.5,53.849998474121094,55.40999984741211,55.40999984741211,209400
2006-03-31,55.20000076293945,56.5,54.599998474121094,55.38999938964844,55.38999938964844,770400
2006-04-03,55.560001373291016,57.4900016784668,55.20000076293945,56.97999954223633,56.97999954223633,370100
2006-04-04,57.150001525878906,57.470001220703125,56.400001525878906,57.0,57.0,167400
2006-04-05,57.0,57.20000076293945,56.029998779296875,57.150001525878906,57.150001525878906,99300
2006-04-06,57.599998474121094,58.0,55.47999954223633,55.5,55.5,301700
2006-04-07,55.45000076293945,55.5,54.400001525878906,54.650001525878906,54.650001525878906,221100
2006-04-10,54.400001525878906,55.599998474121094,53.45000076293945,53.72999954223633,53.72999954223633,338100
2006-04-11,53.7400016784668,55.0,53.119998931884766,54.599998474121094,54.599998474121094,359400
2006-04-12,54.5,55.189998626708984,53.81999969482422,54.04999923706055,54.04999923706055,212800
2006-04-13,54.0099983215332,54.02000045776367,52.709999084472656,53.02000045776367,53.02000045776367,148100
2006-04-17,52.79999923706055,54.2599983215332,52.75,54.06999969482422,54.06999969482422,99700
2006-04-18,53.95000076293945,54.290000915527344,53.75,53.91999816894531,53.91999816894531,104200
2006-04-19,54.0,54.400001525878906,53.79999923706055,54.0,54.0,150500
2006-04-20,54.0,54.0,53.0,53.15999984741211,53.15999984741211,99400
2006-04-21,53.75,53.900001525878906,53.0,53.400001525878906,53.400001525878906,119100
2006-04-24,53.25,53.38999938964844,52.93000030517578,53.310001373291016,53.310001373291016,166900
2006-04-25,53.060001373291016,53.060001373291016,51.25,52.150001525878906,52.150001525878906,315500
2006-04-26,52.150001525878906,52.41999816894531,50.9900016784668,51.099998474121094,51.099998474121094,166200
2006-04-27,49.0,50.79999923706055,48.29999923706055,50.779998779296875,50.779998779296875,813000
2006-04-28,50.29999923706055,52.47999954223633,50.11000061035156,52.189998626708984,52.189998626708984,159600
2006-05-01,52.0,52.15999984741211,51.400001525878906,51.650001525878906,51.650001525878906,154900
2006-05-02,53.0,55.45000076293945,52.5099983215332,54.560001373291016,54.560001373291016,680100
2006-05-03,54.54999923706055,55.20000076293945,54.540000915527344,55.0099983215332,55.0099983215332,204800
2006-05-04,55.2599983215332,56.189998626708984,54.900001525878906,55.61000061035156,55.61000061035156,194200
2006-05-05,55.5,57.0,55.400001525878906,56.900001525878906,56.900001525878906,163800
2006-05-08,57.2599983215332,59.59000015258789,57.099998474121094,59.27000045776367,59.27000045776367,782100
2006-05-09,65.3499984741211,67.7699966430664,62.27000045776367,67.05000305175781,67.05000305175781,2515400
2006-05-10,67.05000305175781,67.05000305175781,64.51000213623047,64.8499984741211,64.8499984741211,518900
2006-05-11,64.5999984741211,65.69999694824219,63.90999984741211,64.19999694824219,64.19999694824219,322700
2006-05-12,64.19999694824219,64.37000274658203,63.209999084472656,63.27000045776367,63.27000045776367,268400
2006-05-15,63.27000045776367,63.5,61.279998779296875,62.150001525878906,62.150001525878906,376900
2006-05-16,62.20000076293945,65.37999725341797,62.20000076293945,63.900001525878906,63.900001525878906,456600
2006-05-17,63.900001525878906,64.80000305175781,63.400001525878906,64.16000366210938,64.16000366210938,257000
2006-05-18,64.9000015258789,65.5999984741211,62.63999938964844,62.689998626708984,62.689998626708984,890100
2006-05-19,62.20000076293945,63.279998779296875,61.279998779296875,61.83000183105469,61.83000183105469,2260400
2006-05-22,61.650001525878906,62.099998474121094,59.40999984741211,60.81999969482422,60.81999969482422,593400
2006-05-23,61.0,62.4900016784668,60.75,60.7599983215332,60.7599983215332,391000
2006-05-24,60.7599983215332,61.0,59.54999923706055,60.150001525878906,60.150001525878906,370700
2006-05-25,60.5,62.0,60.5,61.25,61.25,271400
2006-05-26,61.150001525878906,61.470001220703125,60.79999923706055,60.88999938964844,60.88999938964844,95700
2006-05-30,61.0099983215332,61.0099983215332,57.70000076293945,58.09000015258789,58.09000015258789,426400
2006-05-31,58.09000015258789,58.79999923706055,56.709999084472656,57.77000045776367,57.77000045776367,465700
2006-06-01,58.0,60.0,58.0,60.0,60.0,240600
2006-06-02,60.20000076293945,60.72999954223633,59.33000183105469,60.56999969482422,60.56999969482422,294000
2006-06-05,60.56999969482422,60.56999969482422,58.86000061035156,58.900001525878906,58.900001525878906,162400
2006-06-06,58.900001525878906,58.90999984741211,57.36000061035156,58.15999984741211,58.15999984741211,237700
2006-06-07,58.25,59.95000076293945,58.099998474121094,58.61000061035156,58.61000061035156,261100
2006-06-08,58.09000015258789,58.099998474121094,55.060001373291016,57.290000915527344,57.290000915527344,424100
2006-06-09,57.290000915527344,58.45000076293945,56.25,56.25,56.25,171500
2006-06-12,56.47999954223633,57.650001525878906,55.5,57.099998474121094,57.099998474121094,249200
2006-06-13,56.900001525878906,57.459999084472656,56.150001525878906,56.150001525878906,56.150001525878906,251800
2006-06-14,56.150001525878906,58.279998779296875,56.150001525878906,58.150001525878906,58.150001525878906,212700
2006-06-15,58.79999923706055,62.22999954223633,58.79999923706055,61.880001068115234,61.880001068115234,717700
2006-06-16,62.470001220703125,62.470001220703125,61.310001373291016,61.7599983215332,61.7599983215332,412100
2006-06-19,61.900001525878906,61.90999984741211,60.68000030517578,60.97999954223633,60.97999954223633,203400
2006-06-20,60.75,61.869998931884766,60.66999816894531,60.66999816894531,60.66999816894531,127700
2006-06-21,60.75,63.88999938964844,60.75,63.0,63.0,292300
2006-06-22,62.540000915527344,63.599998474121094,62.150001525878906,62.849998474121094,62.849998474121094,278100
2006-06-23,62.90999984741211,62.90999984741211,61.310001373291016,61.900001525878906,61.900001525878906,230400
2006-06-26,61.9900016784668,62.84000015258789,61.7599983215332,62.75,62.75,83800
2006-06-27,62.599998474121094,63.5,61.45000076293945,61.79999923706055,61.79999923706055,221000
2006-06-28,61.79999923706055,62.0,59.689998626708984,59.95000076293945,59.95000076293945,262100
2006-06-29,60.099998474121094,61.380001068115234,59.25,60.849998474121094,60.849998474121094,444600
2006-06-30,61.45000076293945,62.5,60.02000045776367,60.95000076293945,60.95000076293945,287600
2006-07-03,61.25,61.25,59.900001525878906,60.38999938964844,60.38999938964844,108800
2006-07-05,60.38999938964844,60.650001525878906,58.63999938964844,59.349998474121094,59.349998474121094,416400
2006-07-06,59.36000061035156,59.79999923706055,58.400001525878906,59.060001373291016,59.060001373291016,329100
2006-07-07,59.15999984741211,59.15999984741211,55.790000915527344,56.0,56.0,525500
2006-07-10,56.0099983215332,56.380001068115234,52.79999923706055,53.59000015258789,53.59000015258789,573400
2006-07-11,53.70000076293945,55.41999816894531,51.93000030517578,55.18000030517578,55.18000030517578,454600
2006-07-12,54.79999923706055,55.349998474121094,54.0099983215332,54.29999923706055,54.29999923706055,133200
2006-07-13,54.0,55.45000076293945,52.5,55.0099983215332,55.0099983215332,453500
2006-07-14,55.0099983215332,55.15999984741211,53.209999084472656,54.11000061035156,54.11000061035156,202600
2006-07-17,54.0,55.95000076293945,53.79999923706055,55.5,55.5,258800
2006-07-18,56.0,56.4900016784668,53.0,53.900001525878906,53.900001525878906,575300
2006-07-19,53.900001525878906,55.400001525878906,53.150001525878906,53.959999084472656,53.959999084472656,319000
2006-07-20,53.959999084472656,53.970001220703125,50.150001525878906,51.130001068115234,51.130001068115234,812700
2006-07-21,51.130001068115234,51.20000076293945,48.70000076293945,49.369998931884766,49.369998931884766,661900
2006-07-24,49.380001068115234,51.66999816894531,49.380001068115234,50.599998474121094,50.599998474121094,365800
2006-07-25,50.349998474121094,53.470001220703125,50.349998474121094,52.75,52.75,423400
2006-07-26,52.5,52.75,51.56999969482422,52.349998474121094,52.349998474121094,356200
2006-07-27,52.349998474121094,52.900001525878906,50.33000183105469,50.939998626708984,50.939998626708984,296800
2006-07-28,51.04999923706055,52.380001068115234,49.790000915527344,50.130001068115234,50.130001068115234,532600
2006-07-31,49.79999923706055,52.900001525878906,49.56999969482422,52.5,52.5,1214500
2006-08-01,50.0099983215332,53.0,49.79999923706055,52.0,52.0,1193900
2006-08-02,52.0,52.849998474121094,51.45000076293945,52.25,52.25,596800
2006-08-03,52.0,54.11000061035156,51.40999984741211,54.08000183105469,54.08000183105469,512300
2006-08-04,55.0,56.5,53.849998474121094,54.900001525878906,54.900001525878906,383600
2006-08-07,54.560001373291016,54.70000076293945,53.40999984741211,54.400001525878906,54.400001525878906,181700
2006-08-08,54.380001068115234,54.400001525878906,53.04999923706055,53.400001525878906,53.400001525878906,808800
2006-08-09,53.5099983215332,53.54999923706055,50.25,50.279998779296875,50.279998779296875,657700
2006-08-10,50.0,50.20000076293945,47.369998931884766,48.66999816894531,48.66999816894531,910300
2006-08-11,48.88999938964844,49.79999923706055,48.099998474121094,49.290000915527344,49.290000915527344,489200
2006-08-14,50.0,50.689998626708984,49.599998474121094,49.880001068115234,49.880001068115234,423300
2006-08-15,50.25,50.90999984741211,49.79999923706055,50.63999938964844,50.63999938964844,523200
2006-08-16,50.88999938964844,53.5,50.54999923706055,53.5,53.5,540200
2006-08-17,53.0,53.939998626708984,52.290000915527344,53.08000183105469,53.08000183105469,420900
2006-08-18,53.25,53.25,51.31999969482422,51.810001373291016,51.810001373291016,319000
2006-08-21,51.650001525878906,51.66999816894531,50.5,51.099998474121094,51.099998474121094,304700
2006-08-22,50.900001525878906,51.11000061035156,50.349998474121094,50.58000183105469,50.58000183105469,156500
2006-08-23,50.58000183105469,50.75,49.70000076293945,50.15999984741211,50.15999984741211,179100
2006-08-24,50.2400016784668,50.38999938964844,49.16999816894531,49.16999816894531,49.16999816894531,256300
2006-08-25,49.04999923706055,49.400001525878906,48.7599983215332,48.900001525878906,48.900001525878906,143600
2006-08-28,48.88999938964844,49.38999938964844,48.619998931884766,48.900001525878906,48.900001525878906,93400
2006-08-29,48.900001525878906,50.150001525878906,48.79999923706055,49.79999923706055,49.79999923706055,280900
2006-08-30,49.650001525878906,51.150001525878906,49.650001525878906,50.2599983215332,50.2599983215332,220600
2006-08-31,50.25,50.54999923706055,49.18000030517578,49.34000015258789,49.34000015258789,158000
2006-09-01,49.599998474121094,50.880001068115234,49.540000915527344,50.689998626708984,50.689998626708984,250600
2006-09-05,50.470001220703125,51.36000061035156,50.33000183105469,50.5099983215332,50.5099983215332,285800
2006-09-06,50.29999923706055,50.709999084472656,49.7400016784668,50.09000015258789,50.09000015258789,188400
2006-09-07,50.0,50.20000076293945,49.15999984741211,49.849998474121094,49.849998474121094,171100
2006-09-08,49.900001525878906,49.900001525878906,45.81999969482422,47.91999816894531,47.91999816894531,2951800
2006-09-11,47.79999923706055,49.36000061035156,47.61000061035156,49.099998474121094,49.099998474121094,522400
2006-09-12,49.349998474121094,51.79999923706055,48.619998931884766,51.470001220703125,51.470001220703125,611200
2006-09-13,51.38999938964844,52.45000076293945,51.38999938964844,52.06999969482422,52.06999969482422,574300
2006-09-14,51.0,51.70000076293945,50.5,50.83000183105469,50.83000183105469,518600
2006-09-15,51.459999084472656,51.650001525878906,50.599998474121094,51.20000076293945,51.20000076293945,304800
2006-09-18,51.209999084472656,51.29999923706055,50.599998474121094,50.83000183105469,50.83000183105469,174700
2006-09-19,50.58000183105469,50.779998779296875,49.79999923706055,50.33000183105469,50.33000183105469,245400
2006-09-20,50.59000015258789,51.79999923706055,50.400001525878906,51.040000915527344,51.040000915527344,365200
2006-09-21,51.58000183105469,53.79999923706055,51.04999923706055,53.209999084472656,53.209999084472656,951500
2006-09-22,52.5,52.70000076293945,51.0,52.119998931884766,52.119998931884766,535900
2006-09-25,52.119998931884766,53.400001525878906,51.970001220703125,53.15999984741211,53.15999984741211,676700
2006-09-26,53.2599983215332,53.310001373291016,51.470001220703125,52.380001068115234,52.380001068115234,390700
2006-09-27,52.22999954223633,52.599998474121094,49.61000061035156,49.79999923706055,49.79999923706055,762100
2006-09-28,50.0,50.70000076293945,48.70000076293945,49.599998474121094,49.599998474121094,784300
2006-09-29,49.72999954223633,50.209999084472656,49.400001525878906,49.66999816894531,49.66999816894531,744000
2006-10-02,49.66999816894531,50.06999969482422,48.720001220703125,49.0,49.0,660000
2006-10-03,49.0099983215332,50.06999969482422,48.79999923706055,49.5,49.5,1017400
2006-10-04,49.47999954223633,51.439998626708984,48.7599983215332,50.9900016784668,50.9900016784668,3278700
2006-10-05,50.9900016784668,51.099998474121094,48.29999923706055,50.119998931884766,50.119998931884766,3900400
2006-10-06,50.45000076293945,51.59000015258789,48.54999923706055,51.59000015258789,51.59000015258789,6765700
2006-10-09,52.47999954223633,56.75,52.29999923706055,55.689998626708984,55.689998626708984,4559300
2006-10-10,55.5,57.459999084472656,55.2400016784668,56.47999954223633,56.47999954223633,4248100
2006-10-11,56.47999954223633,57.25,54.630001068115234,55.400001525878906,55.400001525878906,1730000
2006-10-12,55.70000076293945,57.63999938964844,55.689998626708984,57.22999954223633,57.22999954223633,1484500
2006-10-13,57.599998474121094,57.599998474121094,56.349998474121094,56.79999923706055,56.79999923706055,1120200
2006-10-16,56.79999923706055,57.4900016784668,55.689998626708984,56.04999923706055,56.04999923706055,973700
2006-10-17,55.70000076293945,56.459999084472656,54.77000045776367,55.4900016784668,55.4900016784668,797500
2006-10-18,55.97999954223633,56.52000045776367,54.5,54.849998474121094,54.849998474121094,827100
2006-10-19,54.25,54.970001220703125,53.77000045776367,54.0,54.0,798400
2006-10-20,54.20000076293945,55.119998931884766,53.75,54.959999084472656,54.959999084472656,1350200
2006-10-23,55.04999923706055,56.58000183105469,55.04999923706055,56.400001525878906,56.400001525878906,927100
2006-10-24,56.099998474121094,57.720001220703125,55.84000015258789,57.70000076293945,57.70000076293945,630800
2006-10-25,57.70000076293945,58.70000076293945,56.93000030517578,56.95000076293945,56.95000076293945,1109700
2006-10-26,57.150001525878906,58.849998474121094,56.79999923706055,58.5,58.5,975600
2006-10-27,58.459999084472656,59.20000076293945,57.65999984741211,58.41999816894531,58.41999816894531,699900
2006-10-30,58.45000076293945,59.099998474121094,57.29999923706055,59.04999923706055,59.04999923706055,720700
2006-10-31,59.0,60.25,58.130001068115234,59.900001525878906,59.900001525878906,1946600
2006-11-01,59.63999938964844,59.90999984741211,57.31999969482422,58.220001220703125,58.220001220703125,1684400
2006-11-02,56.70000076293945,57.599998474121094,56.060001373291016,56.790000915527344,56.790000915527344,1015700
2006-11-03,57.099998474121094,57.38999938964844,55.5,57.08000183105469,57.08000183105469,814000
2006-11-06,57.790000915527344,58.97999954223633,57.790000915527344,58.2599983215332,58.2599983215332,624300
2006-11-07,58.849998474121094,58.869998931884766,57.9900016784668,58.08000183105469,58.08000183105469,694100
2006-11-08,57.5,58.47999954223633,56.599998474121094,57.68000030517578,57.68000030517578,543100
2006-11-09,57.779998779296875,57.900001525878906,56.11000061035156,56.58000183105469,56.58000183105469,481100
2006-11-10,57.099998474121094,57.7599983215332,56.70000076293945,57.29999923706055,57.29999923706055,425000
2006-11-13,57.79999923706055,57.86000061035156,56.5,56.650001525878906,56.650001525878906,539400
2006-11-14,57.400001525878906,58.31999969482422,56.75,57.869998931884766,57.869998931884766,1330500
2006-11-15,58.099998474121094,59.0,57.5,58.84000015258789,58.84000015258789,766700
2006-11-16,59.0,59.060001373291016,58.16999816894531,58.77000045776367,58.77000045776367,629800
2006-11-17,58.77000045776367,59.880001068115234,58.0,59.880001068115234,59.880001068115234,1051400
2006-11-20,59.880001068115234,62.0,59.599998474121094,61.86000061035156,61.86000061035156,1315600
2006-11-21,61.599998474121094,62.36000061035156,61.0,61.22999954223633,61.22999954223633,769000
2006-11-22,61.0099983215332,61.75,60.599998474121094,61.27000045776367,61.27000045776367,354900
2006-11-24,60.36000061035156,61.27000045776367,60.36000061035156,61.0099983215332,61.0099983215332,121100
2006-11-27,60.810001373291016,60.81999969482422,57.630001068115234,57.810001373291016,57.810001373291016,1113400
2006-11-28,57.70000076293945,57.81999969482422,55.75,57.31999969482422,57.31999969482422,1020600
2006-11-29,57.93000030517578,58.439998626708984,57.65999984741211,57.88999938964844,57.88999938964844,364900
2006-11-30,57.88999938964844,58.7400016784668,57.650001525878906,57.95000076293945,57.95000076293945,469000
2006-12-01,57.70000076293945,58.08000183105469,57.0,57.4900016784668,57.4900016784668,282100
2006-12-04,58.150001525878906,59.349998474121094,57.75,58.0,58.0,748300
2006-12-05,57.75,57.95000076293945,56.630001068115234,56.849998474121094,56.849998474121094,700800
2006-12-06,56.79999923706055,57.63999938964844,56.349998474121094,57.130001068115234,57.130001068115234,745200
2006-12-07,57.130001068115234,57.36000061035156,54.5,54.7599983215332,54.7599983215332,1128800
2006-12-08,54.90999984741211,55.45000076293945,53.619998931884766,55.29999923706055,55.29999923706055,980200
2006-12-11,55.959999084472656,55.959999084472656,54.310001373291016,54.849998474121094,54.849998474121094,655000
2006-12-12,55.0,55.56999969482422,54.0,54.5,54.5,794900
2006-12-13,54.66999816894531,55.38999938964844,54.20000076293945,54.20000076293945,54.20000076293945,747300
2006-12-14,54.20000076293945,55.70000076293945,53.79999923706055,53.95000076293945,53.95000076293945,705700
2006-12-15,53.70000076293945,54.349998474121094,52.810001373291016,53.099998474121094,53.099998474121094,848200
2006-12-18,53.029998779296875,54.220001220703125,52.15999984741211,53.91999816894531,53.91999816894531,782300
2006-12-19,53.209999084472656,54.65999984741211,53.20000076293945,54.61000061035156,54.61000061035156,647300
2006-12-20,54.63999938964844,55.369998931884766,54.63999938964844,54.880001068115234,54.880001068115234,545300
2006-12-21,54.95000076293945,55.5,53.599998474121094,54.45000076293945,54.45000076293945,377700
2006-12-22,55.75,56.650001525878906,55.20000076293945,55.52000045776367,55.52000045776367,673300
2006-12-26,55.52000045776367,56.47999954223633,55.29999923706055,56.25,56.25,193800
2006-12-27,56.400001525878906,56.54999923706055,55.41999816894531,56.04999923706055,56.04999923706055,267600
2006-12-28,55.900001525878906,56.68000030517578,55.619998931884766,56.41999816894531,56.41999816894531,438500
2006-12-29,56.22999954223633,57.0,55.97999954223633,57.0,57.0,528000
2007-01-03,56.900001525878906,56.95000076293945,56.0,56.40999984741211,56.40999984741211,519300
2007-01-04,56.5,56.5,55.130001068115234,55.380001068115234,55.380001068115234,471200
2007-01-05,55.58000183105469,55.68000030517578,54.61000061035156,55.0,55.0,508800
2007-01-08,55.0099983215332,56.20000076293945,54.79999923706055,56.04999923706055,56.04999923706055,286500
2007-01-09,56.040000915527344,57.38999938964844,56.040000915527344,56.45000076293945,56.45000076293945,571600
2007-01-10,55.72999954223633,56.650001525878906,55.5099983215332,56.209999084472656,56.209999084472656,869100
2007-01-11,56.349998474121094,57.75,56.15999984741211,57.66999816894531,57.66999816894531,447700
2007-01-12,57.41999816894531,58.5,56.630001068115234,58.279998779296875,58.279998779296875,745200
2007-01-16,58.290000915527344,60.5,58.290000915527344,60.459999084472656,60.459999084472656,712000
2007-01-17,60.400001525878906,60.939998626708984,59.52000045776367,60.599998474121094,60.599998474121094,595000
2007-01-18,60.599998474121094,60.599998474121094,59.02000045776367,59.58000183105469,59.58000183105469,759600
2007-01-19,59.34000015258789,59.68000030517578,58.79999923706055,58.970001220703125,58.970001220703125,258500
2007-01-22,59.540000915527344,59.540000915527344,58.16999816894531,58.41999816894531,58.41999816894531,410200
2007-01-23,58.95000076293945,59.060001373291016,58.0099983215332,58.5,58.5,616500
2007-01-24,58.70000076293945,58.9900016784668,57.959999084472656,58.0,58.0,421300
2007-01-25,58.20000076293945,58.25,57.150001525878906,57.47999954223633,57.47999954223633,1139300
2007-01-26,58.0,58.20000076293945,56.65999984741211,57.34000015258789,57.34000015258789,518000
2007-01-29,57.09000015258789,59.20000076293945,56.869998931884766,58.70000076293945,58.70000076293945,401200
2007-01-30,58.66999816894531,59.86000061035156,58.34000015258789,59.599998474121094,59.599998474121094,504800
2007-01-31,59.599998474121094,60.29999923706055,58.7400016784668,59.41999816894531,59.41999816894531,467000
2007-02-01,59.599998474121094,60.400001525878906,58.93000030517578,59.79999923706055,59.79999923706055,875700
2007-02-02,60.18000030517578,60.18000030517578,59.529998779296875,60.0099983215332,60.0099983215332,348900
2007-02-05,60.20000076293945,60.66999816894531,59.75,60.439998626708984,60.439998626708984,215900
2007-02-06,60.5099983215332,60.630001068115234,59.86000061035156,60.58000183105469,60.58000183105469,326300
2007-02-07,60.58000183105469,61.7599983215332,60.400001525878906,61.56999969482422,61.56999969482422,748500
2007-02-08,61.56999969482422,62.2599983215332,61.11000061035156,62.09000015258789,62.09000015258789,304600
2007-02-09,62.25,62.400001525878906,61.47999954223633,61.90999984741211,61.90999984741211,751600
2007-02-12,61.650001525878906,61.70000076293945,60.040000915527344,60.720001220703125,60.720001220703125,567400
2007-02-13,61.029998779296875,61.58000183105469,60.29999923706055,60.45000076293945,60.45000076293945,217500
2007-02-14,60.56999969482422,61.5099983215332,59.599998474121094,59.689998626708984,59.689998626708984,1087600
2007-02-15,60.209999084472656,61.689998626708984,59.38999938964844,61.380001068115234,61.380001068115234,1248600
2007-02-16,64.0,65.25,63.099998474121094,65.02999877929688,65.02999877929688,2085900
2007-02-20,64.0,64.4800033569336,62.91999816894531,63.88999938964844,63.88999938964844,1293900
2007-02-21,63.54999923706055,63.75,62.880001068115234,63.58000183105469,63.58000183105469,602400
2007-02-22,64.5,64.91000366210938,63.83000183105469,64.41999816894531,64.41999816894531,332300
2007-02-23,64.19999694824219,64.80000305175781,62.900001525878906,64.30999755859375,64.30999755859375,264400
2007-02-26,64.30999755859375,64.31999969482422,62.79999923706055,63.630001068115234,63.630001068115234,536700
2007-02-27,62.29999923706055,62.83000183105469,59.650001525878906,60.25,60.25,1175700
2007-02-28,60.5,60.68000030517578,59.5099983215332,59.9900016784668,59.9900016784668,529000
2007-03-01,58.650001525878906,61.5,58.599998474121094,61.22999954223633,61.22999954223633,791600
2007-03-02,61.02000045776367,61.29999923706055,60.0,60.20000076293945,60.20000076293945,495800
2007-03-05,59.70000076293945,60.099998474121094,58.61000061035156,59.04999923706055,59.04999923706055,298400
2007-03-06,59.790000915527344,60.5,59.0,60.06999969482422,60.06999969482422,572000
2007-03-07,60.31999969482422,61.11000061035156,59.720001220703125,60.220001220703125,60.220001220703125,198100
2007-03-08,61.599998474121094,61.599998474121094,59.95000076293945,60.09000015258789,60.09000015258789,345000
2007-03-09,60.34000015258789,61.0,60.09000015258789,60.56999969482422,60.56999969482422,274700
2007-03-12,60.58000183105469,61.2400016784668,60.5,61.22999954223633,61.22999954223633,277000
2007-03-13,61.369998931884766,62.0,60.5,61.0099983215332,61.0099983215332,405800
2007-03-14,61.150001525878906,61.54999923706055,60.04999923706055,60.59000015258789,60.59000015258789,305100
2007-03-15,60.59000015258789,61.09000015258789,60.119998931884766,61.04999923706055,61.04999923706055,351300
2007-03-16,61.04999923706055,61.189998626708984,60.36000061035156,60.58000183105469,60.58000183105469,277100
2007-03-19,60.75,63.41999816894531,60.75,63.099998474121094,63.099998474121094,663200
2007-03-20,63.099998474121094,64.63999938964844,63.040000915527344,64.2300033569336,64.2300033569336,774900
2007-03-21,64.25,64.95999908447266,63.709999084472656,64.75,64.75,248600
2007-03-22,64.6500015258789,64.80000305175781,64.0199966430664,64.16999816894531,64.16999816894531,174900
2007-03-23,64.2699966430664,64.8499984741211,64.1500015258789,64.80000305175781,64.80000305175781,143500
2007-03-26,64.3499984741211,64.3499984741211,63.41999816894531,63.59000015258789,63.59000015258789,308900
2007-03-27,63.54999923706055,63.54999923706055,62.130001068115234,62.369998931884766,62.369998931884766,228700
2007-03-28,62.119998931884766,62.15999984741211,61.59000015258789,62.060001373291016,62.060001373291016,357900
2007-03-29,62.599998474121094,62.619998931884766,61.5099983215332,62.20000076293945,62.20000076293945,204900
2007-03-30,62.0,62.900001525878906,61.70000076293945,62.099998474121094,62.099998474121094,128800
2007-04-02,62.25,62.84000015258789,61.939998626708984,62.7400016784668,62.7400016784668,260600
2007-04-03,63.099998474121094,64.30000305175781,63.099998474121094,63.95000076293945,63.95000076293945,199600
2007-04-04,64.19999694824219,64.83999633789062,63.130001068115234,64.75,64.75,284300
2007-04-05,64.88999938964844,65.0,63.56999969482422,64.91000366210938,64.91000366210938,214200
2007-04-09,65.18000030517578,66.0,64.4000015258789,65.0,65.0,481500
2007-04-10,64.9000015258789,64.94000244140625,64.1500015258789,64.66999816894531,64.66999816894531,233800
2007-04-11,64.66999816894531,64.66999816894531,63.529998779296875,63.779998779296875,63.779998779296875,311000
2007-04-12,63.75,64.2699966430664,62.54999923706055,64.16000366210938,64.16000366210938,485800
2007-04-13,64.44999694824219,64.63999938964844,63.58000183105469,64.06999969482422,64.06999969482422,85800
2007-04-16,64.0,65.94999694824219,63.790000915527344,65.19999694824219,65.19999694824219,226600
2007-04-17,65.25,66.6500015258789,65.19000244140625,66.54000091552734,66.54000091552734,221500
2007-04-18,66.54000091552734,66.63999938964844,65.80000305175781,66.25,66.25,256000
2007-04-19,66.0,66.0,65.0,65.37000274658203,65.37000274658203,124000
2007-04-20,65.80000305175781,66.5,65.04000091552734,65.58999633789062,65.58999633789062,527900
2007-04-23,65.5999984741211,66.01000213623047,65.19999694824219,65.51000213623047,65.51000213623047,135300
2007-04-24,65.5,65.5,64.11000061035156,65.0,65.0,272100
2007-04-25,65.0,65.93000030517578,64.5199966430664,65.68000030517578,65.68000030517578,176200
2007-04-26,66.05000305175781,67.5999984741211,65.94999694824219,66.94000244140625,66.94000244140625,394200
2007-04-27,66.88999938964844,66.88999938964844,65.83999633789062,66.0199966430664,66.0199966430664,203000
2007-04-30,68.0,68.0,65.0,65.2300033569336,65.2300033569336,483500
2007-05-01,65.6500015258789,67.0,63.90999984741211,66.26000213623047,66.26000213623047,867300
2007-05-02,71.38999938964844,80.75,71.30000305175781,78.08999633789062,78.08999633789062,4296600
2007-05-03,78.08999633789062,80.38999938964844,78.08999633789062,79.01000213623047,79.01000213623047,1078500
2007-05-04,79.23999786376953,80.0999984741211,78.26000213623047,78.37000274658203,78.37000274658203,948200
2007-05-07,78.37000274658203,78.68000030517578,76.30000305175781,76.4000015258789,76.4000015258789,723100
2007-05-08,76.25,78.06999969482422,76.0,77.62000274658203,77.62000274658203,471400
2007-05-09,77.62000274658203,78.19999694824219,76.83999633789062,77.69000244140625,77.69000244140625,347300
2007-05-10,77.45999908447266,81.54000091552734,76.8499984741211,80.55000305175781,80.55000305175781,1079000
2007-05-11,80.5,82.9000015258789,80.25,81.73999786376953,81.73999786376953,681400
2007-05-14,82.0999984741211,83.41999816894531,81.55000305175781,82.69999694824219,82.69999694824219,490500
2007-05-15,83.5,83.5,80.87000274658203,81.0999984741211,81.0999984741211,557100
2007-05-16,81.9800033569336,82.5999984741211,80.5,82.44000244140625,82.44000244140625,714000
2007-05-17,81.4800033569336,81.98999786376953,80.48999786376953,81.26000213623047,81.26000213623047,662600
2007-05-18,82.0,82.95999908447266,80.81999969482422,82.0,82.0,366200
2007-05-21,82.4800033569336,82.48999786376953,81.06999969482422,81.80000305175781,81.80000305175781,495900
2007-05-22,82.0,82.3499984741211,81.29000091552734,82.04000091552734,82.04000091552734,238200
2007-05-23,82.1500015258789,82.25,80.41000366210938,80.69999694824219,80.69999694824219,676400
2007-05-24,81.19999694824219,82.72000122070312,80.9800033569336,82.44000244140625,82.44000244140625,495800
2007-05-25,82.5,86.62999725341797,82.5,86.55000305175781,86.55000305175781,797700
2007-05-29,87.25,87.54000091552734,85.19999694824219,85.6500015258789,85.6500015258789,507200
2007-05-30,85.5,86.26000213623047,85.0,86.05999755859375,86.05999755859375,266400
2007-05-31,86.05999755859375,87.0,86.0,86.62000274658203,86.62000274658203,308900
2007-06-01,87.0,88.69999694824219,86.72000122070312,87.80999755859375,87.80999755859375,646100
2007-06-04,87.81999969482422,88.33000183105469,86.16000366210938,87.5199966430664,87.5199966430664,269400
2007-06-05,87.6500015258789,87.69999694824219,85.95999908447266,86.26000213623047,86.26000213623047,501000
2007-06-06,85.69999694824219,85.69999694824219,84.37000274658203,84.56999969482422,84.56999969482422,339000
2007-06-07,82.8499984741211,84.44999694824219,82.52999877929688,82.8499984741211,82.8499984741211,815900
2007-06-08,82.6500015258789,84.7699966430664,82.61000061035156,84.76000213623047,84.76000213623047,329600
2007-06-11,84.6500015258789,85.08999633789062,84.01000213623047,84.48999786376953,84.48999786376953,379300
2007-06-12,84.48999786376953,84.72000122070312,82.25,82.62000274658203,82.62000274658203,311700
2007-06-13,82.6500015258789,83.70999908447266,82.25,83.3499984741211,83.3499984741211,340900
2007-06-14,83.79000091552734,85.2300033569336,83.69000244140625,83.91000366210938,83.91000366210938,308200
2007-06-15,84.55000305175781,85.25,84.4800033569336,85.05000305175781,85.05000305175781,348900
2007-06-18,85.0,87.0,84.2699966430664,85.66999816894531,85.66999816894531,200900
2007-06-19,85.77999877929688,86.18000030517578,84.75,85.93000030517578,85.93000030517578,154500
2007-06-20,86.18000030517578,86.5,84.44999694824219,84.44999694824219,84.44999694824219,219000
2007-06-21,84.44999694824219,84.44999694824219,83.0,83.44999694824219,83.44999694824219,242400
2007-06-22,81.19999694824219,81.75,79.04000091552734,79.58000183105469,79.58000183105469,1031100
2007-06-25,80.0,81.4000015258789,79.62000274658203,80.72000122070312,80.72000122070312,604600
2007-06-26,80.7300033569336,81.36000061035156,80.44999694824219,80.87999725341797,80.87999725341797,207300
2007-06-27,80.41999816894531,82.75,80.08999633789062,82.30000305175781,82.30000305175781,303500
2007-06-28,82.5,82.98999786376953,81.86000061035156,82.5199966430664,82.5199966430664,230900
2007-06-29,84.0,86.91000366210938,83.80999755859375,85.27999877929688,85.27999877929688,1069600
2007-07-02,86.1500015258789,87.0,85.30999755859375,86.0,86.0,418100
2007-07-03,86.01000213623047,86.01000213623047,84.0,84.19999694824219,84.19999694824219,502600
2007-07-05,84.6500015258789,85.0,82.43000030517578,82.58000183105469,82.58000183105469,363200
2007-07-06,82.94999694824219,85.44999694824219,82.76000213623047,85.44999694824219,85.44999694824219,466300
2007-07-09,85.45999908447266,86.0,84.69999694824219,85.76000213623047,85.76000213623047,303900
2007-07-10,85.30000305175781,86.23999786376953,84.83000183105469,85.2699966430664,85.2699966430664,293300
2007-07-11,85.2300033569336,85.55999755859375,84.58999633789062,85.20999908447266,85.20999908447266,206600
2007-07-12,86.1500015258789,90.48999786376953,86.04000091552734,89.81999969482422,89.81999969482422,666100
2007-07-13,90.0,91.0999984741211,88.12999725341797,90.5199966430664,90.5199966430664,420400
2007-07-16,91.9800033569336,92.0,88.7699966430664,88.80000305175781,88.80000305175781,274300
2007-07-17,89.0,89.38999938964844,85.75,86.04000091552734,86.04000091552734,381200
2007-07-18,85.13999938964844,86.97000122070312,84.5999984741211,86.77999877929688,86.77999877929688,594300
2007-07-19,86.79000091552734,87.94000244140625,86.70999908447266,87.44000244140625,87.44000244140625,217300
2007-07-20,87.5,87.5,85.29000091552734,85.7300033569336,85.7300033569336,218000
2007-07-23,86.2300033569336,87.58999633789062,86.0199966430664,86.80999755859375,86.80999755859375,154000
2007-07-24,86.22000122070312,86.47000122070312,80.7699966430664,82.20999908447266,82.20999908447266,679800
2007-07-25,83.0999984741211,83.80000305175781,78.48999786376953,79.58999633789062,79.58999633789062,801500
2007-07-26,78.33999633789062,81.73999786376953,77.51000213623047,78.54000091552734,78.54000091552734,932900
2007-07-27,79.0,83.13999938964844,78.51000213623047,81.5,81.5,864900
2007-07-30,82.0,88.2300033569336,81.91999816894531,87.56999969482422,87.56999969482422,808200
2007-07-31,88.0,90.5,86.45999908447266,88.33999633789062,88.33999633789062,1378200
2007-08-01,94.0999984741211,99.8499984741211,94.0999984741211,99.19000244140625,99.19000244140625,2095900
2007-08-02,99.5,100.69999694824219,97.05999755859375,99.91000366210938,99.91000366210938,1050900
2007-08-03,98.31999969482422,101.16000366210938,97.5,97.9000015258789,97.9000015258789,587600
2007-08-06,98.26000213623047,99.5,96.66000366210938,99.4000015258789,99.4000015258789,700900
2007-08-07,99.0,110.05000305175781,98.61000061035156,108.5,108.5,1468100
2007-08-08,110.30000305175781,114.22000122070312,106.68000030517578,107.55999755859375,107.55999755859375,1326800
2007-08-09,104.11000061035156,107.77999877929688,102.26000213623047,104.05000305175781,104.05000305175781,910500
2007-08-10,101.0,103.0,100.16999816894531,101.69999694824219,101.69999694824219,1039000
2007-08-13,103.94999694824219,104.80000305175781,101.02999877929688,102.01000213623047,102.01000213623047,355800
2007-08-14,102.01000213623047,103.16000366210938,95.7300033569336,96.08000183105469,96.08000183105469,870600
2007-08-15,95.86000061035156,98.05000305175781,94.94999694824219,95.36000061035156,95.36000061035156,571800
2007-08-16,93.7699966430664,96.5,92.0,96.0,96.0,953800
2007-08-17,99.44999694824219,101.5,98.25,99.94999694824219,99.94999694824219,667200
2007-08-20,99.94999694824219,102.75,99.5,101.16000366210938,101.16000366210938,425700
2007-08-21,101.88999938964844,102.0,99.5,99.6500015258789,99.6500015258789,371900
2007-08-22,100.93000030517578,102.06999969482422,99.93000030517578,102.0,102.0,275200
2007-08-23,102.01000213623047,103.5199966430664,100.6500015258789,101.37000274658203,101.37000274658203,205100
2007-08-24,101.80999755859375,103.72000122070312,100.52999877929688,102.91000366210938,102.91000366210938,171700
2007-08-27,102.69999694824219,103.63999938964844,99.5199966430664,99.55000305175781,99.55000305175781,358800
2007-08-28,98.0999984741211,99.2699966430664,96.80000305175781,97.12999725341797,97.12999725341797,328100
2007-08-29,98.0,101.83000183105469,97.51000213623047,100.66999816894531,100.66999816894531,313000
2007-08-30,100.29000091552734,100.81999969482422,99.25,100.05000305175781,100.05000305175781,159900
2007-08-31,100.9800033569336,104.52999877929688,100.2300033569336,103.98999786376953,103.98999786376953,470900
2007-09-04,104.48999786376953,109.38999938964844,102.51000213623047,107.75,107.75,406600
2007-09-05,107.25,107.37999725341797,104.5,105.75,105.75,276500
2007-09-06,106.0,106.7699966430664,103.22000122070312,105.26000213623047,105.26000213623047,297100
2007-09-07,103.66999816894531,104.0,101.01000213623047,101.69000244140625,101.69000244140625,287400
2007-09-10,101.55000305175781,103.0,99.25,100.54000091552734,100.54000091552734,233300
2007-09-11,102.08999633789062,103.75,101.88999938964844,103.62999725341797,103.62999725341797,360500
2007-09-12,103.51000213623047,106.79000091552734,102.87000274658203,103.51000213623047,103.51000213623047,277300
2007-09-13,103.94999694824219,107.12000274658203,102.81999969482422,105.58000183105469,105.58000183105469,349500
2007-09-14,104.9000015258789,105.91000366210938,104.0,105.73999786376953,105.73999786376953,289500
2007-09-17,105.5,109.0,105.37999725341797,108.62999725341797,108.62999725341797,407800
2007-09-18,109.5,112.4000015258789,105.45999908447266,111.80000305175781,111.80000305175781,863200
2007-09-19,112.5,115.2699966430664,112.25,112.87999725341797,112.87999725341797,483200
2007-09-20,112.87999725341797,114.0,110.25,110.83999633789062,110.83999633789062,295000
2007-09-21,112.0,114.95999908447266,111.56999969482422,113.9000015258789,113.9000015258789,441800
2007-09-24,114.98999786376953,118.44999694824219,113.25,114.48999786376953,114.48999786376953,765300
2007-09-25,114.0,115.18000030517578,112.7699966430664,114.6500015258789,114.6500015258789,346400
2007-09-26,116.0,118.0,114.93000030517578,117.08999633789062,117.08999633789062,539500
2007-09-27,117.83000183105469,119.97000122070312,116.87999725341797,119.26000213623047,119.26000213623047,272700
2007-09-28,116.7300033569336,119.88999938964844,116.72000122070312,118.12999725341797,118.12999725341797,539500
2007-10-01,117.61000061035156,123.25,117.61000061035156,122.51000213623047,122.51000213623047,573500
2007-10-02,121.08999633789062,127.26000213623047,120.62000274658203,124.2699966430664,124.2699966430664,749200
2007-10-03,123.9000015258789,126.69999694824219,123.5199966430664,125.81999969482422,125.81999969482422,584500
2007-10-04,126.94999694824219,126.94999694824219,122.87999725341797,123.76000213623047,123.76000213623047,387700
2007-10-05,124.9000015258789,128.57000732421875,124.5,127.54000091552734,127.54000091552734,326900
2007-10-08,125.56999969482422,130.0,124.76000213623047,129.8000030517578,129.8000030517578,400500
2007-10-09,129.80999755859375,130.00999450683594,127.0999984741211,129.52000427246094,129.52000427246094,482900
2007-10-10,128.11000061035156,132.25,128.11000061035156,131.8000030517578,131.8000030517578,382400
2007-10-11,133.0,133.6300048828125,127.5,129.0,129.0,482600
2007-10-12,124.33000183105469,125.79000091552734,113.51000213623047,122.68000030517578,122.68000030517578,1056900
2007-10-15,120.83000183105469,122.43000030517578,120.38999938964844,121.86000061035156,121.86000061035156,466300
2007-10-16,121.0,124.83999633789062,120.62999725341797,122.98999786376953,122.98999786376953,346500
2007-10-17,123.3499984741211,126.0,122.38999938964844,123.12000274658203,123.12000274658203,308000
2007-10-18,122.55000305175781,126.5,122.55000305175781,126.0999984741211,126.0999984741211,308600
2007-10-19,127.05000305175781,127.87999725341797,122.94000244140625,123.4000015258789,123.4000015258789,353100
2007-10-22,122.0,125.95999908447266,121.01000213623047,124.94000244140625,124.94000244140625,294700
2007-10-23,125.98999786376953,127.27999877929688,124.01000213623047,127.12999725341797,127.12999725341797,251000
2007-10-24,127.3499984741211,127.3499984741211,122.08999633789062,123.55000305175781,123.55000305175781,273600
2007-10-25,127.52999877929688,129.91000366210938,126.80000305175781,128.57000732421875,128.57000732421875,1198400
2007-10-26,129.9499969482422,134.3000030517578,129.4499969482422,133.9499969482422,133.9499969482422,4339700
2007-10-29,134.00999450683594,135.0,132.0,134.41000366210938,134.41000366210938,879600
2007-10-30,134.8000030517578,136.47000122070312,132.5,133.5,133.5,1269600
2007-10-31,137.85000610351562,141.3000030517578,132.39999389648438,139.0,139.0,1498000
2007-11-01,137.88999938964844,138.75,133.3300018310547,135.69000244140625,135.69000244140625,757600
2007-11-02,135.39999389648438,136.0,129.22000122070312,131.67999267578125,131.67999267578125,719900
2007-11-05,131.0,131.67999267578125,129.57000732421875,130.9199981689453,130.9199981689453,600300
2007-11-06,132.0,133.00999450683594,130.0,131.8800048828125,131.8800048828125,528400
2007-11-07,131.8000030517578,134.0,130.0,131.1999969482422,131.1999969482422,670300
2007-11-08,131.80999755859375,132.9499969482422,123.51000213623047,127.43000030517578,127.43000030517578,1100600
2007-11-09,124.0,126.31999969482422,121.5199966430664,121.5999984741211,121.5999984741211,714000
2007-11-12,119.93000030517578,125.11000061035156,116.30999755859375,117.12000274658203,117.12000274658203,573700
2007-11-13,117.66000366210938,126.98999786376953,117.66000366210938,126.44999694824219,126.44999694824219,649300
2007-11-14,132.6999969482422,132.6999969482422,125.8499984741211,130.0,130.0,698000
2007-11-15,130.0,130.0,127.4000015258789,129.25,129.25,406900
2007-11-16,129.89999389648438,129.89999389648438,124.0199966430664,124.87000274658203,124.87000274658203,821600
2007-11-19,124.20999908447266,124.20999908447266,119.11000061035156,121.23999786376953,121.23999786376953,692600
2007-11-20,122.25,126.29000091552734,120.6500015258789,124.77999877929688,124.77999877929688,538200
2007-11-21,123.41999816894531,125.62000274658203,120.22000122070312,123.33999633789062,123.33999633789062,379200
2007-11-23,124.55000305175781,125.5199966430664,122.5,125.16999816894531,125.16999816894531,140000
2007-11-26,125.37000274658203,128.77000427246094,124.52999877929688,125.98999786376953,125.98999786376953,307000
2007-11-27,126.83000183105469,128.0399932861328,121.0,127.19000244140625,127.19000244140625,634000
2007-11-28,127.91000366210938,135.63999938964844,127.19000244140625,134.61000061035156,134.61000061035156,590100
2007-11-29,134.30999755859375,136.89999389648438,132.17999267578125,134.33999633789062,134.33999633789062,666600
2007-11-30,138.02999877929688,138.02999877929688,131.38999938964844,133.14999389648438,133.14999389648438,948100
2007-12-03,134.0,136.6999969482422,131.6699981689453,132.92999267578125,132.92999267578125,410200
2007-12-04,131.52000427246094,138.61000061035156,131.52000427246094,137.50999450683594,137.50999450683594,587700
2007-12-05,139.52999877929688,140.4600067138672,136.1699981689453,138.7899932861328,138.7899932861328,516000
2007-12-06,138.8800048828125,149.5399932861328,138.00999450683594,149.14999389648438,149.14999389648438,830100
2007-12-07,149.17999267578125,151.50999450683594,144.58999633789062,146.0399932861328,146.0399932861328,464300
2007-12-10,146.72999572753906,152.0,146.72999572753906,150.0500030517578,150.0500030517578,685800
2007-12-11,150.72000122070312,150.72000122070312,143.6300048828125,144.85000610351562,144.85000610351562,497200
2007-12-12,147.8800048828125,148.89999389648438,142.5,145.1699981689453,145.1699981689453,435400
2007-12-13,142.19000244140625,144.39999389648438,139.5500030517578,144.39999389648438,144.39999389648438,697800
2007-12-14,143.99000549316406,143.99000549316406,140.2899932861328,141.38999938964844,141.38999938964844,419600
2007-12-17,140.44000244140625,141.33999633789062,135.3000030517578,135.42999267578125,135.42999267578125,466000
2007-12-18,136.41000366210938,145.9600067138672,136.07000732421875,145.4600067138672,145.4600067138672,656800
2007-12-19,146.13999938964844,146.13999938964844,139.7899932861328,140.4499969482422,140.4499969482422,629700
2007-12-20,140.00999450683594,143.58999633789062,138.82000732421875,143.58999633789062,143.58999633789062,545700
2007-12-21,144.82000732421875,146.60000610351562,141.75999450683594,146.60000610351562,146.60000610351562,970200
2007-12-24,147.0,150.0,146.60000610351562,148.4499969482422,148.4499969482422,307100
2007-12-26,148.44000244140625,153.89999389648438,146.99000549316406,152.36000061035156,152.36000061035156,480500
2007-12-27,152.36000061035156,154.9499969482422,148.50999450683594,150.6300048828125,150.6300048828125,508500
2007-12-28,151.3800048828125,152.99000549316406,150.47999572753906,151.8800048828125,151.8800048828125,293500
2007-12-31,151.9600067138672,155.49000549316406,146.42999267578125,147.07000732421875,147.07000732421875,499100
2008-01-02,147.10000610351562,150.0,142.47999572753906,146.6699981689453,146.6699981689453,703600
2008-01-03,146.63999938964844,147.72000122070312,140.11000061035156,141.6999969482422,141.6999969482422,534900
2008-01-04,140.0800018310547,140.0800018310547,126.83000183105469,127.01000213623047,127.01000213623047,1450200
2008-01-07,126.5,129.4499969482422,119.27999877929688,123.9800033569336,123.9800033569336,1168400
2008-01-08,122.33000183105469,125.0,117.41999816894531,117.87000274658203,117.87000274658203,739900
2008-01-09,117.26000213623047,118.9000015258789,108.0,118.58000183105469,118.58000183105469,1418900
2008-01-10,117.5,124.0,115.16999816894531,123.0999984741211,123.0999984741211,1190500
2008-01-11,124.79000091552734,124.79000091552734,113.5,116.69999694824219,116.69999694824219,1132600
2008-01-14,116.5,117.5999984741211,113.19999694824219,116.7699966430664,116.7699966430664,961400
2008-01-15,115.95999908447266,122.0,113.0,115.93000030517578,115.93000030517578,1326100
2008-01-16,115.23999786376953,120.58999633789062,113.37999725341797,118.80000305175781,118.80000305175781,832400
2008-01-17,122.29000091552734,123.77999877929688,118.16000366210938,120.33000183105469,120.33000183105469,1159700
2008-01-18,122.19000244140625,123.55000305175781,119.5,121.95999908447266,121.95999908447266,1332600
2008-01-22,114.01000213623047,125.44999694824219,112.30000305175781,123.55999755859375,123.55999755859375,913600
2008-01-23,120.76000213623047,127.55000305175781,119.11000061035156,127.0,127.0,1180600
2008-01-24,126.83999633789062,135.39999389648438,126.01000213623047,132.91000366210938,132.91000366210938,1045200
2008-01-25,135.47000122070312,135.47000122070312,128.58999633789062,128.7899932861328,128.7899932861328,744900
2008-01-28,128.05999755859375,128.05999755859375,120.44000244140625,125.37000274658203,125.37000274658203,945000
2008-01-29,125.5199966430664,127.36000061035156,118.5,119.27999877929688,119.27999877929688,938800
2008-01-30,119.0,119.6500015258789,114.8499984741211,115.06999969482422,115.06999969482422,999300
2008-01-31,113.58999633789062,122.27999877929688,110.5,120.37999725341797,120.37999725341797,1113700
2008-02-01,123.0,124.0,120.06999969482422,123.05000305175781,123.05000305175781,628900
2008-02-04,122.5999984741211,122.83999633789062,116.70999908447266,116.94000244140625,116.94000244140625,675700
2008-02-05,115.98999786376953,120.0,114.29000091552734,114.87999725341797,114.87999725341797,1083100
2008-02-06,114.5,115.02999877929688,108.05999755859375,108.5999984741211,108.5999984741211,1005800
2008-02-07,107.73999786376953,109.58000183105469,101.54000091552734,107.7300033569336,107.7300033569336,1774000
2008-02-08,107.27999877929688,111.0,106.80999755859375,108.30000305175781,108.30000305175781,775500
2008-02-11,109.98999786376953,111.94999694824219,107.91000366210938,110.05000305175781,110.05000305175781,995500
2008-02-12,110.98999786376953,110.98999786376953,105.41000366210938,106.05000305175781,106.05000305175781,917500
2008-02-13,106.44999694824219,112.41000366210938,104.2300033569336,109.69999694824219,109.69999694824219,858800
2008-02-14,112.48999786376953,114.37999725341797,108.3499984741211,108.6500015258789,108.6500015258789,1947000
2008-02-15,97.06999969482422,106.0,95.55000305175781,105.25,105.25,4217300
2008-02-19,105.0,106.2699966430664,101.08000183105469,102.75,102.75,1127100
2008-02-20,101.0999984741211,104.52999877929688,100.36000061035156,102.6500015258789,102.6500015258789,642700
2008-02-21,103.05000305175781,104.83000183105469,100.5199966430664,101.08000183105469,101.08000183105469,485600
2008-02-22,101.5199966430664,101.55999755859375,97.2699966430664,99.72000122070312,99.72000122070312,666900
2008-02-25,99.98999786376953,102.97000122070312,97.66000366210938,102.97000122070312,102.97000122070312,740200
2008-02-26,102.97000122070312,106.56999969482422,101.56999969482422,104.27999877929688,104.27999877929688,806200
2008-02-27,103.62999725341797,106.08999633789062,102.08000183105469,103.23999786376953,103.23999786376953,517800
2008-02-28,101.25,104.48999786376953,100.41000366210938,102.04000091552734,102.04000091552734,402100
2008-02-29,102.87000274658203,103.12999725341797,98.43000030517578,99.30000305175781,99.30000305175781,485400
2008-03-03,99.0,99.75,96.38999938964844,97.62999725341797,97.62999725341797,481300
2008-03-04,96.44999694824219,97.73999786376953,94.0199966430664,96.5199966430664,96.5199966430664,888400
2008-03-05,96.77999877929688,102.94999694824219,96.52999877929688,101.81999969482422,101.81999969482422,1010600
2008-03-06,101.4800033569336,101.4800033569336,95.16999816894531,95.5999984741211,95.5999984741211,925600
2008-03-07,94.62000274658203,97.91999816894531,94.05000305175781,96.43000030517578,96.43000030517578,755500
2008-03-10,96.94000244140625,96.94000244140625,90.08999633789062,90.56999969482422,90.56999969482422,752000
2008-03-11,93.01000213623047,98.81999969482422,92.37000274658203,96.37999725341797,96.37999725341797,815000
2008-03-12,98.5,101.19999694824219,96.33000183105469,99.08000183105469,99.08000183105469,723000
2008-03-13,98.44000244140625,103.0,95.76000213623047,101.01000213623047,101.01000213623047,694000
2008-03-14,101.6500015258789,102.54000091552734,97.58000183105469,99.61000061035156,99.61000061035156,611100
2008-03-17,97.81999969482422,100.0,95.22000122070312,98.23999786376953,98.23999786376953,354700
2008-03-18,100.0,102.11000061035156,97.66000366210938,101.54000091552734,101.54000091552734,383800
2008-03-19,100.93000030517578,105.37999725341797,99.73999786376953,100.1500015258789,100.1500015258789,1266100
2008-03-20,100.13999938964844,109.80000305175781,100.13999938964844,109.70999908447266,109.70999908447266,1096500
2008-03-24,109.9000015258789,117.9800033569336,109.7699966430664,114.80000305175781,114.80000305175781,993000
2008-03-25,113.7699966430664,115.54000091552734,112.16999816894531,113.56999969482422,113.56999969482422,375200
2008-03-26,112.3499984741211,116.0,111.2300033569336,115.0,115.0,403500
2008-03-27,115.08000183105469,116.43000030517578,112.51000213623047,112.72000122070312,112.72000122070312,508000
2008-03-28,114.61000061035156,114.61000061035156,108.72000122070312,109.5999984741211,109.5999984741211,665500
2008-03-31,108.9000015258789,114.58999633789062,105.27999877929688,113.43000030517578,113.43000030517578,794200
2008-04-01,113.98999786376953,120.0,113.31999969482422,119.7300033569336,119.7300033569336,849600
2008-04-02,119.9000015258789,121.29000091552734,116.55999755859375,118.81999969482422,118.81999969482422,590700
2008-04-03,118.79000091552734,120.2300033569336,115.1500015258789,119.05000305175781,119.05000305175781,659300
2008-04-04,120.5,120.5,116.0,116.66000366210938,116.66000366210938,507800
2008-04-07,117.02999877929688,117.77999877929688,114.05000305175781,114.80000305175781,114.80000305175781,372800
2008-04-08,114.5999984741211,116.86000061035156,113.22000122070312,114.5199966430664,114.5199966430664,341900
2008-04-09,115.0,116.16999816894531,110.0,111.33000183105469,111.33000183105469,768200
2008-04-10,110.43000030517578,115.91000366210938,110.43000030517578,113.58999633789062,113.58999633789062,625700
2008-04-11,113.58000183105469,113.58000183105469,110.01000213623047,110.54000091552734,110.54000091552734,866800
2008-04-14,110.30999755859375,111.63999938964844,107.0999984741211,107.7300033569336,107.7300033569336,501700
2008-04-15,109.98999786376953,110.23999786376953,107.58999633789062,108.58999633789062,108.58999633789062,714500
2008-04-16,109.62000274658203,113.2300033569336,109.54000091552734,112.87000274658203,112.87000274658203,563100
2008-04-17,111.3499984741211,112.38999938964844,110.29000091552734,111.4800033569336,111.4800033569336,325300
2008-04-18,113.58999633789062,115.91000366210938,113.2300033569336,114.94999694824219,114.94999694824219,470400
2008-04-21,116.0,119.22000122070312,114.75,118.27999877929688,118.27999877929688,650200
2008-04-22,117.83999633789062,117.83999633789062,110.5999984741211,113.1500015258789,113.1500015258789,634800
2008-04-23,116.0,116.0,109.9000015258789,109.9000015258789,109.9000015258789,899200
2008-04-24,107.20999908447266,107.75,99.5,100.0,100.0,1977200
2008-04-25,104.37999725341797,104.37999725341797,99.29000091552734,102.8499984741211,102.8499984741211,603000
2008-04-28,105.41000366210938,105.41000366210938,100.29000091552734,100.8499984741211,100.8499984741211,545200
2008-04-29,100.58000183105469,101.62000274658203,97.80999755859375,98.9800033569336,98.9800033569336,598100
2008-04-30,99.0,100.4000015258789,97.51000213623047,98.12999725341797,98.12999725341797,770400
2008-05-01,98.16000366210938,100.7699966430664,96.75,100.5,100.5,706200
2008-05-02,103.98999786376953,103.98999786376953,97.4000015258789,97.8499984741211,97.8499984741211,660900
2008-05-05,98.98999786376953,99.7699966430664,96.0,99.08999633789062,99.08999633789062,482000
2008-05-06,98.19999694824219,98.80000305175781,97.12000274658203,98.37999725341797,98.37999725341797,225200
2008-05-07,98.16000366210938,99.5,95.08000183105469,95.55999755859375,95.55999755859375,292600
2008-05-08,95.72000122070312,97.33000183105469,92.69999694824219,93.88999938964844,93.88999938964844,693400
2008-05-09,93.5,95.3499984741211,92.08999633789062,94.93000030517578,94.93000030517578,1198400
2008-05-12,95.01000213623047,97.9000015258789,94.0,97.55000305175781,97.55000305175781,441500
2008-05-13,97.48999786376953,101.0,96.04000091552734,100.69999694824219,100.69999694824219,730100
2008-05-14,101.2699966430664,101.75,99.0,100.66999816894531,100.66999816894531,626900
2008-05-15,99.69000244140625,99.91000366210938,98.0,98.69000244140625,98.69000244140625,369400
2008-05-16,99.0,99.76000213623047,94.69999694824219,95.41999816894531,95.41999816894531,560200
2008-05-19,95.0199966430664,95.98999786376953,90.56999969482422,90.56999969482422,90.56999969482422,1259700
2008-05-20,90.44000244140625,90.44000244140625,87.16999816894531,89.4000015258789,89.4000015258789,802000
2008-05-21,88.91000366210938,91.26000213623047,85.69999694824219,87.36000061035156,87.36000061035156,623400
2008-05-22,87.91000366210938,88.73999786376953,85.43000030517578,86.0999984741211,86.0999984741211,526900
2008-05-23,85.6500015258789,86.08999633789062,83.68000030517578,85.06999969482422,85.06999969482422,475600
2008-05-27,85.43000030517578,88.08999633789062,85.01000213623047,86.7300033569336,86.7300033569336,443400
2008-05-28,87.19000244140625,90.48999786376953,87.05000305175781,90.48999786376953,90.48999786376953,715100
2008-05-29,90.1500015258789,91.47000122070312,88.9000015258789,90.47000122070312,90.47000122070312,837400
2008-05-30,91.0999984741211,92.30000305175781,90.47000122070312,92.30000305175781,92.30000305175781,521900
2008-06-02,91.33999633789062,91.58999633789062,89.54000091552734,90.61000061035156,90.61000061035156,704500
2008-06-03,90.63999938964844,91.22000122070312,88.94999694824219,90.5999984741211,90.5999984741211,534300
2008-06-04,91.20999908447266,93.6500015258789,91.20999908447266,92.38999938964844,92.38999938964844,616500
2008-06-05,93.19000244140625,95.63999938964844,92.5,94.94999694824219,94.94999694824219,812900
2008-06-06,94.11000061035156,94.61000061035156,91.33999633789062,92.26000213623047,92.26000213623047,462600
2008-06-09,93.27999877929688,93.27999877929688,90.05999755859375,90.95999908447266,90.95999908447266,1310000
2008-06-10,90.0999984741211,92.55999755859375,90.0,92.16999816894531,92.16999816894531,336300
2008-06-11,91.91999816894531,91.91999816894531,87.19999694824219,87.43000030517578,87.43000030517578,772400
2008-06-12,87.80999755859375,88.5999984741211,86.41999816894531,86.77999877929688,86.77999877929688,447600
2008-06-13,87.02999877929688,88.45999908447266,85.69000244140625,87.37999725341797,87.37999725341797,433600
2008-06-16,87.06999969482422,88.0,85.94999694824219,87.22000122070312,87.22000122070312,676000
2008-06-17,87.83999633789062,90.1500015258789,87.44000244140625,90.1500015258789,90.1500015258789,521200
2008-06-18,89.5199966430664,91.9000015258789,89.4000015258789,90.5999984741211,90.5999984741211,581800
2008-06-19,90.83000183105469,93.27999877929688,88.95999908447266,93.20999908447266,93.20999908447266,594200
2008-06-20,92.9000015258789,92.9000015258789,89.30000305175781,89.80999755859375,89.80999755859375,509000
2008-06-23,90.48999786376953,90.81999969482422,88.2300033569336,88.62999725341797,88.62999725341797,501800
2008-06-24,88.38999938964844,91.61000061035156,87.5,88.97000122070312,88.97000122070312,431600
2008-06-25,89.80000305175781,93.83999633789062,88.93000030517578,92.9000015258789,92.9000015258789,399500
2008-06-26,91.80999755859375,91.9000015258789,89.5,90.87000274658203,90.87000274658203,424200
2008-06-27,90.48999786376953,92.44000244140625,86.91000366210938,89.5199966430664,89.5199966430664,2380100
2008-06-30,89.02999877929688,89.02999877929688,81.83000183105469,82.62000274658203,82.62000274658203,1375900
2008-07-01,83.02999877929688,83.02999877929688,79.08000183105469,81.6500015258789,81.6500015258789,820500
2008-07-02,83.73999786376953,83.73999786376953,80.05000305175781,80.05000305175781,80.05000305175781,579100
2008-07-03,79.80999755859375,81.80999755859375,79.12999725341797,80.7699966430664,80.7699966430664,184700
2008-07-07,82.7300033569336,83.47000122070312,77.12999725341797,78.51000213623047,78.51000213623047,646900
2008-07-08,78.62000274658203,84.16000366210938,77.83999633789062,83.83999633789062,83.83999633789062,819500
2008-07-09,83.8499984741211,83.8499984741211,78.26000213623047,79.13999938964844,79.13999938964844,1005300
2008-07-10,79.19000244140625,80.13999938964844,70.45999908447266,71.5199966430664,71.5199966430664,1360300
2008-07-11,71.69000244140625,73.75,69.7300033569336,72.61000061035156,72.61000061035156,1088900
2008-07-14,73.08000183105469,73.98999786376953,69.3499984741211,70.0,70.0,1448800
2008-07-15,69.18000030517578,74.87000274658203,69.12000274658203,72.33999633789062,72.33999633789062,989800
2008-07-16,72.70999908447266,77.55000305175781,71.0,77.06999969482422,77.06999969482422,879100
2008-07-17,79.55000305175781,81.27999877929688,74.9800033569336,80.83000183105469,80.83000183105469,761500
2008-07-18,82.08000183105469,82.08000183105469,78.44000244140625,79.91000366210938,79.91000366210938,772100
2008-07-21,79.38999938964844,81.04000091552734,75.80999755859375,76.38999938964844,76.38999938964844,628100
2008-07-22,75.1500015258789,82.29000091552734,74.22000122070312,81.66000366210938,81.66000366210938,828500
2008-07-23,82.11000061035156,89.2699966430664,80.08999633789062,83.80000305175781,83.80000305175781,1638400
2008-07-24,73.68000030517578,76.0,67.0999984741211,67.30000305175781,67.30000305175781,3729300
2008-07-25,68.5,69.33000183105469,66.0,66.30999755859375,66.30999755859375,1791000
2008-07-28,67.30000305175781,67.31999969482422,65.1500015258789,65.48999786376953,65.48999786376953,845300
2008-07-29,66.2699966430664,70.30000305175781,65.41000366210938,69.69000244140625,69.69000244140625,911000
2008-07-30,70.01000213623047,70.62999725341797,67.73999786376953,68.94999694824219,68.94999694824219,796700
2008-07-31,69.29000091552734,70.73999786376953,67.8499984741211,68.5,68.5,432300
2008-08-01,69.37000274658203,69.52999877929688,66.54000091552734,67.16999816894531,67.16999816894531,484600
2008-08-04,66.25,68.68000030517578,66.0,67.5999984741211,67.5999984741211,593100
2008-08-05,68.45999908447266,73.16000366210938,67.73999786376953,72.61000061035156,72.61000061035156,1199800
2008-08-06,72.2699966430664,74.5,70.79000091552734,74.37000274658203,74.37000274658203,563900
2008-08-07,72.16999816894531,73.30999755859375,70.9000015258789,71.13999938964844,71.13999938964844,478700
2008-08-08,72.3499984741211,74.0,71.6500015258789,73.58000183105469,73.58000183105469,1237600
2008-08-11,74.18000030517578,77.9800033569336,73.9800033569336,76.69999694824219,76.69999694824219,900700
2008-08-12,76.69000244140625,76.77999877929688,75.4000015258789,75.76000213623047,75.76000213623047,380500
2008-08-13,75.18000030517578,75.19999694824219,71.73999786376953,72.19000244140625,72.19000244140625,651300
2008-08-14,72.18000030517578,76.41999816894531,71.58999633789062,75.83999633789062,75.83999633789062,700700
2008-08-15,76.01000213623047,77.75,75.5,76.12000274658203,76.12000274658203,415600
2008-08-18,76.93000030517578,76.93000030517578,73.5999984741211,73.95999908447266,73.95999908447266,472600
2008-08-19,74.66999816894531,74.66999816894531,70.30999755859375,72.0199966430664,72.0199966430664,696900
2008-08-20,72.97000122070312,73.33000183105469,69.5999984741211,70.05999755859375,70.05999755859375,451100
2008-08-21,70.04000091552734,71.4000015258789,69.0,70.52999877929688,70.52999877929688,589700
2008-08-22,71.37000274658203,72.86000061035156,71.0,72.0,72.0,371500
2008-08-25,71.55999755859375,72.41999816894531,69.27999877929688,70.12999725341797,70.12999725341797,348000
2008-08-26,70.12000274658203,70.47000122070312,66.4000015258789,70.37000274658203,70.37000274658203,818200
2008-08-27,70.4000015258789,71.31999969482422,68.63999938964844,69.23999786376953,69.23999786376953,418200
2008-08-28,69.05999755859375,70.69000244140625,68.45999908447266,70.23999786376953,70.23999786376953,700000
2008-08-29,69.68000030517578,70.22000122070312,69.05000305175781,69.31999969482422,69.31999969482422,199100
2008-09-02,70.29000091552734,74.73999786376953,69.5199966430664,73.5999984741211,73.5999984741211,1023100
2008-09-03,73.5999984741211,73.5999984741211,71.1500015258789,71.66000366210938,71.66000366210938,1041100
2008-09-04,70.80999755859375,73.36000061035156,68.55999755859375,68.69999694824219,68.69999694824219,546700
2008-09-05,69.0,70.37999725341797,67.08000183105469,69.97000122070312,69.97000122070312,603100
2008-09-08,72.98999786376953,73.0,69.58000183105469,70.0999984741211,70.0999984741211,516200
2008-09-09,69.55000305175781,70.6500015258789,67.06999969482422,67.27999877929688,67.27999877929688,417500
2008-09-10,68.6500015258789,68.79000091552734,66.25,67.87999725341797,67.87999725341797,404200
2008-09-11,67.5,71.48999786376953,66.22000122070312,71.1500015258789,71.1500015258789,744000
2008-09-12,59.18000030517578,59.5,55.41999816894531,56.70000076293945,56.70000076293945,4329400
2008-09-15,53.56999969482422,57.81999969482422,53.56999969482422,56.11000061035156,56.11000061035156,790000
2008-09-16,54.66999816894531,59.0,53.0,57.189998626708984,57.189998626708984,1125400
2008-09-17,56.529998779296875,58.0,55.599998474121094,58.0,58.0,1567000
2008-09-18,57.900001525878906,60.90999984741211,54.790000915527344,60.20000076293945,60.20000076293945,1583500
2008-09-19,62.83000183105469,66.0,59.59000015258789,60.310001373291016,60.310001373291016,1182300
2008-09-22,59.5,59.88999938964844,57.68000030517578,57.900001525878906,57.900001525878906,296400
2008-09-23,57.790000915527344,59.7400016784668,56.63999938964844,56.95000076293945,56.95000076293945,451500
2008-09-24,57.189998626708984,59.709999084472656,56.220001220703125,56.83000183105469,56.83000183105469,348700
2008-09-25,59.7599983215332,59.77000045776367,56.91999816894531,57.40999984741211,57.40999984741211,250800
2008-09-26,56.5099983215332,58.939998626708984,56.0099983215332,58.81999969482422,58.81999969482422,453200
2008-09-29,58.0,61.0,55.0,56.5,56.5,494600
2008-09-30,57.70000076293945,58.25,54.15999984741211,55.4900016784668,55.4900016784668,499300
2008-10-01,55.25,59.25,54.0,57.5099983215332,57.5099983215332,350900
2008-10-02,56.7599983215332,58.20000076293945,53.25,54.54999923706055,54.54999923706055,321700
2008-10-03,57.5,57.5,50.54999923706055,50.54999923706055,50.54999923706055,504900
2008-10-06,49.95000076293945,49.95000076293945,45.189998626708984,48.95000076293945,48.95000076293945,817600
2008-10-07,49.88999938964844,49.91999816894531,46.83000183105469,48.0,48.0,437600
2008-10-08,47.08000183105469,53.0,46.5,51.279998779296875,51.279998779296875,629800
2008-10-09,51.310001373291016,52.7400016784668,48.900001525878906,49.400001525878906,49.400001525878906,323200
2008-10-10,46.66999816894531,50.79999923706055,45.0,48.349998474121094,48.349998474121094,624200
2008-10-13,51.31999969482422,52.189998626708984,49.34000015258789,51.0,51.0,97400
2008-10-14,52.290000915527344,52.54999923706055,43.65999984741211,45.5,45.5,904500
2008-10-15,44.790000915527344,46.0,40.439998626708984,40.77000045776367,40.77000045776367,894900
2008-10-16,43.380001068115234,45.119998931884766,40.97999954223633,44.689998626708984,44.689998626708984,479900
2008-10-17,44.4900016784668,46.849998474121094,42.11000061035156,44.25,44.25,568000
2008-10-20,44.90999984741211,46.36000061035156,44.16999816894531,45.849998474121094,45.849998474121094,486200
2008-10-21,45.5,45.599998474121094,42.7400016784668,43.34000015258789,43.34000015258789,607100
2008-10-22,42.90999984741211,43.869998931884766,40.0,41.08000183105469,41.08000183105469,708600
2008-10-23,42.279998779296875,47.22999954223633,41.939998626708984,44.290000915527344,44.290000915527344,1192600
2008-10-24,41.619998931884766,46.40999984741211,40.77000045776367,44.77000045776367,44.77000045776367,559300
2008-10-27,44.79999923706055,49.0,43.290000915527344,47.459999084472656,47.459999084472656,429000
2008-10-28,48.52000045776367,52.790000915527344,48.060001373291016,51.5,51.5,548000
2008-10-29,51.70000076293945,54.970001220703125,51.70000076293945,54.68000030517578,54.68000030517578,446500
2008-10-30,56.0,57.45000076293945,50.0,50.84000015258789,50.84000015258789,633400
2008-10-31,51.029998779296875,51.90999984741211,47.619998931884766,50.75,50.75,589000
2008-11-03,49.970001220703125,50.5,48.33000183105469,49.02000045776367,49.02000045776367,326800
2008-11-04,49.27000045776367,53.220001220703125,49.209999084472656,50.61000061035156,50.61000061035156,378900
2008-11-05,50.59000015258789,51.119998931884766,48.54999923706055,48.59000015258789,48.59000015258789,130000
2008-11-06,48.59000015258789,50.43000030517578,48.029998779296875,48.650001525878906,48.650001525878906,160900
2008-11-07,49.16999816894531,49.52000045776367,47.66999816894531,48.56999969482422,48.56999969482422,149600
2008-11-10,49.63999938964844,50.0,44.56999969482422,45.43000030517578,45.43000030517578,451700
2008-11-11,44.86000061035156,45.720001220703125,43.939998626708984,44.68000030517578,44.68000030517578,698200
2008-11-12,43.54999923706055,44.38999938964844,41.81999969482422,42.20000076293945,42.20000076293945,568300
2008-11-13,42.380001068115234,45.22999954223633,40.93000030517578,44.84000015258789,44.84000015258789,578700
2008-11-14,43.95000076293945,45.4900016784668,42.349998474121094,44.31999969482422,44.31999969482422,408300
2008-11-17,44.060001373291016,45.38999938964844,43.59000015258789,44.13999938964844,44.13999938964844,272500
2008-11-18,44.13999938964844,44.9900016784668,41.529998779296875,43.88999938964844,43.88999938964844,354700
2008-11-19,44.040000915527344,44.040000915527344,40.25,40.70000076293945,40.70000076293945,339700
2008-11-20,40.060001373291016,41.630001068115234,38.54999923706055,38.689998626708984,38.689998626708984,372000
2008-11-21,39.40999984741211,40.0,36.86000061035156,39.29999923706055,39.29999923706055,578300
2008-11-24,39.689998626708984,43.869998931884766,39.08000183105469,42.61000061035156,42.61000061035156,407100
2008-11-25,43.79999923706055,44.900001525878906,42.61000061035156,44.79999923706055,44.79999923706055,421600
2008-11-26,44.029998779296875,48.43000030517578,42.81999969482422,48.08000183105469,48.08000183105469,343900
2008-11-28,47.54999923706055,49.880001068115234,47.209999084472656,49.58000183105469,49.58000183105469,149200
2008-12-01,48.09000015258789,48.7599983215332,45.400001525878906,45.630001068115234,45.630001068115234,354500
2008-12-02,46.0,48.63999938964844,45.2400016784668,45.91999816894531,45.91999816894531,463600
2008-12-03,45.2599983215332,49.9900016784668,45.25,49.119998931884766,49.119998931884766,605600
2008-12-04,48.52000045776367,51.7599983215332,48.18000030517578,50.7599983215332,50.7599983215332,498400
2008-12-05,50.220001220703125,53.209999084472656,49.099998474121094,53.099998474121094,53.099998474121094,397300
2008-12-08,53.27000045776367,58.040000915527344,53.27000045776367,56.88999938964844,56.88999938964844,540200
2008-12-09,56.45000076293945,57.310001373291016,52.720001220703125,53.400001525878906,53.400001525878906,365200
2008-12-10,54.18000030517578,59.5,54.18000030517578,58.90999984741211,58.90999984741211,670000
2008-12-11,58.52000045776367,59.150001525878906,53.31999969482422,55.04999923706055,55.04999923706055,345700
2008-12-12,53.91999816894531,58.43000030517578,53.41999816894531,57.470001220703125,57.470001220703125,378700
2008-12-15,57.90999984741211,58.25,55.290000915527344,56.59000015258789,56.59000015258789,330000
2008-12-16,57.4900016784668,60.97999954223633,56.970001220703125,60.93000030517578,60.93000030517578,539900
2008-12-17,60.38999938964844,66.05000305175781,59.040000915527344,64.62999725341797,64.62999725341797,781200
2008-12-18,65.1500015258789,67.91999816894531,63.0099983215332,64.08000183105469,64.08000183105469,684600
2008-12-19,63.599998474121094,66.18000030517578,63.22999954223633,63.7599983215332,63.7599983215332,816700
2008-12-22,63.97999954223633,64.0,61.5,63.310001373291016,63.310001373291016,643400
2008-12-23,63.25,63.41999816894531,58.47999954223633,59.189998626708984,59.189998626708984,572400
2008-12-24,59.66999816894531,60.38999938964844,58.40999984741211,58.7400016784668,58.7400016784668,273100
2008-12-26,58.97999954223633,60.45000076293945,57.54999923706055,58.279998779296875,58.279998779296875,269700
2008-12-29,58.380001068115234,58.380001068115234,56.029998779296875,57.34000015258789,57.34000015258789,437300
2008-12-30,57.970001220703125,60.84000015258789,57.68000030517578,60.59000015258789,60.59000015258789,513000
2008-12-31,62.0,63.2400016784668,61.04999923706055,61.97999954223633,61.97999954223633,443500
2009-01-02,61.88999938964844,64.4800033569336,60.400001525878906,64.13999938964844,64.13999938964844,470800
2009-01-05,64.68000030517578,64.8499984741211,61.310001373291016,62.54999923706055,62.54999923706055,606500
2009-01-06,63.47999954223633,63.54999923706055,59.84000015258789,60.380001068115234,60.380001068115234,658500
2009-01-07,59.61000061035156,59.900001525878906,58.11000061035156,58.5099983215332,58.5099983215332,673100
2009-01-08,56.83000183105469,57.810001373291016,54.849998474121094,57.2599983215332,57.2599983215332,618400
2009-01-09,57.099998474121094,57.38999938964844,53.36000061035156,53.40999984741211,53.40999984741211,543100
2009-01-12,53.41999816894531,55.54999923706055,52.66999816894531,54.279998779296875,54.279998779296875,620600
2009-01-13,53.65999984741211,53.779998779296875,51.130001068115234,52.2599983215332,52.2599983215332,436400
2009-01-14,51.2599983215332,51.5,49.119998931884766,49.970001220703125,49.970001220703125,593500
2009-01-15,50.0,52.34000015258789,48.33000183105469,51.47999954223633,51.47999954223633,502800
2009-01-16,53.0099983215332,53.65999984741211,51.47999954223633,53.04999923706055,53.04999923706055,458100
2009-01-20,52.880001068115234,52.880001068115234,48.9900016784668,49.599998474121094,49.599998474121094,428100
2009-01-21,50.5099983215332,51.0,48.5099983215332,50.29999923706055,50.29999923706055,311200
2009-01-22,49.22999954223633,51.0,48.63999938964844,49.119998931884766,49.119998931884766,534900
2009-01-23,48.54999923706055,50.13999938964844,48.099998474121094,48.95000076293945,48.95000076293945,445700
2009-01-26,48.88999938964844,49.70000076293945,47.18000030517578,48.59000015258789,48.59000015258789,429900
2009-01-27,49.27000045776367,49.86000061035156,47.599998474121094,48.09000015258789,48.09000015258789,363400
2009-01-28,49.5,50.959999084472656,49.0099983215332,50.380001068115234,50.380001068115234,618400
2009-01-29,50.0,50.29999923706055,48.66999816894531,48.959999084472656,48.959999084472656,312100
2009-01-30,48.54999923706055,48.54999923706055,46.459999084472656,47.7599983215332,47.7599983215332,492400
2009-02-02,47.45000076293945,48.939998626708984,47.189998626708984,48.099998474121094,48.099998474121094,554300
2009-02-03,48.349998474121094,49.849998474121094,47.959999084472656,49.11000061035156,49.11000061035156,557500
2009-02-04,49.11000061035156,50.97999954223633,48.9900016784668,49.16999816894531,49.16999816894531,604900
2009-02-05,48.9900016784668,51.88999938964844,48.869998931884766,51.529998779296875,51.529998779296875,563000
2009-02-06,51.11000061035156,53.529998779296875,50.779998779296875,51.310001373291016,51.310001373291016,629500
2009-02-09,51.41999816894531,51.650001525878906,49.81999969482422,50.380001068115234,50.380001068115234,479800
2009-02-10,49.90999984741211,51.4900016784668,47.68000030517578,48.11000061035156,48.11000061035156,1139600
2009-02-11,48.16999816894531,49.060001373291016,46.880001068115234,47.41999816894531,47.41999816894531,1416600
2009-02-12,50.709999084472656,53.970001220703125,49.34000015258789,53.25,53.25,3271600
2009-02-13,53.470001220703125,55.36000061035156,52.43000030517578,55.04999923706055,55.04999923706055,946600
2009-02-17,54.880001068115234,54.939998626708984,52.849998474121094,53.36000061035156,53.36000061035156,657500
2009-02-18,53.4900016784668,54.650001525878906,52.43000030517578,54.45000076293945,54.45000076293945,599200
2009-02-19,55.310001373291016,56.0,53.439998626708984,53.7400016784668,53.7400016784668,456700
2009-02-20,52.70000076293945,55.900001525878906,52.40999984741211,55.5,55.5,921200
2009-02-23,56.06999969482422,56.709999084472656,54.29999923706055,54.66999816894531,54.66999816894531,877900
2009-02-24,55.209999084472656,57.380001068115234,54.970001220703125,56.22999954223633,56.22999954223633,761500
2009-02-25,56.4900016784668,56.9900016784668,54.95000076293945,55.459999084472656,55.459999084472656,807400
2009-02-26,56.22999954223633,57.2599983215332,53.75,54.130001068115234,54.130001068115234,564300
2009-02-27,53.15999984741211,55.41999816894531,53.0,54.630001068115234,54.630001068115234,307000
2009-03-02,53.93000030517578,54.279998779296875,51.880001068115234,52.599998474121094,52.599998474121094,694300
2009-03-03,53.209999084472656,53.209999084472656,49.75,50.70000076293945,50.70000076293945,658900
2009-03-04,51.25,52.349998474121094,50.0,50.75,50.75,370100
2009-03-05,50.0,51.08000183105469,49.29999923706055,49.9900016784668,49.9900016784668,451500
2009-03-06,50.27000045776367,50.27000045776367,47.88999938964844,49.189998626708984,49.189998626708984,462600
2009-03-09,48.61000061035156,51.04999923706055,48.470001220703125,49.06999969482422,49.06999969482422,369200
2009-03-10,49.7599983215332,52.91999816894531,49.7599983215332,52.25,52.25,642100
2009-03-11,52.63999938964844,54.709999084472656,51.790000915527344,52.849998474121094,52.849998474121094,436500
2009-03-12,52.849998474121094,55.88999938964844,52.02000045776367,55.150001525878906,55.150001525878906,494100
2009-03-13,56.34000015258789,56.61000061035156,54.5,56.5,56.5,488100
2009-03-16,56.79999923706055,57.79999923706055,55.7599983215332,56.130001068115234,56.130001068115234,426200
2009-03-17,56.45000076293945,60.0,56.150001525878906,59.20000076293945,59.20000076293945,518800
2009-03-18,59.689998626708984,65.16000366210938,59.20000076293945,63.720001220703125,63.720001220703125,950600
2009-03-19,63.599998474121094,63.709999084472656,62.08000183105469,62.34000015258789,62.34000015258789,652800
2009-03-20,62.47999954223633,62.68000030517578,60.38999938964844,61.11000061035156,61.11000061035156,342600
2009-03-23,62.0099983215332,63.83000183105469,60.650001525878906,63.83000183105469,63.83000183105469,396300
2009-03-24,63.0099983215332,67.12000274658203,63.0099983215332,64.5,64.5,540900
2009-03-25,65.25,67.48999786376953,61.97999954223633,65.45999908447266,65.45999908447266,394400
2009-03-26,65.58000183105469,70.75,65.58000183105469,70.75,70.75,791700
2009-03-27,69.9000015258789,69.94999694824219,67.33999633789062,68.5,68.5,618500
2009-03-30,66.80000305175781,67.29000091552734,63.099998474121094,64.7300033569336,64.7300033569336,394100
2009-03-31,65.5,68.30000305175781,64.83999633789062,66.37999725341797,66.37999725341797,418500
2009-04-01,67.05999755859375,68.19000244140625,66.08000183105469,67.5,67.5,630000
2009-04-02,68.75,73.58999633789062,68.25,69.80999755859375,69.80999755859375,833600
2009-04-03,70.01000213623047,72.55000305175781,69.20999908447266,71.08000183105469,71.08000183105469,365400
2009-04-06,70.69000244140625,71.33000183105469,68.5,69.3499984741211,69.3499984741211,287200
2009-04-07,70.12999725341797,70.44999694824219,66.75,67.16999816894531,67.16999816894531,354500
2009-04-08,67.70999908447266,69.94999694824219,67.70999908447266,69.72000122070312,69.72000122070312,522400
2009-04-09,70.2699966430664,72.23999786376953,70.05000305175781,71.5,71.5,437700
2009-04-13,71.08000183105469,74.0,70.55000305175781,73.5999984741211,73.5999984741211,488000
2009-04-14,72.81999969482422,73.55000305175781,71.83999633789062,73.05000305175781,73.05000305175781,446200
2009-04-15,72.0,75.5999984741211,71.51000213623047,74.54000091552734,74.54000091552734,785600
2009-04-16,75.95999908447266,80.38999938964844,75.0,79.01000213623047,79.01000213623047,960500
2009-04-17,79.41000366210938,80.0199966430664,77.18000030517578,79.25,79.25,728200
2009-04-20,78.19999694824219,79.0999984741211,76.7300033569336,77.7699966430664,77.7699966430664,652100
2009-04-21,77.6500015258789,81.73999786376953,76.30000305175781,80.98999786376953,80.98999786376953,765700
2009-04-22,80.0,86.73999786376953,80.0,85.5,85.5,2071300
2009-04-23,92.38999938964844,92.38999938964844,82.54000091552734,85.30999755859375,85.30999755859375,3013600
2009-04-24,83.06999969482422,83.83000183105469,80.19999694824219,81.97000122070312,81.97000122070312,1881900
2009-04-27,80.66999816894531,86.55000305175781,80.58999633789062,83.47000122070312,83.47000122070312,1206700
2009-04-28,82.95999908447266,85.5,82.41000366210938,84.16999816894531,84.16999816894531,787500
2009-04-29,84.9800033569336,86.0,81.0,81.44000244140625,81.44000244140625,1026100
2009-04-30,82.2300033569336,84.44999694824219,80.61000061035156,81.08999633789062,81.08999633789062,1010700
2009-05-01,80.41000366210938,81.9000015258789,79.66000366210938,80.16000366210938,80.16000366210938,618900
2009-05-04,80.26000213623047,84.0999984741211,79.4800033569336,82.81999969482422,82.81999969482422,599700
2009-05-05,82.6500015258789,86.0,82.6500015258789,84.2699966430664,84.2699966430664,649100
2009-05-06,84.81999969482422,85.12999725341797,80.0,80.66000366210938,80.66000366210938,598600
2009-05-07,81.4800033569336,81.9000015258789,75.66000366210938,76.87999725341797,76.87999725341797,978900
2009-05-08,77.5,78.3499984741211,75.2699966430664,77.3499984741211,77.3499984741211,645700
2009-05-11,76.5,77.6500015258789,74.6500015258789,76.55000305175781,76.55000305175781,313800
2009-05-12,77.13999938964844,77.41999816894531,72.87000274658203,74.88999938964844,74.88999938964844,693000
2009-05-13,73.7699966430664,73.83000183105469,71.30000305175781,72.5199966430664,72.5199966430664,798100
2009-05-14,72.1500015258789,77.41999816894531,72.1500015258789,75.37000274658203,75.37000274658203,871000
2009-05-15,75.19000244140625,77.3499984741211,74.5,74.86000061035156,74.86000061035156,601400
2009-05-18,75.72000122070312,77.51000213623047,73.98999786376953,77.31999969482422,77.31999969482422,504000
2009-05-19,77.38999938964844,79.02999877929688,76.38999938964844,78.0999984741211,78.0999984741211,746900
2009-05-20,78.5,78.95999908447266,74.75,75.16999816894531,75.16999816894531,722100
2009-05-21,74.95999908447266,77.12000274658203,74.33999633789062,75.3499984741211,75.3499984741211,379900
2009-05-22,75.8499984741211,76.0,73.79000091552734,74.54000091552734,74.54000091552734,223900
2009-05-26,73.33000183105469,80.08000183105469,73.33000183105469,79.16000366210938,79.16000366210938,605500
2009-05-27,79.88999938964844,83.63999938964844,79.4000015258789,80.79000091552734,80.79000091552734,701900
2009-05-28,81.93000030517578,82.02999877929688,78.66000366210938,80.06999969482422,80.06999969482422,442400
2009-05-29,80.54000091552734,80.54000091552734,77.80000305175781,79.19000244140625,79.19000244140625,634400
2009-06-01,80.54000091552734,84.83000183105469,80.0,84.55999755859375,84.55999755859375,672800
2009-06-02,83.95999908447266,87.2699966430664,83.31999969482422,86.61000061035156,86.61000061035156,554700
2009-06-03,85.68000030517578,88.27999877929688,85.19999694824219,87.0199966430664,87.0199966430664,499300
2009-06-04,89.05999755859375,89.23999786376953,87.31999969482422,88.9000015258789,88.9000015258789,449900
2009-06-05,87.01000213623047,89.55000305175781,85.11000061035156,85.43000030517578,85.43000030517578,790800
2009-06-08,84.51000213623047,84.83000183105469,82.0,83.05999755859375,83.05999755859375,1072400
2009-06-09,83.7699966430664,84.87999725341797,82.0,84.62000274658203,84.62000274658203,734200
2009-06-10,85.9000015258789,86.3499984741211,81.37999725341797,82.98999786376953,82.98999786376953,654400
2009-06-11,83.12999725341797,83.58999633789062,80.73999786376953,80.88999938964844,80.88999938964844,439100
2009-06-12,80.54000091552734,81.95999908447266,79.22000122070312,81.83999633789062,81.83999633789062,542100
2009-06-15,82.55000305175781,82.55000305175781,79.58000183105469,80.95999908447266,80.95999908447266,495100
2009-06-16,81.33999633789062,81.76000213623047,78.25,78.5999984741211,78.5999984741211,779500
2009-06-17,80.56999969482422,80.56999969482422,77.20999908447266,79.16000366210938,79.16000366210938,726100
2009-06-18,79.43000030517578,83.16999816894531,79.43000030517578,81.7699966430664,81.7699966430664,608200
2009-06-19,82.77999877929688,84.9000015258789,82.77999877929688,83.93000030517578,83.93000030517578,682100
2009-06-22,83.38999938964844,83.58000183105469,80.77999877929688,81.0199966430664,81.0199966430664,386000
2009-06-23,81.0199966430664,81.6500015258789,78.5999984741211,78.70999908447266,78.70999908447266,369700
2009-06-24,79.37999725341797,81.5,78.73999786376953,79.04000091552734,79.04000091552734,414400
2009-06-25,78.7300033569336,82.0,78.0999984741211,80.66000366210938,80.66000366210938,383100
2009-06-26,80.52999877929688,80.87999725341797,79.80000305175781,80.5,80.5,511500
2009-06-29,80.36000061035156,81.0,78.62000274658203,79.33999633789062,79.33999633789062,379900
2009-06-30,79.44999694824219,80.80000305175781,79.44999694824219,80.0,80.0,525400
2009-07-01,81.20999908447266,82.80999755859375,79.5,82.70999908447266,82.70999908447266,623900
2009-07-02,81.76000213623047,82.75,78.77999877929688,79.41999816894531,79.41999816894531,523000
2009-07-06,78.77999877929688,79.41999816894531,77.37999725341797,79.27999877929688,79.27999877929688,291300
2009-07-07,79.30000305175781,79.9000015258789,76.75,76.8499984741211,76.8499984741211,358600
2009-07-08,76.87000274658203,78.47000122070312,76.76000213623047,78.37000274658203,78.37000274658203,282500
2009-07-09,78.48999786376953,79.86000061035156,78.20999908447266,79.62999725341797,79.62999725341797,283700
2009-07-10,79.47000122070312,81.37000274658203,79.23999786376953,79.58999633789062,79.58999633789062,465300
2009-07-13,79.97000122070312,81.58999633789062,78.47000122070312,80.69999694824219,80.69999694824219,375300
2009-07-14,80.9000015258789,82.36000061035156,79.91999816894531,82.19999694824219,82.19999694824219,347800
2009-07-15,83.19000244140625,83.5999984741211,81.38999938964844,81.9000015258789,81.9000015258789,416800
2009-07-16,82.98999786376953,85.38999938964844,82.5,85.22000122070312,85.22000122070312,528400
2009-07-17,85.45999908447266,85.45999908447266,83.9800033569336,85.05000305175781,85.05000305175781,285900
2009-07-20,85.20999908447266,90.0,85.20999908447266,88.30000305175781,88.30000305175781,973800
2009-07-21,89.91000366210938,90.9000015258789,87.55000305175781,88.69999694824219,88.69999694824219,769400
2009-07-22,88.30000305175781,91.68000030517578,87.44000244140625,88.77999877929688,88.77999877929688,1476400
2009-07-23,86.8499984741211,93.3499984741211,83.63999938964844,91.70999908447266,91.70999908447266,1734700
2009-07-24,91.0,91.80000305175781,89.94000244140625,91.08999633789062,91.08999633789062,518400
2009-07-27,91.2300033569336,92.0,90.0,92.0,92.0,516600
2009-07-28,91.7300033569336,96.95999908447266,91.69000244140625,95.62000274658203,95.62000274658203,1104300
2009-07-29,95.29000091552734,97.20999908447266,93.79000091552734,94.29000091552734,94.29000091552734,930900
2009-07-30,94.76000213623047,95.9000015258789,93.80999755859375,94.0199966430664,94.0199966430664,463800
2009-07-31,94.05000305175781,95.38999938964844,93.44999694824219,93.83000183105469,93.83000183105469,296700
2009-08-03,94.86000061035156,95.63999938964844,93.41000366210938,95.0,95.0,508500
2009-08-04,94.95999908447266,97.1500015258789,94.86000061035156,96.87999725341797,96.87999725341797,443800
2009-08-05,96.7300033569336,97.04000091552734,95.97000122070312,96.5999984741211,96.5999984741211,250100
2009-08-06,96.30999755859375,96.8499984741211,92.55000305175781,93.26000213623047,93.26000213623047,622400
2009-08-07,93.73999786376953,94.5,91.56999969482422,93.69999694824219,93.69999694824219,643300
2009-08-10,93.2300033569336,93.76000213623047,92.30000305175781,93.62999725341797,93.62999725341797,296500
2009-08-11,93.38999938964844,93.87999725341797,91.80000305175781,92.37000274658203,92.37000274658203,346400
2009-08-12,90.70999908447266,92.52999877929688,89.58999633789062,91.11000061035156,91.11000061035156,450100
2009-08-13,91.12999725341797,91.33999633789062,89.5999984741211,90.73999786376953,90.73999786376953,417400
2009-08-14,90.75,90.91000366210938,86.80000305175781,87.94999694824219,87.94999694824219,638500
2009-08-17,86.72000122070312,86.72000122070312,83.1500015258789,86.55999755859375,86.55999755859375,459800
2009-08-18,86.44000244140625,86.94000244140625,84.9800033569336,86.26000213623047,86.26000213623047,360100
2009-08-19,85.30999755859375,87.25,84.5999984741211,86.26000213623047,86.26000213623047,487400
2009-08-20,86.41000366210938,89.80000305175781,86.19999694824219,88.44999694824219,88.44999694824219,485600
2009-08-21,89.25,89.69999694824219,88.33000183105469,88.66999816894531,88.66999816894531,254300
2009-08-24,89.48999786376953,89.48999786376953,86.80999755859375,87.05000305175781,87.05000305175781,362300
2009-08-25,87.13999938964844,87.9800033569336,85.70999908447266,86.05000305175781,86.05000305175781,260900
2009-08-26,85.8499984741211,86.94000244140625,85.0,85.0999984741211,85.0999984741211,400300
2009-08-27,85.83000183105469,85.83999633789062,83.6500015258789,85.05999755859375,85.05999755859375,355800
2009-08-28,85.47000122070312,85.98999786376953,84.16000366210938,85.05999755859375,85.05999755859375,203000
2009-08-31,84.47000122070312,85.38999938964844,83.56999969482422,83.87999725341797,83.87999725341797,233600
2009-09-01,83.51000213623047,85.0999984741211,80.86000061035156,81.22000122070312,81.22000122070312,643700
2009-09-02,80.87999725341797,82.23999786376953,80.1500015258789,81.5999984741211,81.5999984741211,402800
2009-09-03,82.16000366210938,84.51000213623047,81.12999725341797,84.5,84.5,553300
2009-09-04,84.68000030517578,86.08000183105469,84.0,85.81999969482422,85.81999969482422,519800
2009-09-08,86.13999938964844,88.62000274658203,85.5999984741211,87.41999816894531,87.41999816894531,563000
2009-09-09,87.16999816894531,88.33000183105469,86.43000030517578,88.18000030517578,88.18000030517578,340000
2009-09-10,88.16000366210938,89.8499984741211,87.62999725341797,88.8499984741211,88.8499984741211,357300
2009-09-11,89.23999786376953,89.47000122070312,87.0,87.58999633789062,87.58999633789062,467500
2009-09-14,87.12000274658203,88.30000305175781,86.80999755859375,87.9800033569336,87.9800033569336,286200
2009-09-15,88.37999725341797,89.68000030517578,87.5199966430664,89.43000030517578,89.43000030517578,250900
2009-09-16,90.01000213623047,91.55999755859375,89.30000305175781,89.7699966430664,89.7699966430664,391400
2009-09-17,90.0,91.4000015258789,89.45999908447266,91.01000213623047,91.01000213623047,306200
2009-09-18,91.48999786376953,95.18000030517578,90.91000366210938,93.66999816894531,93.66999816894531,679300
2009-09-21,92.83999633789062,93.38999938964844,91.63999938964844,92.77999877929688,92.77999877929688,260700
2009-09-22,93.16000366210938,93.48999786376953,92.0,92.91999816894531,92.91999816894531,283000
2009-09-23,93.36000061035156,94.0,92.13999938964844,92.13999938964844,92.13999938964844,522500
2009-09-24,92.9800033569336,93.52999877929688,91.56999969482422,92.80000305175781,92.80000305175781,365900
2009-09-25,92.94000244140625,92.94000244140625,91.51000213623047,91.69000244140625,91.69000244140625,252500
2009-09-28,92.02999877929688,92.98999786376953,91.69999694824219,92.6500015258789,92.6500015258789,167400
2009-09-29,92.5999984741211,98.66000366210938,92.5999984741211,96.37000274658203,96.37000274658203,1013200
2009-09-30,96.11000061035156,97.80999755859375,95.25,97.05000305175781,97.05000305175781,707700
2009-10-01,96.75,97.11000061035156,93.06999969482422,93.25,93.25,949600
2009-10-02,92.06999969482422,93.3499984741211,90.79000091552734,91.97000122070312,91.97000122070312,407900
2009-10-05,92.5199966430664,94.0999984741211,91.79000091552734,92.45999908447266,92.45999908447266,331100
2009-10-06,92.83000183105469,93.62000274658203,91.45999908447266,91.73999786376953,91.73999786376953,507500
2009-10-07,91.98999786376953,93.19999694824219,90.56999969482422,91.4000015258789,91.4000015258789,354600
2009-10-08,92.0999984741211,92.79000091552734,91.18000030517578,91.70999908447266,91.70999908447266,307100
2009-10-09,91.8499984741211,92.2699966430664,91.11000061035156,91.77999877929688,91.77999877929688,187500
2009-10-12,91.97000122070312,92.19999694824219,90.3499984741211,90.73999786376953,90.73999786376953,347400
2009-10-13,90.69000244140625,92.19999694824219,89.41000366210938,91.72000122070312,91.72000122070312,434800
2009-10-14,92.68000030517578,93.0,91.36000061035156,92.25,92.25,375700
2009-10-15,91.98999786376953,92.4800033569336,90.33000183105469,91.02999877929688,91.02999877929688,573500
2009-10-16,90.73999786376953,91.18000030517578,89.55000305175781,90.52999877929688,90.52999877929688,588900
2009-10-19,90.87999725341797,91.76000213623047,90.0,91.44999694824219,91.44999694824219,490600
2009-10-20,91.54000091552734,91.66999816894531,88.54000091552734,89.13999938964844,89.13999938964844,749100
2009-10-21,89.0,89.0199966430664,85.05999755859375,85.4800033569336,85.4800033569336,1147200
2009-10-22,82.81999969482422,90.33000183105469,82.58000183105469,89.5199966430664,89.5199966430664,2879100
2009-10-23,87.0999984741211,88.73999786376953,81.72000122070312,82.3499984741211,82.3499984741211,2544200
2009-10-26,82.68000030517578,84.0,81.12999725341797,81.56999969482422,81.56999969482422,826900
2009-10-27,81.58000183105469,82.08000183105469,79.0199966430664,79.73999786376953,79.73999786376953,912600
2009-10-28,80.08999633789062,81.76000213623047,79.61000061035156,80.23999786376953,80.23999786376953,814600
2009-10-29,80.93000030517578,81.88999938964844,80.47000122070312,81.79000091552734,81.79000091552734,501900
2009-10-30,81.73999786376953,83.69999694824219,81.4800033569336,81.48999786376953,81.48999786376953,907300
2009-11-02,81.63999938964844,83.55999755859375,81.05999755859375,82.68000030517578,82.68000030517578,636600
2009-11-03,82.51000213623047,83.19999694824219,81.87999725341797,82.72000122070312,82.72000122070312,500100
2009-11-04,83.87999725341797,83.87999725341797,82.23999786376953,82.41000366210938,82.41000366210938,700000
2009-11-05,83.0199966430664,85.86000061035156,82.9800033569336,85.86000061035156,85.86000061035156,713700
2009-11-06,84.94999694824219,86.72000122070312,84.69999694824219,86.44999694824219,86.44999694824219,500100
2009-11-09,86.97000122070312,88.3499984741211,86.37000274658203,88.26000213623047,88.26000213623047,458600
2009-11-10,88.16999816894531,90.0,88.08999633789062,89.87999725341797,89.87999725341797,814300
2009-11-11,89.94000244140625,90.9000015258789,89.30000305175781,90.08999633789062,90.08999633789062,612100
2009-11-12,89.80999755859375,90.44999694824219,86.8499984741211,87.55000305175781,87.55000305175781,675700
2009-11-13,87.7699966430664,89.16000366210938,87.69999694824219,88.86000061035156,88.86000061035156,514100
2009-11-16,89.66999816894531,90.0199966430664,88.72000122070312,89.5999984741211,89.5999984741211,455800
2009-11-17,89.62000274658203,89.62000274658203,88.58000183105469,88.95999908447266,88.95999908447266,294800
2009-11-18,89.08000183105469,89.08000183105469,87.12000274658203,87.58999633789062,87.58999633789062,461400
2009-11-19,86.87999725341797,87.0999984741211,84.80000305175781,85.47000122070312,85.47000122070312,529800
2009-11-20,85.0,85.73999786376953,83.72000122070312,83.87999725341797,83.87999725341797,468900
2009-11-23,84.51000213623047,86.06999969482422,84.51000213623047,85.13999938964844,85.13999938964844,336300
2009-11-24,85.0,85.2300033569336,83.62000274658203,83.98999786376953,83.98999786376953,267600
2009-11-25,84.05000305175781,84.62000274658203,83.62000274658203,84.44999694824219,84.44999694824219,245100
2009-11-27,83.0199966430664,84.45999908447266,82.98999786376953,83.33000183105469,83.33000183105469,145600
2009-11-30,83.08999633789062,84.16000366210938,82.41999816894531,83.44999694824219,83.44999694824219,295100
2009-12-01,83.9800033569336,85.30000305175781,83.6500015258789,84.61000061035156,84.61000061035156,345000
2009-12-02,84.77999877929688,85.83999633789062,84.63999938964844,85.5,85.5,314300
2009-12-03,85.41999816894531,85.94999694824219,83.11000061035156,83.20999908447266,83.20999908447266,311200
2009-12-04,84.2300033569336,85.5999984741211,82.66999816894531,84.81999969482422,84.81999969482422,259600
2009-12-07,86.18000030517578,86.18000030517578,83.25,83.87999725341797,83.87999725341797,146100
2009-12-08,83.20999908447266,84.41000366210938,81.8499984741211,83.88999938964844,83.88999938964844,173400
2009-12-09,83.55999755859375,85.41999816894531,83.0999984741211,85.16000366210938,85.16000366210938,536900
2009-12-10,85.73999786376953,86.73999786376953,85.12000274658203,86.08999633789062,86.08999633789062,357200
2009-12-11,86.72000122070312,87.6500015258789,86.47000122070312,87.30999755859375,87.30999755859375,246700
2009-12-14,87.98999786376953,89.87000274658203,87.56999969482422,89.87000274658203,89.87000274658203,354100
2009-12-15,89.7300033569336,90.4800033569336,88.80999755859375,89.87000274658203,89.87000274658203,361100
2009-12-16,90.45999908447266,90.45999908447266,88.62000274658203,88.86000061035156,88.86000061035156,238000
2009-12-17,88.47000122070312,89.98999786376953,88.1500015258789,89.16999816894531,89.16999816894531,331300
2009-12-18,90.0,90.16999816894531,88.58000183105469,89.48999786376953,89.48999786376953,362800
2009-12-21,89.6500015258789,90.19999694824219,89.30999755859375,89.70999908447266,89.70999908447266,327200
2009-12-22,89.88999938964844,91.4000015258789,89.88999938964844,90.8499984741211,90.8499984741211,263600
2009-12-23,90.75,91.0,89.66999816894531,90.18000030517578,90.18000030517578,170300
2009-12-24,90.18000030517578,90.33999633789062,89.91000366210938,90.33999633789062,90.33999633789062,33100
2009-12-28,90.3499984741211,91.12999725341797,89.05000305175781,91.02999877929688,91.02999877929688,264300
2009-12-29,91.0199966430664,92.0,90.63999938964844,91.29000091552734,91.29000091552734,158100
2009-12-30,91.29000091552734,91.55999755859375,89.20999908447266,89.9800033569336,89.9800033569336,219600
2009-12-31,90.19000244140625,90.33999633789062,87.91999816894531,88.16000366210938,88.16000366210938,313300
2010-01-04,89.5999984741211,89.5999984741211,87.18000030517578,87.83999633789062,87.83999633789062,313900
2010-01-05,87.5199966430664,90.0,87.11000061035156,89.0199966430664,89.0199966430664,511000
2010-01-06,88.58999633789062,89.5999984741211,86.5999984741211,87.31999969482422,87.31999969482422,282900
2010-01-07,87.33999633789062,88.11000061035156,86.0,86.43000030517578,86.43000030517578,422500
2010-01-08,90.56999969482422,92.7300033569336,90.0,91.88999938964844,91.88999938964844,1196400
2010-01-11,93.86000061035156,98.0,92.5,96.7699966430664,96.7699966430664,1406400
2010-01-12,96.5199966430664,96.68000030517578,94.81999969482422,95.41999816894531,95.41999816894531,548000
2010-01-13,95.2699966430664,95.95999908447266,94.25,95.63999938964844,95.63999938964844,367300
2010-01-14,97.2300033569336,99.70999908447266,96.86000061035156,99.41999816894531,99.41999816894531,878500
2010-01-15,99.55999755859375,99.58000183105469,96.83000183105469,98.05999755859375,98.05999755859375,595000
2010-01-19,98.0,99.97000122070312,97.54000091552734,99.5,99.5,445000
2010-01-20,98.61000061035156,99.80000305175781,97.37999725341797,97.8499984741211,97.8499984741211,448400
2010-01-21,97.94999694824219,102.9000015258789,97.94999694824219,100.05999755859375,100.05999755859375,919700
2010-01-22,100.0199966430664,100.79000091552734,97.63999938964844,97.7699966430664,97.7699966430664,293600
2010-01-25,98.2300033569336,98.45999908447266,95.38999938964844,95.8499984741211,95.8499984741211,375900
2010-01-26,95.52999877929688,98.7300033569336,95.52999877929688,97.5,97.5,410300
2010-01-27,97.62999725341797,98.9800033569336,96.12999725341797,98.44000244140625,98.44000244140625,381200
2010-01-28,98.77999877929688,99.63999938964844,96.62999725341797,98.62000274658203,98.62000274658203,494200
2010-01-29,99.01000213623047,99.6500015258789,96.44000244140625,96.45999908447266,96.45999908447266,254500
2010-02-01,96.88999938964844,100.41000366210938,96.86000061035156,100.37999725341797,100.37999725341797,433900
2010-02-02,100.37999725341797,101.4000015258789,99.31999969482422,100.8499984741211,100.8499984741211,483800
2010-02-03,100.6500015258789,101.12999725341797,100.01000213623047,100.37999725341797,100.37999725341797,223100
2010-02-04,100.0,100.0,97.9000015258789,98.51000213623047,98.51000213623047,570700
2010-02-05,98.11000061035156,98.68000030517578,93.80999755859375,95.19999694824219,95.19999694824219,793200
2010-02-08,95.55000305175781,100.86000061035156,95.16999816894531,99.91999816894531,99.91999816894531,970000
2010-02-09,100.54000091552734,100.87999725341797,99.16999816894531,100.6500015258789,100.6500015258789,551800
2010-02-10,100.73999786376953,101.80999755859375,99.44999694824219,99.51000213623047,99.51000213623047,391000
2010-02-11,99.5,101.4800033569336,98.38999938964844,101.12000274658203,101.12000274658203,952200
2010-02-12,98.62999725341797,105.12999725341797,98.0,104.87000274658203,104.87000274658203,2192200
2010-02-16,105.72000122070312,106.48999786376953,103.16999816894531,103.79000091552734,103.79000091552734,604500
2010-02-17,103.80000305175781,104.69999694824219,103.48999786376953,104.45999908447266,104.45999908447266,362800
2010-02-18,104.0999984741211,105.0,103.55000305175781,103.9800033569336,103.9800033569336,284900
2010-02-19,103.55999755859375,105.45999908447266,103.55999755859375,104.98999786376953,104.98999786376953,330300
2010-02-22,105.0,105.0,103.0,103.93000030517578,103.93000030517578,363200
2010-02-23,103.94000244140625,104.5999984741211,102.87999725341797,103.63999938964844,103.63999938964844,307500
2010-02-24,103.68000030517578,105.29000091552734,103.54000091552734,104.83999633789062,104.83999633789062,249400
2010-02-25,103.69000244140625,104.36000061035156,102.93000030517578,103.81999969482422,103.81999969482422,217200
2010-02-26,104.0999984741211,105.72000122070312,103.5,104.70999908447266,104.70999908447266,309500
2010-03-01,105.52999877929688,108.5,105.33000183105469,107.93000030517578,107.93000030517578,689600
2010-03-02,108.41000366210938,110.22000122070312,107.87999725341797,110.12000274658203,110.12000274658203,818300
2010-03-03,110.1500015258789,111.75,109.4000015258789,110.08000183105469,110.08000183105469,424800
2010-03-04,110.29000091552734,110.29000091552734,108.86000061035156,109.02999877929688,109.02999877929688,316900
2010-03-05,109.16000366210938,111.55000305175781,109.06999969482422,110.62999725341797,110.62999725341797,328500
2010-03-08,110.87000274658203,112.55000305175781,110.72000122070312,111.5,111.5,362700
2010-03-09,111.5,113.22000122070312,110.9000015258789,112.01000213623047,112.01000213623047,414000
2010-03-10,112.25,112.51000213623047,110.70999908447266,112.31999969482422,112.31999969482422,273000
2010-03-11,111.45999908447266,113.16999816894531,111.30999755859375,112.95999908447266,112.95999908447266,235400
2010-03-12,113.54000091552734,115.63999938964844,113.0,114.9800033569336,114.9800033569336,500700
2010-03-15,114.08999633789062,115.62999725341797,112.93000030517578,114.18000030517578,114.18000030517578,300000
2010-03-16,114.12999725341797,115.2699966430664,114.0,114.70999908447266,114.70999908447266,391600
2010-03-17,115.11000061035156,115.52999877929688,114.30000305175781,115.0199966430664,115.0199966430664,333800
2010-03-18,115.2699966430664,115.51000213623047,113.86000061035156,114.16999816894531,114.16999816894531,327900
2010-03-19,113.62999725341797,115.36000061035156,113.36000061035156,113.62999725341797,113.62999725341797,321100
2010-03-22,113.0199966430664,114.5,110.70999908447266,114.44000244140625,114.44000244140625,332600
2010-03-23,114.76000213623047,115.61000061035156,114.25,115.2699966430664,115.2699966430664,275600
2010-03-24,115.06999969482422,115.5,114.19000244140625,114.3499984741211,114.3499984741211,194900
2010-03-25,114.6500015258789,117.11000061035156,114.05000305175781,114.9800033569336,114.9800033569336,495600
2010-03-26,115.43000030517578,115.88999938964844,113.69999694824219,114.0199966430664,114.0199966430664,247300
2010-03-29,114.62000274658203,115.0,114.04000091552734,114.5999984741211,114.5999984741211,143700
2010-03-30,115.01000213623047,116.47000122070312,113.62000274658203,114.4800033569336,114.4800033569336,270100
2010-03-31,114.1500015258789,114.91000366210938,112.52999877929688,112.66999816894531,112.66999816894531,314800
2010-04-01,113.2699966430664,115.12000274658203,113.0,114.4800033569336,114.4800033569336,229600
2010-04-05,115.12000274658203,119.81999969482422,114.87000274658203,119.30000305175781,119.30000305175781,705600
2010-04-06,119.58999633789062,122.62000274658203,118.69999694824219,122.16999816894531,122.16999816894531,835500
2010-04-07,122.87999725341797,124.55999755859375,121.45999908447266,122.47000122070312,122.47000122070312,650500
2010-04-08,122.31999969482422,123.19999694824219,121.25,122.7300033569336,122.7300033569336,257600
2010-04-09,123.30999755859375,123.43000030517578,120.77999877929688,122.5199966430664,122.5199966430664,528000
2010-04-12,123.22000122070312,124.73999786376953,122.72000122070312,123.20999908447266,123.20999908447266,270100
2010-04-13,123.23999786376953,125.98999786376953,123.22000122070312,125.54000091552734,125.54000091552734,448500
2010-04-14,127.04000091552734,127.1500015258789,125.01000213623047,125.97000122070312,125.97000122070312,314100
2010-04-15,126.12999725341797,127.19999694824219,124.70999908447266,125.08000183105469,125.08000183105469,226200
2010-04-16,125.01000213623047,125.4000015258789,122.86000061035156,124.05000305175781,124.05000305175781,300500
2010-04-19,123.77999877929688,124.94999694824219,120.25,123.43000030517578,123.43000030517578,411500
2010-04-20,124.12000274658203,125.2300033569336,122.0,124.08000183105469,124.08000183105469,546700
2010-04-21,123.79000091552734,126.75,123.55999755859375,126.75,126.75,993000
2010-04-22,136.27000427246094,145.11000061035156,133.00999450683594,144.72000122070312,144.72000122070312,2786900
2010-04-23,145.0,145.0,140.77000427246094,142.97999572753906,142.97999572753906,1001500
2010-04-26,142.9499969482422,145.38999938964844,141.8300018310547,141.97999572753906,141.97999572753906,509600
2010-04-27,141.8699951171875,143.5,139.0,139.0399932861328,139.0399932861328,636600
2010-04-28,141.9499969482422,141.9499969482422,134.74000549316406,135.27000427246094,135.27000427246094,882500
2010-04-29,136.0,140.22999572753906,136.0,139.1300048828125,139.1300048828125,658300
2010-04-30,139.69000244140625,142.83999633789062,134.8699951171875,134.91000366210938,134.91000366210938,516100
2010-05-03,135.27000427246094,139.7899932861328,134.91000366210938,138.89999389648438,138.89999389648438,720000
2010-05-04,137.5500030517578,138.30999755859375,133.0,133.38999938964844,133.38999938964844,737000
2010-05-05,131.3300018310547,137.14999389648438,128.02000427246094,135.0,135.0,730000
2010-05-06,134.97999572753906,137.02000427246094,124.0,131.52000427246094,131.52000427246094,987800
2010-05-07,130.38999938964844,133.35000610351562,126.36000061035156,128.8300018310547,128.8300018310547,938700
2010-05-10,134.99000549316406,137.60000610351562,134.1300048828125,136.9199981689453,136.9199981689453,555700
2010-05-11,136.07000732421875,141.24000549316406,135.75,138.05999755859375,138.05999755859375,603600
2010-05-12,139.5,142.77999877929688,139.25999450683594,142.3699951171875,142.3699951171875,529800
2010-05-13,143.89999389648438,148.8699951171875,141.19000244140625,141.85000610351562,141.85000610351562,1064500
2010-05-14,141.4199981689453,141.99000549316406,136.0800018310547,138.61000061035156,138.61000061035156,667200
2010-05-17,139.2100067138672,140.8699951171875,134.33999633789062,139.02999877929688,139.02999877929688,502500
2010-05-18,140.25,144.49000549316406,137.38999938964844,139.66000366210938,139.66000366210938,704100
2010-05-19,138.0800018310547,140.7899932861328,135.91000366210938,138.91000366210938,138.91000366210938,684600
2010-05-20,134.0,137.0399932861328,132.77000427246094,133.83999633789062,133.83999633789062,703700
2010-05-21,131.60000610351562,137.42999267578125,129.07000732421875,135.77000427246094,135.77000427246094,771500
2010-05-24,136.77000427246094,140.94000244140625,135.77999877929688,137.47999572753906,137.47999572753906,561600
2010-05-25,136.0,136.74000549316406,130.0399932861328,136.27999877929688,136.27999877929688,672000
2010-05-26,139.2899932861328,142.39999389648438,137.47000122070312,138.08999633789062,138.08999633789062,660200
2010-05-27,140.77000427246094,143.99000549316406,139.60000610351562,143.99000549316406,143.99000549316406,676400
2010-05-28,144.8000030517578,146.0,142.0500030517578,142.27999877929688,142.27999877929688,510700
2010-06-01,141.35000610351562,143.7100067138672,140.27000427246094,141.25,141.25,569400
2010-06-02,142.36000061035156,147.67999267578125,140.39999389648438,147.61000061035156,147.61000061035156,778400
2010-06-03,148.4499969482422,152.7899932861328,147.7899932861328,148.89999389648438,148.89999389648438,1198500
2010-06-04,147.0399932861328,149.97999572753906,143.35000610351562,143.80999755859375,143.80999755859375,1035400
2010-06-07,146.25,146.25,138.58999633789062,139.07000732421875,139.07000732421875,768400
2010-06-08,139.72000122070312,142.2100067138672,135.36000061035156,142.02999877929688,142.02999877929688,981100
2010-06-09,143.58999633789062,146.97000122070312,142.5800018310547,143.3699951171875,143.3699951171875,683500
2010-06-10,145.99000549316406,146.5,142.47999572753906,146.13999938964844,146.13999938964844,643000
2010-06-11,144.8800048828125,149.5,144.02000427246094,149.47999572753906,149.47999572753906,753100
2010-06-14,151.6300048828125,153.6999969482422,148.35000610351562,148.77000427246094,148.77000427246094,787300
2010-06-15,150.74000549316406,154.25,148.75999450683594,152.9199981689453,152.9199981689453,872600
2010-06-16,153.27999877929688,155.4199981689453,152.0,152.52000427246094,152.52000427246094,618600
2010-06-17,153.83999633789062,153.99000549316406,149.60000610351562,151.85000610351562,151.85000610351562,658200
2010-06-18,153.13999938964844,153.4499969482422,150.72999572753906,152.74000549316406,152.74000549316406,494400
2010-06-21,154.5,155.0,150.39999389648438,151.58999633789062,151.58999633789062,579900
2010-06-22,152.1999969482422,152.83999633789062,145.0,145.14999389648438,145.14999389648438,775400
2010-06-23,144.44000244140625,148.7100067138672,144.30999755859375,147.3000030517578,147.3000030517578,779200
2010-06-24,147.6699981689453,147.6699981689453,144.32000732421875,144.75999450683594,144.75999450683594,560900
2010-06-25,145.52999877929688,148.88999938964844,142.9499969482422,146.83999633789062,146.83999633789062,593400
2010-06-28,147.1199951171875,148.6699981689453,145.75,145.9600067138672,145.9600067138672,328900
2010-06-29,144.0,144.0,137.3699951171875,138.44000244140625,138.44000244140625,946100
2010-06-30,138.5,141.3000030517578,136.57000732421875,136.80999755859375,136.80999755859375,622600
2010-07-01,136.14999389648438,139.58999633789062,133.60000610351562,138.6699981689453,138.6699981689453,869300
2010-07-02,138.64999389648438,140.52999877929688,136.39999389648438,137.24000549316406,137.24000549316406,362600
2010-07-06,138.8000030517578,142.1300048828125,134.55999755859375,135.25999450683594,135.25999450683594,641000
2010-07-07,135.82000732421875,138.60000610351562,133.39999389648438,138.4499969482422,138.4499969482422,906800
2010-07-08,139.5500030517578,141.22999572753906,137.5,139.57000732421875,139.57000732421875,599100
2010-07-09,139.97999572753906,141.3000030517578,138.6999969482422,140.41000366210938,140.41000366210938,455600
2010-07-12,139.4199981689453,141.14999389648438,137.32000732421875,139.92999267578125,139.92999267578125,396500
2010-07-13,140.35000610351562,143.94000244140625,140.3000030517578,142.75999450683594,142.75999450683594,596500
2010-07-14,142.6199951171875,144.97000122070312,141.69000244140625,143.72000122070312,143.72000122070312,482200
2010-07-15,144.1699981689453,144.1699981689453,139.8800048828125,142.4600067138672,142.4600067138672,483000
2010-07-16,141.91000366210938,142.2100067138672,136.6199951171875,136.82000732421875,136.82000732421875,1032400
2010-07-19,136.1699981689453,137.7899932861328,128.52999877929688,130.24000549316406,130.24000549316406,1571300
2010-07-20,128.4499969482422,134.3000030517578,127.30000305175781,133.97000122070312,133.97000122070312,1181600
2010-07-21,135.75,135.75,129.47999572753906,129.60000610351562,129.60000610351562,942200
2010-07-22,131.49000549316406,133.52999877929688,130.42999267578125,133.16000366210938,133.16000366210938,1202400
2010-07-23,137.00999450683594,145.99000549316406,137.0,145.5,145.5,3137000
2010-07-26,145.60000610351562,148.6300048828125,144.05999755859375,148.57000732421875,148.57000732421875,937600
2010-07-27,149.6699981689453,150.0,146.6699981689453,148.27999877929688,148.27999877929688,903100
2010-07-28,147.67999267578125,148.4600067138672,146.27000427246094,147.94000244140625,147.94000244140625,746700
2010-07-29,148.88999938964844,149.47999572753906,144.10000610351562,146.00999450683594,146.00999450683594,704500
2010-07-30,144.0,147.9199981689453,143.30999755859375,147.89999389648438,147.89999389648438,516800
2010-08-02,150.05999755859375,150.97999572753906,148.99000549316406,150.50999450683594,150.50999450683594,629900
2010-08-03,150.2899932861328,152.55999755859375,147.5,151.24000549316406,151.24000549316406,717900
2010-08-04,150.94000244140625,154.42999267578125,150.72999572753906,152.5399932861328,152.5399932861328,763800
2010-08-05,151.2100067138672,152.47999572753906,149.5,150.92999267578125,150.92999267578125,494700
2010-08-06,148.2899932861328,152.0,148.19000244140625,151.60000610351562,151.60000610351562,432700
2010-08-09,152.10000610351562,152.8800048828125,150.05999755859375,151.33999633789062,151.33999633789062,417900
2010-08-10,150.02999877929688,152.0800018310547,149.0,150.02999877929688,150.02999877929688,444300
2010-08-11,147.00999450683594,147.9199981689453,145.1999969482422,146.32000732421875,146.32000732421875,495100
2010-08-12,144.30999755859375,147.3000030517578,143.02000427246094,146.22999572753906,146.22999572753906,361900
2010-08-13,146.16000366210938,146.16000366210938,142.3000030517578,142.6300048828125,142.6300048828125,507700
2010-08-16,142.27000427246094,146.05999755859375,141.00999450683594,144.97000122070312,144.97000122070312,394900
2010-08-17,146.63999938964844,149.7100067138672,145.36000061035156,147.8699951171875,147.8699951171875,483500
2010-08-18,147.7100067138672,150.67999267578125,146.69000244140625,149.4199981689453,149.4199981689453,446800
2010-08-19,149.00999450683594,150.50999450683594,147.08999633789062,147.9199981689453,147.9199981689453,367500
2010-08-20,147.11000061035156,149.91000366210938,146.52000427246094,149.83999633789062,149.83999633789062,342200
2010-08-23,150.9199981689453,152.3000030517578,149.25,149.55999755859375,149.55999755859375,469600
2010-08-24,147.22000122070312,148.8699951171875,144.7899932861328,145.69000244140625,145.69000244140625,573800
2010-08-25,144.39999389648438,147.88999938964844,142.82000732421875,147.61000061035156,147.61000061035156,510400
2010-08-26,148.42999267578125,151.33999633789062,147.1699981689453,148.47999572753906,148.47999572753906,551600
2010-08-27,150.35000610351562,153.1300048828125,147.05999755859375,153.02999877929688,153.02999877929688,583000
2010-08-30,153.67999267578125,153.8699951171875,148.83999633789062,148.83999633789062,148.83999633789062,532300
2010-08-31,148.38999938964844,151.85000610351562,148.1999969482422,150.8300018310547,150.8300018310547,445200
2010-09-01,152.8800048828125,159.5399932861328,151.6300048828125,159.41000366210938,159.41000366210938,1573000
2010-09-02,161.49000549316406,164.19000244140625,159.97999572753906,164.19000244140625,164.19000244140625,1117500
2010-09-03,165.8800048828125,166.52000427246094,162.2899932861328,163.50999450683594,163.50999450683594,726000
2010-09-07,163.2100067138672,164.99000549316406,161.1300048828125,164.77999877929688,164.77999877929688,608700
2010-09-08,165.6699981689453,167.0399932861328,164.41000366210938,166.0500030517578,166.0500030517578,538600
2010-09-09,165.0500030517578,166.2899932861328,162.08999633789062,162.82000732421875,162.82000732421875,625300
2010-09-10,163.39999389648438,167.27999877929688,162.24000549316406,166.00999450683594,166.00999450683594,596700
2010-09-13,167.5,169.17999267578125,167.0,168.3699951171875,168.3699951171875,689400
2010-09-14,167.69000244140625,170.0,166.4499969482422,168.52000427246094,168.52000427246094,785200
2010-09-15,167.7100067138672,169.8000030517578,167.1699981689453,169.66000366210938,169.66000366210938,477300
2010-09-16,168.52999877929688,169.61000061035156,165.00999450683594,167.02999877929688,167.02999877929688,828300
2010-09-17,167.5399932861328,168.72000122070312,165.5,168.30999755859375,168.30999755859375,514200
2010-09-20,168.66000366210938,170.9499969482422,167.0399932861328,170.1300048828125,170.1300048828125,507400
2010-09-21,170.5399932861328,171.4600067138672,167.85000610351562,168.30999755859375,168.30999755859375,457700
2010-09-22,167.58999633789062,169.1699981689453,165.17999267578125,165.74000549316406,165.74000549316406,461600
2010-09-23,164.66000366210938,168.25,164.25999450683594,166.66000366210938,166.66000366210938,484300
2010-09-24,168.5,173.19000244140625,168.5,173.19000244140625,173.19000244140625,871300
2010-09-27,173.5800018310547,176.41000366210938,172.8300018310547,175.8300018310547,175.8300018310547,662600
2010-09-28,176.39999389648438,176.99000549316406,172.05999755859375,176.6699981689453,176.6699981689453,787500
2010-09-29,175.94000244140625,177.17999267578125,175.1999969482422,176.02999877929688,176.02999877929688,677200
2010-09-30,177.11000061035156,177.69000244140625,172.0,172.0,172.0,695800
2010-10-01,173.8000030517578,175.0,172.25999450683594,174.5,174.5,689900
2010-10-04,173.77000427246094,174.72000122070312,171.24000549316406,172.9600067138672,172.9600067138672,565300
2010-10-05,174.3699951171875,179.5,174.3699951171875,178.97999572753906,178.97999572753906,734500
2010-10-06,177.1999969482422,178.24000549316406,173.5500030517578,174.82000732421875,174.82000732421875,984700
2010-10-07,176.00999450683594,177.5,174.3800048828125,177.00999450683594,177.00999450683594,641800
2010-10-08,177.0,177.7899932861328,174.83999633789062,176.55999755859375,176.55999755859375,523900
2010-10-11,176.55999755859375,180.5500030517578,176.2899932861328,178.60000610351562,178.60000610351562,544600
2010-10-12,178.36000061035156,181.39999389648438,176.5,180.91000366210938,180.91000366210938,586000
2010-10-13,181.91000366210938,182.9600067138672,180.0500030517578,180.97999572753906,180.97999572753906,737500
2010-10-14,180.64999389648438,181.3300018310547,179.41000366210938,181.27000427246094,181.27000427246094,374700
2010-10-15,182.47000122070312,182.6699981689453,179.2100067138672,181.8699951171875,181.8699951171875,625600
2010-10-18,182.9600067138672,184.47000122070312,182.17999267578125,183.69000244140625,183.69000244140625,585300
2010-10-19,181.55999755859375,183.97999572753906,180.17999267578125,181.86000061035156,181.86000061035156,690300
2010-10-20,182.75999450683594,182.99000549316406,180.4600067138672,180.75,180.75,738700
2010-10-21,181.72000122070312,182.99000549316406,178.08999633789062,179.25,179.25,1230100
2010-10-22,188.97999572753906,207.94000244140625,188.5,205.77000427246094,205.77000427246094,4101200
2010-10-25,207.0,208.3699951171875,203.52000427246094,205.64999389648438,205.64999389648438,1442700
2010-10-26,205.0,215.3800048828125,204.60000610351562,212.86000061035156,212.86000061035156,1652400
2010-10-27,210.6999969482422,212.35000610351562,209.11000061035156,212.3000030517578,212.3000030517578,814800
2010-10-28,213.77999877929688,213.8000030517578,207.5500030517578,210.4199981689453,210.4199981689453,633000
2010-10-29,209.82000732421875,211.97999572753906,208.75,210.2100067138672,210.2100067138672,380700
2010-11-01,211.88999938964844,213.25,209.0,211.0800018310547,211.0800018310547,444800
2010-11-02,212.5,215.2100067138672,211.1300048828125,215.2100067138672,215.2100067138672,576700
2010-11-03,215.67999267578125,219.32000732421875,215.08999633789062,219.32000732421875,219.32000732421875,815900
2010-11-04,221.24000549316406,223.32000732421875,220.02999877929688,222.86000061035156,222.86000061035156,843500
2010-11-05,223.0,232.3300018310547,222.5,230.55999755859375,230.55999755859375,1382000
2010-11-08,228.97999572753906,232.0,227.42999267578125,229.89999389648438,229.89999389648438,707800
2010-11-09,231.44000244140625,231.5,225.1999969482422,227.33999633789062,227.33999633789062,874600
2010-11-10,227.30999755859375,236.5500030517578,225.35000610351562,236.5500030517578,236.5500030517578,1154700
2010-11-11,234.97000122070312,240.77999877929688,234.36000061035156,237.75999450683594,237.75999450683594,1132400
2010-11-12,236.50999450683594,239.8800048828125,230.6999969482422,234.02000427246094,234.02000427246094,1082400
2010-11-15,236.13999938964844,236.64999389648438,230.02000427246094,230.3699951171875,230.3699951171875,705000
2010-11-16,229.5800018310547,232.9499969482422,223.00999450683594,225.08999633789062,225.08999633789062,935000
2010-11-17,225.0,231.8000030517578,224.5,230.9600067138672,230.9600067138672,650500
2010-11-18,230.69000244140625,231.99000549316406,226.8000030517578,227.63999938964844,227.63999938964844,1097800
2010-11-19,229.94000244140625,232.9600067138672,228.00999450683594,232.27000427246094,232.27000427246094,748000
2010-11-22,232.0399932861328,243.97999572753906,231.08999633789062,242.9199981689453,242.9199981689453,1331900
2010-11-23,240.74000549316406,244.10000610351562,238.66000366210938,243.89999389648438,243.89999389648438,892000
2010-11-24,248.02000427246094,250.50999450683594,247.22000122070312,250.19000244140625,250.19000244140625,957200
2010-11-26,249.0,256.489990234375,248.41000366210938,255.64999389648438,255.64999389648438,784500
2010-11-29,254.74000549316406,257.7900085449219,250.1300048828125,257.010009765625,257.010009765625,970700
2010-11-30,256.1400146484375,262.7699890136719,255.36000061035156,258.489990234375,258.489990234375,2382400
2010-12-01,261.5400085449219,262.0,255.0,258.82000732421875,258.82000732421875,1266800
2010-12-02,258.3299865722656,258.75,249.17999267578125,250.9600067138672,250.9600067138672,1657000
2010-12-03,244.13999938964844,247.3800048828125,231.0,235.9499969482422,235.9499969482422,4049700
2010-12-06,235.27999877929688,242.22000122070312,233.4199981689453,241.05999755859375,241.05999755859375,1457700
2010-12-07,245.97000122070312,245.97000122070312,239.0399932861328,241.5399932861328,241.5399932861328,1014300
2010-12-08,242.38999938964844,242.7899932861328,234.25,236.1699981689453,236.1699981689453,828600
2010-12-09,238.75,238.88999938964844,232.02000427246094,235.6300048828125,235.6300048828125,818400
2010-12-10,236.2100067138672,239.0,234.38999938964844,238.22000122070312,238.22000122070312,494200
2010-12-13,239.6699981689453,239.74000549316406,225.72999572753906,226.11000061035156,226.11000061035156,1209000
2010-12-14,225.55999755859375,230.60000610351562,221.41000366210938,227.89999389648438,227.89999389648438,1316800
2010-12-15,227.32000732421875,234.85000610351562,225.5,226.7899932861328,226.7899932861328,1096400
2010-12-16,229.57000732421875,235.63999938964844,229.22999572753906,234.77000427246094,234.77000427246094,1029900
2010-12-17,236.17999267578125,239.9499969482422,233.22999572753906,238.02000427246094,238.02000427246094,1099600
2010-12-20,239.85000610351562,240.39999389648438,233.5,236.10000610351562,236.10000610351562,685100
2010-12-21,236.77000427246094,237.6999969482422,232.67999267578125,234.36000061035156,234.36000061035156,645800
2010-12-22,234.1699981689453,234.61000061035156,231.3000030517578,231.77999877929688,231.77999877929688,541300
2010-12-23,231.6999969482422,233.9600067138672,227.36000061035156,228.2899932861328,228.2899932861328,520700
2010-12-27,223.5,225.4600067138672,219.3699951171875,222.72999572753906,222.72999572753906,1154800
2010-12-28,222.72000122070312,224.99000549316406,219.02999877929688,220.0399932861328,220.0399932861328,921400
2010-12-29,220.6999969482422,223.52000427246094,219.41000366210938,221.05999755859375,221.05999755859375,554400
2010-12-30,220.13999938964844,221.97999572753906,217.0500030517578,217.77000427246094,217.77000427246094,521000
2010-12-31,217.41000366210938,217.91000366210938,212.5800018310547,212.66000366210938,212.66000366210938,653400
2011-01-03,215.25999450683594,224.83999633789062,214.16000366210938,223.6300048828125,223.6300048828125,1217000
2011-01-04,222.61000061035156,228.47000122070312,216.9600067138672,222.3699951171875,222.3699951171875,1324800
2011-01-05,221.47000122070312,224.1699981689453,220.02999877929688,221.0,221.0,530600
2011-01-06,227.2100067138672,229.8000030517578,225.42999267578125,226.5,226.5,1047500
2011-01-07,227.97999572753906,227.97999572753906,220.0,224.25999450683594,224.25999450683594,593200
2011-01-10,223.39999389648438,224.94000244140625,219.0399932861328,223.6699981689453,223.6699981689453,490700
2011-01-11,226.14999389648438,227.36000061035156,218.55999755859375,220.7899932861328,220.7899932861328,1039700
2011-01-12,222.8300018310547,223.3000030517578,217.0,217.6699981689453,217.6699981689453,772600
2011-01-13,220.00999450683594,229.74000549316406,219.0500030517578,229.63999938964844,229.63999938964844,1421800
2011-01-14,229.35000610351562,234.91000366210938,228.22000122070312,234.88999938964844,234.88999938964844,1218000
2011-01-18,235.9600067138672,237.1199951171875,230.11000061035156,232.6999969482422,232.6999969482422,581900
2011-01-19,232.4499969482422,233.3000030517578,228.0,229.3300018310547,229.3300018310547,632900
2011-01-20,227.33999633789062,227.6300048828125,222.00999450683594,223.0399932861328,223.0399932861328,657700
2011-01-21,225.50999450683594,225.99000549316406,221.6999969482422,223.6300048828125,223.6300048828125,543700
2011-01-24,224.8300018310547,224.85000610351562,217.36000061035156,220.4600067138672,220.4600067138672,515200
2011-01-25,220.0,222.0,217.80999755859375,221.99000549316406,221.99000549316406,380100
2011-01-26,217.52999877929688,219.27999877929688,213.05999755859375,217.74000549316406,217.74000549316406,834000
2011-01-27,218.0800018310547,227.49000549316406,216.05999755859375,225.52000427246094,225.52000427246094,797400
2011-01-28,226.91000366210938,227.97999572753906,217.0,219.42999267578125,219.42999267578125,620400
2011-01-31,221.13999938964844,224.4499969482422,218.08999633789062,218.9199981689453,218.9199981689453,482000
2011-02-01,219.94000244140625,223.80999755859375,217.1999969482422,221.89999389648438,221.89999389648438,602600
2011-02-02,221.6199951171875,229.25,220.10000610351562,228.89999389648438,228.89999389648438,689500
2011-02-03,228.35000610351562,240.0,228.35000610351562,239.22000122070312,239.22000122070312,1119900
2011-02-04,240.41000366210938,251.69000244140625,239.5500030517578,246.30999755859375,246.30999755859375,1711900
2011-02-07,248.27000427246094,251.75,245.11000061035156,247.5500030517578,247.5500030517578,912800
2011-02-08,244.5,248.69000244140625,243.3000030517578,247.25999450683594,247.25999450683594,886600
2011-02-09,247.60000610351562,256.8999938964844,247.02000427246094,252.50999450683594,252.50999450683594,1153000
2011-02-10,253.4499969482422,258.4200134277344,252.27999877929688,256.6300048828125,256.6300048828125,2081100
2011-02-11,248.91000366210938,274.8500061035156,243.36000061035156,268.7300109863281,268.7300109863281,7349100
2011-02-14,269.4200134277344,275.0,265.8999938964844,272.95001220703125,272.95001220703125,1430200
2011-02-15,270.79998779296875,273.2699890136719,264.3999938964844,265.5799865722656,265.5799865722656,1228400
2011-02-16,267.510009765625,270.510009765625,262.45001220703125,264.010009765625,264.010009765625,1333700
2011-02-17,264.42999267578125,268.0,262.8399963378906,265.5400085449219,265.5400085449219,789700
2011-02-18,265.7300109863281,266.80999755859375,258.7799987792969,260.1499938964844,260.1499938964844,1234400
2011-02-22,256.2699890136719,259.54998779296875,251.1699981689453,251.89999389648438,251.89999389648438,893200
2011-02-23,251.05999755859375,251.8800048828125,235.0,244.19000244140625,244.19000244140625,1648700
2011-02-24,242.5,246.97999572753906,238.13999938964844,245.3000030517578,245.3000030517578,1014800
2011-02-25,247.0,255.0,246.2899932861328,248.36000061035156,248.36000061035156,836100
2011-02-28,250.85000610351562,252.72999572753906,243.63999938964844,245.0,245.0,710600
2011-03-01,243.0,244.44000244140625,238.6699981689453,241.14999389648438,241.14999389648438,673500
2011-03-02,242.16000366210938,243.3800048828125,234.47999572753906,242.82000732421875,242.82000732421875,1008300
2011-03-03,246.11000061035156,250.9499969482422,246.0,246.85000610351562,246.85000610351562,774400
2011-03-04,247.60000610351562,255.94000244140625,247.0,255.0,255.0,1192000
2011-03-07,255.47999572753906,258.6400146484375,246.66000366210938,252.55999755859375,252.55999755859375,1080500
2011-03-08,245.4199981689453,252.5500030517578,242.19000244140625,249.6699981689453,249.6699981689453,1014400
2011-03-09,248.6999969482422,253.08999633789062,245.10000610351562,251.41000366210938,251.41000366210938,686500
2011-03-10,247.35000610351562,256.2699890136719,244.0,253.22000122070312,253.22000122070312,1232600
2011-03-11,251.5500030517578,255.66000366210938,248.3300018310547,252.75999450683594,252.75999450683594,687300
2011-03-14,251.05999755859375,256.8500061035156,248.60000610351562,255.25,255.25,759700
2011-03-15,249.85000610351562,259.989990234375,249.0,258.0,258.0,1123400
2011-03-16,258.8399963378906,264.1000061035156,255.39999389648438,258.2200012207031,258.2200012207031,1284000
2011-03-17,263.0,263.0,251.02000427246094,251.66000366210938,251.66000366210938,1003300
2011-03-18,256.0,256.0199890136719,243.7100067138672,246.80999755859375,246.80999755859375,1065300
2011-03-21,250.0,250.77999877929688,245.0399932861328,247.5,247.5,667800
2011-03-22,248.5,250.0,243.08999633789062,243.88999938964844,243.88999938964844,932600
2011-03-23,244.32000732421875,247.4600067138672,240.08999633789062,246.97999572753906,246.97999572753906,713400
2011-03-24,249.2100067138672,251.0,245.4499969482422,250.97999572753906,250.97999572753906,791300
2011-03-25,251.82000732421875,259.0,250.00999450683594,256.739990234375,256.739990234375,882600
2011-03-28,258.2699890136719,263.5299987792969,254.0500030517578,257.9599914550781,257.9599914550781,1012400
2011-03-29,256.989990234375,266.5400085449219,256.2099914550781,266.1199951171875,266.1199951171875,1166500
2011-03-30,271.5199890136719,272.95001220703125,266.54998779296875,272.20001220703125,272.20001220703125,1198800
2011-03-31,270.29998779296875,273.9200134277344,268.32000732421875,272.3699951171875,272.3699951171875,642200
2011-04-01,273.260009765625,278.0,271.0,274.0,274.0,1073900
2011-04-04,276.0,277.7699890136719,270.2099914550781,273.9100036621094,273.9100036621094,662600
2011-04-05,272.1400146484375,280.5799865722656,271.0299987792969,278.0199890136719,278.0199890136719,918700
2011-04-06,280.04998779296875,282.0,272.07000732421875,275.760009765625,275.760009765625,846100
2011-04-07,273.0,277.8800048828125,272.1600036621094,274.70001220703125,274.70001220703125,566000
2011-04-08,275.9700012207031,277.17999267578125,267.30999755859375,269.239990234375,269.239990234375,880100
2011-04-11,268.6000061035156,271.5899963378906,265.0,268.4100036621094,268.4100036621094,475000
2011-04-12,265.8800048828125,277.1499938964844,265.07000732421875,274.29998779296875,274.29998779296875,1151200
2011-04-13,277.7200012207031,282.760009765625,275.1199951171875,281.30999755859375,281.30999755859375,1113400
2011-04-14,280.1099853515625,285.9700012207031,278.54998779296875,282.9100036621094,282.9100036621094,935800
2011-04-15,283.989990234375,285.45001220703125,280.5,285.1300048828125,285.1300048828125,910700
2011-04-18,282.05999755859375,285.0799865722656,279.0,283.3699951171875,283.3699951171875,787100
2011-04-19,283.30999755859375,285.95001220703125,279.2699890136719,279.8500061035156,279.8500061035156,861800
2011-04-20,283.489990234375,289.3500061035156,280.45001220703125,288.1000061035156,288.1000061035156,2219000
2011-04-21,282.4800109863281,283.0,270.80999755859375,277.29998779296875,277.29998779296875,3514000
2011-04-25,275.5400085449219,276.9100036621094,271.3900146484375,272.6499938964844,272.6499938964844,934700
2011-04-26,273.0,273.8800048828125,264.010009765625,264.94000244140625,264.94000244140625,1200000
2011-04-27,265.6000061035156,268.8999938964844,263.0,263.0,263.0,8272000
2011-04-28,261.8999938964844,267.8699951171875,260.1199951171875,265.6400146484375,265.6400146484375,1111000
2011-04-29,265.6600036621094,268.0,264.2900085449219,266.7900085449219,266.7900085449219,664000
2011-05-02,268.79998779296875,270.0,264.04998779296875,267.0799865722656,267.0799865722656,761800
2011-05-03,266.1400146484375,267.760009765625,257.7900085449219,260.4100036621094,260.4100036621094,914100
2011-05-04,257.1000061035156,261.3999938964844,249.5800018310547,260.5299987792969,260.5299987792969,1393000
2011-05-05,258.3999938964844,269.0799865722656,257.3900146484375,265.7699890136719,265.7699890136719,1076400
2011-05-06,270.1099853515625,272.4599914550781,266.510009765625,268.1000061035156,268.1000061035156,850800
2011-05-09,268.1000061035156,268.82000732421875,264.0400085449219,266.4100036621094,266.4100036621094,651000
2011-05-10,266.3500061035156,269.9800109863281,266.2799987792969,269.8500061035156,269.8500061035156,504500
2011-05-11,270.0,275.8999938964844,269.0,274.29998779296875,274.29998779296875,1163300
2011-05-12,272.07000732421875,278.9100036621094,271.3299865722656,275.8800048828125,275.8800048828125,922000
2011-05-13,276.1600036621094,281.9800109863281,275.8999938964844,280.3999938964844,280.3999938964844,1024800
2011-05-16,278.70001220703125,279.8800048828125,272.1199951171875,272.69000244140625,272.69000244140625,806900
2011-05-17,271.0,275.1099853515625,268.25,274.510009765625,274.510009765625,790800
2011-05-18,275.1700134277344,280.0299987792969,274.3800048828125,278.75,278.75,513800
2011-05-19,280.79998779296875,282.6099853515625,277.5400085449219,281.1199951171875,281.1199951171875,538700
2011-05-20,279.989990234375,281.1700134277344,276.0400085449219,279.8900146484375,279.8900146484375,677500
2011-05-23,277.5199890136719,285.25,275.510009765625,283.3299865722656,283.3299865722656,916400
2011-05-24,284.239990234375,284.42999267578125,279.32000732421875,280.57000732421875,280.57000732421875,545500
2011-05-25,280.29998779296875,285.9800109863281,278.989990234375,284.1099853515625,284.1099853515625,574900
2011-05-26,284.79998779296875,291.2099914550781,282.2200012207031,290.8800048828125,290.8800048828125,1034800
2011-05-27,291.0199890136719,293.989990234375,288.25,292.94000244140625,292.94000244140625,765100
2011-05-31,294.5299987792969,295.989990234375,287.2300109863281,289.07000732421875,289.07000732421875,775300
2011-06-01,288.5,291.3999938964844,285.0,285.55999755859375,285.55999755859375,591600
2011-06-02,287.1300048828125,288.69000244140625,282.0799865722656,285.7900085449219,285.7900085449219,826100
2011-06-03,281.95001220703125,291.8900146484375,281.0199890136719,286.510009765625,286.510009765625,1024800
2011-06-06,285.010009765625,290.19000244140625,280.260009765625,280.739990234375,280.739990234375,673900
2011-06-07,281.989990234375,284.8699951171875,280.239990234375,281.29998779296875,281.29998779296875,406000
2011-06-08,279.82000732421875,283.9200134277344,276.1199951171875,277.1099853515625,277.1099853515625,655300
2011-06-09,276.8999938964844,279.05999755859375,273.6199951171875,277.8699951171875,277.8699951171875,446500
2011-06-10,277.30999755859375,279.0199890136719,271.29998779296875,271.8699951171875,271.8699951171875,766800
2011-06-13,271.989990234375,275.6400146484375,268.0899963378906,270.8999938964844,270.8999938964844,627100
2011-06-14,273.80999755859375,277.94000244140625,272.45001220703125,276.7699890136719,276.7699890136719,530800
2011-06-15,274.75,278.7799987792969,273.07000732421875,277.29998779296875,277.29998779296875,669100
2011-06-16,277.29998779296875,277.29998779296875,269.4200134277344,271.80999755859375,271.80999755859375,789100
2011-06-17,274.0,275.44000244140625,268.8699951171875,268.9700012207031,268.9700012207031,940300
2011-06-20,268.0,277.25,267.42999267578125,276.04998779296875,276.04998779296875,629200
2011-06-21,277.1600036621094,285.8999938964844,277.0400085449219,285.25,285.25,838700
2011-06-22,285.1199951171875,289.82000732421875,284.4200134277344,284.4599914550781,284.4599914550781,546000
2011-06-23,281.6499938964844,291.54998779296875,280.79998779296875,290.7799987792969,290.7799987792969,1016400
2011-06-24,292.3800048828125,297.0,290.510009765625,293.25,293.25,1088100
2011-06-27,293.260009765625,302.7200012207031,291.0799865722656,301.4599914550781,301.4599914550781,1177300
2011-06-28,302.5,305.29998779296875,300.3299865722656,304.7200012207031,304.7200012207031,825800
2011-06-29,306.5,308.92999267578125,303.19000244140625,304.4599914550781,304.4599914550781,661400
2011-06-30,305.239990234375,308.54998779296875,304.25,308.19000244140625,308.19000244140625,606200
2011-07-01,307.239990234375,316.8500061035156,305.8800048828125,315.7200012207031,315.7200012207031,827000
2011-07-05,315.9800109863281,322.6300048828125,314.2900085449219,321.45001220703125,321.45001220703125,881900
2011-07-06,320.8800048828125,325.760009765625,319.55999755859375,324.94000244140625,324.94000244140625,865800
2011-07-07,326.6600036621094,329.79998779296875,323.94000244140625,328.489990234375,328.489990234375,913100
2011-07-08,324.75,328.1700134277344,321.70001220703125,325.29998779296875,325.29998779296875,1025100
2011-07-11,321.70001220703125,326.4599914550781,318.3800048828125,320.69000244140625,320.69000244140625,789000
2011-07-12,320.4599914550781,323.5,318.5400085449219,319.7099914550781,319.7099914550781,644200
2011-07-13,322.30999755859375,328.2799987792969,321.3299865722656,325.17999267578125,325.17999267578125,931800
2011-07-14,327.44000244140625,329.69000244140625,320.30999755859375,324.6300048828125,324.6300048828125,830400
2011-07-15,325.05999755859375,326.17999267578125,320.1199951171875,324.6000061035156,324.6000061035156,834300
2011-07-18,324.7799987792969,328.3599853515625,322.6199951171875,327.989990234375,327.989990234375,764200
2011-07-19,330.20001220703125,333.7099914550781,325.29998779296875,333.7099914550781,333.7099914550781,1473500
2011-07-20,324.75,332.0,323.6700134277344,330.0199890136719,330.0199890136719,1872700
2011-07-21,330.5,332.42999267578125,325.760009765625,328.2200012207031,328.2200012207031,821500
2011-07-22,329.6600036621094,336.7099914550781,328.0899963378906,335.5199890136719,335.5199890136719,1019800
2011-07-25,332.7900085449219,337.32000732421875,332.0,334.4599914550781,334.4599914550781,540800
2011-07-26,333.44000244140625,336.8800048828125,330.75,331.3999938964844,331.3999938964844,466200
2011-07-27,329.17999267578125,329.7900085449219,321.79998779296875,322.739990234375,322.739990234375,828100
2011-07-28,323.0,329.0,323.0,324.1600036621094,324.1600036621094,525500
2011-07-29,320.8900146484375,327.57000732421875,317.8500061035156,324.5799865722656,324.5799865722656,784300
2011-08-01,328.9700012207031,329.989990234375,323.0899963378906,327.54998779296875,327.54998779296875,511700
2011-08-02,325.6199951171875,330.5899963378906,320.2900085449219,320.6499938964844,320.6499938964844,607300
2011-08-03,321.010009765625,327.0,313.0799865722656,325.5799865722656,325.5799865722656,1070500
2011-08-04,322.5,325.8800048828125,311.3999938964844,311.3999938964844,311.3999938964844,1263900
2011-08-05,314.3399963378906,317.80999755859375,301.1099853515625,311.5199890136719,311.5199890136719,1240800
2011-08-08,303.20001220703125,305.2099914550781,291.20001220703125,291.70001220703125,291.70001220703125,1410600
2011-08-09,294.0199890136719,304.0,287.5199890136719,302.55999755859375,302.55999755859375,1451300
2011-08-10,298.6099853515625,309.20001220703125,295.0,299.760009765625,299.760009765625,1401500
2011-08-11,303.3599853515625,318.6600036621094,303.25,316.2799987792969,316.2799987792969,1199300
2011-08-12,319.0400085449219,320.9700012207031,314.6300048828125,317.70001220703125,317.70001220703125,643800
2011-08-15,319.5,321.5799865722656,314.0199890136719,319.67999267578125,319.67999267578125,521600
2011-08-16,317.6199951171875,318.8299865722656,312.2699890136719,315.8900146484375,315.8900146484375,531800
2011-08-17,317.04998779296875,317.8699951171875,305.510009765625,309.44000244140625,309.44000244140625,698900
2011-08-18,301.54998779296875,301.94000244140625,279.0,284.5,284.5,1890800
2011-08-19,281.6000061035156,292.42999267578125,277.0,279.3699951171875,279.3699951171875,1762100
2011-08-22,283.1300048828125,286.6000061035156,271.5299987792969,273.20001220703125,273.20001220703125,1563900
2011-08-23,275.489990234375,295.6000061035156,275.489990234375,294.55999755859375,294.55999755859375,1476200
2011-08-24,294.95001220703125,299.9800109863281,290.0199890136719,296.4599914550781,296.4599914550781,1166400
2011-08-25,298.3599853515625,299.989990234375,288.20001220703125,289.239990234375,289.239990234375,686200
2011-08-26,288.9599914550781,300.7900085449219,285.0,298.8800048828125,298.8800048828125,894300
2011-08-29,300.75,307.57000732421875,300.75,305.25,305.25,731400
2011-08-30,304.70001220703125,313.1700134277344,302.6499938964844,311.2099914550781,311.2099914550781,746700
2011-08-31,313.6600036621094,318.0,310.2300109863281,313.3699951171875,313.3699951171875,892500
2011-09-01,314.0299987792969,316.0,308.04998779296875,309.1700134277344,309.1700134277344,538800
2011-09-02,302.42999267578125,309.92999267578125,300.57000732421875,305.5,305.5,625000
2011-09-06,298.9700012207031,310.9800109863281,297.70001220703125,310.42999267578125,310.42999267578125,850800
2011-09-07,313.8999938964844,313.8999938964844,307.1000061035156,308.69000244140625,308.69000244140625,774800
2011-09-08,307.3800048828125,315.8500061035156,306.3399963378906,311.3399963378906,311.3399963378906,761600
2011-09-09,308.04998779296875,309.6000061035156,300.5299987792969,305.1700134277344,305.1700134277344,923600
2011-09-12,301.80999755859375,309.44000244140625,300.82000732421875,307.75,307.75,697200
2011-09-13,306.30999755859375,312.17999267578125,306.30999755859375,311.4100036621094,311.4100036621094,592300
2011-09-14,312.9800109863281,319.6600036621094,308.8999938964844,315.9100036621094,315.9100036621094,956000
2011-09-15,318.0,319.0,312.25,316.1499938964844,316.1499938964844,667800
2011-09-16,316.57000732421875,318.19000244140625,314.0199890136719,318.05999755859375,318.05999755859375,567100
2011-09-19,315.5,338.32000732421875,314.20001220703125,336.1400146484375,336.1400146484375,1572400
2011-09-20,337.0299987792969,346.7799987792969,332.0,333.19000244140625,333.19000244140625,2035500
2011-09-21,331.0299987792969,343.4800109863281,329.3399963378906,333.25,333.25,2014000
2011-09-22,325.0299987792969,334.739990234375,320.75,325.94000244140625,325.94000244140625,1762400
2011-09-23,322.7900085449219,323.8299865722656,313.5799865722656,320.5,320.5,1244500
2011-09-26,324.739990234375,329.9700012207031,310.0,329.44000244140625,329.44000244140625,1047300
2011-09-27,334.4800109863281,334.4800109863281,319.5299987792969,320.6099853515625,320.6099853515625,941500
2011-09-28,322.4700012207031,328.3500061035156,318.0,319.05999755859375,319.05999755859375,782900
2011-09-29,323.82000732421875,324.6499938964844,303.3399963378906,313.1400146484375,313.1400146484375,1190800
2011-09-30,308.0899963378906,312.94000244140625,301.79998779296875,302.95001220703125,302.95001220703125,858200
2011-10-03,300.80999755859375,306.6000061035156,291.4800109863281,292.70001220703125,292.70001220703125,969500
2011-10-04,290.0,302.9599914550781,285.3900146484375,301.0899963378906,301.0899963378906,1400000
2011-10-05,300.9200134277344,302.3599853515625,292.0,300.7900085449219,300.7900085449219,1039000
2011-10-06,292.75,301.2200012207031,289.0799865722656,298.989990234375,298.989990234375,1549800
2011-10-07,296.9800109863281,298.55999755859375,290.5400085449219,294.5899963378906,294.5899963378906,995000
2011-10-10,298.7699890136719,311.8399963378906,298.5,307.8500061035156,307.8500061035156,741600
2011-10-11,305.0199890136719,315.0,305.010009765625,309.95001220703125,309.95001220703125,682700
2011-10-12,313.4700012207031,318.04998779296875,311.0,314.0,314.0,828600
2011-10-13,311.3599853515625,318.9800109863281,311.3599853515625,317.30999755859375,317.30999755859375,688400
2011-10-14,320.0,321.6600036621094,314.7200012207031,320.79998779296875,320.79998779296875,699000
2011-10-17,319.6000061035156,324.3299865722656,317.0899963378906,319.7900085449219,319.7900085449219,613900
2011-10-18,320.5,321.05999755859375,310.2799987792969,319.8500061035156,319.8500061035156,584800
2011-10-19,319.4700012207031,319.989990234375,309.1700134277344,310.2699890136719,310.2699890136719,758300
2011-10-20,308.9700012207031,312.2900085449219,306.05999755859375,307.9100036621094,307.9100036621094,1232800
2011-10-21,320.07000732421875,333.5,318.4100036621094,333.489990234375,333.489990234375,2661100
2011-10-24,334.0,342.9800109863281,332.3999938964844,342.489990234375,342.489990234375,1117300
2011-10-25,339.5899963378906,343.0,334.0299987792969,334.17999267578125,334.17999267578125,878800
2011-10-26,338.9599914550781,339.5,330.0199890136719,332.8500061035156,332.8500061035156,747000
2011-10-27,341.25,345.9200134277344,335.0199890136719,343.5199890136719,343.5199890136719,747600
2011-10-28,341.32000732421875,344.9800109863281,338.3299865722656,341.3999938964844,341.3999938964844,496900
2011-10-31,338.9800109863281,347.94000244140625,336.04998779296875,336.1199951171875,336.1199951171875,1015000
2011-11-01,326.6400146484375,334.2699890136719,324.0,328.17999267578125,328.17999267578125,882600
2011-11-02,332.989990234375,332.989990234375,324.92999267578125,329.6199951171875,329.6199951171875,562300
2011-11-03,333.6300048828125,338.6600036621094,329.05999755859375,337.5,337.5,869200
2011-11-04,334.30999755859375,339.94000244140625,334.30999755859375,338.9700012207031,338.9700012207031,491800
2011-11-07,338.8699951171875,341.6099853515625,336.0899963378906,339.1600036621094,339.1600036621094,419800
2011-11-08,341.0,342.739990234375,335.0,339.8699951171875,339.8699951171875,443800
2011-11-09,333.010009765625,338.07000732421875,331.67999267578125,332.8399963378906,332.8399963378906,474900
2011-11-10,336.9200134277344,336.95001220703125,324.5299987792969,325.8800048828125,325.8800048828125,751100
2011-11-11,329.82000732421875,333.1600036621094,325.2799987792969,332.0199890136719,332.0199890136719,507800
2011-11-14,330.75,334.3399963378906,326.3299865722656,327.0299987792969,327.0299987792969,464600
2011-11-15,326.0,329.1099853515625,322.510009765625,327.4599914550781,327.4599914550781,496600
2011-11-16,325.0299987792969,326.95001220703125,315.010009765625,316.6700134277344,316.6700134277344,791900
2011-11-17,316.7099914550781,319.6400146484375,310.0,313.6099853515625,313.6099853515625,710200
2011-11-18,314.29998779296875,315.8999938964844,308.260009765625,311.05999755859375,311.05999755859375,506100
2011-11-21,306.42999267578125,308.4800109863281,302.67999267578125,305.5799865722656,305.5799865722656,498000
2011-11-22,304.19000244140625,312.2200012207031,304.19000244140625,308.3800048828125,308.3800048828125,525400
2011-11-23,306.6700134277344,308.75,300.45001220703125,300.45001220703125,300.45001220703125,459500
2011-11-25,300.0,304.8900146484375,300.0,300.75,300.75,219900
2011-11-28,309.5,313.3800048828125,307.25,309.54998779296875,309.54998779296875,474200
2011-11-29,310.0199890136719,313.82000732421875,309.30999755859375,312.9700012207031,312.9700012207031,395100
2011-11-30,320.2099914550781,321.70001220703125,316.2699890136719,321.55999755859375,321.55999755859375,709200
2011-12-01,318.5,324.0899963378906,315.92999267578125,323.0400085449219,323.0400085449219,581600
2011-12-02,324.9800109863281,333.3299865722656,323.80999755859375,330.489990234375,330.489990234375,786700
2011-12-05,334.1499938964844,338.67999267578125,333.0299987792969,336.2099914550781,336.2099914550781,817700
2011-12-06,334.0,334.8299865722656,329.260009765625,331.42999267578125,331.42999267578125,455300
2011-12-07,330.1499938964844,338.1000061035156,328.1499938964844,336.75,336.75,597400
2011-12-08,334.9100036621094,339.2300109863281,333.5400085449219,334.739990234375,334.739990234375,587500
2011-12-09,335.67999267578125,339.9800109863281,332.9100036621094,338.6000061035156,338.6000061035156,478300
2011-12-12,335.3800048828125,341.2799987792969,334.3500061035156,340.2200012207031,340.2200012207031,529700
2011-12-13,340.0,340.1099853515625,328.5,329.510009765625,329.510009765625,678700
2011-12-14,327.70001220703125,329.92999267578125,319.2099914550781,321.1099853515625,321.1099853515625,599700
2011-12-15,324.4800109863281,324.5,316.739990234375,318.5199890136719,318.5199890136719,505500
2011-12-16,319.70001220703125,321.94000244140625,316.79998779296875,318.3999938964844,318.3999938964844,554000
2011-12-19,320.67999267578125,321.510009765625,317.19000244140625,317.7699890136719,317.7699890136719,363300
2011-12-20,322.20001220703125,332.0,321.4700012207031,331.7200012207031,331.7200012207031,513900
2011-12-21,331.6000061035156,334.6000061035156,330.0899963378906,334.05999755859375,334.05999755859375,335000
2011-12-22,334.9800109863281,336.1499938964844,329.79998779296875,331.25,331.25,245400
2011-12-23,332.67999267578125,335.32000732421875,331.3999938964844,335.32000732421875,335.32000732421875,200600
2011-12-27,335.0,339.94000244140625,333.1199951171875,339.0,339.0,272600
2011-12-28,338.6400146484375,340.5,336.6700134277344,340.1400146484375,340.1400146484375,396600
2011-12-29,340.0,342.0,338.6600036621094,340.7699890136719,340.7699890136719,292700
2011-12-30,340.9800109863281,341.80999755859375,337.739990234375,337.739990234375,337.739990234375,223200
2012-01-03,343.70001220703125,350.489990234375,340.0,341.2699890136719,341.2699890136719,728100
2012-01-04,346.0,349.9800109863281,345.010009765625,348.75,348.75,743100
2012-01-05,346.8800048828125,351.9800109863281,342.57000732421875,350.4800109863281,350.4800109863281,672300
2012-01-06,348.8800048828125,352.6300048828125,347.3500061035156,348.95001220703125,348.95001220703125,370700
2012-01-09,349.0,349.489990234375,336.2900085449219,339.739990234375,339.739990234375,748600
2012-01-10,343.82000732421875,344.3399963378906,336.54998779296875,341.1199951171875,341.1199951171875,503500
2012-01-11,340.0,347.9200134277344,338.239990234375,347.6000061035156,347.6000061035156,573900
2012-01-12,347.6099853515625,348.510009765625,343.79998779296875,347.6199951171875,347.6199951171875,384900
2012-01-13,350.260009765625,355.0,350.0,354.6199951171875,354.6199951171875,697100
2012-01-17,356.8399963378906,357.75,353.1600036621094,353.3800048828125,353.3800048828125,351300
2012-01-18,354.20001220703125,357.75,351.8999938964844,356.82000732421875,356.82000732421875,323900
2012-01-19,356.7099914550781,359.4800109863281,355.5400085449219,358.0899963378906,358.0899963378906,331900
2012-01-20,356.6000061035156,358.54998779296875,354.1000061035156,356.3900146484375,356.3900146484375,383400
2012-01-23,356.8399963378906,363.32000732421875,356.3699951171875,360.4599914550781,360.4599914550781,480600
2012-01-24,358.3999938964844,361.1000061035156,357.0199890136719,360.6000061035156,360.6000061035156,373300
2012-01-25,359.8900146484375,364.8500061035156,359.0,363.1400146484375,363.1400146484375,491300
2012-01-26,364.1199951171875,370.3500061035156,363.0199890136719,365.80999755859375,365.80999755859375,491200
2012-01-27,364.04998779296875,368.3599853515625,362.30999755859375,366.760009765625,366.760009765625,279300
2012-01-30,364.8999938964844,368.25,364.1000061035156,367.69000244140625,367.69000244140625,288100
2012-01-31,368.3900146484375,369.7200012207031,365.5199890136719,367.2900085449219,367.2900085449219,350800
2012-02-01,368.0,371.6199951171875,364.4100036621094,370.4100036621094,370.4100036621094,873400
2012-02-02,366.19000244140625,373.3699951171875,358.6000061035156,362.82000732421875,362.82000732421875,1413500
2012-02-03,367.17999267578125,373.20001220703125,366.0299987792969,372.19000244140625,372.19000244140625,810000
2012-02-06,370.0,374.9200134277344,369.510009765625,371.6300048828125,371.6300048828125,537300
2012-02-07,371.0199890136719,374.9700012207031,370.07000732421875,374.0199890136719,374.0199890136719,383700
2012-02-08,374.0299987792969,375.25,370.8999938964844,374.0199890136719,374.0199890136719,408700
2012-02-09,375.5,377.75,372.2699890136719,376.489990234375,376.489990234375,484800
2012-02-10,372.92999267578125,376.6300048828125,372.4599914550781,376.45001220703125,376.45001220703125,311300
2012-02-13,378.70001220703125,379.9100036621094,375.19000244140625,377.45001220703125,377.45001220703125,391500
2012-02-14,377.2300109863281,379.45001220703125,375.010009765625,378.94000244140625,378.94000244140625,389700
2012-02-15,380.489990234375,383.3800048828125,373.6000061035156,375.7300109863281,375.7300109863281,757200
2012-02-16,375.25,383.05999755859375,375.0,382.0400085449219,382.0400085449219,506000
2012-02-17,381.4700012207031,385.3399963378906,380.0,384.70001220703125,384.70001220703125,577900
2012-02-21,382.79998779296875,387.0,380.1400146484375,383.5799865722656,383.5799865722656,687400
2012-02-22,383.0,386.7300109863281,381.1199951171875,384.95001220703125,384.95001220703125,403500
2012-02-23,383.6499938964844,387.75,383.5,386.79998779296875,386.79998779296875,332200
2012-02-24,387.760009765625,387.989990234375,384.8500061035156,387.4200134277344,387.4200134277344,311200
2012-02-27,385.94000244140625,390.4100036621094,385.2099914550781,388.8900146484375,388.8900146484375,344600
2012-02-28,389.6000061035156,392.3500061035156,387.510009765625,391.9599914550781,391.9599914550781,356600
2012-02-29,390.8999938964844,392.0,387.3399963378906,390.2200012207031,390.2200012207031,355100
2012-03-01,391.8500061035156,394.75,388.0,394.1000061035156,394.1000061035156,387700
2012-03-02,393.5,394.7900085449219,391.9800109863281,394.3900146484375,394.3900146484375,303000
2012-03-05,394.2900085449219,396.6400146484375,391.5799865722656,392.9800109863281,392.9800109863281,376800
2012-03-06,388.3999938964844,389.489990234375,386.44000244140625,387.29998779296875,387.29998779296875,531600
2012-03-07,389.4800109863281,393.4800109863281,387.0899963378906,392.1000061035156,392.1000061035156,299400
2012-03-08,393.0,399.55999755859375,392.2300109863281,398.17999267578125,398.17999267578125,345800
2012-03-09,399.1000061035156,400.0,396.510009765625,398.1199951171875,398.1199951171875,362400
2012-03-12,398.9800109863281,401.3699951171875,395.6600036621094,397.5199890136719,397.5199890136719,367000
2012-03-13,400.07000732421875,400.07000732421875,396.44000244140625,400.04998779296875,400.04998779296875,307200
2012-03-14,400.8800048828125,401.5199890136719,397.6499938964844,400.0,400.0,271600
2012-03-15,400.75,408.30999755859375,399.5899963378906,407.0799865722656,407.0799865722656,554500
2012-03-16,409.7699890136719,410.95001220703125,405.5299987792969,410.9100036621094,410.9100036621094,531700
2012-03-19,410.2900085449219,414.2300109863281,407.1499938964844,413.9200134277344,413.9200134277344,376700
2012-03-20,411.0,414.45001220703125,409.2699890136719,412.8699951171875,412.8699951171875,358500
2012-03-21,413.25,417.17999267578125,412.9700012207031,416.1099853515625,416.1099853515625,398700
2012-03-22,414.45001220703125,418.80999755859375,413.5299987792969,418.1300048828125,418.1300048828125,477000
2012-03-23,416.7099914550781,417.57000732421875,411.9700012207031,415.510009765625,415.510009765625,459900
2012-03-26,417.489990234375,425.5799865722656,417.0,424.70001220703125,424.70001220703125,444600
2012-03-27,424.82000732421875,426.57000732421875,421.0,421.3699951171875,421.3699951171875,527500
2012-03-28,422.239990234375,424.3999938964844,416.7200012207031,420.0899963378906,420.0899963378906,364300
2012-03-29,419.1099853515625,421.0299987792969,415.0,420.6199951171875,420.6199951171875,342000
2012-03-30,424.8399963378906,424.8399963378906,418.0,418.0,418.0,348400
2012-04-02,417.0,421.4100036621094,413.5400085449219,418.3999938964844,418.3999938964844,381300
2012-04-03,417.5799865722656,422.42999267578125,417.5799865722656,422.260009765625,422.260009765625,482800
2012-04-04,419.2300109863281,420.9100036621094,411.1199951171875,417.0400085449219,417.0400085449219,678900
2012-04-05,415.0899963378906,424.989990234375,414.9700012207031,424.9800109863281,424.9800109863281,539400
2012-04-09,420.5,427.1300048828125,420.5,426.30999755859375,426.30999755859375,461700
2012-04-10,425.0799865722656,428.95001220703125,414.5899963378906,416.6199951171875,416.6199951171875,750100
2012-04-11,421.3999938964844,426.6600036621094,421.0,422.6600036621094,422.6600036621094,698000
2012-04-12,423.9700012207031,433.5299987792969,423.04998779296875,433.2200012207031,433.2200012207031,807900
2012-04-13,433.79998779296875,442.3999938964844,429.0199890136719,440.3999938964844,440.3999938964844,948600
2012-04-16,439.4700012207031,441.7799987792969,428.760009765625,432.1199951171875,432.1199951171875,832400
2012-04-17,434.95001220703125,434.95001220703125,429.0400085449219,432.42999267578125,432.42999267578125,627300
2012-04-18,432.25,440.92999267578125,431.989990234375,438.1099853515625,438.1099853515625,500800
2012-04-19,439.2300109863281,439.4200134277344,428.260009765625,430.7799987792969,430.7799987792969,838600
2012-04-20,429.4800109863281,433.29998779296875,416.010009765625,419.260009765625,419.260009765625,2031300
2012-04-23,413.8999938964844,417.6600036621094,406.3800048828125,417.239990234375,417.239990234375,1340800
2012-04-24,411.9599914550781,414.0,401.0299987792969,402.8599853515625,402.8599853515625,1207800
2012-04-25,405.5,413.6499938964844,405.0299987792969,412.989990234375,412.989990234375,583200
2012-04-26,412.17999267578125,418.489990234375,410.0299987792969,414.739990234375,414.739990234375,591800
2012-04-27,415.0,421.0,412.25,419.4100036621094,419.4100036621094,588200
2012-04-30,418.4700012207031,419.3900146484375,412.7799987792969,414.1499938964844,414.1499938964844,325300
2012-05-01,415.4100036621094,424.1499938964844,414.5899963378906,419.8900146484375,419.8900146484375,501400
2012-05-02,417.9200134277344,424.4100036621094,416.1099853515625,422.79998779296875,422.79998779296875,467400
2012-05-03,423.29998779296875,423.6400146484375,413.3699951171875,414.739990234375,414.739990234375,505000
2012-05-04,412.760009765625,413.0400085449219,406.29998779296875,407.8800048828125,407.8800048828125,713300
2012-05-07,405.6400146484375,410.6000061035156,403.25,407.05999755859375,407.05999755859375,395000
2012-05-08,405.25,405.79998779296875,392.1000061035156,403.42999267578125,403.42999267578125,809200
2012-05-09,396.0,405.7300109863281,396.0,401.7799987792969,401.7799987792969,635700
2012-05-10,404.25,409.5,402.6700134277344,407.510009765625,407.510009765625,560700
2012-05-11,404.3299865722656,413.2900085449219,403.67999267578125,408.25,408.25,467000
2012-05-14,405.79998779296875,407.2200012207031,399.010009765625,399.9200134277344,399.9200134277344,470300
2012-05-15,400.0199890136719,407.0,399.8900146484375,403.0299987792969,403.0299987792969,457900
2012-05-16,405.1000061035156,409.3299865722656,402.510009765625,404.5299987792969,404.5299987792969,421500
2012-05-17,406.239990234375,407.0,394.5,394.5,394.5,633700
2012-05-18,394.4200134277344,399.8999938964844,390.0,392.1300048828125,392.1300048828125,574100
2012-05-21,391.5,395.3800048828125,384.489990234375,393.3299865722656,393.3299865722656,676200
2012-05-22,401.3500061035156,405.7300109863281,391.5899963378906,395.55999755859375,395.55999755859375,1147700
2012-05-23,394.9100036621094,406.4100036621094,390.55999755859375,405.95001220703125,405.95001220703125,698000
2012-05-24,408.0400085449219,408.6300048828125,397.69000244140625,401.6099853515625,401.6099853515625,571700
2012-05-25,401.8999938964844,404.17999267578125,398.6300048828125,400.4200134277344,400.4200134277344,370300
2012-05-29,403.5799865722656,417.8999938964844,403.5799865722656,417.7300109863281,417.7300109863281,866800
2012-05-30,413.95001220703125,415.9700012207031,410.2099914550781,412.6000061035156,412.6000061035156,424400
2012-05-31,412.44000244140625,413.80999755859375,407.3599853515625,413.07000732421875,413.07000732421875,384000
2012-06-01,404.8699951171875,408.94000244140625,394.0,397.1400146484375,397.1400146484375,657000
2012-06-04,396.1600036621094,397.9599914550781,387.8699951171875,397.0899963378906,397.0899963378906,486100
2012-06-05,394.1000061035156,403.3599853515625,392.67999267578125,401.8399963378906,401.8399963378906,465300
2012-06-06,405.6499938964844,412.7900085449219,405.6499938964844,411.2099914550781,411.2099914550781,485600
2012-06-07,414.989990234375,414.989990234375,403.30999755859375,404.05999755859375,404.05999755859375,490600
2012-06-08,401.3299865722656,408.19000244140625,399.4599914550781,407.3399963378906,407.3399963378906,511200
2012-06-11,410.29998779296875,410.989990234375,398.30999755859375,398.3500061035156,398.3500061035156,477000
2012-06-12,399.4200134277344,402.7300109863281,395.5,400.19000244140625,400.19000244140625,432500
2012-06-13,397.2699890136719,402.95001220703125,394.25,395.79998779296875,395.79998779296875,412200
2012-06-14,397.6000061035156,400.9100036621094,393.6499938964844,398.25,398.25,533800
2012-06-15,399.70001220703125,404.4100036621094,396.4100036621094,402.45001220703125,402.45001220703125,801700
2012-06-18,401.0799865722656,414.4599914550781,399.0,414.4599914550781,414.4599914550781,521600
2012-06-19,416.8599853515625,419.42999267578125,414.8900146484375,416.5400085449219,416.5400085449219,375500
2012-06-20,416.25,419.69000244140625,413.010009765625,417.5,417.5,440600
2012-06-21,417.75,418.0,410.010009765625,410.05999755859375,410.05999755859375,371000
2012-06-22,412.5,415.75,410.5,415.4800109863281,415.4800109863281,345100
2012-06-25,412.010009765625,413.7900085449219,409.1099853515625,411.8500061035156,411.8500061035156,312900
2012-06-26,412.82000732421875,416.739990234375,411.3599853515625,415.4100036621094,415.4100036621094,283200
2012-06-27,414.989990234375,414.989990234375,390.6600036621094,391.7799987792969,391.7799987792969,1975400
2012-06-28,387.9700012207031,387.9700012207031,370.19000244140625,376.95001220703125,376.95001220703125,1657800
2012-06-29,382.010009765625,382.92999267578125,373.0,379.95001220703125,379.95001220703125,1099100
2012-07-02,386.0299987792969,386.0299987792969,376.260009765625,383.4599914550781,383.4599914550781,872400
2012-07-03,381.8999938964844,382.8500061035156,378.0400085449219,380.3699951171875,380.3699951171875,311900
2012-07-05,379.0,386.69000244140625,379.0,382.8599853515625,382.8599853515625,453500
2012-07-06,378.69000244140625,384.5,378.5,383.489990234375,383.489990234375,417800
2012-07-09,382.1400146484375,392.6600036621094,381.989990234375,386.70001220703125,386.70001220703125,747400
2012-07-10,388.5899963378906,391.0,378.1700134277344,379.8900146484375,379.8900146484375,652300
2012-07-11,380.5799865722656,382.6099853515625,375.3800048828125,380.4700012207031,380.4700012207031,423200
2012-07-12,378.0199890136719,384.7699890136719,377.19000244140625,383.5299987792969,383.5299987792969,512200
2012-07-13,383.3399963378906,394.1600036621094,382.8599853515625,392.3699951171875,392.3699951171875,780100
2012-07-16,390.44000244140625,398.5400085449219,390.44000244140625,394.3399963378906,394.3399963378906,571100
2012-07-17,400.0,402.0,394.1099853515625,398.9100036621094,398.9100036621094,630600
2012-07-18,396.55999755859375,399.44000244140625,393.0299987792969,398.05999755859375,398.05999755859375,381700
2012-07-19,397.239990234375,404.5899963378906,396.9800109863281,403.8599853515625,403.8599853515625,1334300
2012-07-20,328.45001220703125,335.79998779296875,307.20001220703125,316.9800109863281,316.9800109863281,9795100
2012-07-23,308.1099853515625,312.8299865722656,301.1000061035156,306.010009765625,306.010009765625,1817200
2012-07-24,302.44000244140625,304.7799987792969,292.3299865722656,294.30999755859375,294.30999755859375,1925500
2012-07-25,297.5400085449219,300.54998779296875,294.8800048828125,296.4800109863281,296.4800109863281,932700
2012-07-26,300.0,302.8699951171875,289.6400146484375,289.8599853515625,289.8599853515625,1145100
2012-07-27,290.75,297.1199951171875,287.0299987792969,296.0799865722656,296.0799865722656,1311700
2012-07-30,296.2799987792969,298.7900085449219,290.0299987792969,291.1300048828125,291.1300048828125,926300
2012-07-31,291.6300048828125,294.989990234375,289.1400146484375,292.3299865722656,292.3299865722656,658300
2012-08-01,292.8699951171875,293.8800048828125,280.4100036621094,280.6700134277344,280.6700134277344,777400
2012-08-02,278.239990234375,286.989990234375,277.260009765625,283.7699890136719,283.7699890136719,911800
2012-08-03,288.739990234375,298.6700134277344,288.25,297.6499938964844,297.6499938964844,1370800
2012-08-06,299.5,299.9800109863281,291.80999755859375,291.80999755859375,291.80999755859375,700800
2012-08-07,294.4599914550781,307.2799987792969,293.25,304.4100036621094,304.4100036621094,969800
2012-08-08,301.5,303.54998779296875,297.4800109863281,298.04998779296875,298.04998779296875,572300
2012-08-09,298.760009765625,301.75,296.4700012207031,297.20001220703125,297.20001220703125,386600
2012-08-10,296.2900085449219,300.0799865722656,290.6400146484375,295.3900146484375,295.3900146484375,579700
2012-08-13,297.3500061035156,297.9800109863281,291.7699890136719,292.7699890136719,292.7699890136719,377100
2012-08-14,292.94000244140625,298.4599914550781,292.760009765625,296.8299865722656,296.8299865722656,568500
2012-08-15,296.510009765625,300.0,293.0299987792969,297.9800109863281,297.9800109863281,650800
2012-08-16,298.8399963378906,304.2300109863281,298.0899963378906,299.7900085449219,299.7900085449219,705500
2012-08-17,301.5,302.0899963378906,297.5,299.1000061035156,299.1000061035156,731400
2012-08-20,297.5799865722656,300.2799987792969,295.0,299.0,299.0,590000
2012-08-21,299.510009765625,302.0,296.1700134277344,296.9700012207031,296.9700012207031,557200
2012-08-22,296.8299865722656,298.80999755859375,296.4599914550781,297.0,297.0,312800
2012-08-23,297.29998779296875,298.1600036621094,291.92999267578125,291.989990234375,291.989990234375,538300
2012-08-24,293.1700134277344,296.82000732421875,291.0,295.0,295.0,631300
2012-08-27,294.3900146484375,296.82000732421875,292.9200134277344,292.95001220703125,292.95001220703125,404700
2012-08-28,291.94000244140625,295.7300109863281,290.260009765625,294.07000732421875,294.07000732421875,279800
2012-08-29,294.8900146484375,296.8999938964844,292.3900146484375,293.239990234375,293.239990234375,336500
2012-08-30,292.739990234375,293.30999755859375,289.20001220703125,290.0299987792969,290.0299987792969,427100
2012-08-31,291.75,292.82000732421875,286.489990234375,288.6400146484375,288.6400146484375,510100
2012-09-04,289.7300109863281,289.739990234375,283.67999267578125,285.989990234375,285.989990234375,455800
2012-09-05,287.489990234375,292.8399963378906,286.5400085449219,288.57000732421875,288.57000732421875,603100
2012-09-06,290.7699890136719,303.0,290.7699890136719,302.3299865722656,302.3299865722656,943500
2012-09-07,303.25,326.489990234375,303.25,326.3500061035156,326.3500061035156,2143700
2012-09-10,326.6099853515625,337.5199890136719,322.42999267578125,332.80999755859375,332.80999755859375,1538300
2012-09-11,333.55999755859375,340.3900146484375,330.010009765625,332.510009765625,332.510009765625,1175300
2012-09-12,333.79998779296875,339.5,331.55999755859375,337.8900146484375,337.8900146484375,831500
2012-09-13,334.3299865722656,343.8900146484375,334.3299865722656,340.79998779296875,340.79998779296875,740700
2012-09-14,341.82000732421875,343.94000244140625,335.0799865722656,336.45001220703125,336.45001220703125,879200
2012-09-17,338.0,351.79998779296875,338.0,346.82000732421875,346.82000732421875,1103800
2012-09-18,346.05999755859375,347.9700012207031,340.25,341.5400085449219,341.5400085449219,594900
2012-09-19,343.80999755859375,346.04998779296875,341.55999755859375,343.25,343.25,470600
2012-09-20,342.4800109863281,342.4800109863281,336.3999938964844,338.8900146484375,338.8900146484375,562900
2012-09-21,342.3699951171875,342.9700012207031,335.5199890136719,336.3999938964844,336.3999938964844,653000
2012-09-24,336.8999938964844,337.8299865722656,332.5400085449219,333.0199890136719,333.0199890136719,393700
2012-09-25,335.7099914550781,336.8900146484375,322.54998779296875,323.4700012207031,323.4700012207031,787800
2012-09-26,321.69000244140625,321.69000244140625,312.7099914550781,318.80999755859375,318.80999755859375,916700
2012-09-27,319.25,323.79998779296875,315.5299987792969,320.30999755859375,320.30999755859375,691500
2012-09-28,319.4599914550781,320.8599853515625,312.2300109863281,317.5400085449219,317.5400085449219,673700
2012-10-01,319.5799865722656,322.9200134277344,314.57000732421875,316.1300048828125,316.1300048828125,522500
2012-10-02,319.8699951171875,319.8699951171875,290.1499938964844,302.9599914550781,302.9599914550781,3392800
2012-10-03,302.3800048828125,305.0,298.010009765625,300.6700134277344,300.6700134277344,941600
2012-10-04,302.3999938964844,302.3999938964844,293.7300109863281,294.010009765625,294.010009765625,1083200
2012-10-05,294.8299865722656,295.989990234375,278.010009765625,280.92999267578125,280.92999267578125,2418200
2012-10-08,281.6199951171875,291.80999755859375,279.6400146484375,286.55999755859375,286.55999755859375,1312000
2012-10-09,284.94000244140625,289.8999938964844,280.57000732421875,286.739990234375,286.739990234375,1106900
2012-10-10,288.42999267578125,292.1499938964844,284.1600036621094,286.6199951171875,286.6199951171875,717300
2012-10-11,283.1499938964844,290.3299865722656,280.75,286.3599853515625,286.3599853515625,1196900
2012-10-12,285.7200012207031,291.5,285.4100036621094,290.4700012207031,290.4700012207031,927300
2012-10-15,289.0,297.0,286.45001220703125,295.1400146484375,295.1400146484375,1001400
2012-10-16,295.1400146484375,296.30999755859375,290.04998779296875,291.8999938964844,291.8999938964844,738900
2012-10-17,288.29998779296875,292.8699951171875,288.29998779296875,290.0,290.0,673300
2012-10-18,293.57000732421875,293.57000732421875,283.1099853515625,285.92999267578125,285.92999267578125,2097200
2012-10-19,251.9499969482422,252.86000061035156,239.5399932861328,243.0,243.0,6349100
2012-10-22,244.1999969482422,244.1999969482422,234.0800018310547,237.5,237.5,2035300
2012-10-23,234.4499969482422,243.0,233.82000732421875,236.24000549316406,236.24000549316406,1810600
2012-10-24,238.00999450683594,243.4199981689453,235.13999938964844,242.82000732421875,242.82000732421875,1839900
2012-10-25,245.10000610351562,248.69000244140625,243.39999389648438,248.00999450683594,248.00999450683594,1653400
2012-10-26,249.47999572753906,252.42999267578125,245.52000427246094,251.52000427246094,251.52000427246094,1209100
2012-10-31,253.5,255.5500030517578,250.08999633789062,254.52999877929688,254.52999877929688,741300
2012-11-01,251.55999755859375,263.3800048828125,251.55999755859375,263.25,263.25,1096400
2012-11-02,264.2200012207031,268.2699890136719,261.92999267578125,262.32000732421875,262.32000732421875,769500
2012-11-05,262.6400146484375,266.1199951171875,259.82000732421875,265.20001220703125,265.20001220703125,475500
2012-11-06,271.25,281.32000732421875,271.25,279.69000244140625,279.69000244140625,1282200
2012-11-07,275.9700012207031,284.57000732421875,272.5799865722656,272.8599853515625,272.8599853515625,1061800
2012-11-08,273.5299987792969,274.6099853515625,260.0,261.3599853515625,261.3599853515625,1181800
2012-11-09,260.0,264.8999938964844,258.0,259.5199890136719,259.5199890136719,903400
2012-11-12,260.8500061035156,264.9700012207031,258.8500061035156,263.55999755859375,263.55999755859375,611900
2012-11-13,262.07000732421875,266.32000732421875,261.5899963378906,262.1300048828125,262.1300048828125,534600
2012-11-14,263.8900146484375,264.7200012207031,255.6300048828125,256.5400085449219,256.5400085449219,590100
2012-11-15,255.55999755859375,260.8900146484375,253.38999938964844,260.29998779296875,260.29998779296875,620400
2012-11-16,259.1499938964844,264.44000244140625,257.8599853515625,262.760009765625,262.760009765625,675600
2012-11-19,266.30999755859375,270.8599853515625,265.1400146484375,270.260009765625,270.260009765625,589000
2012-11-20,270.17999267578125,275.260009765625,266.69000244140625,268.4599914550781,268.4599914550781,699200
2012-11-21,272.29998779296875,278.0,271.67999267578125,275.4599914550781,275.4599914550781,637600
2012-11-23,277.17999267578125,278.1000061035156,273.7699890136719,274.3399963378906,274.3399963378906,206300
2012-11-26,273.7200012207031,274.1700134277344,266.6099853515625,270.6700134277344,270.6700134277344,600200
2012-11-27,270.1300048828125,274.1000061035156,261.3399963378906,261.5899963378906,261.5899963378906,1090400
2012-11-28,260.30999755859375,268.4200134277344,257.239990234375,266.510009765625,266.510009765625,774300
2012-11-29,267.6000061035156,268.4700012207031,263.82000732421875,266.79998779296875,266.79998779296875,477600
2012-11-30,264.0799865722656,267.7300109863281,260.1400146484375,263.7799987792969,263.7799987792969,523100
2012-12-03,265.04998779296875,267.0,261.7300109863281,263.75,263.75,375700
2012-12-04,261.8399963378906,271.5400085449219,260.010009765625,271.510009765625,271.510009765625,890500
2012-12-05,271.20001220703125,271.8399963378906,263.9700012207031,264.9700012207031,264.9700012207031,570200
2012-12-06,264.75,270.19000244140625,263.0899963378906,266.510009765625,266.510009765625,419600
2012-12-07,268.20001220703125,272.9800109863281,267.0799865722656,268.6099853515625,268.6099853515625,342700
2012-12-10,271.1000061035156,274.20001220703125,266.9700012207031,272.9200134277344,272.9200134277344,454700
2012-12-11,273.6300048828125,277.739990234375,273.010009765625,274.04998779296875,274.04998779296875,526100
2012-12-12,275.55999755859375,278.30999755859375,274.3599853515625,275.510009765625,275.510009765625,694200
2012-12-13,275.8399963378906,281.0,274.010009765625,277.6499938964844,277.6499938964844,714300
2012-12-14,275.9100036621094,280.3299865722656,274.4100036621094,277.25,277.25,316700
2012-12-17,278.3999938964844,287.2099914550781,278.1199951171875,286.67999267578125,286.67999267578125,671200
2012-12-18,287.95001220703125,295.3299865722656,287.5799865722656,293.4599914550781,293.4599914550781,824800
2012-12-19,293.94000244140625,296.8699951171875,287.760009765625,288.8900146484375,288.8900146484375,533200
2012-12-20,287.010009765625,289.8599853515625,284.6199951171875,288.7900085449219,288.7900085449219,402100
2012-12-21,285.6400146484375,293.17999267578125,280.54998779296875,292.5199890136719,292.5199890136719,783700
2012-12-24,292.0299987792969,294.989990234375,290.2200012207031,294.0799865722656,294.0799865722656,232400
2012-12-26,294.0799865722656,294.9800109863281,287.239990234375,289.0299987792969,289.0299987792969,415000
2012-12-27,289.6300048828125,296.2699890136719,289.6300048828125,295.32000732421875,295.32000732421875,546500
2012-12-28,293.0199890136719,294.8800048828125,289.4599914550781,290.5299987792969,290.5299987792969,450500
2012-12-31,289.510009765625,298.20001220703125,289.30999755859375,297.4599914550781,297.4599914550781,499700
2013-01-02,304.260009765625,306.7300109863281,298.30999755859375,301.05999755859375,301.05999755859375,491400
2013-01-03,297.0,305.0799865722656,295.1300048828125,300.95001220703125,300.95001220703125,473000
2013-01-04,301.44000244140625,304.2799987792969,300.1300048828125,300.17999267578125,300.17999267578125,368100
2013-01-07,299.9599914550781,301.0,295.3500061035156,299.5899963378906,299.5899963378906,385900
2013-01-08,300.3500061035156,301.5,295.42999267578125,297.760009765625,297.760009765625,368900
2013-01-09,298.45001220703125,299.57000732421875,292.17999267578125,294.0299987792969,294.0299987792969,442400
2013-01-10,296.0,298.4100036621094,291.70001220703125,298.4100036621094,298.4100036621094,438100
2013-01-11,298.9599914550781,302.19000244140625,296.0,300.0,300.0,471300
2013-01-14,299.9700012207031,301.989990234375,294.5299987792969,295.9700012207031,295.9700012207031,288600
2013-01-15,292.20001220703125,298.79998779296875,290.6099853515625,297.32000732421875,297.32000732421875,219300
2013-01-16,267.1400146484375,283.3699951171875,266.0199890136719,280.94000244140625,280.94000244140625,3028800
2013-01-17,281.67999267578125,293.82000732421875,281.67999267578125,290.3299865722656,290.3299865722656,1930500
2013-01-18,290.4800109863281,296.3399963378906,290.010009765625,295.0199890136719,295.0199890136719,785700
2013-01-22,294.5899963378906,296.5299987792969,290.6499938964844,294.2300109863281,294.2300109863281,720100
2013-01-23,292.7900085449219,297.1199951171875,291.0400085449219,293.739990234375,293.739990234375,398400
2013-01-24,293.489990234375,300.5,292.8699951171875,299.6199951171875,299.6199951171875,389800
2013-01-25,299.9800109863281,305.989990234375,298.95001220703125,303.4800109863281,303.4800109863281,797900
2013-01-28,309.5,314.989990234375,307.6099853515625,311.69000244140625,311.69000244140625,680300
2013-01-29,312.6000061035156,312.9700012207031,307.2699890136719,310.010009765625,310.010009765625,406100
2013-01-30,311.05999755859375,311.7799987792969,307.17999267578125,308.3599853515625,308.3599853515625,381500
2013-01-31,307.7799987792969,309.0,302.5,307.010009765625,307.010009765625,448300
2013-02-01,308.5,313.9200134277344,308.1000061035156,312.7099914550781,312.7099914550781,535900
2013-02-04,311.07000732421875,313.5400085449219,309.54998779296875,310.19000244140625,310.19000244140625,628500
2013-02-05,309.4700012207031,311.79998779296875,303.5,305.010009765625,305.010009765625,1280400
2013-02-06,305.0,324.7200012207031,304.0,322.4599914550781,322.4599914550781,1938600
2013-02-07,321.4599914550781,322.7900085449219,314.44000244140625,318.45001220703125,318.45001220703125,793400
2013-02-08,316.7699890136719,321.489990234375,316.7300109863281,320.7200012207031,320.7200012207031,403300
2013-02-11,320.9700012207031,325.6400146484375,320.1099853515625,323.55999755859375,323.55999755859375,453300
2013-02-12,322.3900146484375,326.989990234375,322.04998779296875,322.510009765625,322.510009765625,353600
2013-02-13,321.6300048828125,322.4800109863281,316.1600036621094,317.010009765625,317.010009765625,605700
2013-02-14,316.2799987792969,319.0799865722656,314.44000244140625,317.7200012207031,317.7200012207031,483900
2013-02-15,319.0299987792969,319.0299987792969,310.7799987792969,314.19000244140625,314.19000244140625,678300
2013-02-19,314.3999938964844,317.5799865722656,311.32000732421875,313.04998779296875,313.04998779296875,530600
2013-02-20,312.80999755859375,315.0899963378906,308.0,309.489990234375,309.489990234375,588200
2013-02-21,307.1700134277344,313.7300109863281,307.1700134277344,308.1300048828125,308.1300048828125,639200
2013-02-22,310.7699890136719,315.7099914550781,310.5,315.510009765625,315.510009765625,600300
2013-02-25,316.510009765625,318.32000732421875,311.17999267578125,311.2099914550781,311.2099914550781,512800
2013-02-26,312.7200012207031,316.6600036621094,309.0199890136719,311.80999755859375,311.80999755859375,415200
2013-02-27,312.4800109863281,318.7099914550781,311.9599914550781,316.2099914550781,316.2099914550781,330600
2013-02-28,315.2900085449219,319.8800048828125,313.6000061035156,316.7900085449219,316.7900085449219,306400
2013-03-01,316.75,319.82000732421875,314.5,319.739990234375,319.739990234375,300800
2013-03-04,318.67999267578125,322.42999267578125,317.54998779296875,321.760009765625,321.760009765625,307300
2013-03-05,323.29998779296875,332.489990234375,322.5,329.239990234375,329.239990234375,520300
2013-03-06,331.3800048828125,334.8900146484375,328.1000061035156,329.0,329.0,341500
2013-03-07,331.3800048828125,331.3800048828125,325.0799865722656,327.5,327.5,330600
2013-03-08,328.2699890136719,328.8800048828125,320.6300048828125,321.8399963378906,321.8399963378906,477800
2013-03-11,320.0799865722656,327.1199951171875,319.3900146484375,322.4200134277344,322.4200134277344,363800
2013-03-12,322.4200134277344,323.9800109863281,317.0,318.45001220703125,318.45001220703125,306400
2013-03-13,319.4100036621094,322.3800048828125,319.3299865722656,322.3800048828125,322.3800048828125,358500
2013-03-14,321.6099853515625,324.2099914550781,319.5299987792969,322.6600036621094,322.6600036621094,298700
2013-03-15,320.95001220703125,323.9800109863281,318.5400085449219,321.3500061035156,321.3500061035156,311000
2013-03-18,317.3599853515625,321.8500061035156,317.25,320.1499938964844,320.1499938964844,184800
2013-03-19,320.1000061035156,324.5299987792969,315.5,317.2300109863281,317.2300109863281,408300
2013-03-20,319.75,323.70001220703125,318.25,322.4200134277344,322.4200134277344,298900
2013-03-21,321.989990234375,322.5199890136719,318.3299865722656,319.4200134277344,319.4200134277344,425500
2013-03-22,320.2799987792969,320.67999267578125,317.44000244140625,318.2300109863281,318.2300109863281,283500
2013-03-25,318.70001220703125,321.70001220703125,316.0400085449219,316.7699890136719,316.7699890136719,315500
2013-03-26,318.6400146484375,320.2900085449219,316.3500061035156,318.5,318.5,313800
2013-03-27,318.489990234375,320.8500061035156,316.3399963378906,320.5899963378906,320.5899963378906,215200
2013-03-28,320.1700134277344,325.92999267578125,319.0199890136719,325.8699951171875,325.8699951171875,387400
2013-04-01,327.4200134277344,328.4700012207031,320.0,321.05999755859375,321.05999755859375,421700
2013-04-02,321.9100036621094,323.6000061035156,321.6400146484375,323.0899963378906,323.0899963378906,240800
2013-04-03,327.04998779296875,330.0,321.8699951171875,323.7900085449219,323.7900085449219,413000
2013-04-04,323.6300048828125,326.3399963378906,321.8599853515625,323.1600036621094,323.1600036621094,415500
2013-04-05,318.1099853515625,328.7799987792969,316.8699951171875,328.0,328.0,470000
2013-04-08,327.010009765625,337.9200134277344,326.79998779296875,337.5,337.5,730200
2013-04-09,337.17999267578125,337.2200012207031,330.54998779296875,332.6700134277344,332.6700134277344,521400
2013-04-10,334.17999267578125,350.0,334.17999267578125,343.54998779296875,343.54998779296875,947700
2013-04-11,340.0,344.239990234375,330.5,331.3299865722656,331.3299865722656,1458400
2013-04-12,329.7699890136719,342.0,327.2799987792969,341.9100036621094,341.9100036621094,782400
2013-04-15,349.0,349.8800048828125,337.0299987792969,337.1700134277344,337.1700134277344,892200
2013-04-16,341.0299987792969,343.8900146484375,337.6700134277344,342.1700134277344,342.1700134277344,447900
2013-04-17,339.5899963378906,343.7799987792969,337.42999267578125,339.94000244140625,339.94000244140625,340200
2013-04-18,341.5,341.5,328.3599853515625,328.3599853515625,328.3599853515625,1012900
2013-04-19,344.9100036621094,366.7300109863281,343.30999755859375,366.25,366.25,2747400
2013-04-22,367.0,372.989990234375,362.6600036621094,362.8299865722656,362.8299865722656,989000
2013-04-23,363.6300048828125,365.75,358.1400146484375,361.2699890136719,361.2699890136719,713700
2013-04-24,358.7099914550781,365.6499938964844,358.7099914550781,362.7900085449219,362.7900085449219,419200
2013-04-25,363.29998779296875,365.8599853515625,361.1400146484375,362.8500061035156,362.8500061035156,302300
2013-04-26,362.010009765625,364.2200012207031,359.4599914550781,361.7300109863281,361.7300109863281,339800
2013-04-29,362.17999267578125,367.0,359.5199890136719,363.5899963378906,363.5899963378906,276200
2013-04-30,365.489990234375,365.510009765625,360.7099914550781,363.19000244140625,363.19000244140625,373700
2013-05-01,360.95001220703125,364.8299865722656,358.5,362.17999267578125,362.17999267578125,277900
2013-05-02,361.67999267578125,369.32000732421875,361.6199951171875,365.20001220703125,365.20001220703125,363100
2013-05-03,368.25,369.5,365.6499938964844,367.3500061035156,367.3500061035156,233900
2013-05-06,367.45001220703125,376.2699890136719,367.45001220703125,373.9800109863281,373.9800109863281,496900
2013-05-07,372.57000732421875,374.1499938964844,359.0,361.0899963378906,361.0899963378906,1009800
2013-05-08,361.80999755859375,366.5,359.0899963378906,366.3299865722656,366.3299865722656,525600
2013-05-09,363.95001220703125,372.9800109863281,363.6499938964844,367.45001220703125,367.45001220703125,834300
2013-05-10,366.92999267578125,371.2699890136719,366.0400085449219,370.010009765625,370.010009765625,326500
2013-05-13,369.8800048828125,370.6000061035156,366.1199951171875,367.510009765625,367.510009765625,326500
2013-05-14,368.0,376.19000244140625,367.989990234375,375.6499938964844,375.6499938964844,496400
2013-05-15,375.2699890136719,378.3999938964844,372.80999755859375,374.9700012207031,374.9700012207031,485300
2013-05-16,374.92999267578125,375.760009765625,370.6499938964844,372.0799865722656,372.0799865722656,384500
2013-05-17,371.9200134277344,375.5,371.9200134277344,375.1600036621094,375.1600036621094,288400
2013-05-20,374.79998779296875,379.1400146484375,374.4599914550781,376.8699951171875,376.8699951171875,302100
2013-05-21,376.510009765625,378.760009765625,373.7799987792969,377.42999267578125,377.42999267578125,281900
2013-05-22,377.3299865722656,379.1499938964844,369.70001220703125,371.04998779296875,371.04998779296875,349000
2013-05-23,367.5299987792969,370.2300109863281,362.79998779296875,368.45001220703125,368.45001220703125,378300
2013-05-24,366.6400146484375,369.2699890136719,363.54998779296875,368.2699890136719,368.2699890136719,270900
2013-05-28,371.5799865722656,374.0,370.1199951171875,370.6099853515625,370.6099853515625,400600
2013-05-29,368.989990234375,371.4800109863281,366.2300109863281,369.7900085449219,369.7900085449219,201900
2013-05-30,370.92999267578125,373.4200134277344,369.2200012207031,369.8500061035156,369.8500061035156,195500
2013-05-31,366.2099914550781,370.760009765625,361.0,361.0,361.0,322100
2013-06-03,361.010009765625,363.2799987792969,354.5299987792969,358.8399963378906,358.8399963378906,472100
2013-06-04,356.04998779296875,363.3500061035156,355.04998779296875,358.4200134277344,358.4200134277344,426000
2013-06-05,358.6400146484375,359.45001220703125,350.6600036621094,353.0299987792969,353.0299987792969,288100
2013-06-06,354.4200134277344,359.44000244140625,351.67999267578125,359.0299987792969,359.0299987792969,230000
2013-06-07,361.0,365.79998779296875,354.25,365.79998779296875,365.79998779296875,560400
2013-06-10,366.45001220703125,369.1099853515625,363.5400085449219,364.57000732421875,364.57000732421875,355500
2013-06-11,361.4599914550781,367.70001220703125,361.4599914550781,364.75,364.75,248800
2013-06-12,368.6099853515625,368.6099853515625,362.3399963378906,364.19000244140625,364.19000244140625,388400
2013-06-13,369.5,372.55999755859375,365.44000244140625,371.42999267578125,371.42999267578125,309600
2013-06-14,369.44000244140625,372.5400085449219,365.25,368.1199951171875,368.1199951171875,304500
2013-06-17,370.5,372.1099853515625,365.0,367.67999267578125,367.67999267578125,257200
2013-06-18,369.0199890136719,372.6600036621094,368.7900085449219,372.6600036621094,372.6600036621094,266600
2013-06-19,371.7900085449219,372.5,366.0,366.8699951171875,366.8699951171875,282500
2013-06-20,363.6199951171875,368.1400146484375,360.07000732421875,360.8599853515625,360.8599853515625,438000
2013-06-21,363.260009765625,363.260009765625,355.9200134277344,361.6400146484375,361.6400146484375,691200
2013-06-24,357.7200012207031,360.75,352.2699890136719,358.1600036621094,358.1600036621094,452500
2013-06-25,361.05999755859375,363.9800109863281,357.05999755859375,358.9599914550781,358.9599914550781,294800
2013-06-26,364.0,365.69000244140625,362.2699890136719,363.6700134277344,363.6700134277344,346400
2013-06-27,364.95001220703125,366.9599914550781,361.19000244140625,364.1499938964844,364.1499938964844,336600
2013-06-28,363.1600036621094,368.3900146484375,360.989990234375,364.3500061035156,364.3500061035156,460300
2013-07-01,366.45001220703125,369.239990234375,362.29998779296875,363.739990234375,363.739990234375,355000
2013-07-02,364.6700134277344,371.7699890136719,364.6700134277344,371.5299987792969,371.5299987792969,444400
2013-07-03,374.989990234375,386.80999755859375,374.75,384.4700012207031,384.4700012207031,692000
2013-07-05,386.0,386.7799987792969,383.010009765625,386.3299865722656,386.3299865722656,379000
2013-07-08,387.3900146484375,388.2099914550781,383.9200134277344,386.0299987792969,386.0299987792969,345400
2013-07-09,387.8500061035156,389.8399963378906,385.6700134277344,386.3299865722656,386.3299865722656,294900
2013-07-10,385.739990234375,385.739990234375,379.8800048828125,382.0299987792969,382.0299987792969,378500
2013-07-11,382.5,386.5,380.5,383.1300048828125,383.1300048828125,282300
2013-07-12,384.2099914550781,387.489990234375,383.2900085449219,386.2699890136719,386.2699890136719,340400
2013-07-15,385.4200134277344,386.5799865722656,383.1400146484375,384.19000244140625,384.19000244140625,337700
2013-07-16,383.0,383.29998779296875,374.44000244140625,379.1300048828125,379.1300048828125,560000
2013-07-17,379.7900085449219,379.9700012207031,372.1300048828125,375.7699890136719,375.7699890136719,478100
2013-07-18,375.989990234375,377.3999938964844,372.75,376.75,376.75,971600
2013-07-19,399.04998779296875,410.1199951171875,395.0199890136719,408.9700012207031,408.9700012207031,2270100
2013-07-22,405.32000732421875,407.989990234375,400.79998779296875,401.79998779296875,401.79998779296875,577700
2013-07-23,401.3399963378906,404.8399963378906,396.489990234375,397.4100036621094,397.4100036621094,392200
2013-07-24,396.75,402.8900146484375,396.75,400.1199951171875,400.1199951171875,452100
2013-07-25,400.4100036621094,404.7200012207031,395.8699951171875,404.25,404.25,533000
2013-07-26,402.8299865722656,407.69000244140625,402.8299865722656,405.8699951171875,405.8699951171875,339400
2013-07-29,404.4599914550781,408.3500061035156,402.04998779296875,404.44000244140625,404.44000244140625,193300
2013-07-30,406.2900085449219,409.739990234375,405.2699890136719,407.3800048828125,407.3800048828125,257200
2013-07-31,407.8900146484375,414.8999938964844,406.70001220703125,412.2699890136719,412.2699890136719,483000
2013-08-01,414.8999938964844,418.2300109863281,412.6300048828125,413.80999755859375,413.80999755859375,274700
2013-08-02,414.6000061035156,414.739990234375,411.010009765625,412.0899963378906,412.0899963378906,246200
2013-08-05,411.489990234375,413.0199890136719,410.44000244140625,412.29998779296875,412.29998779296875,199200
2013-08-06,411.6099853515625,412.8900146484375,405.260009765625,405.8900146484375,405.8900146484375,320100
2013-08-07,404.6499938964844,407.8900146484375,403.7799987792969,404.489990234375,404.489990234375,208500
2013-08-08,404.9200134277344,411.2799987792969,404.9200134277344,407.8999938964844,407.8999938964844,196100
2013-08-09,405.7900085449219,409.25,405.4700012207031,405.739990234375,405.739990234375,231500
2013-08-12,403.5,407.57000732421875,401.739990234375,402.9700012207031,402.9700012207031,192900
2013-08-13,401.94000244140625,406.9700012207031,400.1700134277344,406.3399963378906,406.3399963378906,169100
2013-08-14,405.239990234375,406.19000244140625,402.0,404.6400146484375,404.6400146484375,101200
2013-08-15,401.94000244140625,404.6700134277344,397.010009765625,401.4800109863281,401.4800109863281,269400
2013-08-16,401.3299865722656,404.95001220703125,400.3399963378906,401.94000244140625,401.94000244140625,171200
2013-08-19,401.6000061035156,407.260009765625,400.3699951171875,403.6000061035156,403.6000061035156,172200
2013-08-20,407.3699951171875,412.20001220703125,405.6600036621094,407.54998779296875,407.54998779296875,273400
2013-08-21,406.4599914550781,407.6099853515625,402.3399963378906,403.0,403.0,195900
2013-08-22,405.70001220703125,408.8500061035156,402.55999755859375,407.04998779296875,407.04998779296875,259300
2013-08-23,403.95001220703125,406.1700134277344,401.8800048828125,402.7900085449219,402.7900085449219,235000
2013-08-26,405.0,405.0,401.04998779296875,402.0899963378906,402.0899963378906,208900
2013-08-27,398.5299987792969,403.94000244140625,398.0,400.0799865722656,400.0799865722656,270900
2013-08-28,401.5,408.1700134277344,401.5,403.04998779296875,403.04998779296875,271600
2013-08-29,403.94000244140625,409.989990234375,403.94000244140625,406.7799987792969,406.7799987792969,314200
2013-08-30,406.3299865722656,408.989990234375,405.510009765625,408.1700134277344,408.1700134277344,276600
2013-09-03,410.25,412.7300109863281,403.3699951171875,404.8999938964844,404.8999938964844,250700
2013-09-04,406.29998779296875,410.3699951171875,404.4800109863281,409.7099914550781,409.7099914550781,267700
2013-09-05,409.1700134277344,412.3399963378906,408.0,408.7200012207031,408.7200012207031,174600
2013-09-06,408.7799987792969,411.7699890136719,403.5299987792969,408.5199890136719,408.5199890136719,256400
2013-09-09,408.5400085449219,412.67999267578125,408.0,411.70001220703125,411.70001220703125,220200
2013-09-10,413.25,419.0,412.8699951171875,418.6400146484375,418.6400146484375,288600
2013-09-11,416.8299865722656,423.489990234375,415.8500061035156,423.4800109863281,423.4800109863281,353700
2013-09-12,420.29998779296875,425.0,420.1099853515625,421.6400146484375,421.6400146484375,220400
2013-09-13,423.8500061035156,425.5,419.2900085449219,425.3399963378906,425.3399963378906,277900
2013-09-16,427.5199890136719,427.5199890136719,421.0,423.4599914550781,423.4599914550781,342100
2013-09-17,424.8599853515625,425.8699951171875,421.7200012207031,425.4100036621094,425.4100036621094,165000
2013-09-18,425.3999938964844,427.5,423.1000061035156,426.2300109863281,426.2300109863281,303100
2013-09-19,426.75,427.7200012207031,421.510009765625,421.70001220703125,421.70001220703125,250100
2013-09-20,420.92999267578125,424.9100036621094,414.9599914550781,415.0799865722656,415.0799865722656,580800
2013-09-23,415.3500061035156,418.54998779296875,412.3500061035156,415.239990234375,415.239990234375,208000
2013-09-24,418.4200134277344,423.7799987792969,415.739990234375,418.760009765625,418.760009765625,396200
2013-09-25,418.739990234375,419.3599853515625,415.0,415.5899963378906,415.5899963378906,152800
2013-09-26,416.25,422.0,415.95001220703125,420.3399963378906,420.3399963378906,180200
2013-09-27,417.989990234375,420.0,417.989990234375,419.0,419.0,124100
2013-09-30,422.6400146484375,429.7799987792969,422.0,428.79998779296875,428.79998779296875,469700
2013-10-01,429.19000244140625,431.0,422.0400085449219,425.6700134277344,425.6700134277344,309400
2013-10-02,425.6700134277344,427.3900146484375,420.20001220703125,427.1400146484375,427.1400146484375,227700
2013-10-03,426.1499938964844,428.5299987792969,421.010009765625,426.5,426.5,440200
2013-10-04,426.5,434.3599853515625,425.8599853515625,434.1199951171875,434.1199951171875,335900
2013-10-07,430.0,434.2200012207031,428.9100036621094,433.3999938964844,433.3999938964844,523700
2013-10-08,432.1199951171875,434.0,423.3900146484375,427.7200012207031,427.7200012207031,634800
2013-10-09,430.0,432.75,423.25,428.6700134277344,428.6700134277344,443000
2013-10-10,432.07000732421875,436.95001220703125,430.2799987792969,435.8699951171875,435.8699951171875,309800
2013-10-11,439.20001220703125,443.92999267578125,438.0799865722656,443.6099853515625,443.6099853515625,411200
2013-10-14,441.4200134277344,447.6499938964844,440.5400085449219,442.0199890136719,442.0199890136719,543300
2013-10-15,441.42999267578125,443.69000244140625,432.92999267578125,433.6099853515625,433.6099853515625,554300
2013-10-16,436.57000732421875,438.510009765625,434.1199951171875,438.07000732421875,438.07000732421875,510800
2013-10-17,438.6000061035156,442.4700012207031,438.04998779296875,439.07000732421875,439.07000732421875,898000
2013-10-18,481.04998779296875,511.1000061035156,477.3399963378906,509.739990234375,509.739990234375,2438900
2013-10-21,509.5899963378906,512.0,506.5,509.25,509.25,909800
2013-10-22,509.0799865722656,520.719970703125,509.0799865722656,520.0,520.0,817600
2013-10-23,515.02001953125,522.5,514.6799926757812,520.7899780273438,520.7899780273438,586500
2013-10-24,521.1300048828125,524.5399780273438,517.8499755859375,522.969970703125,522.969970703125,424100
2013-10-25,522.0499877929688,528.0,521.0999755859375,527.5,527.5,475000
2013-10-28,527.0,527.9199829101562,522.780029296875,527.8499755859375,527.8499755859375,418500
2013-10-29,527.989990234375,529.9000244140625,523.1400146484375,527.9299926757812,527.9299926757812,338200
2013-10-30,528.9500122070312,529.8400268554688,522.8499755859375,524.3499755859375,524.3499755859375,284800
2013-10-31,521.4400024414062,531.4299926757812,521.4400024414062,526.969970703125,526.969970703125,323000
2013-11-01,526.780029296875,529.8900146484375,524.9000244140625,527.5999755859375,527.5999755859375,367400
2013-11-04,529.5,536.5599975585938,526.5800170898438,535.1799926757812,535.1799926757812,364800
2013-11-05,535.030029296875,543.6799926757812,533.2100219726562,543.0499877929688,543.0499877929688,412700
2013-11-06,543.2100219726562,546.7999877929688,537.760009765625,539.6300048828125,539.6300048828125,465700
2013-11-07,540.010009765625,540.010009765625,524.6699829101562,525.02001953125,525.02001953125,652900
2013-11-08,527.7999877929688,536.7999877929688,525.489990234375,535.2000122070312,535.2000122070312,428900
2013-11-11,535.7100219726562,537.239990234375,534.0,536.4400024414062,536.4400024414062,164400
2013-11-12,535.760009765625,537.72998046875,532.0,535.4199829101562,535.4199829101562,226600
2013-11-13,534.5499877929688,538.3800048828125,533.1099853515625,537.5800170898438,537.5800170898438,216800
2013-11-14,534.2999877929688,544.6699829101562,534.2999877929688,543.9199829101562,543.9199829101562,255300
2013-11-15,545.989990234375,549.5,544.8800048828125,546.969970703125,546.969970703125,309800
2013-11-18,547.22998046875,550.280029296875,535.1599731445312,537.510009765625,537.510009765625,274200
2013-11-19,539.0,541.8099975585938,537.72998046875,538.1599731445312,538.1599731445312,246000
2013-11-20,536.0,542.510009765625,528.4600219726562,531.6599731445312,531.6599731445312,254400
2013-11-21,534.9000244140625,542.0,531.2000122070312,539.219970703125,539.219970703125,382100
2013-11-22,544.0,544.0,536.47998046875,537.47998046875,537.47998046875,221100
2013-11-25,537.5499877929688,540.9400024414062,530.8800048828125,532.3099975585938,532.3099975585938,201500
2013-11-26,532.1599731445312,532.77001953125,525.0,525.0,525.0,392800
2013-11-27,526.2100219726562,527.0800170898438,523.1199951171875,525.0,525.0,307800
2013-11-29,525.239990234375,529.719970703125,523.1900024414062,523.8599853515625,523.8599853515625,160100
2013-12-02,521.5,526.5999755859375,520.489990234375,524.5,524.5,238100
2013-12-03,523.3300170898438,524.989990234375,521.260009765625,522.6400146484375,522.6400146484375,229300
2013-12-04,520.5499877929688,522.6300048828125,516.010009765625,518.1099853515625,518.1099853515625,321300
2013-12-05,518.2000122070312,525.0,517.1099853515625,521.010009765625,521.010009765625,249100
2013-12-06,521.0,526.25,519.5900268554688,525.8099975585938,525.8099975585938,212100
2013-12-09,525.7100219726562,529.989990234375,525.010009765625,527.3200073242188,527.3200073242188,278100
2013-12-10,525.9199829101562,525.9199829101562,520.239990234375,521.530029296875,521.530029296875,229900
2013-12-11,523.3099975585938,523.9400024414062,516.3300170898438,517.5700073242188,517.5700073242188,252200
2013-12-12,516.3200073242188,522.5399780273438,514.6199951171875,515.02001953125,515.02001953125,281000
2013-12-13,518.510009765625,520.989990234375,511.2799987792969,512.8499755859375,512.8499755859375,349300
2013-12-16,514.7000122070312,517.3599853515625,511.45001220703125,515.3800048828125,515.3800048828125,374200
2013-12-17,515.7899780273438,518.0,509.3500061035156,512.6400146484375,512.6400146484375,288900
2013-12-18,510.04998779296875,517.0,506.44000244140625,516.8900146484375,516.8900146484375,327200
2013-12-19,517.0,521.22998046875,514.0,514.5800170898438,514.5800170898438,321400
2013-12-20,517.280029296875,533.77001953125,515.8599853515625,533.1400146484375,533.1400146484375,861100
2013-12-23,535.5,537.0,527.9400024414062,531.030029296875,531.030029296875,349900
2013-12-24,529.989990234375,534.0,529.989990234375,533.1099853515625,533.1099853515625,104700
2013-12-26,532.5900268554688,535.760009765625,530.4400024414062,535.4299926757812,535.4299926757812,210800
2013-12-27,536.8400268554688,536.8400268554688,529.6500244140625,530.75,530.75,238500
2013-12-30,530.3300170898438,534.5900268554688,528.010009765625,532.0399780273438,532.0399780273438,263100
2013-12-31,533.7999877929688,534.0700073242188,529.510009765625,532.780029296875,532.780029296875,197300
2014-01-02,530.0,532.9600219726562,521.530029296875,523.4299926757812,523.4299926757812,456500
2014-01-03,524.0,534.010009765625,523.47998046875,531.3099975585938,531.3099975585938,409100
2014-01-06,534.719970703125,534.719970703125,523.0800170898438,527.3200073242188,527.3200073242188,415100
2014-01-07,528.7999877929688,535.7000122070312,526.3699951171875,533.0599975585938,533.0599975585938,308800
2014-01-08,529.5,536.1900024414062,528.0900268554688,535.8499755859375,535.8499755859375,411300
2014-01-09,536.9500122070312,548.1400146484375,536.1500244140625,541.030029296875,541.030029296875,529800
2014-01-10,542.0800170898438,544.8699951171875,536.7100219726562,538.5700073242188,538.5700073242188,379200
2014-01-13,539.7100219726562,544.489990234375,526.3699951171875,529.7999877929688,529.7999877929688,510300
2014-01-14,531.97998046875,533.469970703125,526.4199829101562,530.280029296875,530.280029296875,373200
2014-01-15,534.0,535.2899780273438,529.7999877929688,532.25,532.25,243000
2014-01-16,532.8699951171875,534.1900024414062,527.8099975585938,529.510009765625,529.510009765625,260300
2014-01-17,535.6400146484375,535.6400146484375,526.0800170898438,527.6099853515625,527.6099853515625,403700
2014-01-21,531.7100219726562,531.760009765625,523.2100219726562,525.5700073242188,525.5700073242188,386600
2014-01-22,528.530029296875,529.0,513.2899780273438,515.9500122070312,515.9500122070312,623300
2014-01-23,512.7999877929688,513.9500122070312,498.55999755859375,503.45001220703125,503.45001220703125,1062200
2014-01-24,495.260009765625,502.3399963378906,489.5,492.4800109863281,492.4800109863281,893200
2014-01-27,492.3599853515625,497.0,482.70001220703125,489.30999755859375,489.30999755859375,563200
2014-01-28,491.95001220703125,498.7799987792969,488.7300109863281,491.8699951171875,491.8699951171875,397900
2014-01-29,490.0,492.0400085449219,480.8699951171875,484.5,484.5,657600
2014-01-30,486.9599914550781,499.42999267578125,485.3999938964844,493.9599914550781,493.9599914550781,1260500
2014-01-31,553.4199829101562,568.9000244140625,546.0999755859375,551.9600219726562,551.9600219726562,2134700
2014-02-03,550.2100219726562,553.780029296875,535.3499755859375,543.2000122070312,543.2000122070312,1071100
2014-02-04,546.4600219726562,546.739990234375,536.4600219726562,540.5900268554688,540.5900268554688,556800
2014-02-05,538.8099975585938,544.489990234375,531.0,542.4299926757812,542.4299926757812,498300
2014-02-06,542.6099853515625,554.8499755859375,542.0499877929688,544.469970703125,544.469970703125,449500
2014-02-07,543.280029296875,550.5499877929688,540.0599975585938,549.2899780273438,549.2899780273438,494100
2014-02-10,552.47998046875,552.47998046875,543.0,548.0900268554688,548.0900268554688,344200
2014-02-11,548.280029296875,551.7999877929688,544.02001953125,544.8599853515625,544.8599853515625,410900
2014-02-12,548.9500122070312,551.760009765625,539.6099853515625,545.739990234375,545.739990234375,485200
2014-02-13,539.6099853515625,561.510009765625,539.0,557.6500244140625,557.6500244140625,533000
2014-02-14,552.0,558.969970703125,547.0,554.1099853515625,554.1099853515625,330000
2014-02-18,551.1699829101562,556.3900146484375,550.3900146484375,552.8599853515625,552.8599853515625,303700
2014-02-19,553.8200073242188,560.8499755859375,551.0599975585938,552.1799926757812,552.1799926757812,417500
2014-02-20,551.1099853515625,554.9500122070312,548.510009765625,550.280029296875,550.280029296875,305800
2014-02-21,551.3800048828125,555.2000122070312,548.5700073242188,549.489990234375,549.489990234375,408400
2014-02-24,550.9500122070312,556.5999755859375,549.1599731445312,554.3800048828125,554.3800048828125,279500
2014-02-25,557.0499877929688,560.4400024414062,553.3499755859375,554.6199951171875,554.6199951171875,336600
2014-02-26,557.0599975585938,563.47998046875,550.1300048828125,555.1199951171875,555.1199951171875,550900
2014-02-27,551.6400146484375,562.0,551.6400146484375,561.1400146484375,561.1400146484375,305800
2014-02-28,562.25,573.1599731445312,559.489990234375,565.2100219726562,565.2100219726562,676400
2014-03-03,561.0,563.9500122070312,551.7000122070312,554.5999755859375,554.5999755859375,527300
2014-03-04,561.47998046875,585.9600219726562,559.1199951171875,584.8300170898438,584.8300170898438,1003800
2014-03-05,585.0,585.989990234375,578.5,581.25,581.25,554800
2014-03-06,584.1099853515625,594.5,583.7000122070312,593.27001953125,593.27001953125,635900
2014-03-07,599.7999877929688,599.969970703125,587.6799926757812,593.4099731445312,593.4099731445312,308100
2014-03-10,589.8200073242188,593.9400024414062,585.280029296875,587.9600219726562,587.9600219726562,362000
2014-03-11,589.0399780273438,593.6500244140625,583.0,584.27001953125,584.27001953125,303500
2014-03-12,583.280029296875,588.75,577.3699951171875,588.7000122070312,588.7000122070312,244900
2014-03-13,589.469970703125,591.9000244140625,577.8200073242188,579.5,579.5,312200
2014-03-14,575.02001953125,582.0999755859375,572.0,575.9600219726562,575.9600219726562,334000
2014-03-17,580.4600219726562,580.9000244140625,572.510009765625,576.260009765625,576.260009765625,261700
2014-03-18,582.3499755859375,595.2100219726562,578.030029296875,592.5399780273438,592.5399780273438,601200
2014-03-19,588.52001953125,598.4600219726562,588.52001953125,596.5,596.5,442700
2014-03-20,595.6900024414062,614.2000122070312,595.6699829101562,611.5800170898438,611.5800170898438,806700
2014-03-21,616.469970703125,622.9000244140625,607.3599853515625,611.1199951171875,611.1199951171875,778400
2014-03-24,610.2100219726562,613.0900268554688,585.5800170898438,588.5399780273438,588.5399780273438,820000
2014-03-25,590.1199951171875,593.0999755859375,565.5,570.6799926757812,570.6799926757812,979800
2014-03-26,573.4500122070312,575.9500122070312,563.780029296875,563.8800048828125,563.8800048828125,582700
2014-03-27,564.0,566.0700073242188,554.25,559.1799926757812,559.1799926757812,554900
2014-03-28,561.5,573.989990234375,560.7999877929688,567.1699829101562,567.1699829101562,538400
2014-03-31,570.739990234375,570.97998046875,565.0,568.0499877929688,568.0499877929688,442000
2014-04-01,568.010009765625,580.25,568.010009765625,578.969970703125,578.969970703125,313000
2014-04-02,582.5499877929688,582.5599975585938,572.2000122070312,576.2100219726562,576.2100219726562,297200
2014-04-03,579.02001953125,582.8400268554688,565.5,570.8900146484375,570.8900146484375,411000
2014-04-04,571.0,571.2999877929688,551.0399780273438,555.1599731445312,555.1599731445312,687100
2014-04-07,550.0,554.989990234375,529.2000122070312,535.5900268554688,535.5900268554688,804100
2014-04-08,540.0,552.989990234375,539.1300048828125,550.72998046875,550.72998046875,579300
2014-04-09,552.260009765625,556.7999877929688,547.0599975585938,556.4000244140625,556.4000244140625,410400
2014-04-10,555.0900268554688,556.1400146484375,533.9299926757812,534.010009765625,534.010009765625,600000
2014-04-11,528.02001953125,543.5,526.75,534.8699951171875,534.8699951171875,988000
2014-04-14,540.489990234375,546.5,534.1099853515625,540.97998046875,540.97998046875,442000
2014-04-15,543.239990234375,549.6500244140625,532.0,540.5399780273438,540.5399780273438,487900
2014-04-16,545.0,553.5999755859375,540.0,552.4000244140625,552.4000244140625,631500
2014-04-17,582.7000122070312,588.6900024414062,518.52001953125,519.6099853515625,519.6099853515625,3882500
2014-04-21,521.719970703125,522.0,505.70001220703125,506.5400085449219,506.5400085449219,1373600
2014-04-22,508.3500061035156,514.1699829101562,504.1300048828125,512.6699829101562,512.6699829101562,913900
2014-04-23,511.010009765625,511.95001220703125,502.0299987792969,504.04998779296875,504.04998779296875,482600
2014-04-24,508.6000061035156,511.29998779296875,503.2699890136719,507.6000061035156,507.6000061035156,530700
2014-04-25,507.25,507.25,498.489990234375,502.30999755859375,502.30999755859375,404000
2014-04-28,502.55999755859375,502.55999755859375,472.4100036621094,476.2799987792969,476.2799987792969,1436000
2014-04-29,479.7799987792969,495.0,477.8999938964844,491.57000732421875,491.57000732421875,747000
2014-04-30,488.54998779296875,499.8900146484375,484.45001220703125,498.5,498.5,665500
2014-05-01,498.510009765625,504.9800109863281,495.010009765625,500.1499938964844,500.1499938964844,462800
2014-05-02,496.29998779296875,504.3599853515625,496.29998779296875,501.7699890136719,501.7699890136719,471800
2014-05-05,504.3900146484375,518.5399780273438,501.1199951171875,512.6799926757812,512.6799926757812,618500
2014-05-06,512.9099731445312,514.3200073242188,500.82000732421875,501.9100036621094,501.9100036621094,436200
2014-05-07,506.5799865722656,506.5799865722656,493.3299865722656,500.8299865722656,500.8299865722656,571800
2014-05-08,495.010009765625,513.8400268554688,495.010009765625,500.3500061035156,500.3500061035156,370500
2014-05-09,499.760009765625,508.5,496.1700134277344,507.67999267578125,507.67999267578125,446800
2014-05-12,507.25,513.1799926757812,505.1300048828125,510.2099914550781,510.2099914550781,430700
2014-05-13,509.95001220703125,510.9599914550781,501.7900085449219,504.1600036621094,504.1600036621094,292500
2014-05-14,506.6700134277344,514.510009765625,501.0,504.32000732421875,504.32000732421875,491800
2014-05-15,504.7200012207031,504.7200012207031,491.1300048828125,495.9200134277344,495.9200134277344,505400
2014-05-16,499.30999755859375,501.5,490.54998779296875,500.5199890136719,500.5199890136719,590300
2014-05-19,498.8900146484375,503.9100036621094,498.8900146484375,501.2900085449219,501.2900085449219,270900
2014-05-20,500.0,501.2099914550781,493.239990234375,495.6499938964844,495.6499938964844,315900
2014-05-21,496.1199951171875,504.92999267578125,496.0,504.17999267578125,504.17999267578125,444900
2014-05-22,506.5,524.5499877929688,506.19000244140625,520.47998046875,520.47998046875,594800
2014-05-23,522.0,523.4500122070312,515.3599853515625,522.3200073242188,522.3200073242188,311200
2014-05-27,522.0,539.760009765625,522.0,536.0399780273438,536.0399780273438,566100
2014-05-28,533.0900268554688,539.9400024414062,529.0800170898438,538.260009765625,538.260009765625,548100
2014-05-29,538.8499755859375,546.9000244140625,538.5,545.4199829101562,545.4199829101562,617900
2014-05-30,546.969970703125,549.27001953125,542.5,547.0900268554688,547.0900268554688,454100
2014-06-02,548.0,552.8499755859375,545.27001953125,551.5599975585938,551.5599975585938,399200
2014-06-03,548.1300048828125,552.5,548.0,550.5900268554688,550.5900268554688,357700
2014-06-04,549.4600219726562,559.3800048828125,546.8200073242188,558.8400268554688,558.8400268554688,375800
2014-06-05,557.5499877929688,564.2100219726562,556.489990234375,561.030029296875,561.030029296875,345600
2014-06-06,560.75,570.219970703125,559.1400146484375,569.1699829101562,569.1699829101562,394600
2014-06-09,568.25,570.6799926757812,565.9299926757812,568.5,568.5,246800
2014-06-10,566.0,568.7999877929688,563.1699829101562,564.760009765625,564.760009765625,282900
2014-06-11,560.9199829101562,571.510009765625,560.010009765625,570.3400268554688,570.3400268554688,325600
2014-06-12,571.75,583.27001953125,570.010009765625,581.8499755859375,581.8499755859375,916200
2014-06-13,576.8400268554688,589.0,576.8400268554688,588.260009765625,588.260009765625,586900
2014-06-16,587.030029296875,595.47998046875,584.3800048828125,594.010009765625,594.010009765625,451100
2014-06-17,593.1400146484375,596.1599731445312,590.5399780273438,593.52001953125,593.52001953125,322300
2014-06-18,591.8800048828125,595.3300170898438,587.2000122070312,594.9099731445312,594.9099731445312,322700
2014-06-19,594.4500122070312,597.4500122070312,591.5499877929688,594.5399780273438,594.5399780273438,359200
2014-06-20,595.0,595.8400268554688,590.6500244140625,592.4299926757812,592.4299926757812,412100
2014-06-23,592.989990234375,602.2100219726562,590.75,599.5900268554688,599.5900268554688,370300
2014-06-24,599.0,601.6099853515625,595.4600219726562,595.6199951171875,595.6199951171875,365100
2014-06-25,595.7000122070312,600.2999877929688,592.0599975585938,599.5,599.5,224700
2014-06-26,596.219970703125,600.780029296875,593.2999877929688,600.3200073242188,600.3200073242188,231900
2014-06-27,599.8099975585938,600.6799926757812,595.7000122070312,596.1400146484375,596.1400146484375,314400
2014-06-30,596.4099731445312,597.0800170898438,592.0599975585938,592.510009765625,592.510009765625,311100
2014-07-01,596.3499755859375,604.0800170898438,594.530029296875,603.260009765625,603.260009765625,312200
2014-07-02,603.489990234375,603.489990234375,597.0,599.3200073242188,599.3200073242188,240100
2014-07-03,600.25,604.780029296875,598.5499877929688,603.5999755859375,603.5999755859375,140600
2014-07-07,601.6500244140625,603.1599731445312,592.8300170898438,593.8300170898438,593.8300170898438,298600
2014-07-08,591.260009765625,592.75,575.9199829101562,586.5900268554688,586.5900268554688,520900
2014-07-09,588.5499877929688,605.0,588.5499877929688,604.1699829101562,604.1699829101562,597000
2014-07-10,596.0,607.5499877929688,595.0499877929688,600.6099853515625,600.6099853515625,425400
2014-07-11,600.4400024414062,601.5,597.5,598.489990234375,598.489990234375,224600
2014-07-14,601.7000122070312,608.77001953125,600.0900268554688,604.9199829101562,604.9199829101562,325500
2014-07-15,605.0,606.8699951171875,590.3400268554688,597.4500122070312,597.4500122070312,558700
2014-07-16,601.0,601.3200073242188,590.0,590.469970703125,590.469970703125,387000
2014-07-17,591.02001953125,592.0,579.8099975585938,581.6500244140625,581.6500244140625,415400
2014-07-18,583.7100219726562,593.4099731445312,583.02001953125,592.4199829101562,592.4199829101562,432500
2014-07-21,593.2899780273438,596.9000244140625,582.6900024414062,589.9299926757812,589.9299926757812,1099600
2014-07-22,649.9000244140625,667.9000244140625,649.27001953125,659.77001953125,659.77001953125,2260800
2014-07-23,658.7100219726562,662.6900024414062,655.1599731445312,661.27001953125,661.27001953125,554500
2014-07-24,663.1300048828125,663.77001953125,656.7899780273438,660.2000122070312,660.2000122070312,373800
2014-07-25,657.7999877929688,674.0,657.7999877929688,673.5800170898438,673.5800170898438,595800
2014-07-28,675.1099853515625,678.9600219726562,671.989990234375,678.010009765625,678.010009765625,470700
2014-07-29,677.4199829101562,680.3699951171875,673.3099975585938,674.3599853515625,674.3599853515625,282400
2014-07-30,678.0,682.6699829101562,676.0,681.8300170898438,681.8300170898438,404200
2014-07-31,678.010009765625,679.5,672.0,672.5,672.5,462400
2014-08-01,674.8099975585938,677.1799926757812,667.6400146484375,675.1400146484375,675.1400146484375,341600
2014-08-04,678.030029296875,686.0499877929688,674.4400024414062,682.97998046875,682.97998046875,445500
2014-08-05,682.9299926757812,682.9299926757812,671.530029296875,674.7100219726562,674.7100219726562,333600
2014-08-06,671.0,681.5599975585938,668.6699829101562,673.0,673.0,374800
2014-08-07,677.5,679.9500122070312,669.1599731445312,671.8400268554688,671.8400268554688,289800
2014-08-08,668.0,670.2100219726562,664.239990234375,669.7000122070312,669.7000122070312,354200
2014-08-11,673.4600219726562,682.739990234375,668.0800170898438,680.5399780273438,680.5399780273438,355000
2014-08-12,678.1599731445312,679.6599731445312,672.0,676.22998046875,676.22998046875,225900
2014-08-13,675.0,688.4299926757812,675.0,683.6799926757812,683.6799926757812,387500
2014-08-14,683.780029296875,685.969970703125,675.8099975585938,679.2899780273438,679.2899780273438,303900
2014-08-15,682.47998046875,684.1500244140625,673.760009765625,678.1799926757812,678.1799926757812,331700
2014-08-18,681.0,684.8699951171875,680.4099731445312,684.8300170898438,684.8300170898438,201100
2014-08-19,686.3499755859375,689.4500122070312,680.8200073242188,681.0800170898438,681.0800170898438,231600
2014-08-20,680.760009765625,680.760009765625,675.02001953125,678.4099731445312,678.4099731445312,305900
2014-08-21,697.0,697.9299926757812,677.5,681.0700073242188,681.0700073242188,716100
2014-08-22,678.1699829101562,681.4099731445312,673.8900146484375,676.9500122070312,676.9500122070312,358900
2014-08-25,679.0,680.219970703125,675.02001953125,676.239990234375,676.239990234375,213700
2014-08-26,676.719970703125,685.97998046875,676.719970703125,683.8900146484375,683.8900146484375,289600
2014-08-27,681.3800048828125,683.8699951171875,676.1400146484375,677.030029296875,677.030029296875,259800
2014-08-28,676.1500244140625,679.6599731445312,674.25,677.8400268554688,677.8400268554688,153000
2014-08-29,678.969970703125,680.5,674.1500244140625,678.6500244140625,678.6500244140625,180800
2014-09-02,678.8499755859375,683.5,675.25,682.9000244140625,682.9000244140625,232700
2014-09-03,684.5,692.9000244140625,678.7999877929688,680.0999755859375,680.0999755859375,306900
2014-09-04,681.0,685.4400024414062,677.239990234375,680.5399780273438,680.5399780273438,270600
2014-09-05,679.8099975585938,683.1400146484375,676.3499755859375,677.9500122070312,677.9500122070312,240000
2014-09-08,677.9000244140625,679.77001953125,674.4500122070312,678.3699951171875,678.3699951171875,205600
2014-09-09,679.0999755859375,679.0999755859375,669.27001953125,669.9500122070312,669.9500122070312,282800
2014-09-10,673.0,677.1900024414062,664.1599731445312,671.3599853515625,671.3599853515625,366600
2014-09-11,670.2899780273438,673.7000122070312,666.6199951171875,672.72998046875,672.72998046875,317400
2014-09-12,671.8400268554688,672.6400146484375,663.1599731445312,664.8099975585938,664.8099975585938,302800
2014-09-15,664.4199829101562,664.8499755859375,650.030029296875,655.8499755859375,655.8499755859375,519000
2014-09-16,655.8499755859375,656.8699951171875,651.0,654.2000122070312,654.2000122070312,486700
2014-09-17,650.5,657.02001953125,642.6400146484375,653.239990234375,653.239990234375,530200
2014-09-18,655.5,665.7000122070312,652.6099853515625,664.3200073242188,664.3200073242188,339900
2014-09-19,666.25,668.0800170898438,661.4600219726562,664.0900268554688,664.0900268554688,395200
2014-09-22,660.77001953125,663.9600219726562,651.25,656.0999755859375,656.0999755859375,285400
2014-09-23,654.6400146484375,659.0399780273438,653.8400268554688,654.5800170898438,654.5800170898438,164500
2014-09-24,658.1300048828125,666.97998046875,656.7899780273438,664.7100219726562,664.7100219726562,267100
2014-09-25,659.510009765625,663.8400268554688,651.4099731445312,653.3900146484375,653.3900146484375,276900
2014-09-26,653.2999877929688,664.9400024414062,653.2999877929688,660.77001953125,660.77001953125,253500
2014-09-29,655.989990234375,665.739990234375,651.5,662.9400024414062,662.9400024414062,240800
2014-09-30,663.7999877929688,669.780029296875,657.8300170898438,666.5900268554688,666.5900268554688,460500
2014-10-01,666.5,667.4400024414062,656.1599731445312,662.22998046875,662.22998046875,387200
2014-10-02,661.1300048828125,666.6500244140625,659.3699951171875,662.5700073242188,662.5700073242188,306400
2014-10-03,666.3900146484375,675.030029296875,663.72998046875,674.5,674.5,402900
2014-10-06,677.0,681.7999877929688,670.6199951171875,671.1300048828125,671.1300048828125,378800
2014-10-07,667.0499877929688,669.780029296875,661.760009765625,662.8200073242188,662.8200073242188,348300
2014-10-08,663.8099975585938,672.6599731445312,660.6599731445312,672.0999755859375,672.0999755859375,362100
2014-10-09,670.3400268554688,673.5,657.739990234375,660.6099853515625,660.6099853515625,392000
2014-10-10,659.0999755859375,668.5800170898438,655.010009765625,655.5800170898438,655.5800170898438,625900
2014-10-13,657.75,658.2999877929688,638.0,639.530029296875,639.530029296875,481700
2014-10-14,645.5,652.02001953125,639.0,651.1699829101562,651.1699829101562,534500
2014-10-15,641.3699951171875,653.6599731445312,631.0,647.3800048828125,647.3800048828125,613600
2014-10-16,644.1900024414062,650.0,635.010009765625,645.97998046875,645.97998046875,498700
2014-10-17,647.9600219726562,654.489990234375,638.030029296875,641.719970703125,641.719970703125,687000
2014-10-20,643.0,654.72998046875,641.1900024414062,653.030029296875,653.030029296875,1216100
2014-10-21,624.9500122070312,629.5,607.5499877929688,607.5499877929688,607.5499877929688,2252700
2014-10-22,611.27001953125,619.5,607.5700073242188,608.989990234375,608.989990234375,1001500
2014-10-23,612.739990234375,615.6699829101562,609.1500244140625,610.0,610.0,619100
2014-10-24,613.030029296875,617.9000244140625,608.7999877929688,615.780029296875,615.780029296875,493600
2014-10-27,614.75,633.3699951171875,614.75,630.1099853515625,630.1099853515625,565800
2014-10-28,631.489990234375,647.2899780273438,630.5599975585938,645.8499755859375,645.8499755859375,601900
2014-10-29,645.5999755859375,648.8200073242188,638.7100219726562,639.8599853515625,639.8599853515625,441800
2014-10-30,640.52001953125,644.9400024414062,637.27001953125,639.6799926757812,639.6799926757812,263800
2014-10-31,643.510009765625,646.5,636.9000244140625,638.0,638.0,441500
2014-11-03,638.280029296875,641.0,635.3200073242188,638.530029296875,638.530029296875,306000
2014-11-04,640.3699951171875,649.2999877929688,638.0,647.6799926757812,647.6799926757812,407800
2014-11-05,651.0,652.0999755859375,640.4099731445312,642.5900268554688,642.5900268554688,328200
2014-11-06,643.1099853515625,647.3300170898438,640.5499877929688,647.1199951171875,647.1199951171875,232800
2014-11-07,647.3800048828125,651.3800048828125,642.2899780273438,649.030029296875,649.030029296875,300800
2014-11-10,647.9199829101562,650.4000244140625,645.5,648.8599853515625,648.8599853515625,275600
2014-11-11,649.4000244140625,656.8200073242188,647.489990234375,656.6500244140625,656.6500244140625,356000
2014-11-12,654.969970703125,668.9299926757812,654.510009765625,664.25,664.25,419100
2014-11-13,666.0,671.7899780273438,662.7000122070312,670.75,670.75,348900
2014-11-14,671.0999755859375,675.239990234375,667.9600219726562,669.7999877929688,669.7999877929688,277800
2014-11-17,668.0,669.72998046875,657.3400268554688,658.3200073242188,658.3200073242188,367200
2014-11-18,656.0,663.5800170898438,656.0,658.0900268554688,658.0900268554688,245300
2014-11-19,659.989990234375,660.9500122070312,654.280029296875,658.5599975585938,658.5599975585938,234200
2014-11-20,657.4400024414062,663.8300170898438,656.0900268554688,662.8300170898438,662.8300170898438,211700
2014-11-21,667.489990234375,667.719970703125,656.9199829101562,657.8800048828125,657.8800048828125,349000
2014-11-24,659.75,660.9400024414062,646.5900268554688,659.5399780273438,659.5399780273438,454900
2014-11-25,662.0,664.5,654.1199951171875,654.9000244140625,654.9000244140625,460400
2014-11-26,656.8300170898438,661.1699829101562,655.0,660.2100219726562,660.2100219726562,162300
2014-11-28,661.489990234375,671.989990234375,661.489990234375,663.6199951171875,663.6199951171875,172800
2014-12-01,664.6599731445312,670.2000122070312,660.4000244140625,660.8800048828125,660.8800048828125,272000
2014-12-02,659.8800048828125,664.7100219726562,655.5999755859375,660.0399780273438,660.0399780273438,286900
2014-12-03,656.8400268554688,661.5,651.1400146484375,651.27001953125,651.27001953125,391000
2014-12-04,652.530029296875,665.7999877929688,651.530029296875,663.969970703125,663.969970703125,377800
2014-12-05,665.8400268554688,665.8400268554688,660.0,660.5700073242188,660.5700073242188,169700
2014-12-08,662.0999755859375,662.3499755859375,653.5,657.030029296875,657.030029296875,289300
2014-12-09,654.5,658.6400146484375,645.530029296875,657.0900268554688,657.0900268554688,412500
2014-12-10,657.0,663.1799926757812,647.7999877929688,650.0399780273438,650.0399780273438,307100
2014-12-11,652.5,659.6400146484375,651.9500122070312,654.3900146484375,654.3900146484375,269700
2014-12-12,653.6500244140625,662.989990234375,652.7100219726562,657.6699829101562,657.6699829101562,288500
2014-12-15,658.5,661.3300170898438,645.6599731445312,648.8300170898438,648.8300170898438,434100
2014-12-16,648.8300170898438,649.1099853515625,632.4299926757812,633.52001953125,633.52001953125,414800
2014-12-17,635.0,651.5800170898438,635.0,649.1500244140625,649.1500244140625,338300
2014-12-18,655.489990234375,658.5,645.8599853515625,655.5999755859375,655.5999755859375,320200
2014-12-19,658.739990234375,659.0,648.239990234375,651.4199829101562,651.4199829101562,392400
2014-12-22,652.3099975585938,669.0999755859375,652.2899780273438,667.6599731445312,667.6599731445312,380600
2014-12-23,670.0,671.9600219726562,665.3900146484375,669.2100219726562,669.2100219726562,225400
2014-12-24,668.530029296875,676.6799926757812,667.7999877929688,672.7899780273438,672.7899780273438,136900
2014-12-26,672.760009765625,679.75,672.3200073242188,678.0599975585938,678.0599975585938,212000
2014-12-29,675.75,696.5599975585938,675.5,692.6900024414062,692.6900024414062,504300
2014-12-30,691.3499755859375,693.0,680.4199829101562,684.9099731445312,684.9099731445312,268900
2014-12-31,685.5499877929688,693.9600219726562,683.4299926757812,684.510009765625,684.510009765625,302500
2015-01-02,686.0,687.469970703125,671.010009765625,678.4000244140625,678.4000244140625,324800
2015-01-05,678.4000244140625,679.9199829101562,664.2000122070312,667.6900024414062,667.6900024414062,374400
2015-01-06,666.7899780273438,672.0,653.77001953125,664.3800048828125,664.3800048828125,609400
2015-01-07,668.4000244140625,694.8499755859375,668.4000244140625,694.260009765625,694.260009765625,685600
2015-01-08,702.5,727.969970703125,702.5,719.989990234375,719.989990234375,1169900
2015-01-09,721.8499755859375,722.1699829101562,711.9600219726562,714.27001953125,714.27001953125,404300
2015-01-12,718.8900146484375,719.0,709.47998046875,711.7000122070312,711.7000122070312,276800
2015-01-13,715.739990234375,724.47998046875,707.1599731445312,714.0599975585938,714.0599975585938,348100
2015-01-14,703.2100219726562,713.02001953125,700.0,709.739990234375,709.739990234375,318600
2015-01-15,709.0,715.0999755859375,698.1099853515625,700.780029296875,700.780029296875,344600
2015-01-16,696.5700073242188,712.22998046875,696.5700073242188,711.1099853515625,711.1099853515625,316100
2015-01-20,714.8900146484375,716.0,702.5,705.780029296875,705.780029296875,340900
2015-01-21,704.4000244140625,710.52001953125,702.0599975585938,703.8900146484375,703.8900146484375,307500
2015-01-22,706.8099975585938,715.1799926757812,703.5399780273438,713.4400024414062,713.4400024414062,301300
2015-01-23,715.47998046875,721.0,713.0,713.6900024414062,713.6900024414062,324600
2015-01-26,715.3400268554688,725.8599853515625,712.3699951171875,723.4299926757812,723.4299926757812,227700
2015-01-27,718.3800048828125,724.8300170898438,716.0,721.3300170898438,721.3300170898438,275600
2015-01-28,722.969970703125,726.97998046875,710.6400146484375,711.989990234375,711.989990234375,244500
2015-01-29,715.5499877929688,717.1500244140625,708.8200073242188,714.530029296875,714.530029296875,273700
2015-01-30,714.6400146484375,716.97998046875,707.719970703125,709.8400268554688,709.8400268554688,385100
2015-02-02,713.5499877929688,716.4400024414062,700.010009765625,712.5499877929688,712.5499877929688,467900
2015-02-03,716.5,726.6300048828125,710.0,726.6300048828125,726.6300048828125,1364200
2015-02-04,680.280029296875,686.719970703125,667.1500244140625,676.0,676.0,2474700
2015-02-05,679.7999877929688,679.989990234375,670.030029296875,670.9099731445312,670.9099731445312,830300
2015-02-06,677.0,677.8900146484375,657.97998046875,659.9199829101562,659.9199829101562,870200
2015-02-09,655.780029296875,658.0700073242188,647.280029296875,648.010009765625,648.010009765625,646500
2015-02-10,652.0,666.25,648.9299926757812,665.030029296875,665.030029296875,734500
2015-02-11,666.3599853515625,676.75,664.0,669.6400146484375,669.6400146484375,528200
2015-02-12,671.0800170898438,672.239990234375,665.260009765625,670.2899780273438,670.2899780273438,288500
2015-02-13,671.6699829101562,678.1699829101562,667.1300048828125,674.8900146484375,674.8900146484375,377400
2015-02-17,674.4600219726562,677.6699829101562,669.2999877929688,670.9299926757812,670.9299926757812,280300
2015-02-18,669.9600219726562,674.9500122070312,669.0,674.5700073242188,674.5700073242188,297000
2015-02-19,674.5999755859375,682.52001953125,672.239990234375,673.280029296875,673.280029296875,295400
2015-02-20,670.5900268554688,674.6799926757812,669.3800048828125,674.0,674.0,265600
2015-02-23,673.469970703125,679.719970703125,670.0,671.1699829101562,671.1699829101562,215200
2015-02-24,670.1500244140625,673.219970703125,666.52001953125,667.9099731445312,667.9099731445312,235800
2015-02-25,670.2999877929688,678.9400024414062,668.719970703125,675.52001953125,675.52001953125,378800
2015-02-26,675.0,678.8900146484375,669.1400146484375,670.2899780273438,670.2899780273438,281900
2015-02-27,670.5,673.5900268554688,664.969970703125,664.969970703125,664.969970703125,440600
2015-03-02,664.969970703125,673.2999877929688,663.0499877929688,670.8599853515625,670.8599853515625,398700
2015-03-03,670.3800048828125,672.260009765625,664.5599975585938,668.4299926757812,668.4299926757812,264200
2015-03-04,664.5999755859375,667.0,659.25,664.1599731445312,664.1599731445312,306000
2015-03-05,667.1599731445312,671.5900268554688,666.2000122070312,670.489990234375,670.489990234375,249600
2015-03-06,666.9199829101562,666.9199829101562,657.6099853515625,658.6799926757812,658.6799926757812,381600
2015-03-09,658.010009765625,662.97998046875,653.3699951171875,660.3400268554688,660.3400268554688,321300
2015-03-10,657.1400146484375,658.3300170898438,652.2999877929688,654.739990234375,654.739990234375,240400
2015-03-11,658.6799926757812,667.7999877929688,658.2899780273438,660.77001953125,660.77001953125,350900
2015-03-12,662.530029296875,671.5900268554688,662.3300170898438,670.3900146484375,670.3900146484375,276600
2015-03-13,668.0,677.6400146484375,667.510009765625,674.510009765625,674.510009765625,358500
2015-03-16,676.0900268554688,682.5,676.0900268554688,678.8800048828125,678.8800048828125,275000
2015-03-17,677.0,678.4600219726562,671.010009765625,672.0,672.0,305600
2015-03-18,669.260009765625,674.6300048828125,662.7000122070312,673.280029296875,673.280029296875,476700
2015-03-19,673.969970703125,681.1799926757812,671.0,680.6699829101562,680.6699829101562,390700
2015-03-20,684.9600219726562,689.22998046875,682.4400024414062,686.6500244140625,686.6500244140625,457300
2015-03-23,685.6500244140625,692.4299926757812,682.8300170898438,687.3400268554688,687.3400268554688,279800
2015-03-24,686.5,689.7100219726562,680.4099731445312,680.8099975585938,680.8099975585938,332000
2015-03-25,680.0,683.1300048828125,665.739990234375,665.969970703125,665.969970703125,369800
2015-03-26,662.27001953125,664.8699951171875,658.0700073242188,658.8200073242188,658.8200073242188,370200
2015-03-27,660.510009765625,668.6400146484375,658.010009765625,662.719970703125,662.719970703125,286000
2015-03-30,668.0700073242188,669.010009765625,651.5,655.3599853515625,655.3599853515625,419900
2015-03-31,653.8200073242188,659.260009765625,650.5399780273438,650.5399780273438,650.5399780273438,331400
2015-04-01,650.0,653.02001953125,644.0599975585938,652.530029296875,652.530029296875,404600
2015-04-02,653.0,656.0599975585938,648.8800048828125,652.3900146484375,652.3900146484375,308000
2015-04-06,648.47998046875,663.2899780273438,648.0,660.02001953125,660.02001953125,284200
2015-04-07,659.4199829101562,664.2899780273438,654.739990234375,658.4600219726562,658.4600219726562,323800
2015-04-08,658.4600219726562,662.7000122070312,652.5,654.5499877929688,654.5499877929688,548800
2015-04-09,653.7899780273438,654.5,648.5700073242188,651.719970703125,651.719970703125,375400
2015-04-10,666.0999755859375,685.0,665.0,683.02001953125,683.02001953125,1194400
2015-04-13,680.7000122070312,687.739990234375,677.0,683.72998046875,683.72998046875,514400
2015-04-14,681.1599731445312,687.2000122070312,676.1400146484375,677.8499755859375,677.8499755859375,438100
2015-04-15,683.260009765625,687.760009765625,675.5900268554688,677.5999755859375,677.5999755859375,362900
2015-04-16,678.0,684.0,677.1199951171875,681.5499877929688,681.5499877929688,339600
2015-04-17,678.7899780273438,685.22998046875,673.0499877929688,683.9500122070312,683.9500122070312,519600
2015-04-20,686.77001953125,688.5499877929688,682.6300048828125,686.9299926757812,686.9299926757812,435800
2015-04-21,691.4000244140625,699.030029296875,689.0,692.52001953125,692.52001953125,1883300
2015-04-22,655.1300048828125,656.989990234375,635.25,641.22998046875,641.22998046875,3776600
2015-04-23,641.97998046875,643.47998046875,635.25,635.5999755859375,635.5999755859375,1094300
2015-04-24,638.5800170898438,639.72998046875,634.1300048828125,637.5,637.5,793700
2015-04-27,640.1300048828125,646.219970703125,636.0900268554688,643.75,643.75,759400
2015-04-28,643.75,646.969970703125,636.4400024414062,639.5800170898438,639.5800170898438,634200
2015-04-29,637.7000122070312,638.7000122070312,626.75,630.0700073242188,630.0700073242188,789400
2015-04-30,631.989990234375,635.0,619.719970703125,621.3400268554688,621.3400268554688,563400
2015-05-01,628.9600219726562,634.0,626.9199829101562,634.0,634.0,523500
2015-05-04,636.6900024414062,641.9600219726562,633.3300170898438,633.5700073242188,633.5700073242188,318100
2015-05-05,631.8400268554688,634.9500122070312,625.1900024414062,625.6699829101562,625.6699829101562,420800
2015-05-06,625.3300170898438,627.8200073242188,618.469970703125,627.22998046875,627.22998046875,517900
2015-05-07,627.0,633.4099731445312,625.3900146484375,628.8200073242188,628.8200073242188,317900
2015-05-08,636.0,637.7000122070312,632.0499877929688,633.8200073242188,633.8200073242188,443500
2015-05-11,630.3300170898438,637.5,628.3200073242188,635.6699829101562,635.6699829101562,416400
2015-05-12,630.5,637.6699829101562,627.3599853515625,635.5499877929688,635.5499877929688,290100
2015-05-13,636.0,639.5,634.0499877929688,635.3200073242188,635.3200073242188,325600
2015-05-14,636.030029296875,638.5900268554688,630.8599853515625,634.530029296875,634.530029296875,360400
2015-05-15,634.75,636.4400024414062,629.0499877929688,632.3699951171875,632.3699951171875,437700
2015-05-18,632.5599975585938,636.7100219726562,631.0499877929688,636.0999755859375,636.0999755859375,404000
2015-05-19,637.4400024414062,639.8800048828125,631.5,636.75,636.75,379800
2015-05-20,632.9299926757812,635.9000244140625,627.010009765625,628.239990234375,628.239990234375,519200
2015-05-21,628.3300170898438,633.739990234375,625.030029296875,633.3599853515625,633.3599853515625,438700
2015-05-22,635.0,635.0,625.780029296875,626.4400024414062,626.4400024414062,550300
2015-05-26,624.6699829101562,626.3800048828125,618.7100219726562,622.1599731445312,622.1599731445312,477500
2015-05-27,623.1599731445312,624.5,612.260009765625,612.5,612.5,744400
2015-05-28,617.5,636.0,616.8599853515625,629.4199829101562,629.4199829101562,893100
2015-05-29,628.0,628.4000244140625,613.5800170898438,615.52001953125,615.52001953125,788000
2015-06-01,615.010009765625,619.0,612.5999755859375,614.9000244140625,614.9000244140625,396100
2015-06-02,613.0999755859375,616.75,610.0,610.5700073242188,610.5700073242188,371000
2015-06-03,609.0,613.25,608.0,610.8900146484375,610.8900146484375,395300
2015-06-04,606.0999755859375,613.9500122070312,603.010009765625,611.5700073242188,611.5700073242188,507800
2015-06-05,608.1599731445312,614.9000244140625,601.530029296875,613.7999877929688,613.7999877929688,792900
2015-06-08,611.9299926757812,612.9199829101562,607.77001953125,608.1199951171875,608.1199951171875,437000
2015-06-09,606.969970703125,608.7100219726562,605.1599731445312,605.7899780273438,605.7899780273438,339700
2015-06-10,605.6400146484375,609.5,605.6400146484375,608.6699829101562,608.6699829101562,224800
2015-06-11,609.0,613.0,605.5599975585938,605.8599853515625,605.8599853515625,241500
2015-06-12,605.0,612.4000244140625,604.02001953125,609.760009765625,609.760009765625,431600
2015-06-15,607.5,608.489990234375,602.72998046875,604.1699829101562,604.1699829101562,442100
2015-06-16,602.4099731445312,604.9000244140625,598.0399780273438,600.6199951171875,600.6199951171875,384900
2015-06-17,600.5,606.9299926757812,600.5,606.8400268554688,606.8400268554688,454700
2015-06-18,607.8699951171875,610.5800170898438,605.4400024414062,606.2000122070312,606.2000122070312,385800
2015-06-19,605.239990234375,615.719970703125,604.239990234375,615.3099975585938,615.3099975585938,698200
2015-06-22,617.5,623.1799926757812,616.8499755859375,619.25,619.25,507100
2015-06-23,620.8699951171875,622.6400146484375,614.1699829101562,615.4000244140625,615.4000244140625,394600
2015-06-24,615.0,615.6900024414062,610.3200073242188,610.530029296875,610.530029296875,304900
2015-06-25,613.8900146484375,614.8300170898438,607.22998046875,607.3800048828125,607.3800048828125,248700
2015-06-26,608.0,612.8499755859375,605.3800048828125,609.4600219726562,609.4600219726562,259500
2015-06-29,604.219970703125,607.0,599.5,600.0499877929688,600.0499877929688,372600
2015-06-30,603.0,608.3900146484375,599.2899780273438,604.989990234375,604.989990234375,376000
2015-07-01,606.3099975585938,611.6199951171875,603.5499877929688,606.5700073242188,606.5700073242188,237500
2015-07-02,609.0999755859375,610.0499877929688,604.5399780273438,609.5599975585938,609.5599975585938,339800
2015-07-06,599.8499755859375,609.8499755859375,597.3300170898438,607.1699829101562,607.1699829101562,535300
2015-07-07,606.0900268554688,622.8599853515625,605.6400146484375,620.5599975585938,620.5599975585938,593000
2015-07-08,619.4000244140625,624.530029296875,611.6500244140625,612.8499755859375,612.8499755859375,522400
2015-07-09,622.489990234375,631.0,617.47998046875,627.1599731445312,627.1599731445312,821000
2015-07-10,630.1099853515625,640.3099975585938,627.9600219726562,639.4199829101562,639.4199829101562,784900
2015-07-13,646.1199951171875,658.3699951171875,643.469970703125,658.0,658.0,725500
2015-07-14,658.0,660.9000244140625,654.2000122070312,655.4600219726562,655.4600219726562,597700
2015-07-15,657.4000244140625,663.1099853515625,653.280029296875,661.1900024414062,661.1900024414062,569100
2015-07-16,661.5,663.5999755859375,654.739990234375,658.4600219726562,658.4600219726562,777500
2015-07-17,658.3200073242188,664.27001953125,657.030029296875,661.9500122070312,661.9500122070312,560600
2015-07-20,665.7000122070312,681.5599975585938,665.0,678.0,678.0,972900
2015-07-21,678.0,679.3699951171875,670.0700073242188,673.0700073242188,673.0700073242188,1681200
2015-07-22,695.0,729.6500244140625,694.4000244140625,725.8200073242188,725.8200073242188,3033900
2015-07-23,723.5,734.5,721.5999755859375,725.9400024414062,725.9400024414062,1059000
2015-07-24,725.0,729.0999755859375,724.3099975585938,728.7899780273438,728.7899780273438,591000
2015-07-27,726.0,733.7999877929688,724.1400146484375,731.4400024414062,731.4400024414062,712700
2015-07-28,735.1500244140625,737.469970703125,726.510009765625,730.780029296875,730.780029296875,433900
2015-07-29,732.0,739.489990234375,731.1599731445312,738.4199829101562,738.4199829101562,594800
2015-07-30,737.0,745.0,733.52001953125,744.1599731445312,744.1599731445312,441400
2015-07-31,745.72998046875,746.4000244140625,740.1400146484375,742.22998046875,742.22998046875,386200
2015-08-03,743.469970703125,744.6099853515625,735.1400146484375,743.0399780273438,743.0399780273438,453500
2015-08-04,741.989990234375,749.75,740.5599975585938,748.0900268554688,748.0900268554688,399500
2015-08-05,749.3900146484375,758.6099853515625,748.3900146484375,757.77001953125,757.77001953125,533900
2015-08-06,758.489990234375,758.489990234375,746.010009765625,749.5999755859375,749.5999755859375,405500
2015-08-07,751.969970703125,751.969970703125,742.010009765625,749.1199951171875,749.1199951171875,385200
2015-08-10,755.6699829101562,755.6699829101562,743.6799926757812,744.239990234375,744.239990234375,434800
2015-08-11,742.6199951171875,749.8800048828125,737.6900024414062,745.6599731445312,745.6599731445312,461100
2015-08-12,741.1500244140625,747.969970703125,733.9600219726562,745.97998046875,745.97998046875,447000
2015-08-13,748.0999755859375,749.97998046875,743.2000122070312,743.5999755859375,743.5999755859375,223300
2015-08-14,745.9400024414062,748.7000122070312,741.0900268554688,748.3400268554688,748.3400268554688,241300
2015-08-17,744.1900024414062,754.75,744.1900024414062,754.030029296875,754.030029296875,272300
2015-08-18,754.0499877929688,758.27001953125,745.0999755859375,745.9199829101562,745.9199829101562,410300
2015-08-19,742.2000122070312,750.5599975585938,741.5,745.280029296875,745.280029296875,280200
2015-08-20,741.3099975585938,744.77001953125,734.219970703125,735.1500244140625,735.1500244140625,449500
2015-08-21,729.47998046875,731.4199829101562,718.5,720.010009765625,720.010009765625,706700
2015-08-24,695.0,723.4500122070312,685.0,704.25,704.25,839500
2015-08-25,722.260009765625,722.9400024414062,695.3900146484375,695.3900146484375,695.3900146484375,696500
2015-08-26,703.1500244140625,708.239990234375,691.8699951171875,707.6400146484375,707.6400146484375,732300
2015-08-27,713.1199951171875,730.0,710.239990234375,727.1699829101562,727.1699829101562,583800
2015-08-28,725.0,728.1699829101562,717.0900268554688,721.2000122070312,721.2000122070312,235600
2015-08-31,719.7899780273438,722.0999755859375,707.5,710.010009765625,710.010009765625,464300
2015-09-01,697.9500122070312,714.1900024414062,696.0999755859375,706.7100219726562,706.7100219726562,409000
2015-09-02,713.6900024414062,724.0,710.5800170898438,723.8699951171875,723.8699951171875,374300
2015-09-03,722.5,729.4400024414062,721.9099731445312,724.989990234375,724.989990234375,297400
2015-09-04,718.3599853515625,729.9099731445312,718.3599853515625,719.22998046875,719.22998046875,293900
2015-09-08,731.4600219726562,733.8300170898438,721.8800048828125,732.1400146484375,732.1400146484375,241100
2015-09-09,734.0,736.010009765625,717.6400146484375,718.8300170898438,718.8300170898438,340300
2015-09-10,718.25,725.8699951171875,718.0,723.1900024414062,723.1900024414062,220300
2015-09-11,721.219970703125,729.9500122070312,714.02001953125,729.0599975585938,729.0599975585938,644000
2015-09-14,728.47998046875,730.5,723.0700073242188,726.7999877929688,726.7999877929688,267700
2015-09-15,725.8099975585938,733.5,720.7000122070312,732.0800170898438,732.0800170898438,296000
2015-09-16,734.75,734.75,725.1900024414062,730.010009765625,730.010009765625,308700
2015-09-17,728.469970703125,738.989990234375,726.010009765625,730.2000122070312,730.2000122070312,285100
2015-09-18,728.97998046875,731.5900268554688,724.1199951171875,729.47998046875,729.47998046875,522000
2015-09-21,729.2999877929688,737.8599853515625,725.4500122070312,731.1900024414062,731.1900024414062,325300
2015-09-22,724.989990234375,729.530029296875,722.0,726.969970703125,726.969970703125,354200
2015-09-23,727.5,733.219970703125,725.4500122070312,731.5700073242188,731.5700073242188,213000
2015-09-24,729.77001953125,731.9500122070312,721.6099853515625,731.1699829101562,731.1699829101562,405600
2015-09-25,733.8300170898438,741.8900146484375,728.4400024414062,730.280029296875,730.280029296875,420100
2015-09-28,730.52001953125,734.5,707.5,708.030029296875,708.030029296875,565700
2015-09-29,707.5900268554688,721.1599731445312,701.72998046875,708.5399780273438,708.5399780273438,483000
2015-09-30,714.8900146484375,720.7100219726562,710.0,720.25,720.25,355400
2015-10-01,717.5999755859375,724.5700073242188,714.2100219726562,724.4299926757812,724.4299926757812,315000
2015-10-02,717.47998046875,724.4500122070312,709.4500122070312,724.4500122070312,724.4500122070312,502800
2015-10-05,726.8599853515625,729.8300170898438,723.52001953125,728.0800170898438,728.0800170898438,426500
2015-10-06,727.1599731445312,727.5999755859375,711.6599731445312,713.25,713.25,359700
2015-10-07,713.5,720.6900024414062,705.1699829101562,720.1599731445312,720.1599731445312,386700
2015-10-08,722.0,738.469970703125,718.9000244140625,734.77001953125,734.77001953125,497400
2015-10-09,734.77001953125,738.0,726.8699951171875,732.9299926757812,732.9299926757812,355600
2015-10-12,734.5700073242188,750.5,729.2100219726562,747.8200073242188,747.8200073242188,433600
2015-10-13,747.0,757.0,747.0,750.4199829101562,750.4199829101562,418200
2015-10-14,739.0,742.4000244140625,710.9099731445312,718.5599975585938,718.5599975585938,961300
2015-10-15,718.5599975585938,724.9400024414062,708.5,723.8099975585938,723.8099975585938,628600
2015-10-16,728.0,728.239990234375,720.0599975585938,722.7000122070312,722.7000122070312,346600
2015-10-19,723.4299926757812,725.1699829101562,709.6599731445312,718.6400146484375,718.6400146484375,714400
2015-10-20,717.25,720.5,705.6300048828125,705.6300048828125,705.6300048828125,2194700
2015-10-21,650.6099853515625,666.0,646.7999877929688,665.6699829101562,665.6699829101562,2007100
2015-10-22,666.4600219726562,669.1099853515625,650.2100219726562,650.6199951171875,650.6199951171875,803100
2015-10-23,657.989990234375,657.989990234375,645.1300048828125,649.719970703125,649.719970703125,690800
2015-10-26,646.6400146484375,668.3599853515625,645.9500122070312,659.6900024414062,659.6900024414062,672000
2015-10-27,659.6799926757812,662.97998046875,651.5599975585938,656.5499877929688,656.5499877929688,388100
2015-10-28,656.8900146484375,658.760009765625,652.489990234375,654.8900146484375,654.8900146484375,507200
2015-10-29,649.4199829101562,654.8400268554688,647.3099975585938,648.2000122070312,648.2000122070312,381700
2015-10-30,648.0,653.27001953125,640.0499877929688,640.22998046875,640.22998046875,643600
2015-11-02,610.0,631.0,608.52001953125,624.0,624.0,2140200
2015-11-03,627.6699829101562,631.47998046875,620.0,623.1599731445312,623.1599731445312,920800
2015-11-04,625.8499755859375,626.7999877929688,612.0999755859375,614.97998046875,614.97998046875,1216100
2015-11-05,616.72998046875,619.1799926757812,609.4600219726562,617.22998046875,617.22998046875,834100
2015-11-06,609.0,613.489990234375,594.0,612.4000244140625,612.4000244140625,1596600
2015-11-09,613.010009765625,622.0,606.0900268554688,609.2899780273438,609.2899780273438,754200
2015-11-10,623.47998046875,629.6500244140625,617.0599975585938,628.8800048828125,628.8800048828125,1089800
2015-11-11,631.530029296875,632.97998046875,619.3499755859375,621.8400268554688,621.8400268554688,596100
2015-11-12,621.8400268554688,624.5900268554688,612.9600219726562,614.6799926757812,614.6799926757812,592800
2015-11-13,613.5999755859375,616.25,592.0599975585938,592.8900146484375,592.8900146484375,1215700
2015-11-16,591.22998046875,593.8499755859375,583.0700073242188,588.739990234375,588.739990234375,838100
2015-11-17,589.989990234375,595.3900146484375,579.6599731445312,583.5800170898438,583.5800170898438,580900
2015-11-18,583.8900146484375,594.010009765625,580.780029296875,594.0,594.0,517800
2015-11-19,595.4099731445312,614.7000122070312,595.010009765625,611.510009765625,611.510009765625,1125200
2015-11-20,612.0,614.7000122070312,534.2000122070312,536.1900024414062,536.1900024414062,5023600
2015-11-23,534.0800170898438,569.030029296875,532.030029296875,559.2899780273438,559.2899780273438,3662600
2015-11-24,557.02001953125,579.280029296875,553.1599731445312,577.7899780273438,577.7899780273438,1321400
2015-11-25,584.7100219726562,585.7999877929688,570.0999755859375,580.8300170898438,580.8300170898438,1179600
2015-11-27,584.47998046875,584.47998046875,575.780029296875,576.6199951171875,576.6199951171875,312800
2015-11-30,577.5,584.22998046875,577.030029296875,579.5499877929688,579.5499877929688,661100
2015-12-01,583.280029296875,589.1500244140625,575.0,580.739990234375,580.739990234375,737600
2015-12-02,582.8400268554688,586.5800170898438,571.52001953125,574.6599731445312,574.6599731445312,692100
2015-12-03,577.9500122070312,578.6500244140625,558.510009765625,565.3099975585938,565.3099975585938,1352000
2015-12-04,558.8900146484375,568.760009765625,537.1699829101562,561.2000122070312,561.2000122070312,2708500
2015-12-07,516.8300170898438,553.3200073242188,515.0,551.75,551.75,4465800
2015-12-08,532.1099853515625,550.0,521.010009765625,542.239990234375,542.239990234375,4056100
2015-12-09,546.5999755859375,560.6699829101562,543.239990234375,548.010009765625,548.010009765625,2110400
2015-12-10,564.0,579.52001953125,563.3099975585938,575.4299926757812,575.4299926757812,2645700
2015-12-11,563.0,572.0,562.4199829101562,565.0,565.0,1527700
2015-12-14,566.6799926757812,567.3400268554688,549.760009765625,558.1599731445312,558.1599731445312,904800
2015-12-15,560.1300048828125,564.5499877929688,553.5700073242188,554.8599853515625,554.8599853515625,914500
2015-12-16,556.1500244140625,569.280029296875,554.2000122070312,567.8300170898438,567.8300170898438,872000
2015-12-17,575.010009765625,577.760009765625,554.5999755859375,554.8900146484375,554.8900146484375,1144800
2015-12-18,553.780029296875,555.3400268554688,540.5,541.0800170898438,541.0800170898438,1506400
2015-12-21,544.25,544.8800048828125,508.1000061035156,522.010009765625,522.010009765625,3098000
2015-12-22,511.3800048828125,512.3300170898438,494.1099853515625,494.6099853515625,494.6099853515625,4564400
2015-12-23,490.1600036621094,501.25,482.2300109863281,497.4800109863281,497.4800109863281,2457300
2015-12-24,498.8699951171875,501.9800109863281,494.29998779296875,495.1000061035156,495.1000061035156,894200
2015-12-28,495.9700012207031,499.0,485.760009765625,493.5199890136719,493.5199890136719,956800
2015-12-29,494.1000061035156,497.239990234375,489.0299987792969,489.94000244140625,489.94000244140625,866400
2015-12-30,490.0,492.989990234375,482.79998779296875,485.7900085449219,485.7900085449219,1060800
2015-12-31,483.1099853515625,485.7799987792969,477.9700012207031,479.8500061035156,479.8500061035156,1196600
2016-01-04,468.70001220703125,469.0,447.5,448.80999755859375,448.80999755859375,2690300
2016-01-05,450.0,459.8800048828125,446.79998779296875,449.0299987792969,449.0299987792969,2161300
2016-01-06,437.94000244140625,447.0,423.0,426.6700134277344,426.6700134277344,3646900
2016-01-07,415.0799865722656,425.19000244140625,411.6099853515625,416.0,416.0,1892000
2016-01-08,419.8399963378906,426.2900085449219,411.739990234375,413.2900085449219,413.2900085449219,1297200
2016-01-11,416.6499938964844,419.9200134277344,406.3500061035156,411.1000061035156,411.1000061035156,1462500
2016-01-12,415.5,420.79998779296875,399.1400146484375,404.260009765625,404.260009765625,1658400
2016-01-13,407.79998779296875,432.29998779296875,406.6499938964844,428.2799987792969,428.2799987792969,3552500
2016-01-14,447.0,463.510009765625,436.5,454.29998779296875,454.29998779296875,3769900
2016-01-15,441.1499938964844,476.42999267578125,441.1499938964844,475.94000244140625,475.94000244140625,3307700
2016-01-19,478.3599853515625,478.3699951171875,456.1000061035156,469.4700012207031,469.4700012207031,2255800
2016-01-20,462.75,472.7900085449219,451.0899963378906,465.5,465.5,1786700
2016-01-21,469.7900085449219,475.5899963378906,461.0,461.20001220703125,461.20001220703125,1198900
2016-01-22,466.2200012207031,466.3299865722656,446.70001220703125,450.760009765625,450.760009765625,1430300
2016-01-25,447.9200134277344,448.9200134277344,431.5199890136719,442.1700134277344,442.1700134277344,1573700
2016-01-26,442.0,449.8999938964844,440.010009765625,448.1499938964844,448.1499938964844,767000
2016-01-27,448.5,454.489990234375,442.25,442.6400146484375,442.6400146484375,1317100
2016-01-28,446.9800109863281,455.9800109863281,443.29998779296875,453.0799865722656,453.0799865722656,1020000
2016-01-29,455.760009765625,470.0,451.3299865722656,452.9700012207031,452.9700012207031,1534600
2016-02-01,476.1199951171875,479.0,463.010009765625,472.6400146484375,472.6400146484375,2337000
2016-02-02,471.0,484.20001220703125,468.29998779296875,475.6700134277344,475.6700134277344,2725200
2016-02-03,459.70001220703125,466.6400146484375,440.4100036621094,461.739990234375,461.739990234375,3798700
2016-02-04,460.0,476.6700134277344,456.0,470.8999938964844,470.8999938964844,1489600
2016-02-05,469.8500061035156,475.5899963378906,454.45001220703125,460.1400146484375,460.1400146484375,1528000
2016-02-08,454.69000244140625,461.1099853515625,435.8699951171875,445.0,445.0,1427300
2016-02-09,441.8999938964844,452.0199890136719,436.8599853515625,440.92999267578125,440.92999267578125,1139000
2016-02-10,443.989990234375,453.79998779296875,442.5,448.80999755859375,448.80999755859375,992200
2016-02-11,444.0,467.7799987792969,441.010009765625,461.3900146484375,461.3900146484375,1283300
2016-02-12,466.1099853515625,487.9800109863281,465.4599914550781,480.57000732421875,480.57000732421875,1755100
2016-02-16,484.010009765625,493.0,478.0,492.94000244140625,492.94000244140625,1131200
2016-02-17,495.42999267578125,514.7999877929688,495.2200012207031,514.010009765625,514.010009765625,1638900
2016-02-18,515.0,518.8599853515625,502.04998779296875,515.9299926757812,515.9299926757812,1129000
2016-02-19,512.2000122070312,526.22998046875,509.5,511.5799865722656,511.5799865722656,1413400
2016-02-22,515.0,529.3900146484375,514.489990234375,525.9000244140625,525.9000244140625,1429000
2016-02-23,514.0,530.8499755859375,513.1099853515625,525.0599975585938,525.0599975585938,1451700
2016-02-24,519.77001953125,522.8699951171875,512.6599731445312,514.8599853515625,514.8599853515625,1040300
2016-02-25,514.2100219726562,515.8499755859375,497.510009765625,505.3299865722656,505.3299865722656,1180900
2016-02-26,507.0,508.0,493.1099853515625,506.010009765625,506.010009765625,1030100
2016-02-29,508.0,522.52001953125,506.7699890136719,509.1600036621094,509.1600036621094,1426700
2016-03-01,514.25,516.0,506.0299987792969,509.9700012207031,509.9700012207031,854800
2016-03-02,512.7999877929688,528.9500122070312,512.7999877929688,525.6900024414062,525.6900024414062,1208000
2016-03-03,520.0,530.1300048828125,519.27001953125,524.2899780273438,524.2899780273438,1080300
2016-03-04,529.2899780273438,541.9299926757812,527.2999877929688,529.0,529.0,1511900
2016-03-07,522.969970703125,536.0,520.0800170898438,533.6900024414062,533.6900024414062,824900
2016-03-08,536.2999877929688,542.5,523.4199829101562,524.6900024414062,524.6900024414062,1103700
2016-03-09,512.5599975585938,518.6099853515625,492.5,506.6300048828125,506.6300048828125,3399300
2016-03-10,509.8999938964844,514.0,498.92999267578125,503.67999267578125,503.67999267578125,1309400
2016-03-11,507.3699951171875,514.8900146484375,504.25,507.8500061035156,507.8500061035156,1314900
2016-03-14,508.8699951171875,521.510009765625,508.010009765625,515.72998046875,515.72998046875,1149600
2016-03-15,510.989990234375,511.5,499.4200134277344,503.0,503.0,1213700
2016-03-16,479.8599853515625,506.0,473.1099853515625,500.3500061035156,500.3500061035156,3119600
2016-03-17,494.0299987792969,497.4200134277344,470.79998779296875,471.5899963378906,471.5899963378906,2282000
2016-03-18,469.9800109863281,473.4200134277344,454.5,455.3699951171875,455.3699951171875,2878500
2016-03-21,455.20001220703125,463.4200134277344,452.7799987792969,462.4800109863281,462.4800109863281,1347700
2016-03-22,462.0299987792969,474.1199951171875,458.3999938964844,471.760009765625,471.760009765625,1026800
2016-03-23,472.9599914550781,481.6300048828125,471.0,474.4599914550781,474.4599914550781,798200
2016-03-24,471.44000244140625,472.3500061035156,462.45001220703125,471.3699951171875,471.3699951171875,1019200
2016-03-28,474.0,480.6199951171875,472.489990234375,475.30999755859375,475.30999755859375,738800
2016-03-29,466.45001220703125,468.1199951171875,453.8699951171875,460.0,460.0,1540400
2016-03-30,462.0,471.0,454.239990234375,466.1499938964844,466.1499938964844,1068600
2016-03-31,468.95001220703125,473.75,462.510009765625,470.9700012207031,470.9700012207031,802400
2016-04-01,459.3299865722656,467.8999938964844,455.75,464.80999755859375,464.80999755859375,988500
2016-04-04,466.489990234375,473.1700134277344,463.010009765625,465.0,465.0,676000
2016-04-05,461.25,470.19000244140625,460.2300109863281,463.4200134277344,463.4200134277344,629500
2016-04-06,462.0899963378906,466.1499938964844,454.79998779296875,455.25,455.25,989400
2016-04-07,455.6000061035156,455.9200134277344,444.44000244140625,450.6000061035156,450.6000061035156,1288300
2016-04-08,451.25,458.75,448.5299987792969,451.25,451.25,831700
2016-04-11,453.5400085449219,456.55999755859375,444.0,444.2099914550781,444.2099914550781,825100
2016-04-12,445.5199890136719,447.0,434.05999755859375,444.6199951171875,444.6199951171875,1065100
2016-04-13,442.7300109863281,446.6400146484375,435.8900146484375,444.6600036621094,444.6600036621094,1067700
2016-04-14,460.0,460.989990234375,452.0,456.010009765625,456.010009765625,1170200
2016-04-15,457.1400146484375,469.9800109863281,457.0,469.2900085449219,469.2900085449219,1271100
2016-04-18,468.0,468.989990234375,458.0,460.1199951171875,460.1199951171875,925400
2016-04-19,462.010009765625,465.0,452.5,455.17999267578125,455.17999267578125,648800
2016-04-20,457.1099853515625,462.989990234375,454.0,458.0,458.0,483100
2016-04-21,461.0,462.79998779296875,447.5899963378906,448.1400146484375,448.1400146484375,740200
2016-04-22,452.1499938964844,453.989990234375,438.260009765625,442.7300109863281,442.7300109863281,921800
2016-04-25,442.70001220703125,444.95001220703125,438.0,443.1000061035156,443.1000061035156,977200
2016-04-26,445.0,447.2699890136719,438.7200012207031,445.9200134277344,445.9200134277344,1719100
2016-04-27,425.0,430.0,415.0,417.2200012207031,417.2200012207031,3884600
2016-04-28,417.8299865722656,431.4200134277344,417.3800048828125,423.3999938964844,423.3999938964844,1429100
2016-04-29,422.8900146484375,424.739990234375,417.75,420.9700012207031,420.9700012207031,963100
2016-05-02,422.0,434.1499938964844,420.3299865722656,433.5,433.5,965500
2016-05-03,433.6000061035156,447.4599914550781,433.2799987792969,437.95001220703125,437.95001220703125,1290400
2016-05-04,437.05999755859375,438.70001220703125,432.1000061035156,433.29998779296875,433.29998779296875,674800
2016-05-05,433.8299865722656,438.260009765625,430.75,435.0,435.0,609900
2016-05-06,434.0,435.3299865722656,426.0299987792969,433.80999755859375,433.80999755859375,734500
2016-05-09,435.04998779296875,456.8800048828125,435.04998779296875,453.1700134277344,453.1700134277344,1420900
2016-05-10,456.6300048828125,456.7699890136719,449.010009765625,455.5899963378906,455.5899963378906,781100
2016-05-11,455.9700012207031,459.29998779296875,450.2699890136719,454.0,454.0,1046000
2016-05-12,457.0799865722656,461.29998779296875,456.3500061035156,457.010009765625,457.010009765625,1092900
2016-05-13,457.010009765625,464.8999938964844,455.1199951171875,458.3500061035156,458.3500061035156,899400
2016-05-16,452.07000732421875,452.7099914550781,438.5299987792969,444.55999755859375,444.55999755859375,1493000
2016-05-17,445.0299987792969,449.8399963378906,444.260009765625,446.0799865722656,446.0799865722656,735700
2016-05-18,444.70001220703125,450.29998779296875,441.3999938964844,448.6099853515625,448.6099853515625,548400
2016-05-19,447.17999267578125,454.3699951171875,447.17999267578125,450.6400146484375,450.6400146484375,606400
2016-05-20,448.8999938964844,450.2300109863281,439.80999755859375,449.9200134277344,449.9200134277344,1314200
2016-05-23,452.6199951171875,467.0,451.07000732421875,456.44000244140625,456.44000244140625,1056200
2016-05-24,460.0,461.0400085449219,453.3900146484375,457.3299865722656,457.3299865722656,651500
2016-05-25,458.5,462.94000244140625,455.6199951171875,458.0400085449219,458.0400085449219,693600
2016-05-26,452.5,460.7699890136719,451.510009765625,452.0299987792969,452.0299987792969,744000
2016-05-27,452.5,453.5299987792969,442.6499938964844,445.4100036621094,445.4100036621094,1013100
2016-05-31,445.0,446.92999267578125,439.1300048828125,441.9599914550781,441.9599914550781,983900
2016-06-01,442.1099853515625,443.55999755859375,431.30999755859375,432.5899963378906,432.5899963378906,792600
2016-06-02,433.80999755859375,444.5400085449219,433.1000061035156,443.489990234375,443.489990234375,1019900
2016-06-03,440.3699951171875,441.2300109863281,433.6400146484375,433.94000244140625,433.94000244140625,874800
2016-06-06,436.1199951171875,446.6499938964844,435.0199890136719,445.2699890136719,445.2699890136719,800700
2016-06-07,446.55999755859375,447.0799865722656,432.5199890136719,433.3900146484375,433.3900146484375,944100
2016-06-08,433.0,434.8699951171875,423.0,429.20001220703125,429.20001220703125,990200
2016-06-09,426.1199951171875,427.20001220703125,415.1499938964844,415.7900085449219,415.7900085449219,1198400
2016-06-10,412.55999755859375,413.8699951171875,403.1300048828125,405.260009765625,405.260009765625,1562700
2016-06-13,400.260009765625,405.3999938964844,393.6300048828125,394.0,394.0,1846300
2016-06-14,390.6000061035156,395.8699951171875,384.7699890136719,395.2699890136719,395.2699890136719,1633700
2016-06-15,396.1400146484375,402.3500061035156,389.4100036621094,390.30999755859375,390.30999755859375,1201300
2016-06-16,393.239990234375,396.6700134277344,389.5899963378906,393.54998779296875,393.54998779296875,1072300
2016-06-17,395.5,400.4100036621094,393.0,397.2699890136719,397.2699890136719,1275100
2016-06-20,399.7900085449219,401.9599914550781,396.69000244140625,396.94000244140625,396.94000244140625,936800
2016-06-21,399.3699951171875,399.6600036621094,387.8900146484375,391.9599914550781,391.9599914550781,1050000
2016-06-22,391.0,396.8800048828125,388.17999267578125,392.989990234375,392.989990234375,865000
2016-06-23,393.25,413.0199890136719,393.20001220703125,408.8900146484375,408.8900146484375,1575600
2016-06-24,397.25,413.57000732421875,396.75,400.7300109863281,400.7300109863281,1701000
2016-06-27,399.55999755859375,400.2200012207031,386.70001220703125,388.7799987792969,388.7799987792969,1170300
2016-06-28,396.3900146484375,397.44000244140625,389.0,391.6700134277344,391.6700134277344,722500
2016-06-29,396.42999267578125,410.3399963378906,395.489990234375,409.489990234375,409.489990234375,1016600
2016-06-30,409.489990234375,409.8699951171875,401.57000732421875,402.760009765625,402.760009765625,1073900
2016-07-01,400.0,405.2900085449219,391.510009765625,393.9100036621094,393.9100036621094,1223400
2016-07-05,395.0,399.29998779296875,391.010009765625,396.3800048828125,396.3800048828125,889100
2016-07-06,393.8500061035156,402.05999755859375,393.8500061035156,401.04998779296875,401.04998779296875,786200
2016-07-07,393.989990234375,395.55999755859375,386.1000061035156,390.7799987792969,390.7799987792969,1747800
2016-07-08,393.0,404.0899963378906,392.1000061035156,399.7099914550781,399.7099914550781,1070900
2016-07-11,407.010009765625,413.0,402.0899963378906,403.17999267578125,403.17999267578125,1009500
2016-07-12,405.3800048828125,410.6600036621094,401.1300048828125,408.3399963378906,408.3399963378906,709600
2016-07-13,411.3999938964844,421.9700012207031,411.010009765625,416.6300048828125,416.6300048828125,1420800
2016-07-14,420.94000244140625,422.17999267578125,412.0,417.9800109863281,417.9800109863281,1165700
2016-07-15,409.6300048828125,411.94000244140625,404.1000061035156,404.8599853515625,404.8599853515625,1579900
2016-07-18,404.9200134277344,410.8999938964844,402.260009765625,408.8999938964844,408.8999938964844,750700
2016-07-19,413.9100036621094,419.6499938964844,413.0,415.30999755859375,415.30999755859375,909600
2016-07-20,415.239990234375,420.6199951171875,414.0899963378906,419.67999267578125,419.67999267578125,846900
2016-07-21,419.67999267578125,420.1600036621094,412.4200134277344,418.07000732421875,418.07000732421875,1547400
2016-07-22,414.6499938964844,444.1300048828125,412.19000244140625,442.4800109863281,442.4800109863281,4167900
2016-07-25,443.0,443.5,435.0,441.5199890136719,441.5199890136719,1481400
2016-07-26,431.95001220703125,439.239990234375,429.8500061035156,430.8500061035156,430.8500061035156,1102600
2016-07-27,431.8999938964844,434.7099914550781,425.6400146484375,426.05999755859375,426.05999755859375,696200
2016-07-28,425.55999755859375,432.7699890136719,421.2699890136719,430.54998779296875,430.54998779296875,844200
2016-07-29,428.69000244140625,430.5299987792969,422.70001220703125,423.989990234375,423.989990234375,783700
2016-08-01,423.6000061035156,426.0,413.8599853515625,414.0799865722656,414.0799865722656,1004900
2016-08-02,412.70001220703125,412.70001220703125,401.20001220703125,402.6400146484375,402.6400146484375,1195500
2016-08-03,402.0,407.6400146484375,400.0,402.55999755859375,402.55999755859375,786000
2016-08-04,402.0,404.7699890136719,394.3399963378906,397.20001220703125,397.20001220703125,872400
2016-08-05,399.45001220703125,403.6400146484375,398.2699890136719,401.1300048828125,401.1300048828125,808800
2016-08-08,402.4800109863281,404.260009765625,400.70001220703125,401.3999938964844,401.3999938964844,547100
2016-08-09,401.1700134277344,404.760009765625,394.3599853515625,395.1000061035156,395.1000061035156,655400
2016-08-10,395.0,397.32000732421875,391.20001220703125,395.07000732421875,395.07000732421875,813800
2016-08-11,395.07000732421875,399.1600036621094,394.20001220703125,398.2200012207031,398.2200012207031,676900
2016-08-12,396.7099914550781,399.0,395.6199951171875,397.3299865722656,397.3299865722656,792500
2016-08-15,397.3299865722656,399.8900146484375,394.3999938964844,397.4800109863281,397.4800109863281,703100
2016-08-16,398.4700012207031,405.260009765625,396.5,400.8599853515625,400.8599853515625,697900
2016-08-17,401.0,401.8800048828125,395.1600036621094,399.17999267578125,399.17999267578125,792000
2016-08-18,396.9700012207031,397.80999755859375,392.57000732421875,394.9100036621094,394.9100036621094,1044800
2016-08-19,393.760009765625,395.010009765625,387.010009765625,388.5,388.5,1323000
2016-08-22,389.0,397.25,388.5299987792969,396.0400085449219,396.0400085449219,1104900
2016-08-23,396.0199890136719,399.0,391.9599914550781,397.0,397.0,786800
2016-08-24,397.0,405.5,396.8599853515625,403.75,403.75,1085600
2016-08-25,403.75,416.8999938964844,402.489990234375,413.3399963378906,413.3399963378906,1504000
2016-08-26,413.44000244140625,419.2300109863281,412.0199890136719,418.75,418.75,1026300
2016-08-29,420.0,426.6199951171875,419.20001220703125,423.0199890136719,423.0199890136719,1179600
2016-08-30,422.4599914550781,423.4800109863281,412.67999267578125,415.1499938964844,415.1499938964844,1221800
2016-08-31,415.25,418.95001220703125,412.0,413.7300109863281,413.7300109863281,1141100
2016-09-01,415.80999755859375,415.8900146484375,410.6400146484375,414.67999267578125,414.67999267578125,793400
2016-09-02,414.25,414.8900146484375,408.04998779296875,408.4100036621094,408.4100036621094,1007000
2016-09-06,408.25,415.4800109863281,406.0199890136719,414.07000732421875,414.07000732421875,1087600
2016-09-07,431.2300109863281,441.20001220703125,430.0,438.45001220703125,438.45001220703125,3223100
2016-09-08,437.54998779296875,440.239990234375,434.760009765625,436.30999755859375,436.30999755859375,1236800
2016-09-09,434.8299865722656,436.260009765625,426.4100036621094,426.54998779296875,426.54998779296875,992500
2016-09-12,423.3900146484375,429.739990234375,422.989990234375,428.8999938964844,428.8999938964844,778000
2016-09-13,424.32000732421875,425.1300048828125,417.7099914550781,421.3599853515625,421.3599853515625,995800
2016-09-14,423.6600036621094,424.5899963378906,412.1099853515625,414.8999938964844,414.8999938964844,875900
2016-09-15,414.8999938964844,418.94000244140625,411.5799865722656,413.9599914550781,413.9599914550781,1127000
2016-09-16,413.05999755859375,414.8900146484375,406.5,409.32000732421875,409.32000732421875,1213900
2016-09-19,409.4800109863281,410.6600036621094,401.32000732421875,402.760009765625,402.760009765625,1139800
2016-09-20,402.760009765625,404.9100036621094,395.1099853515625,400.4200134277344,400.4200134277344,1490700
2016-09-21,398.29998779296875,403.489990234375,395.5,399.75,399.75,924200
2016-09-22,404.0,410.42999267578125,403.05999755859375,410.1600036621094,410.1600036621094,959400
2016-09-23,409.17999267578125,417.739990234375,408.7200012207031,413.80999755859375,413.80999755859375,1041500
2016-09-26,412.7300109863281,422.6000061035156,408.5899963378906,419.8800048828125,419.8800048828125,1070800
2016-09-27,419.5,422.5,415.42999267578125,418.95001220703125,418.95001220703125,644100
2016-09-28,419.80999755859375,421.3299865722656,413.2200012207031,418.30999755859375,418.30999755859375,819300
2016-09-29,418.0,425.5,415.4200134277344,420.7300109863281,420.7300109863281,905400
2016-09-30,421.3599853515625,428.8999938964844,418.010009765625,423.5,423.5,996500
2016-10-03,423.0299987792969,433.95001220703125,422.5400085449219,430.8699951171875,430.8699951171875,890600
2016-10-04,433.0899963378906,434.1400146484375,425.3299865722656,427.2699890136719,427.2699890136719,655600
2016-10-05,427.95001220703125,430.9599914550781,424.3999938964844,427.8399963378906,427.8399963378906,628800
2016-10-06,425.8999938964844,428.8599853515625,423.1000061035156,424.489990234375,424.489990234375,563700
2016-10-07,426.0799865722656,432.0,425.4200134277344,429.9100036621094,429.9100036621094,980500
2016-10-10,433.7200012207031,440.0,429.0,437.8800048828125,437.8800048828125,1281600
2016-10-11,437.739990234375,437.739990234375,418.0,423.0199890136719,423.0199890136719,2031300
2016-10-12,423.2200012207031,425.0,417.0899963378906,418.5199890136719,418.5199890136719,713000
2016-10-13,414.1099853515625,416.0,408.25,409.80999755859375,409.80999755859375,869900
2016-10-14,411.1499938964844,414.95001220703125,403.1600036621094,404.1400146484375,404.1400146484375,974300
2016-10-17,401.04998779296875,401.92999267578125,393.0,394.3500061035156,394.3500061035156,1244500
2016-10-18,395.70001220703125,398.0,389.1000061035156,393.9599914550781,393.9599914550781,1180700
2016-10-19,394.3900146484375,406.8299865722656,394.3900146484375,405.25,405.25,916900
2016-10-20,403.7900085449219,410.3599853515625,402.0,405.1000061035156,405.1000061035156,765200
2016-10-21,405.5299987792969,415.4599914550781,403.3800048828125,411.94000244140625,411.94000244140625,1034400
2016-10-24,416.44000244140625,417.8299865722656,407.92999267578125,413.3500061035156,413.3500061035156,1308900
2016-10-25,410.510009765625,417.6099853515625,403.7900085449219,405.6700134277344,405.6700134277344,2218500
2016-10-26,387.239990234375,388.8500061035156,362.82000732421875,368.0199890136719,368.0199890136719,6291300
2016-10-27,369.3900146484375,373.45001220703125,363.5799865722656,368.5899963378906,368.5899963378906,1936100
2016-10-28,368.67999267578125,373.0,366.19000244140625,370.0799865722656,370.0799865722656,1187400
2016-10-31,370.1099853515625,372.510009765625,360.1499938964844,360.760009765625,360.760009765625,1264500
2016-11-01,360.2799987792969,364.7799987792969,352.9599914550781,359.9200134277344,359.9200134277344,1416800
2016-11-02,361.5799865722656,370.6000061035156,358.6300048828125,369.6300048828125,369.6300048828125,1600800
2016-11-03,367.32000732421875,376.7300109863281,366.510009765625,374.7099914550781,374.7099914550781,1356800
2016-11-04,374.5899963378906,379.0,369.760009765625,370.42999267578125,370.42999267578125,1015500
2016-11-07,377.04998779296875,386.7900085449219,373.6700134277344,382.489990234375,382.489990234375,1491800
2016-11-08,379.94000244140625,381.0199890136719,370.7900085449219,378.5400085449219,378.5400085449219,1318500
2016-11-09,371.5,380.989990234375,368.8999938964844,369.5199890136719,369.5199890136719,2006900
2016-11-10,372.54998779296875,396.82000732421875,372.3999938964844,391.8299865722656,391.8299865722656,2187900
2016-11-11,390.3500061035156,398.95001220703125,388.1300048828125,397.0799865722656,397.0799865722656,1146400
2016-11-14,398.55999755859375,419.29998779296875,397.6300048828125,414.17999267578125,414.17999267578125,1869900
2016-11-15,412.989990234375,413.20001220703125,397.9200134277344,400.0,400.0,1230100
2016-11-16,399.0,408.489990234375,397.1400146484375,402.8999938964844,402.8999938964844,984900
2016-11-17,395.70001220703125,407.8399963378906,394.1099853515625,402.8999938964844,402.8999938964844,1118700
2016-11-18,407.3699951171875,417.3699951171875,400.7099914550781,411.79998779296875,411.79998779296875,1500700
2016-11-21,410.5899963378906,413.5,407.3599853515625,412.3800048828125,412.3800048828125,815100
2016-11-22,409.6600036621094,411.5400085449219,401.6499938964844,405.989990234375,405.989990234375,877200
2016-11-23,406.0,414.739990234375,404.70001220703125,410.4100036621094,410.4100036621094,606500
2016-11-25,410.92999267578125,412.79998779296875,405.05999755859375,410.2799987792969,410.2799987792969,355400
2016-11-28,406.989990234375,409.8900146484375,399.2799987792969,399.3900146484375,399.3900146484375,838800
2016-11-29,399.8999938964844,402.9599914550781,394.69000244140625,395.1099853515625,395.1099853515625,758000
2016-11-30,396.20001220703125,402.8599853515625,395.6400146484375,396.3299865722656,396.3299865722656,904300
2016-12-01,396.989990234375,406.8800048828125,396.94000244140625,402.3800048828125,402.3800048828125,926600
2016-12-02,399.8399963378906,408.25,398.3999938964844,400.0299987792969,400.0299987792969,839300
2016-12-05,400.0199890136719,410.8299865722656,395.3999938964844,396.2699890136719,396.2699890136719,1128900
2016-12-06,379.9200134277344,381.7699890136719,362.54998779296875,366.3699951171875,366.3699951171875,4937000
2016-12-07,368.75,369.95001220703125,362.45001220703125,368.05999755859375,368.05999755859375,1600300
2016-12-08,368.1499938964844,375.2300109863281,366.489990234375,369.05999755859375,369.05999755859375,1353700
2016-12-09,369.0299987792969,371.6000061035156,366.07000732421875,370.0,370.0,1286700
2016-12-12,375.30999755859375,384.5299987792969,374.25,382.4800109863281,382.4800109863281,2101800
2016-12-13,379.0,381.0,375.0,377.2200012207031,377.2200012207031,1127300
2016-12-14,376.8299865722656,385.20001220703125,374.0,375.70001220703125,375.70001220703125,1198800
2016-12-15,376.0,385.7900085449219,375.04998779296875,382.3500061035156,382.3500061035156,1117900
2016-12-16,383.04998779296875,394.8800048828125,383.04998779296875,392.07000732421875,392.07000732421875,1376000
2016-12-19,390.5400085449219,395.8999938964844,389.0,389.5,389.5,673300
2016-12-20,390.510009765625,392.9100036621094,387.260009765625,389.4700012207031,389.4700012207031,624100
2016-12-21,389.0,394.9100036621094,388.25,393.5,393.5,814600
2016-12-22,393.8900146484375,396.45001220703125,390.2300109863281,391.1600036621094,391.1600036621094,826100
2016-12-23,390.7900085449219,394.2799987792969,388.5899963378906,389.7699890136719,389.7699890136719,483100
2016-12-27,388.5199890136719,392.3299865722656,388.0199890136719,388.75,388.75,557800
2016-12-28,389.6000061035156,390.8800048828125,385.1600036621094,385.3699951171875,385.3699951171875,504900
2016-12-29,385.57000732421875,387.0,375.1300048828125,376.6099853515625,376.6099853515625,894300
2016-12-30,376.5199890136719,382.489990234375,375.1600036621094,377.32000732421875,377.32000732421875,890500
2017-01-03,379.1099853515625,380.3800048828125,374.0799865722656,374.7699890136719,374.7699890136719,868900
2017-01-04,374.9100036621094,383.8999938964844,372.8699951171875,381.8599853515625,381.8599853515625,984500
2017-01-05,382.6199951171875,392.6700134277344,379.04998779296875,391.8900146484375,391.8900146484375,1316700
2017-01-06,391.5,399.79998779296875,390.3599853515625,398.44000244140625,398.44000244140625,1149600
2017-01-09,398.70001220703125,399.25,392.1099853515625,395.05999755859375,395.05999755859375,793400
2017-01-10,412.6400146484375,420.2300109863281,408.20001220703125,414.4800109863281,414.4800109863281,3214100
2017-01-11,412.8500061035156,418.32000732421875,410.3500061035156,413.92999267578125,413.92999267578125,1273900
2017-01-12,411.6300048828125,414.0,407.79998779296875,409.3500061035156,409.3500061035156,850300
2017-01-13,409.92999267578125,413.95001220703125,409.010009765625,410.75,410.75,572700
2017-01-17,406.4100036621094,411.8699951171875,404.4100036621094,405.8699951171875,405.8699951171875,833800
2017-01-18,407.3500061035156,411.0,399.0299987792969,409.739990234375,409.739990234375,823800
2017-01-19,409.70001220703125,410.95001220703125,406.0,408.8699951171875,408.8699951171875,503000
2017-01-20,408.9100036621094,409.9800109863281,404.80999755859375,405.20001220703125,405.20001220703125,581300
2017-01-23,405.7099914550781,409.260009765625,402.010009765625,407.7200012207031,407.7200012207031,632400
2017-01-24,407.7200012207031,419.57000732421875,405.7799987792969,417.8800048828125,417.8800048828125,687900
2017-01-25,419.0,425.6099853515625,418.57000732421875,419.5400085449219,419.5400085449219,732100
2017-01-26,421.0,425.1000061035156,417.5,418.7300109863281,418.7300109863281,470500
2017-01-27,419.05999755859375,419.5,412.1700134277344,416.6000061035156,416.6000061035156,553500
2017-01-30,416.2099914550781,421.70001220703125,414.739990234375,417.95001220703125,417.95001220703125,587700
2017-01-31,416.7300109863281,422.25,415.4800109863281,421.44000244140625,421.44000244140625,737900
2017-02-01,420.30999755859375,422.5799865722656,417.6099853515625,420.2300109863281,420.2300109863281,750600
2017-02-02,420.0,427.6700134277344,413.6700134277344,423.29998779296875,423.29998779296875,1316200
2017-02-03,430.95001220703125,434.5899963378906,402.8900146484375,404.0799865722656,404.0799865722656,3573900
2017-02-06,398.80999755859375,402.0,395.0799865722656,395.5899963378906,395.5899963378906,1498800
2017-02-07,396.25,401.5,395.7200012207031,398.6400146484375,398.6400146484375,1270300
2017-02-08,400.5,408.2300109863281,398.69000244140625,402.94000244140625,402.94000244140625,1075700
2017-02-09,404.3500061035156,417.510009765625,403.6300048828125,415.30999755859375,415.30999755859375,1292900
2017-02-10,416.260009765625,420.760009765625,412.7699890136719,413.3599853515625,413.3599853515625,880000
2017-02-13,415.7200012207031,419.4700012207031,413.54998779296875,414.1400146484375,414.1400146484375,585800
2017-02-14,414.1499938964844,420.9800109863281,413.510009765625,419.5400085449219,419.5400085449219,639400
2017-02-15,420.04998779296875,425.5899963378906,419.010009765625,423.3399963378906,423.3399963378906,822300
2017-02-16,423.3599853515625,426.5400085449219,421.3299865722656,424.760009765625,424.760009765625,560400
2017-02-17,424.4599914550781,428.5199890136719,423.19000244140625,427.6099853515625,427.6099853515625,543100
2017-02-21,429.0,434.69000244140625,428.7300109863281,432.3599853515625,432.3599853515625,911500
2017-02-22,432.0,434.3699951171875,426.989990234375,427.6099853515625,427.6099853515625,665400
2017-02-23,427.1400146484375,429.8699951171875,420.7099914550781,422.3800048828125,422.3800048828125,573500
2017-02-24,419.4700012207031,421.44000244140625,411.6199951171875,420.8999938964844,420.8999938964844,941800
2017-02-27,421.7099914550781,424.2300109863281,419.30999755859375,421.6700134277344,421.6700134277344,544500
2017-02-28,419.5299987792969,425.5899963378906,417.6700134277344,418.739990234375,418.739990234375,496700
2017-03-01,422.510009765625,424.0,416.25,419.1499938964844,419.1499938964844,715600
2017-03-02,419.260009765625,420.2099914550781,415.3699951171875,416.2900085449219,416.2900085449219,474600
2017-03-03,415.3800048828125,417.25,412.4100036621094,416.0899963378906,416.0899963378906,515600
2017-03-06,411.1000061035156,417.57000732421875,410.010009765625,411.67999267578125,411.67999267578125,699700
2017-03-07,410.510009765625,412.57000732421875,402.1600036621094,404.8999938964844,404.8999938964844,933100
2017-03-08,404.010009765625,407.0,402.8500061035156,406.5,406.5,507200
2017-03-09,407.0799865722656,412.67999267578125,406.25,410.4800109863281,410.4800109863281,542900
2017-03-10,411.3500061035156,412.9800109863281,404.4100036621094,407.75,407.75,615100
2017-03-13,408.0,409.760009765625,403.57000732421875,405.8699951171875,405.8699951171875,641500
2017-03-14,404.8500061035156,404.8500061035156,397.80999755859375,403.1000061035156,403.1000061035156,733300
2017-03-15,403.1099853515625,405.3900146484375,399.0400085449219,400.9599914550781,400.9599914550781,834700
2017-03-16,400.9599914550781,402.489990234375,399.6300048828125,400.95001220703125,400.95001220703125,578800
2017-03-17,400.8999938964844,403.4700012207031,400.0299987792969,402.5799865722656,402.5799865722656,555900
2017-03-20,402.54998779296875,402.8999938964844,394.19000244140625,396.3699951171875,396.3699951171875,773700
2017-03-21,403.3399963378906,408.6000061035156,400.5,407.5199890136719,407.5199890136719,1160500
2017-03-22,405.989990234375,417.760009765625,405.1499938964844,416.30999755859375,416.30999755859375,975200
2017-03-23,417.0,418.6700134277344,413.3800048828125,414.8800048828125,414.8800048828125,590600
2017-03-24,414.82000732421875,417.7799987792969,412.6700134277344,414.0199890136719,414.0199890136719,463100
2017-03-27,409.8699951171875,415.44000244140625,409.489990234375,414.9599914550781,414.9599914550781,584000
2017-03-28,415.7099914550781,428.30999755859375,415.1099853515625,426.2300109863281,426.2300109863281,941700
2017-03-29,426.5799865722656,439.8800048828125,426.3500061035156,434.3399963378906,434.3399963378906,1439400
2017-03-30,436.7699890136719,450.0,435.95001220703125,443.9200134277344,443.9200134277344,1714700
2017-03-31,447.1300048828125,453.0799865722656,444.1499938964844,445.5199890136719,445.5199890136719,914400
2017-04-03,449.20001220703125,459.45001220703125,447.75,452.75,452.75,1356500
2017-04-04,455.25,459.3599853515625,448.3999938964844,449.4100036621094,449.4100036621094,976600
2017-04-05,454.69000244140625,458.8299865722656,447.07000732421875,452.44000244140625,452.44000244140625,793600
2017-04-06,452.8500061035156,455.17999267578125,448.7900085449219,450.2900085449219,450.2900085449219,485500
2017-04-07,449.75,450.6700134277344,446.760009765625,447.3399963378906,447.3399963378906,531700
2017-04-10,447.239990234375,456.8900146484375,445.3999938964844,454.2799987792969,454.2799987792969,692200
2017-04-11,454.989990234375,459.92999267578125,445.25,453.0,453.0,824300
2017-04-12,451.8900146484375,459.239990234375,450.4700012207031,458.3500061035156,458.3500061035156,831600
2017-04-13,457.0299987792969,466.7699890136719,455.510009765625,463.6199951171875,463.6199951171875,974200
2017-04-17,465.0,471.5,461.70001220703125,469.8900146484375,469.8900146484375,735700
2017-04-18,471.0,471.57000732421875,464.1400146484375,468.510009765625,468.510009765625,486900
2017-04-19,474.04998779296875,481.7699890136719,473.0,476.9599914550781,476.9599914550781,1101900
2017-04-20,477.4800109863281,483.5,475.489990234375,478.3900146484375,478.3900146484375,629100
2017-04-21,479.0,481.989990234375,476.4200134277344,479.0899963378906,479.0899963378906,798700
2017-04-24,482.75,482.82000732421875,465.20001220703125,468.7900085449219,468.7900085449219,1145100
2017-04-25,471.1000061035156,474.2699890136719,468.2699890136719,471.760009765625,471.760009765625,2025400
2017-04-26,474.6600036621094,497.4800109863281,474.6000061035156,482.989990234375,482.989990234375,3910000
2017-04-27,485.2300109863281,488.0,481.04998779296875,482.0,482.0,981800
2017-04-28,481.8699951171875,481.8699951171875,473.45001220703125,474.4700012207031,474.4700012207031,937700
2017-05-01,473.010009765625,482.9700012207031,465.989990234375,477.5799865722656,477.5799865722656,982700
2017-05-02,480.489990234375,490.6700134277344,480.3900146484375,486.8599853515625,486.8599853515625,1043200
2017-05-03,487.2300109863281,490.45001220703125,479.3399963378906,479.9700012207031,479.9700012207031,945000
2017-05-04,480.4800109863281,481.95001220703125,470.8500061035156,472.3999938964844,472.3999938964844,782400
2017-05-05,472.5899963378906,475.79998779296875,466.4800109863281,475.29998779296875,475.29998779296875,963700
2017-05-08,475.6600036621094,476.1600036621094,468.07000732421875,471.1499938964844,471.1499938964844,568900
2017-05-09,472.2900085449219,480.6400146484375,471.9700012207031,479.1300048828125,479.1300048828125,812900
2017-05-10,479.8399963378906,488.05999755859375,477.80999755859375,486.4200134277344,486.4200134277344,778700
2017-05-11,485.8999938964844,491.6000061035156,481.3500061035156,488.5199890136719,488.5199890136719,681600
2017-05-12,490.4599914550781,495.9700012207031,488.4700012207031,489.3299865722656,489.3299865722656,731600
2017-05-15,488.75,495.95001220703125,485.4599914550781,495.30999755859375,495.30999755859375,719700
2017-05-16,496.5799865722656,499.0,491.0,496.1400146484375,496.1400146484375,915100
2017-05-17,496.1400146484375,496.1400146484375,478.9700012207031,479.8299865722656,479.8299865722656,800100
2017-05-18,479.1499938964844,486.32000732421875,476.0400085449219,484.739990234375,484.739990234375,631600
2017-05-19,487.8500061035156,489.6600036621094,483.6199951171875,484.989990234375,484.989990234375,590700
2017-05-22,485.1700134277344,485.7799987792969,476.5899963378906,482.7900085449219,482.7900085449219,617500
2017-05-23,484.55999755859375,484.55999755859375,474.0,475.0,475.0,546000
2017-05-24,476.42999267578125,480.0,474.2900085449219,478.79998779296875,478.79998779296875,419000
2017-05-25,483.45001220703125,484.8599853515625,480.0,481.3900146484375,481.3900146484375,654500
2017-05-26,483.010009765625,483.25,478.94000244140625,480.1499938964844,480.1499938964844,477700
2017-05-30,475.2799987792969,477.8500061035156,472.4200134277344,475.70001220703125,475.70001220703125,607300
2017-05-31,476.9200134277344,478.0,471.5299987792969,477.3500061035156,477.3500061035156,651700
2017-06-01,479.80999755859375,484.69000244140625,477.3599853515625,483.6000061035156,483.6000061035156,585700
2017-06-02,484.8800048828125,487.5199890136719,477.010009765625,478.07000732421875,478.07000732421875,607900
2017-06-05,478.25,478.7799987792969,471.04998779296875,472.6000061035156,472.6000061035156,703800
2017-06-06,471.0,474.45001220703125,469.0,470.4800109863281,470.4800109863281,745400
2017-06-07,470.0400085449219,471.42999267578125,459.57000732421875,462.2300109863281,462.2300109863281,1123500
2017-06-08,462.2300109863281,464.489990234375,457.0199890136719,459.69000244140625,459.69000244140625,739800
2017-06-09,461.3699951171875,466.04998779296875,459.5299987792969,460.8500061035156,460.8500061035156,736300
2017-06-12,459.7900085449219,464.3399963378906,452.20001220703125,461.54998779296875,461.54998779296875,776200
2017-06-13,461.7799987792969,468.0400085449219,461.3800048828125,464.2200012207031,464.2200012207031,543600
2017-06-14,463.7900085449219,468.0,459.20001220703125,459.69000244140625,459.69000244140625,417200
2017-06-15,456.54998779296875,459.6600036621094,452.3999938964844,455.6700134277344,455.6700134277344,600500
2017-06-16,455.6700134277344,457.54998779296875,450.1000061035156,451.0899963378906,451.0899963378906,903600
2017-06-19,452.9700012207031,459.32000732421875,448.67999267578125,458.9100036621094,458.9100036621094,1147400
2017-06-20,444.6000061035156,444.6000061035156,424.760009765625,425.6000061035156,425.6000061035156,3317100
2017-06-21,425.1499938964844,427.9800109863281,414.29998779296875,417.6000061035156,417.6000061035156,1537500
2017-06-22,417.0,425.1600036621094,417.0,420.9200134277344,420.9200134277344,1154100
2017-06-23,422.1499938964844,422.92999267578125,415.0,415.2799987792969,415.2799987792969,1104500
2017-06-26,416.0199890136719,418.0,410.9800109863281,413.989990234375,413.989990234375,999400
2017-06-27,414.25,420.79998779296875,413.79998779296875,413.9800109863281,413.9800109863281,1135800
2017-06-28,414.3900146484375,419.94000244140625,414.3900146484375,416.8699951171875,416.8699951171875,671000
2017-06-29,416.45001220703125,422.70001220703125,415.55999755859375,419.17999267578125,419.17999267578125,778200
2017-06-30,420.760009765625,423.75,415.8299865722656,416.1000061035156,416.1000061035156,740100
2017-07-03,415.80999755859375,418.7099914550781,414.4100036621094,417.3299865722656,417.3299865722656,422800
2017-07-05,418.20001220703125,419.7300109863281,411.3399963378906,413.25,413.25,969500
2017-07-06,411.760009765625,413.260009765625,406.3299865722656,412.760009765625,412.760009765625,1126000
2017-07-07,413.6700134277344,417.4100036621094,413.239990234375,413.8900146484375,413.8900146484375,618600
2017-07-10,413.0,413.95001220703125,407.0,407.54998779296875,407.54998779296875,811600
2017-07-11,407.0,407.07000732421875,394.75,396.0799865722656,396.0799865722656,1427600
2017-07-12,396.0,399.1499938964844,390.54998779296875,396.95001220703125,396.95001220703125,1092800
2017-07-13,398.010009765625,401.20001220703125,393.0,400.0400085449219,400.0400085449219,926100
2017-07-14,398.79998779296875,401.8999938964844,395.1400146484375,395.8299865722656,395.8299865722656,1105100
2017-07-17,395.70001220703125,397.75,391.010009765625,392.0,392.0,829500
2017-07-18,395.25,395.25,362.3999938964844,374.9800109863281,374.9800109863281,7624900
2017-07-19,369.79998779296875,380.0,362.6199951171875,372.8299865722656,372.8299865722656,3233500
2017-07-20,372.8299865722656,373.9599914550781,355.7099914550781,356.04998779296875,356.04998779296875,4454800
2017-07-21,355.54998779296875,358.5799865722656,344.2099914550781,345.3399963378906,345.3399963378906,3198300
2017-07-24,344.75,346.3699951171875,336.5199890136719,339.9800109863281,339.9800109863281,2557100
2017-07-25,340.0,350.8900146484375,339.0,348.6199951171875,348.6199951171875,3527100
2017-07-26,354.3500061035156,355.54998779296875,340.04998779296875,340.6000061035156,340.6000061035156,3621400
2017-07-27,339.6199951171875,351.4599914550781,337.5,349.8399963378906,349.8399963378906,1701100
2017-07-28,349.75,357.989990234375,349.239990234375,350.5,350.5,1741100
2017-07-31,351.0,353.1400146484375,342.1099853515625,343.7699890136719,343.7699890136719,1234200
2017-08-01,344.0799865722656,347.739990234375,340.6300048828125,347.239990234375,347.239990234375,897500
2017-08-02,348.0,352.4200134277344,346.1300048828125,351.05999755859375,351.05999755859375,995900
2017-08-03,351.8399963378906,355.4800109863281,345.1499938964844,345.3599853515625,345.3599853515625,922600
2017-08-04,344.42999267578125,345.3800048828125,339.2099914550781,344.55999755859375,344.55999755859375,829800
2017-08-07,345.32000732421875,345.7300109863281,336.9100036621094,339.45001220703125,339.45001220703125,961200
2017-08-08,338.0,338.95001220703125,332.3399963378906,333.6400146484375,333.6400146484375,1078100
2017-08-09,331.25,336.3599853515625,328.8800048828125,334.6099853515625,334.6099853515625,666800
2017-08-10,331.54998779296875,332.94000244140625,322.29998779296875,322.6499938964844,322.6499938964844,1236500
2017-08-11,321.94000244140625,328.760009765625,320.010009765625,326.4100036621094,326.4100036621094,968200
2017-08-14,329.2099914550781,329.45001220703125,322.3800048828125,322.3999938964844,322.3999938964844,817500
2017-08-15,322.3900146484375,334.9100036621094,317.4100036621094,322.7799987792969,322.7799987792969,2235000
2017-08-16,322.8999938964844,327.2699890136719,319.010009765625,320.1300048828125,320.1300048828125,1020200
2017-08-17,319.9800109863281,325.94000244140625,317.4100036621094,317.9200134277344,317.9200134277344,1099700
2017-08-18,317.3399963378906,317.95001220703125,311.010009765625,311.239990234375,311.239990234375,1216300
2017-08-21,311.25,312.2699890136719,304.5,308.5899963378906,308.5899963378906,1310200
2017-08-22,305.0,310.0,304.1000061035156,305.510009765625,305.510009765625,1070400
2017-08-23,303.1600036621094,305.5,296.0,297.0899963378906,297.0899963378906,1758900
2017-08-24,301.57000732421875,307.54998779296875,298.6000061035156,301.9200134277344,301.9200134277344,2025300
2017-08-25,301.9700012207031,312.9200134277344,300.8500061035156,308.7900085449219,308.7900085449219,1654100
2017-08-28,309.3800048828125,314.2699890136719,305.3299865722656,312.0199890136719,312.0199890136719,1760300
2017-08-29,310.05999755859375,315.69000244140625,309.0,310.3699951171875,310.3699951171875,1202100
2017-08-30,310.3699951171875,316.0400085449219,308.3699951171875,315.1300048828125,315.1300048828125,1122200
2017-08-31,316.510009765625,317.82000732421875,313.2099914550781,316.7099914550781,316.7099914550781,899500
2017-09-01,316.94000244140625,321.5799865722656,315.6199951171875,319.95001220703125,319.95001220703125,1006100
2017-09-05,319.29998779296875,319.8900146484375,305.54998779296875,308.32000732421875,308.32000732421875,2069200
2017-09-06,309.989990234375,318.25,309.3299865722656,317.8800048828125,317.8800048828125,1250600
2017-09-07,318.45001220703125,319.3999938964844,314.1600036621094,317.25,317.25,975000
2017-09-08,308.44000244140625,309.70001220703125,299.0,300.0299987792969,300.0299987792969,2091100
2017-09-11,302.0,308.20001220703125,301.75,305.1400146484375,305.1400146484375,1339100
2017-09-12,305.3500061035156,309.8900146484375,304.2099914550781,308.8299865722656,308.8299865722656,836000
2017-09-13,309.0,317.4700012207031,306.2099914550781,311.6000061035156,311.6000061035156,1286100
2017-09-14,311.0,311.55999755859375,308.0400085449219,310.5899963378906,310.5899963378906,696000
2017-09-15,310.0,314.6700134277344,308.6099853515625,313.0899963378906,313.0899963378906,1377800
2017-09-18,313.9100036621094,313.9100036621094,301.010009765625,301.8699951171875,301.8699951171875,1497500
2017-09-19,302.6600036621094,304.7699890136719,295.1099853515625,303.4100036621094,303.4100036621094,1733500
2017-09-20,303.1600036621094,312.6600036621094,302.2300109863281,312.3900146484375,312.3900146484375,1680700
2017-09-21,312.3999938964844,314.2900085449219,310.8900146484375,313.2200012207031,313.2200012207031,850500
2017-09-22,313.0,317.3399963378906,312.0899963378906,314.30999755859375,314.30999755859375,931300
2017-09-25,313.1000061035156,323.8800048828125,313.1000061035156,320.8299865722656,320.8299865722656,1239600
2017-09-26,320.9100036621094,326.45001220703125,318.3999938964844,319.2099914550781,319.2099914550781,807900
2017-09-27,320.3999938964844,322.7200012207031,311.07000732421875,313.8500061035156,313.8500061035156,1293000
2017-09-28,315.0,317.0799865722656,312.1099853515625,316.5299987792969,316.5299987792969,612000
2017-09-29,315.8500061035156,316.489990234375,307.0899963378906,307.8299865722656,307.8299865722656,1195800
2017-10-02,307.9100036621094,307.9100036621094,298.20001220703125,301.80999755859375,301.80999755859375,1691400
2017-10-03,301.5,303.75,300.0,302.989990234375,302.989990234375,833600
2017-10-04,304.20001220703125,310.25,303.6199951171875,306.80999755859375,306.80999755859375,938800
2017-10-05,308.2799987792969,312.0400085449219,306.3500061035156,310.3500061035156,310.3500061035156,868900
2017-10-06,308.8599853515625,309.739990234375,303.20001220703125,307.6400146484375,307.6400146484375,1051500
2017-10-09,308.2699890136719,309.260009765625,303.7099914550781,303.9200134277344,303.9200134277344,681500
2017-10-10,304.2099914550781,314.5,304.010009765625,310.8800048828125,310.8800048828125,1152400
2017-10-11,307.7300109863281,312.5899963378906,304.5299987792969,311.489990234375,311.489990234375,995100
2017-10-12,310.0,314.30999755859375,308.17999267578125,314.1700134277344,314.1700134277344,774400
2017-10-13,311.82000732421875,328.6199951171875,311.75,326.45001220703125,326.45001220703125,2119000
2017-10-16,327.6199951171875,331.989990234375,319.5,320.3900146484375,320.3900146484375,1758300
2017-10-17,320.57000732421875,329.7099914550781,320.4700012207031,329.29998779296875,329.29998779296875,1055700
2017-10-18,319.9700012207031,325.2799987792969,317.8299865722656,318.239990234375,318.239990234375,1523500
2017-10-19,315.8500061035156,326.0,315.5199890136719,325.2699890136719,325.2699890136719,919000
2017-10-20,325.1700134277344,325.80999755859375,319.25,324.760009765625,324.760009765625,973400
2017-10-23,325.1300048828125,327.9100036621094,319.8299865722656,320.45001220703125,320.45001220703125,842400
2017-10-24,322.3399963378906,326.5299987792969,318.25,324.29998779296875,324.29998779296875,2978600
2017-10-25,283.0400085449219,283.989990234375,273.7799987792969,277.010009765625,277.010009765625,9991100
2017-10-26,275.3500061035156,282.6600036621094,270.0,281.5199890136719,281.5199890136719,3333700
2017-10-27,280.6600036621094,282.3999938964844,275.30999755859375,276.1199951171875,276.1199951171875,1637400
2017-10-30,275.0,275.1300048828125,268.17999267578125,268.70001220703125,268.70001220703125,1769000
2017-10-31,268.1400146484375,272.7799987792969,264.8999938964844,271.8999938964844,271.8999938964844,1310500
2017-11-01,271.8999938964844,275.4800109863281,269.75,270.20001220703125,270.20001220703125,1035500
2017-11-02,270.010009765625,280.8299865722656,268.5799865722656,279.4599914550781,279.4599914550781,1952500
2017-11-03,277.3900146484375,278.6300048828125,271.5,273.5299987792969,273.5299987792969,1188900
2017-11-06,273.3699951171875,276.4100036621094,270.5899963378906,275.7699890136719,275.7699890136719,835400
2017-11-07,276.3399963378906,276.3399963378906,272.8299865722656,274.5,274.5,765400
2017-11-08,274.45001220703125,275.9200134277344,272.5299987792969,273.8999938964844,273.8999938964844,598900
2017-11-09,273.010009765625,276.8800048828125,270.1199951171875,275.0,275.0,821500
2017-11-10,275.0,281.0,273.510009765625,279.45001220703125,279.45001220703125,1060800
2017-11-13,272.7200012207031,279.25,263.0,277.5,277.5,1822000
2017-11-14,277.7300109863281,284.260009765625,277.4800109863281,280.8999938964844,280.8999938964844,984400
2017-11-15,279.6000061035156,287.25,277.82000732421875,285.45001220703125,285.45001220703125,1059900
2017-11-16,285.8900146484375,289.25,283.1600036621094,283.70001220703125,283.70001220703125,796700
2017-11-17,283.55999755859375,291.510009765625,283.55999755859375,289.8399963378906,289.8399963378906,1277900
2017-11-20,289.8399963378906,289.8399963378906,282.1700134277344,283.25,283.25,760900
2017-11-21,284.0400085449219,284.0400085449219,277.8500061035156,279.510009765625,279.510009765625,768500
2017-11-22,279.8699951171875,282.70001220703125,278.7799987792969,281.2699890136719,281.2699890136719,598600
2017-11-24,281.19000244140625,282.5,278.55999755859375,279.30999755859375,279.30999755859375,335200
2017-11-27,278.8599853515625,279.9700012207031,271.6499938964844,274.5199890136719,274.5199890136719,966200
2017-11-28,274.8999938964844,286.05999755859375,272.2300109863281,285.8599853515625,285.8599853515625,1333200
2017-11-29,297.0,304.4700012207031,292.2699890136719,301.989990234375,301.989990234375,3293800
2017-11-30,302.0,308.17999267578125,301.1400146484375,304.3900146484375,304.3900146484375,1486100
2017-12-01,302.3999938964844,311.2900085449219,300.239990234375,307.5899963378906,307.5899963378906,1178300
2017-12-04,311.05999755859375,333.3299865722656,309.7900085449219,315.6000061035156,315.6000061035156,2691000
2017-12-05,318.010009765625,321.6700134277344,312.010009765625,315.55999755859375,315.55999755859375,1165000
2017-12-06,310.6700134277344,316.82000732421875,310.510009765625,310.6700134277344,310.6700134277344,817400
2017-12-07,309.42999267578125,314.5899963378906,305.20001220703125,313.6499938964844,313.6499938964844,987100
2017-12-08,313.42999267578125,319.6000061035156,311.5,315.8999938964844,315.8999938964844,1870300
2017-12-11,315.010009765625,316.6600036621094,311.6000061035156,313.3900146484375,313.3900146484375,688700
2017-12-12,313.5400085449219,318.6700134277344,311.1499938964844,318.3800048828125,318.3800048828125,699000
2017-12-13,322.0,325.7099914550781,317.45001220703125,319.70001220703125,319.70001220703125,962000
2017-12-14,320.0299987792969,321.6400146484375,313.5400085449219,314.0199890136719,314.0199890136719,713000
2017-12-15,312.79998779296875,318.1700134277344,311.8699951171875,312.1199951171875,312.1199951171875,1117200
2017-12-18,313.0,315.989990234375,312.1499938964844,313.4200134277344,313.4200134277344,814200
2017-12-19,314.0,315.4599914550781,308.2099914550781,313.1700134277344,313.1700134277344,793800
2017-12-20,314.0,315.80999755859375,297.79998779296875,298.6700134277344,298.6700134277344,2019200
2017-12-21,299.05999755859375,299.7699890136719,291.54998779296875,292.3999938964844,292.3999938964844,1527200
2017-12-22,292.0,296.04998779296875,290.3299865722656,295.2300109863281,295.2300109863281,1197600
2017-12-26,295.5199890136719,297.489990234375,292.95001220703125,295.5199890136719,295.5199890136719,545900
2017-12-27,296.0,298.69000244140625,294.3900146484375,295.4200134277344,295.4200134277344,864000
2017-12-28,295.0,297.260009765625,293.04998779296875,294.82000732421875,294.82000732421875,516500
2017-12-29,294.25,296.1700134277344,286.3999938964844,289.0299987792969,289.0299987792969,1111400
2018-01-02,290.8999938964844,293.1400146484375,289.0,292.95001220703125,292.95001220703125,1463600
2018-01-03,294.0,313.20001220703125,293.260009765625,309.0,309.0,1957400
2018-01-04,309.0299987792969,310.3800048828125,304.3900146484375,307.1099853515625,307.1099853515625,703300
2018-01-05,310.239990234375,314.2799987792969,307.5899963378906,313.7900085449219,313.7900085449219,997800
2018-01-08,314.1000061035156,320.1000061035156,312.3299865722656,318.4700012207031,318.4700012207031,1087700
2018-01-09,319.6700134277344,322.17999267578125,318.1400146484375,319.3699951171875,319.3699951171875,681900
2018-01-10,318.94000244140625,328.25,318.0,321.79998779296875,321.79998779296875,1154600
2018-01-11,322.6099853515625,328.19000244140625,320.5,325.5,325.5,812900
2018-01-12,326.8399963378906,328.6199951171875,323.07000732421875,327.3399963378906,327.3399963378906,675900
2018-01-16,329.3299865722656,330.94000244140625,324.8999938964844,327.3699951171875,327.3699951171875,706200
2018-01-17,328.0,339.6000061035156,325.0,334.6300048828125,334.6300048828125,979100
2018-01-18,334.510009765625,341.5,332.6199951171875,337.5299987792969,337.5299987792969,889000
2018-01-19,339.25,345.8800048828125,338.3699951171875,343.8699951171875,343.8699951171875,1153000
2018-01-22,340.0,340.260009765625,329.30999755859375,330.0,330.0,1438700
2018-01-23,330.0,334.3900146484375,327.989990234375,328.7099914550781,328.7099914550781,1225200
2018-01-24,329.9200134277344,331.94000244140625,324.2699890136719,329.5299987792969,329.5299987792969,786800
2018-01-25,330.3399963378906,335.17999267578125,329.6000061035156,333.9700012207031,333.9700012207031,573900
2018-01-26,332.55999755859375,332.55999755859375,326.7699890136719,330.2300109863281,330.2300109863281,665600
2018-01-29,327.0,336.239990234375,325.0,332.3299865722656,332.3299865722656,764800
2018-01-30,329.69000244140625,331.19000244140625,313.010009765625,322.0799865722656,322.0799865722656,1929300
2018-01-31,322.8699951171875,330.0,321.67999267578125,324.760009765625,324.760009765625,737200
2018-02-01,314.05999755859375,315.20001220703125,306.20001220703125,314.7200012207031,314.7200012207031,1646300
2018-02-02,313.80999755859375,317.5,310.8500061035156,311.6400146484375,311.6400146484375,952000
2018-02-05,310.8800048828125,314.3599853515625,299.1700134277344,300.29998779296875,300.29998779296875,1349300
2018-02-06,296.79998779296875,305.4599914550781,293.54998779296875,304.3299865722656,304.3299865722656,2092200
2018-02-07,273.6400146484375,279.70001220703125,268.0400085449219,272.2099914550781,272.2099914550781,4780600
2018-02-08,270.1700134277344,271.1099853515625,265.0,266.010009765625,266.010009765625,1891100
2018-02-09,266.7900085449219,267.3399963378906,247.52000427246094,255.4600067138672,255.4600067138672,3064600
2018-02-12,257.0,259.1600036621094,249.30999755859375,254.4499969482422,254.4499969482422,1953500
2018-02-13,254.1300048828125,257.9599914550781,250.6300048828125,251.3300018310547,251.3300018310547,1520300
2018-02-14,281.5,292.05999755859375,281.0,289.9100036621094,289.9100036621094,5384600
2018-02-15,291.989990234375,292.6000061035156,286.1600036621094,286.6499938964844,286.6499938964844,1209000
2018-02-16,287.0,306.0,286.760009765625,305.6300048828125,305.6300048828125,2742400
2018-02-20,304.4700012207031,322.25,300.0,317.57000732421875,317.57000732421875,2740600
2018-02-21,318.0,324.44000244140625,316.010009765625,320.9599914550781,320.9599914550781,1902900
2018-02-22,320.0400085449219,324.4700012207031,311.6700134277344,313.9100036621094,313.9100036621094,1287400
2018-02-23,316.54998779296875,317.44000244140625,309.1700134277344,315.82000732421875,315.82000732421875,955300
2018-02-26,316.489990234375,318.739990234375,311.30999755859375,311.8900146484375,311.8900146484375,911000
2018-02-27,318.8599853515625,330.1400146484375,317.30999755859375,319.1499938964844,319.1499938964844,1749900
2018-02-28,320.20001220703125,325.69000244140625,318.2699890136719,318.4100036621094,318.4100036621094,912600
2018-03-01,318.260009765625,320.8800048828125,309.07000732421875,313.260009765625,313.260009765625,1095800
2018-03-02,310.3399963378906,320.8500061035156,309.0299987792969,319.989990234375,319.989990234375,843300
2018-03-05,320.0,324.82000732421875,318.3999938964844,320.1600036621094,320.1600036621094,790300
2018-03-06,322.25,322.739990234375,315.1600036621094,318.0400085449219,318.0400085449219,535300
2018-03-07,315.8599853515625,320.0899963378906,314.8800048828125,319.95001220703125,319.95001220703125,384700
2018-03-08,321.0,324.7799987792969,315.95001220703125,321.8599853515625,321.8599853515625,537300
2018-03-09,323.260009765625,323.4100036621094,319.5,322.1600036621094,322.1600036621094,567200
2018-03-12,323.0,328.45001220703125,321.739990234375,323.760009765625,323.760009765625,628500
2018-03-13,324.260009765625,328.9100036621094,323.3699951171875,326.79998779296875,326.79998779296875,663300
2018-03-14,327.3900146484375,327.510009765625,318.0,319.6600036621094,319.6600036621094,764500
2018-03-15,319.67999267578125,327.0,317.7900085449219,318.9100036621094,318.9100036621094,786600
2018-03-16,319.1000061035156,325.1199951171875,318.95001220703125,320.20001220703125,320.20001220703125,726800
2018-03-19,319.7799987792969,321.8800048828125,314.04998779296875,316.79998779296875,316.79998779296875,551200
2018-03-20,316.75,322.7200012207031,315.0,320.1700134277344,320.1700134277344,548000
2018-03-21,320.94000244140625,339.20001220703125,320.32000732421875,334.5199890136719,334.5199890136719,1378500
2018-03-22,330.2799987792969,344.3399963378906,329.0,336.7099914550781,336.7099914550781,1541300
2018-03-23,337.2300109863281,339.3999938964844,321.260009765625,322.29998779296875,322.29998779296875,1050600
2018-03-26,327.3900146484375,329.0,321.05999755859375,327.8599853515625,327.8599853515625,690400
2018-03-27,329.8999938964844,333.2099914550781,321.0299987792969,322.9599914550781,322.9599914550781,598700
2018-03-28,322.0,323.9200134277344,316.2200012207031,319.510009765625,319.510009765625,516000
2018-03-29,319.95001220703125,327.3900146484375,319.95001220703125,323.1099853515625,323.1099853515625,532700
2018-04-02,322.239990234375,323.54998779296875,307.70001220703125,311.1600036621094,311.1600036621094,819400
2018-04-03,311.54998779296875,317.80999755859375,311.0,316.6600036621094,316.6600036621094,598600
2018-04-04,313.95001220703125,328.0299987792969,312.510009765625,325.8399963378906,325.8399963378906,690300
2018-04-05,326.1000061035156,334.05999755859375,325.19000244140625,327.7099914550781,327.7099914550781,599800
2018-04-06,325.0899963378906,328.07000732421875,315.67999267578125,318.07000732421875,318.07000732421875,633600
2018-04-09,320.0899963378906,321.7099914550781,316.8800048828125,317.1000061035156,317.1000061035156,514500
2018-04-10,319.8900146484375,323.79998779296875,315.7699890136719,321.7699890136719,321.7699890136719,595200
2018-04-11,321.45001220703125,331.9100036621094,320.5799865722656,321.75,321.75,667800
2018-04-12,323.6499938964844,327.69000244140625,319.70001220703125,325.0799865722656,325.0799865722656,618200
2018-04-13,328.3999938964844,328.3999938964844,315.95001220703125,318.3599853515625,318.3599853515625,625500
2018-04-16,318.5899963378906,330.0,318.1099853515625,326.6000061035156,326.6000061035156,783000
2018-04-17,330.0,340.760009765625,329.5799865722656,334.6099853515625,334.6099853515625,894500
2018-04-18,336.0,351.1700134277344,335.7200012207031,339.3599853515625,339.3599853515625,1597100
2018-04-19,339.0,342.5799865722656,334.010009765625,338.4599914550781,338.4599914550781,709800
2018-04-20,336.05999755859375,339.75,330.57000732421875,331.95001220703125,331.95001220703125,802800
2018-04-23,333.6499938964844,336.29998779296875,326.0,330.7099914550781,330.7099914550781,981400
2018-04-24,332.95001220703125,339.0400085449219,329.6600036621094,333.1000061035156,333.1000061035156,849800
2018-04-25,333.2200012207031,342.010009765625,330.3699951171875,339.5199890136719,339.5199890136719,1360200
2018-04-26,388.3299865722656,425.6499938964844,386.1099853515625,422.5,422.5,7034600
2018-04-27,420.2799987792969,433.0,416.80999755859375,427.3500061035156,427.3500061035156,3145900
2018-04-30,427.6000061035156,432.5,419.80999755859375,423.3299865722656,423.3299865722656,1681600
2018-05-01,423.2900085449219,431.0,420.010009765625,426.010009765625,426.010009765625,969900
2018-05-02,424.7300109863281,425.1000061035156,417.5799865722656,421.2200012207031,421.2200012207031,1048300
2018-05-03,420.8900146484375,423.010009765625,416.6600036621094,419.4200134277344,419.4200134277344,801100
2018-05-04,418.8999938964844,424.1000061035156,417.5400085449219,420.4100036621094,420.4100036621094,704100
2018-05-07,421.6099853515625,421.69000244140625,415.239990234375,419.6199951171875,419.6199951171875,581100
2018-05-08,418.67999267578125,428.2799987792969,418.010009765625,424.4200134277344,424.4200134277344,674500
2018-05-09,428.9200134277344,429.92999267578125,422.6600036621094,424.69000244140625,424.69000244140625,571600
2018-05-10,423.82000732421875,426.5,420.5199890136719,422.6700134277344,422.6700134277344,465200
2018-05-11,422.1499938964844,428.3399963378906,421.7200012207031,424.8999938964844,424.8999938964844,546000
2018-05-14,427.29998779296875,432.8299865722656,423.5199890136719,425.05999755859375,425.05999755859375,824000
2018-05-15,424.739990234375,431.2300109863281,422.6700134277344,426.55999755859375,426.55999755859375,730900
2018-05-16,429.32000732421875,447.7099914550781,429.32000732421875,444.6700134277344,444.6700134277344,1860700
2018-05-17,444.510009765625,444.9100036621094,436.0899963378906,438.5799865722656,438.5799865722656,1140900
2018-05-18,438.2699890136719,439.69000244140625,431.04998779296875,431.95001220703125,431.95001220703125,710000
2018-05-21,433.2699890136719,435.75,430.20001220703125,433.8599853515625,433.8599853515625,412500
2018-05-22,435.7699890136719,435.7699890136719,430.6000061035156,433.44000244140625,433.44000244140625,410700
2018-05-23,432.0,436.25,430.6400146484375,435.510009765625,435.510009765625,369800
2018-05-24,435.0,435.5899963378906,430.6300048828125,433.42999267578125,433.42999267578125,297800
2018-05-25,433.9100036621094,436.6099853515625,427.55999755859375,428.9599914550781,428.9599914550781,454500
2018-05-29,428.9100036621094,434.8500061035156,427.0,433.010009765625,433.010009765625,528000
2018-05-30,433.94000244140625,437.3399963378906,432.5400085449219,436.6099853515625,436.6099853515625,385300
2018-05-31,437.0799865722656,441.5,429.1499938964844,430.17999267578125,430.17999267578125,665900
2018-06-01,431.5899963378906,439.95001220703125,430.9599914550781,438.6199951171875,438.6199951171875,640700
2018-06-04,441.6600036621094,444.5,438.0799865722656,443.8299865722656,443.8299865722656,570800
2018-06-05,444.69000244140625,456.0,442.4700012207031,453.3399963378906,453.3399963378906,719400
2018-06-06,453.9599914550781,458.69000244140625,452.1300048828125,453.82000732421875,453.82000732421875,724600
2018-06-07,454.9100036621094,457.75,446.5799865722656,448.2799987792969,448.2799987792969,509600
2018-06-08,448.989990234375,459.6499938964844,446.9100036621094,453.3800048828125,453.3800048828125,1388200
2018-06-11,452.82000732421875,470.0,452.82000732421875,466.6400146484375,466.6400146484375,1128500
2018-06-12,466.44000244140625,469.4200134277344,462.44000244140625,466.29998779296875,466.29998779296875,715200
2018-06-13,466.9100036621094,469.4200134277344,456.95001220703125,457.29998779296875,457.29998779296875,549600
2018-06-14,459.32000732421875,461.3999938964844,454.3999938964844,460.44000244140625,460.44000244140625,493800
2018-06-15,459.8800048828125,465.45001220703125,457.07000732421875,462.010009765625,462.010009765625,544700
2018-06-18,459.0199890136719,472.30999755859375,458.5899963378906,468.4599914550781,468.4599914550781,550800
2018-06-19,464.29998779296875,471.20001220703125,464.0,469.2200012207031,469.2200012207031,554100
2018-06-20,469.29998779296875,470.760009765625,462.1600036621094,465.5,465.5,372800
2018-06-21,468.6000061035156,473.9599914550781,462.739990234375,463.1600036621094,463.1600036621094,507100
2018-06-22,469.19000244140625,474.4599914550781,464.0799865722656,469.94000244140625,469.94000244140625,662000
2018-06-25,467.0,467.6499938964844,450.5899963378906,454.1700134277344,454.1700134277344,794100
2018-06-26,455.4599914550781,465.1499938964844,455.0,461.70001220703125,461.70001220703125,907700
2018-06-27,460.0,467.510009765625,455.20001220703125,457.239990234375,457.239990234375,628600
2018-06-28,434.54998779296875,440.44000244140625,415.05999755859375,428.3599853515625,428.3599853515625,2254100
2018-06-29,433.0,437.6000061035156,429.2799987792969,431.3699951171875,431.3699951171875,1022000
2018-07-02,427.9800109863281,442.989990234375,424.3599853515625,442.82000732421875,442.82000732421875,701300
2018-07-03,443.5,450.4700012207031,441.0199890136719,448.95001220703125,448.95001220703125,457000
2018-07-05,450.0,450.0,444.6300048828125,448.0199890136719,448.0199890136719,472500
2018-07-06,449.8500061035156,451.82000732421875,445.6199951171875,451.0400085449219,451.0400085449219,573500
2018-07-09,454.3800048828125,464.57000732421875,452.760009765625,463.8900146484375,463.8900146484375,729900
2018-07-10,455.7200012207031,461.1400146484375,452.55999755859375,454.2099914550781,454.2099914550781,671300
2018-07-11,452.739990234375,459.7900085449219,452.1700134277344,457.17999267578125,457.17999267578125,580600
2018-07-12,459.8900146484375,464.3900146484375,458.3999938964844,459.04998779296875,459.04998779296875,405100
2018-07-13,458.6000061035156,461.0,456.6700134277344,457.2099914550781,457.2099914550781,349400
2018-07-16,455.1600036621094,458.2200012207031,448.95001220703125,452.05999755859375,452.05999755859375,531900
2018-07-17,451.2900085449219,459.7799987792969,448.5299987792969,452.5400085449219,452.5400085449219,531500
2018-07-18,453.7699890136719,454.739990234375,448.20001220703125,453.5799865722656,453.5799865722656,308300
2018-07-19,453.0,458.30999755859375,452.0,454.8299865722656,454.8299865722656,291500
2018-07-20,453.2799987792969,454.57000732421875,449.010009765625,451.19000244140625,451.19000244140625,429500
2018-07-23,451.1300048828125,457.05999755859375,448.7900085449219,456.5899963378906,456.5899963378906,443900
2018-07-24,456.95001220703125,456.95001220703125,447.2099914550781,449.4800109863281,449.4800109863281,577500
2018-07-25,446.010009765625,457.20001220703125,446.010009765625,451.6300048828125,451.6300048828125,440800
2018-07-26,449.260009765625,451.5400085449219,446.0,446.760009765625,446.760009765625,875400
2018-07-27,473.8399963378906,483.2900085449219,465.55999755859375,472.29998779296875,472.29998779296875,2182100
2018-07-30,470.1499938964844,472.989990234375,464.54998779296875,465.4700012207031,465.4700012207031,745400
2018-07-31,448.0,452.75,425.8800048828125,433.6600036621094,433.6600036621094,4542100
2018-08-01,435.0,444.989990234375,429.010009765625,442.6300048828125,442.6300048828125,1131400
2018-08-02,440.0799865722656,461.1000061035156,439.42999267578125,460.3800048828125,460.3800048828125,1239700
2018-08-03,460.25,468.44000244140625,459.0,463.2699890136719,463.2699890136719,1083300
2018-08-06,464.7799987792969,480.2300109863281,461.80999755859375,475.25,475.25,1130000
2018-08-07,476.5,482.0,471.0199890136719,478.0199890136719,478.0199890136719,548500
2018-08-08,478.7799987792969,488.239990234375,477.94000244140625,487.57000732421875,487.57000732421875,804200
2018-08-09,488.42999267578125,493.0,486.7200012207031,487.67999267578125,487.67999267578125,592300
2018-08-10,484.94000244140625,490.8500061035156,482.44000244140625,485.4700012207031,485.4700012207031,597400
2018-08-13,486.3800048828125,489.9599914550781,481.25,484.6600036621094,484.6600036621094,383000
2018-08-14,486.82000732421875,495.0400085449219,485.010009765625,493.32000732421875,493.32000732421875,876300
2018-08-15,504.7900085449219,526.4099731445312,504.739990234375,525.8900146484375,525.8900146484375,1918600
2018-08-16,526.510009765625,530.6799926757812,499.44000244140625,502.70001220703125,502.70001220703125,2211500
2018-08-17,505.0400085449219,513.52001953125,500.489990234375,510.44000244140625,510.44000244140625,725100
2018-08-20,510.3399963378906,516.760009765625,504.19000244140625,515.75,515.75,598500
2018-08-21,515.75,522.22998046875,512.1199951171875,518.9000244140625,518.9000244140625,450900
2018-08-22,519.0999755859375,527.0,518.02001953125,523.5800170898438,523.5800170898438,459300
2018-08-23,514.3800048828125,522.6900024414062,511.1199951171875,518.0399780273438,518.0399780273438,705700
2018-08-24,520.5399780273438,522.7899780273438,519.3099975585938,520.7100219726562,520.7100219726562,451400
2018-08-27,511.75,513.010009765625,493.4599914550781,495.6000061035156,495.6000061035156,1373600
2018-08-28,496.489990234375,503.0,493.4200134277344,494.0899963378906,494.0899963378906,515800
2018-08-29,497.6000061035156,497.6000061035156,485.5799865722656,487.6499938964844,487.6499938964844,771200
2018-08-30,486.3800048828125,490.4200134277344,482.17999267578125,483.989990234375,483.989990234375,561200
2018-08-31,480.0,481.5299987792969,472.0,475.17999267578125,475.17999267578125,803300
2018-09-04,476.19000244140625,479.45001220703125,471.25,477.489990234375,477.489990234375,593100
2018-09-05,479.1000061035156,481.5199890136719,473.2900085449219,477.8800048828125,477.8800048828125,710500
2018-09-06,479.5199890136719,482.42999267578125,476.260009765625,481.04998779296875,481.04998779296875,796600
2018-09-07,474.760009765625,483.2900085449219,468.1700134277344,482.0299987792969,482.0299987792969,780000
2018-09-10,482.7799987792969,490.4700012207031,477.8299865722656,489.1199951171875,489.1199951171875,781200
2018-09-11,489.1199951171875,493.55999755859375,487.3399963378906,488.2300109863281,488.2300109863281,406400
2018-09-12,488.1300048828125,495.8500061035156,484.5299987792969,494.7699890136719,494.7699890136719,513200
2018-09-13,494.79998779296875,497.8699951171875,491.8800048828125,495.94000244140625,495.94000244140625,439100
2018-09-14,497.239990234375,497.239990234375,488.510009765625,491.55999755859375,491.55999755859375,506400
2018-09-17,491.6199951171875,491.6199951171875,481.989990234375,488.32000732421875,488.32000732421875,633400
2018-09-18,487.6300048828125,493.80999755859375,487.6300048828125,491.489990234375,491.489990234375,438800
2018-09-19,491.1099853515625,492.9700012207031,488.8399963378906,490.6000061035156,490.6000061035156,386300
2018-09-20,492.29998779296875,496.8900146484375,477.29998779296875,480.1000061035156,480.1000061035156,654000
2018-09-21,480.4800109863281,480.8800048828125,465.2200012207031,467.3699951171875,467.3699951171875,994700
2018-09-24,465.1099853515625,467.3500061035156,458.0799865722656,465.8900146484375,465.8900146484375,620300
2018-09-25,468.0899963378906,468.8999938964844,463.5899963378906,465.6199951171875,465.6199951171875,354300
2018-09-26,467.29998779296875,471.5,462.9700012207031,467.9100036621094,467.9100036621094,547900
2018-09-27,469.0400085449219,473.9800109863281,464.3500061035156,465.3999938964844,465.3999938964844,440700
2018-09-28,461.79998779296875,462.30999755859375,453.6700134277344,454.5199890136719,454.5199890136719,932600
2018-10-01,446.9700012207031,458.8599853515625,446.0,446.9700012207031,446.9700012207031,958100
2018-10-02,448.0,450.7099914550781,435.760009765625,436.3699951171875,436.3699951171875,916600
2018-10-03,436.05999755859375,439.989990234375,431.44000244140625,436.44000244140625,436.44000244140625,707100
2018-10-04,440.0,447.8299865722656,439.0,447.7699890136719,447.7699890136719,860500
2018-10-05,446.9100036621094,454.79998779296875,444.1600036621094,449.3599853515625,449.3599853515625,958800
2018-10-08,448.6499938964844,455.0,444.2200012207031,448.55999755859375,448.55999755859375,839300
2018-10-09,448.95001220703125,455.760009765625,446.0400085449219,447.0899963378906,447.0899963378906,492600
2018-10-10,445.94000244140625,446.70001220703125,433.29998779296875,434.2099914550781,434.2099914550781,638400
2018-10-11,432.0,442.42999267578125,430.30999755859375,433.92999267578125,433.92999267578125,659800
2018-10-12,439.54998779296875,444.6400146484375,425.1400146484375,435.7099914550781,435.7099914550781,819200
2018-10-15,434.44000244140625,436.2799987792969,428.7799987792969,431.739990234375,431.739990234375,502100
2018-10-16,432.2300109863281,435.3399963378906,424.07000732421875,433.95001220703125,433.95001220703125,941600
2018-10-17,433.2900085449219,434.6099853515625,421.5400085449219,429.8500061035156,429.8500061035156,734400
2018-10-18,424.0,432.3299865722656,420.8599853515625,431.7300109863281,431.7300109863281,747300
2018-10-19,433.0,436.510009765625,427.260009765625,428.5400085449219,428.5400085449219,511100
2018-10-22,436.04998779296875,437.0,426.7200012207031,431.19000244140625,431.19000244140625,572700
2018-10-23,430.3800048828125,435.4100036621094,428.3599853515625,434.2900085449219,434.2900085449219,572900
2018-10-24,432.6600036621094,434.3800048828125,411.54998779296875,413.0,413.0,840100
2018-10-25,417.260009765625,427.9100036621094,413.1700134277344,423.8800048828125,423.8800048828125,1272400
2018-10-26,433.1000061035156,441.7799987792969,420.5799865722656,438.3800048828125,438.3800048828125,1632100
2018-10-29,443.4800109863281,453.8999938964844,436.30999755859375,440.8699951171875,440.8699951171875,881300
2018-10-30,438.67999267578125,462.45001220703125,438.1199951171875,461.7699890136719,461.7699890136719,992900
2018-10-31,465.6400146484375,470.7799987792969,455.4200134277344,460.3299865722656,460.3299865722656,1210600
2018-11-01,462.0,478.4200134277344,457.29998779296875,472.6199951171875,472.6199951171875,788000
2018-11-02,475.9100036621094,482.0,471.1499938964844,476.3900146484375,476.3900146484375,694100
2018-11-05,477.0,480.94000244140625,468.010009765625,469.6499938964844,469.6499938964844,705300
2018-11-06,469.67999267578125,475.6300048828125,466.6000061035156,474.1499938964844,474.1499938964844,700400
2018-11-07,476.1000061035156,479.79998779296875,474.2699890136719,477.489990234375,477.489990234375,479700
2018-11-08,477.0,483.6600036621094,475.989990234375,478.29998779296875,478.29998779296875,427100
2018-11-09,476.989990234375,491.92999267578125,476.17999267578125,490.760009765625,490.760009765625,891900
2018-11-12,490.2900085449219,500.9800109863281,488.4599914550781,489.6700134277344,489.6700134277344,849000
2018-11-13,491.0799865722656,494.1400146484375,483.5899963378906,484.82000732421875,484.82000732421875,502800
2018-11-14,483.6600036621094,488.8500061035156,475.6300048828125,479.32000732421875,479.32000732421875,732700
2018-11-15,477.9100036621094,477.9100036621094,466.57000732421875,472.29998779296875,472.29998779296875,658300
2018-11-16,472.0,475.8599853515625,468.3599853515625,472.760009765625,472.760009765625,808500
2018-11-19,472.3500061035156,474.3999938964844,459.0,465.8699951171875,465.8699951171875,674800
2018-11-20,455.760009765625,470.70001220703125,454.3699951171875,461.6300048828125,461.6300048828125,706200
2018-11-21,462.0,475.7900085449219,462.0,471.260009765625,471.260009765625,431800
2018-11-23,469.0,476.0299987792969,467.0,471.4200134277344,471.4200134277344,216500
2018-11-26,474.3500061035156,474.5299987792969,461.1600036621094,466.0199890136719,466.0199890136719,487000
2018-11-27,463.3399963378906,474.2900085449219,463.3399963378906,473.45001220703125,473.45001220703125,360800
2018-11-28,475.95001220703125,493.9100036621094,475.0199890136719,490.5199890136719,490.5199890136719,665400
2018-11-29,489.95001220703125,493.9800109863281,482.1400146484375,482.55999755859375,482.55999755859375,426700
2018-11-30,480.57000732421875,482.54998779296875,463.0,473.2099914550781,473.2099914550781,956200
2018-12-03,477.5199890136719,478.8699951171875,468.0,475.3800048828125,475.3800048828125,476200
2018-12-04,474.0,483.0799865722656,464.8900146484375,468.3500061035156,468.3500061035156,553200
2018-12-06,467.2900085449219,470.30999755859375,453.3800048828125,469.94000244140625,469.94000244140625,645800
2018-12-07,470.5,479.8699951171875,462.82000732421875,467.42999267578125,467.42999267578125,709400
2018-12-10,469.0400085449219,477.8699951171875,462.4800109863281,475.1499938964844,475.1499938964844,645900
2018-12-11,477.0,479.9100036621094,467.1099853515625,472.3500061035156,472.3500061035156,396000
2018-12-12,472.3500061035156,475.6700134277344,464.1700134277344,471.30999755859375,471.30999755859375,403200
2018-12-13,473.7099914550781,475.7900085449219,466.0199890136719,472.7300109863281,472.7300109863281,338500
2018-12-14,467.8399963378906,472.20001220703125,455.29998779296875,457.8299865722656,457.8299865722656,697000
2018-12-17,457.1000061035156,459.80999755859375,442.010009765625,443.5,443.5,822000
2018-12-18,447.8800048828125,450.7300109863281,438.79998779296875,443.79998779296875,443.79998779296875,655400
2018-12-19,441.8599853515625,447.3800048828125,424.1099853515625,427.04998779296875,427.04998779296875,943000
2018-12-20,422.4100036621094,424.6300048828125,391.6700134277344,400.7699890136719,400.7699890136719,1363500
2018-12-21,401.5,407.1000061035156,390.70001220703125,394.4200134277344,394.4200134277344,949400
2018-12-24,390.0,392.55999755859375,383.20001220703125,385.8399963378906,385.8399963378906,425200
2018-12-26,387.0400085449219,406.1600036621094,383.6600036621094,405.7200012207031,405.7200012207031,633300
2018-12-27,404.4200134277344,414.57000732421875,400.2099914550781,414.54998779296875,414.54998779296875,573700
2018-12-28,415.0799865722656,430.0,415.0799865722656,424.19000244140625,424.19000244140625,713700
2018-12-31,425.3900146484375,433.489990234375,425.3900146484375,431.7900085449219,431.7900085449219,501800
2019-01-02,427.8299865722656,447.4599914550781,423.9800109863281,443.3599853515625,443.3599853515625,706300
2019-01-03,441.92999267578125,450.0,438.0799865722656,439.45001220703125,439.45001220703125,674600
2019-01-04,444.010009765625,457.3399963378906,441.2799987792969,455.0,455.0,899300
2019-01-07,454.6099853515625,485.9100036621094,453.9200134277344,485.1499938964844,485.1499938964844,1038300
2019-01-08,493.19000244140625,499.6700134277344,485.3299865722656,497.3699951171875,497.3699951171875,883200
2019-01-09,497.19000244140625,505.5199890136719,491.25,498.4800109863281,498.4800109863281,792700
2019-01-10,495.7900085449219,509.8299865722656,495.6700134277344,509.6199951171875,509.6199951171875,833200
2019-01-11,507.3900146484375,513.2999877929688,504.0,506.95001220703125,506.95001220703125,788200
2019-01-14,502.8500061035156,510.989990234375,499.760009765625,501.989990234375,501.989990234375,839900
2019-01-15,503.0,517.0,500.1199951171875,514.489990234375,514.489990234375,715100
2019-01-16,515.52001953125,518.9199829101562,512.6099853515625,514.8200073242188,514.8200073242188,524100
2019-01-17,511.9100036621094,521.4400024414062,509.010009765625,517.6599731445312,517.6599731445312,753400
2019-01-18,521.3300170898438,523.7899780273438,509.6300048828125,513.239990234375,513.239990234375,880300
2019-01-22,512.2000122070312,525.489990234375,511.0,520.0800170898438,520.0800170898438,968100
2019-01-23,523.530029296875,532.4099731445312,519.0800170898438,521.3699951171875,521.3699951171875,1040300
2019-01-24,521.5,536.0499877929688,518.6599731445312,533.3900146484375,533.3900146484375,783100
2019-01-25,539.0,543.9000244140625,535.3499755859375,543.3699951171875,543.3699951171875,675200
2019-01-28,540.5999755859375,542.6300048828125,531.780029296875,532.0,532.0,578200
2019-01-29,533.0,534.0,519.3400268554688,530.0599975585938,530.0599975585938,559200
2019-01-30,534.9400024414062,538.6300048828125,527.030029296875,532.97998046875,532.97998046875,397100
2019-01-31,532.7999877929688,534.97998046875,527.4600219726562,529.6099853515625,529.6099853515625,348800
2019-02-01,529.47998046875,530.969970703125,522.760009765625,527.2000122070312,527.2000122070312,643700
2019-02-04,528.260009765625,536.9199829101562,525.4600219726562,527.9199829101562,527.9199829101562,549900
2019-02-05,531.2999877929688,531.7999877929688,523.4299926757812,526.6500244140625,526.6500244140625,388100
2019-02-06,527.280029296875,530.72998046875,519.0900268554688,526.0599975585938,526.0599975585938,1259000
2019-02-07,568.4199829101562,606.0,566.6799926757812,585.780029296875,585.780029296875,4368400
2019-02-08,582.4099731445312,592.2100219726562,578.6099853515625,582.77001953125,582.77001953125,919500
2019-02-11,584.1500244140625,608.5499877929688,584.1500244140625,603.3599853515625,603.3599853515625,1505500
2019-02-12,608.0,612.5999755859375,592.5499877929688,593.6599731445312,593.6599731445312,941200
2019-02-13,593.5700073242188,603.2899780273438,593.5700073242188,599.6199951171875,599.6199951171875,506700
2019-02-14,597.02001953125,606.9000244140625,593.7999877929688,604.4299926757812,604.4299926757812,489600
2019-02-15,606.510009765625,609.2899780273438,601.1799926757812,605.8900146484375,605.8900146484375,585800
2019-02-19,606.1400146484375,609.239990234375,599.02001953125,599.4600219726562,599.4600219726562,489500
2019-02-20,598.4099731445312,600.52001953125,594.2100219726562,597.739990234375,597.739990234375,387100
2019-02-21,597.72998046875,606.6300048828125,592.72998046875,601.1900024414062,601.1900024414062,467800
2019-02-22,600.5900268554688,602.2000122070312,595.760009765625,600.219970703125,600.219970703125,280000
2019-02-25,601.0,604.3699951171875,594.1500244140625,596.6599731445312,596.6599731445312,481500
2019-02-26,595.0,601.75,594.6599731445312,599.5,599.5,414400
2019-02-27,597.4000244140625,602.0,595.4299926757812,599.280029296875,599.280029296875,373700
2019-02-28,599.5900268554688,609.5999755859375,598.25,607.530029296875,607.530029296875,721900
2019-03-01,610.0999755859375,613.7000122070312,604.7899780273438,611.6300048828125,611.6300048828125,501900
2019-03-04,612.4000244140625,622.489990234375,612.22998046875,618.8499755859375,618.8499755859375,727500
2019-03-05,618.47998046875,622.0,613.47998046875,616.010009765625,616.010009765625,341300
2019-03-06,616.010009765625,619.2100219726562,611.0800170898438,613.4099731445312,613.4099731445312,272800
2019-03-07,614.4199829101562,614.8699951171875,607.1300048828125,609.530029296875,609.530029296875,434400
2019-03-08,607.9099731445312,616.8099975585938,604.6400146484375,616.4400024414062,616.4400024414062,600200
2019-03-11,615.8200073242188,618.510009765625,613.239990234375,616.8800048828125,616.8800048828125,570800
2019-03-12,618.3400268554688,635.5999755859375,618.3400268554688,630.989990234375,630.989990234375,817000
2019-03-13,633.5,641.6400146484375,633.010009765625,637.0700073242188,637.0700073242188,462300
2019-03-14,637.0700073242188,642.9299926757812,635.4000244140625,642.3900146484375,642.3900146484375,433800
2019-03-15,643.5700073242188,646.5399780273438,637.469970703125,639.0,639.0,593600
2019-03-18,643.3599853515625,656.5900268554688,641.0599975585938,655.7999877929688,655.7999877929688,837300
2019-03-19,657.0,671.989990234375,653.030029296875,665.8599853515625,665.8599853515625,869800
2019-03-20,664.6599731445312,670.8099975585938,661.9299926757812,665.7899780273438,665.7899780273438,338900
2019-03-21,668.0900268554688,680.0,667.8099975585938,670.4500122070312,670.4500122070312,606000
2019-03-22,675.4000244140625,679.239990234375,666.8499755859375,671.4600219726562,671.4600219726562,609100
2019-03-25,669.989990234375,679.0,657.5599975585938,676.77001953125,676.77001953125,682300
2019-03-26,679.989990234375,692.75,678.5800170898438,688.8200073242188,688.8200073242188,719400
2019-03-27,689.9500122070312,701.989990234375,689.9500122070312,697.8699951171875,697.8699951171875,693800
2019-03-28,697.3200073242188,703.1599731445312,694.010009765625,702.510009765625,702.510009765625,488300
2019-03-29,704.8200073242188,711.489990234375,701.2000122070312,710.3099975585938,710.3099975585938,756200
2019-04-01,712.1500244140625,715.6199951171875,696.9600219726562,705.739990234375,705.739990234375,697900
2019-04-02,703.0,707.760009765625,698.030029296875,704.7999877929688,704.7999877929688,565200
2019-04-03,704.5900268554688,707.6599731445312,701.3200073242188,705.6400146484375,705.6400146484375,420100
2019-04-04,704.989990234375,708.8599853515625,695.3699951171875,703.3800048828125,703.3800048828125,541200
2019-04-05,703.4500122070312,709.6799926757812,701.0800170898438,708.3699951171875,708.3699951171875,791100
2019-04-08,708.0,716.489990234375,707.8499755859375,714.6799926757812,714.6799926757812,557600
2019-04-09,713.0800170898438,721.2100219726562,709.8900146484375,710.6699829101562,710.6699829101562,507400
2019-04-10,711.0,719.4400024414062,711.0,718.8499755859375,718.8499755859375,460500
2019-04-11,711.8400268554688,713.02001953125,705.1799926757812,707.530029296875,707.530029296875,781800
2019-04-12,707.5,715.25,707.5,712.4400024414062,712.4400024414062,417200
2019-04-15,712.1900024414062,714.489990234375,708.3499755859375,712.27001953125,712.27001953125,271800
2019-04-16,716.6500244140625,716.6500244140625,704.760009765625,706.47998046875,706.47998046875,444300
2019-04-17,699.4099731445312,699.9400024414062,686.5,688.2100219726562,688.2100219726562,865900
2019-04-18,695.0,700.0,687.0,700.0,700.0,644000
2019-04-22,699.0,702.8400268554688,692.0,701.6699829101562,701.6699829101562,463300
2019-04-23,701.9000244140625,704.6400146484375,696.0,702.4600219726562,702.4600219726562,526100
2019-04-24,705.9600219726562,714.2899780273438,698.7899780273438,709.75,709.75,1184600
2019-04-25,711.010009765625,713.5499877929688,658.5,678.0700073242188,678.0700073242188,2336400
2019-04-26,682.0,689.3099975585938,674.5800170898438,676.7899780273438,676.7899780273438,766000
2019-04-29,680.3499755859375,680.5,669.1199951171875,677.9000244140625,677.9000244140625,634800
2019-04-30,677.9099731445312,689.3599853515625,670.0,688.0399780273438,688.0399780273438,591500
2019-05-01,688.8599853515625,697.3300170898438,685.4000244140625,688.5599975585938,688.5599975585938,410600
2019-05-02,687.4000244140625,708.8599853515625,686.1500244140625,707.8699951171875,707.8699951171875,623400
2019-05-03,707.5700073242188,710.9299926757812,703.4199829101562,709.52001953125,709.52001953125,436300
2019-05-06,703.22998046875,720.0,702.9000244140625,716.6699829101562,716.6699829101562,518000
2019-05-07,716.6300048828125,721.4199829101562,702.0999755859375,706.52001953125,706.52001953125,463100
2019-05-08,706.3800048828125,713.8599853515625,701.5499877929688,709.5700073242188,709.5700073242188,475300
2019-05-09,706.0,708.260009765625,697.4099731445312,705.1300048828125,705.1300048828125,322200
2019-05-10,702.7999877929688,708.6500244140625,693.489990234375,705.4400024414062,705.4400024414062,520800
2019-05-13,697.5999755859375,698.6199951171875,680.6900024414062,687.27001953125,687.27001953125,469800
2019-05-14,690.510009765625,708.8499755859375,687.0,703.1799926757812,703.1799926757812,504900
2019-05-15,700.010009765625,710.6699829101562,698.52001953125,705.8900146484375,705.8900146484375,307800
2019-05-16,708.0700073242188,719.1400146484375,705.1199951171875,708.9299926757812,708.9299926757812,422400
2019-05-17,705.0,718.9600219726562,705.0,715.9099731445312,715.9099731445312,538400
2019-05-20,717.0,727.0,715.02001953125,718.0,718.0,473700
2019-05-21,721.5599975585938,723.0,714.989990234375,715.0,715.0,441500
2019-05-22,715.0,718.260009765625,704.6199951171875,706.0399780273438,706.0399780273438,677400
2019-05-23,682.0,687.0,656.1400146484375,667.1199951171875,667.1199951171875,1491000
2019-05-24,670.0,671.969970703125,658.72998046875,662.5599975585938,662.5599975585938,605500
2019-05-28,662.9000244140625,681.6400146484375,662.3800048828125,680.0700073242188,680.0700073242188,644800
2019-05-29,676.4000244140625,676.4000244140625,660.030029296875,667.969970703125,667.969970703125,570800
2019-05-30,667.97998046875,678.8400268554688,665.010009765625,678.0,678.0,338800
2019-05-31,662.9500122070312,669.0,657.7100219726562,659.969970703125,659.969970703125,634500
2019-06-03,657.6300048828125,667.9099731445312,636.72998046875,641.6599731445312,641.6599731445312,624600
2019-06-04,649.0700073242188,665.3900146484375,647.9500122070312,662.1799926757812,662.1799926757812,842600
2019-06-05,663.5,679.47998046875,663.3200073242188,679.47998046875,679.47998046875,678500
2019-06-06,683.1500244140625,694.0,677.4299926757812,692.1799926757812,692.1799926757812,592000
2019-06-07,698.0,714.4199829101562,697.8499755859375,709.8699951171875,709.8699951171875,595900
2019-06-10,716.7000122070312,730.0,714.8499755859375,720.52001953125,720.52001953125,540800
2019-06-11,720.510009765625,730.4099731445312,718.010009765625,729.239990234375,729.239990234375,476700
2019-06-12,733.77001953125,743.4299926757812,732.219970703125,737.739990234375,737.739990234375,450900
2019-06-13,741.8400268554688,749.25,728.6599731445312,732.2899780273438,732.2899780273438,417700
2019-06-14,733.8800048828125,742.27001953125,730.6099853515625,740.5900268554688,740.5900268554688,380900
2019-06-17,743.0,749.22998046875,730.010009765625,731.6500244140625,731.6500244140625,358300
2019-06-18,733.75,740.0,724.2999877929688,732.5399780273438,732.5399780273438,384800
2019-06-19,732.1900024414062,737.1599731445312,723.0599975585938,736.3499755859375,736.3499755859375,314300
2019-06-20,742.0,742.6400146484375,732.72998046875,738.7999877929688,738.7999877929688,366600
2019-06-21,739.6599731445312,739.6599731445312,726.8499755859375,726.8499755859375,726.8499755859375,362900
2019-06-24,726.77001953125,731.0,720.3200073242188,724.1300048828125,724.1300048828125,378300
2019-06-25,733.9400024414062,739.9600219726562,727.739990234375,733.219970703125,733.219970703125,461000
2019-06-26,735.0999755859375,737.8300170898438,723.530029296875,727.489990234375,727.489990234375,288200
2019-06-27,730.2999877929688,730.2999877929688,720.7000122070312,724.1199951171875,724.1199951171875,409000
2019-06-28,723.1699829101562,732.8800048828125,720.5700073242188,732.8800048828125,732.8800048828125,487300
2019-07-01,738.4299926757812,740.530029296875,723.5499877929688,725.3900146484375,725.3900146484375,391500
2019-07-02,726.1500244140625,729.6699829101562,717.239990234375,723.0800170898438,723.0800170898438,303500
2019-07-03,722.030029296875,734.25,721.3699951171875,730.97998046875,730.97998046875,227800
2019-07-05,729.9500122070312,739.8099975585938,728.3300170898438,739.5399780273438,739.5399780273438,328700
2019-07-08,737.6300048828125,752.7899780273438,735.760009765625,748.7999877929688,748.7999877929688,534000
2019-07-09,748.8099975585938,754.5399780273438,742.1599731445312,745.489990234375,745.489990234375,315600
2019-07-10,745.510009765625,751.97998046875,737.4600219726562,743.010009765625,743.010009765625,297300
2019-07-11,744.5,746.4400024414062,736.3099975585938,740.0599975585938,740.0599975585938,240000
2019-07-12,744.0999755859375,753.47998046875,741.5,750.8499755859375,750.8499755859375,576700
2019-07-15,754.0,760.5900268554688,747.010009765625,759.8699951171875,759.8699951171875,464100
2019-07-16,758.7000122070312,765.0499877929688,757.760009765625,761.8499755859375,761.8499755859375,405900
2019-07-17,760.3699951171875,762.0499877929688,751.6900024414062,752.5599975585938,752.5599975585938,292200
2019-07-18,753.239990234375,765.989990234375,750.8400268554688,764.0399780273438,764.0399780273438,471300
2019-07-19,764.0999755859375,765.3599853515625,743.530029296875,746.52001953125,746.52001953125,540100
2019-07-22,746.510009765625,752.0900268554688,738.030029296875,742.510009765625,742.510009765625,451900
2019-07-23,746.0,747.1799926757812,728.0599975585938,739.5999755859375,739.5999755859375,931300
2019-07-24,760.5,789.5,753.77001953125,777.9600219726562,777.9600219726562,1572700
2019-07-25,778.77001953125,781.8599853515625,770.0,777.530029296875,777.530029296875,587200
2019-07-26,782.8499755859375,785.5,775.6300048828125,779.8599853515625,779.8599853515625,521700
2019-07-29,791.0599975585938,811.9500122070312,785.010009765625,809.030029296875,809.030029296875,971800
2019-07-30,803.2000122070312,807.9400024414062,801.510009765625,805.25,805.25,446400
2019-07-31,804.8499755859375,805.0,786.6500244140625,795.530029296875,795.530029296875,534900
2019-08-01,794.72998046875,802.6300048828125,784.8400268554688,790.4299926757812,790.4299926757812,511100
2019-08-02,790.5499877929688,801.1199951171875,777.5,792.2100219726562,792.2100219726562,402400
2019-08-05,784.239990234375,786.0999755859375,770.530029296875,780.2100219726562,780.2100219726562,558300
2019-08-06,785.9199829101562,793.9500122070312,775.0,790.6099853515625,790.6099853515625,482900
2019-08-07,783.75,796.4000244140625,780.1099853515625,795.0499877929688,795.0499877929688,328400
2019-08-08,799.969970703125,814.0499877929688,799.7100219726562,814.0499877929688,814.0499877929688,578600
2019-08-09,812.8200073242188,822.8800048828125,806.0,817.9000244140625,817.9000244140625,472800
2019-08-12,817.7100219726562,822.27001953125,806.3200073242188,812.8200073242188,812.8200073242188,351200
2019-08-13,807.7999877929688,821.280029296875,806.8099975585938,816.9600219726562,816.9600219726562,356600
2019-08-14,807.8099975585938,811.8900146484375,794.3300170898438,796.5700073242188,796.5700073242188,438700
2019-08-15,800.0,811.280029296875,797.0,809.8900146484375,809.8900146484375,466500
2019-08-16,813.0999755859375,818.6500244140625,805.3499755859375,817.2000122070312,817.2000122070312,331100
2019-08-19,824.4400024414062,825.0,797.0,820.3099975585938,820.3099975585938,312600
2019-08-20,823.0,823.6300048828125,816.8900146484375,820.1400146484375,820.1400146484375,201600
2019-08-21,822.3499755859375,828.7999877929688,820.27001953125,827.510009765625,827.510009765625,251900
2019-08-22,830.0,831.5900268554688,817.7000122070312,819.1500244140625,819.1500244140625,275300
2019-08-23,815.1199951171875,824.1799926757812,802.2100219726562,805.4400024414062,805.4400024414062,416800
2019-08-26,812.77001953125,827.4299926757812,812.77001953125,826.7999877929688,826.7999877929688,391000
2019-08-27,833.6799926757812,847.489990234375,833.1799926757812,842.1099853515625,842.1099853515625,490700
2019-08-28,839.8900146484375,841.0,833.0,839.3400268554688,839.3400268554688,233200
2019-08-29,845.0,847.9500122070312,836.7999877929688,843.6400146484375,843.6400146484375,248100
2019-08-30,847.3599853515625,848.8400268554688,833.780029296875,838.4199829101562,838.4199829101562,288600
2019-09-03,833.0,836.0999755859375,823.4299926757812,827.8699951171875,827.8699951171875,389600
2019-09-04,832.0,840.3200073242188,828.0,838.280029296875,838.280029296875,326700
2019-09-05,842.0,843.8300170898438,831.8300170898438,838.1099853515625,838.1099853515625,328900
2019-09-06,837.8900146484375,842.1400146484375,833.3599853515625,836.3200073242188,836.3200073242188,275000
2019-09-09,847.3699951171875,857.9000244140625,839.0800170898438,839.6500244140625,839.6500244140625,583100
2019-09-10,839.3099975585938,839.3099975585938,779.780029296875,787.97998046875,787.97998046875,1176900
2019-09-11,793.0,802.6400146484375,785.3699951171875,799.2100219726562,799.2100219726562,619300
2019-09-12,802.7999877929688,810.2899780273438,801.510009765625,805.4500122070312,805.4500122070312,371000
2019-09-13,805.7000122070312,805.7000122070312,780.8400268554688,787.8599853515625,787.8599853515625,466100
2019-09-16,783.0,802.760009765625,783.0,799.8699951171875,799.8699951171875,683500
2019-09-17,802.8900146484375,831.75,802.8900146484375,825.75,825.75,626900
2019-09-18,825.0,840.22998046875,822.1099853515625,834.969970703125,834.969970703125,599100
2019-09-19,834.9500122070312,838.4000244140625,825.8800048828125,832.0900268554688,832.0900268554688,279000
2019-09-20,835.530029296875,840.8200073242188,831.030029296875,834.6599731445312,834.6599731445312,562300
2019-09-23,834.6500244140625,849.7899780273438,831.969970703125,843.2899780273438,843.2899780273438,592100
2019-09-24,846.25,851.7999877929688,821.47998046875,824.489990234375,824.489990234375,527400
2019-09-25,824.0,829.239990234375,802.4000244140625,819.219970703125,819.219970703125,441700
2019-09-26,820.5599975585938,822.75,808.3599853515625,817.5700073242188,817.5700073242188,328200
2019-09-27,819.8400268554688,825.0,808.6199951171875,818.8300170898438,818.8300170898438,444300
2019-09-30,822.0,843.9000244140625,822.0,840.469970703125,840.469970703125,465700
2019-10-01,845.0800170898438,847.9500122070312,828.1500244140625,828.8400268554688,828.8400268554688,501500
2019-10-02,826.6799926757812,826.6799926757812,805.489990234375,809.97998046875,809.97998046875,638500
2019-10-03,809.0,821.030029296875,805.1400146484375,815.2899780273438,815.2899780273438,515400
2019-10-04,819.0,825.0999755859375,817.010009765625,823.9299926757812,823.9299926757812,283600
2019-10-07,822.1099853515625,822.4400024414062,806.7000122070312,814.1599731445312,814.1599731445312,318100
2019-10-08,806.9000244140625,813.3599853515625,800.1500244140625,805.8800048828125,805.8800048828125,382400
2019-10-09,815.010009765625,829.7999877929688,810.77001953125,827.2899780273438,827.2899780273438,439500
2019-10-10,829.969970703125,831.7000122070312,816.72998046875,827.75,827.75,400700
2019-10-11,832.2899780273438,845.0,828.6199951171875,830.3499755859375,830.3499755859375,448200
2019-10-14,830.0,830.0,821.989990234375,828.1300048828125,828.1300048828125,293600
2019-10-15,830.3499755859375,836.9099731445312,823.0499877929688,826.739990234375,826.739990234375,292900
2019-10-16,827.0,827.6300048828125,815.6099853515625,823.25,823.25,306300
2019-10-17,830.0,834.739990234375,824.530029296875,829.0700073242188,829.0700073242188,337100
2019-10-18,828.2100219726562,849.5999755859375,827.0800170898438,841.47998046875,841.47998046875,818100
2019-10-21,847.6400146484375,852.0,842.1099853515625,851.5399780273438,851.5399780273438,526800
2019-10-22,856.75,856.75,823.1500244140625,831.0700073242188,831.0700073242188,1154200
2019-10-23,814.4199829101562,814.4199829101562,782.4000244140625,788.1900024414062,788.1900024414062,1779800
2019-10-24,792.0,809.77001953125,788.3099975585938,798.3400268554688,798.3400268554688,771700
2019-10-25,796.7999877929688,800.1199951171875,785.5800170898438,787.8699951171875,787.8699951171875,489900
2019-10-28,790.75,792.6400146484375,767.22998046875,782.6099853515625,782.6099853515625,919900
2019-10-29,784.8499755859375,784.8499755859375,761.02001953125,763.8200073242188,763.8200073242188,492300
2019-10-30,763.8599853515625,775.72998046875,758.8800048828125,775.52001953125,775.52001953125,471800
2019-10-31,779.1699829101562,782.5999755859375,773.4199829101562,778.1599731445312,778.1599731445312,292900
2019-11-01,778.260009765625,781.9099731445312,767.6199951171875,768.6300048828125,768.6300048828125,392800
2019-11-04,768.0,771.1599731445312,747.510009765625,751.77001953125,751.77001953125,755000
2019-11-05,750.0,751.6099853515625,733.52001953125,740.760009765625,740.760009765625,802600
2019-11-06,742.3300170898438,750.739990234375,740.7999877929688,744.3099975585938,744.3099975585938,380800
2019-11-07,745.0,746.5800170898438,734.1099853515625,737.3400268554688,737.3400268554688,478800
2019-11-08,736.0,744.6599731445312,730.5,731.6199951171875,731.6199951171875,529300
2019-11-11,728.6900024414062,745.8699951171875,728.0,743.3699951171875,743.3699951171875,581400
2019-11-12,757.989990234375,764.7899780273438,755.0599975585938,757.27001953125,757.27001953125,664900
2019-11-13,754.1199951171875,757.510009765625,747.2100219726562,753.2999877929688,753.2999877929688,457000
2019-11-14,755.0,755.8400268554688,743.6099853515625,749.2000122070312,749.2000122070312,423600
2019-11-15,749.2999877929688,754.8499755859375,746.72998046875,754.6599731445312,754.6599731445312,313700
2019-11-18,756.5,774.8699951171875,755.2899780273438,771.3099975585938,771.3099975585938,393300
2019-11-19,771.0499877929688,775.1599731445312,763.9299926757812,766.780029296875,766.780029296875,347500
2019-11-20,767.1300048828125,778.6500244140625,767.1300048828125,775.9400024414062,775.9400024414062,347400
2019-11-21,776.8400268554688,781.719970703125,770.260009765625,773.4600219726562,773.4600219726562,308000
2019-11-22,773.1199951171875,777.8599853515625,770.4000244140625,772.6099853515625,772.6099853515625,215000
2019-11-25,774.8099975585938,787.719970703125,774.8099975585938,786.510009765625,786.510009765625,337800
2019-11-26,799.0499877929688,816.4299926757812,799.0,815.8400268554688,815.8400268554688,672400
2019-11-27,817.1300048828125,821.97998046875,810.72998046875,816.75,816.75,347900
2019-11-29,821.4299926757812,825.5999755859375,812.739990234375,813.9199829101562,813.9199829101562,271300
2019-12-02,813.1099853515625,814.8099975585938,798.02001953125,813.780029296875,813.780029296875,443700
2019-12-03,800.0,815.5800170898438,799.25,814.9099731445312,814.9099731445312,403800
2019-12-04,820.0,822.0,805.6799926757812,809.4000244140625,809.4000244140625,476000
2019-12-05,809.0,822.7999877929688,806.6199951171875,819.72998046875,819.72998046875,409200
2019-12-06,823.6199951171875,827.9099731445312,820.5,822.47998046875,822.47998046875,388900
2019-12-09,823.8900146484375,828.4500122070312,821.1199951171875,827.030029296875,827.030029296875,370500
2019-12-10,824.3599853515625,827.2899780273438,814.22998046875,817.72998046875,817.72998046875,344100
2019-12-11,821.8300170898438,823.4500122070312,816.8800048828125,822.739990234375,822.739990234375,207100
2019-12-12,824.8699951171875,825.9500122070312,809.0,811.2000122070312,811.2000122070312,375400
2019-12-13,809.5900268554688,818.9500122070312,806.3900146484375,815.3200073242188,815.3200073242188,299100
2019-12-16,820.5999755859375,828.2899780273438,815.5,822.7899780273438,822.7899780273438,267800
2019-12-17,822.0999755859375,833.1199951171875,817.030029296875,832.0499877929688,832.0499877929688,427300
2019-12-18,832.27001953125,839.1300048828125,825.8599853515625,826.8800048828125,826.8800048828125,423200
2019-12-19,825.0,836.030029296875,825.0,833.9199829101562,833.9199829101562,316000
2019-12-20,838.0,838.8200073242188,831.77001953125,834.530029296875,834.530029296875,363000
2019-12-23,837.8300170898438,838.25,827.9299926757812,828.2899780273438,828.2899780273438,294400
2019-12-24,827.0999755859375,829.4099731445312,823.1599731445312,828.8900146484375,828.8900146484375,91900
2019-12-26,829.4099731445312,839.280029296875,828.239990234375,838.5999755859375,838.5999755859375,255400
2019-12-27,839.969970703125,840.0,835.0,836.7899780273438,836.7899780273438,201900
2019-12-30,838.1699829101562,838.75,829.010009765625,836.0700073242188,836.0700073242188,211400
2019-12-31,837.239990234375,842.27001953125,833.3599853515625,837.1099853515625,837.1099853515625,282200
2020-01-02,839.969970703125,859.1900024414062,837.530029296875,858.1900024414062,858.1900024414062,487300
2020-01-03,853.239990234375,870.9400024414062,853.239990234375,865.1300048828125,865.1300048828125,422700
2020-01-06,862.0,862.7999877929688,854.0,858.02001953125,858.02001953125,405200
2020-01-07,863.0,863.0,854.3900146484375,860.0800170898438,860.0800170898438,243300
2020-01-08,856.1500244140625,867.0,856.1500244140625,856.72998046875,856.72998046875,262500
2020-01-09,866.8599853515625,877.0,859.469970703125,862.6699829101562,862.6699829101562,457300
2020-01-10,866.0,866.5700073242188,853.0900268554688,857.77001953125,857.77001953125,301900
2020-01-13,856.1300048828125,869.77001953125,851.4099731445312,863.0,863.0,304600
2020-01-14,861.8499755859375,863.6199951171875,853.719970703125,859.219970703125,859.219970703125,239300
2020-01-15,860.0599975585938,869.4600219726562,858.9000244140625,865.0900268554688,865.0900268554688,278000
2020-01-16,868.780029296875,870.8300170898438,865.97998046875,870.239990234375,870.239990234375,240300
2020-01-17,874.6500244140625,879.0,867.0700073242188,878.1500244140625,878.1500244140625,361200
2020-01-21,878.7000122070312,887.5999755859375,869.1099853515625,870.72998046875,870.72998046875,298800
2020-01-22,877.9500122070312,882.969970703125,873.2000122070312,879.1799926757812,879.1799926757812,259500
2020-01-23,873.8900146484375,884.0,873.2000122070312,879.8400268554688,879.8400268554688,242100
2020-01-24,885.0,885.0,861.5800170898438,869.7100219726562,869.7100219726562,323000
2020-01-27,861.5,868.0,855.8099975585938,865.030029296875,865.030029296875,259200
2020-01-28,867.219970703125,882.219970703125,867.219970703125,877.8200073242188,877.8200073242188,350600
2020-01-29,878.3300170898438,884.25,875.510009765625,879.2999877929688,879.2999877929688,182600
2020-01-30,878.489990234375,888.5800170898438,873.5599975585938,879.9500122070312,879.9500122070312,251100
2020-01-31,879.510009765625,885.0399780273438,865.0,866.760009765625,866.760009765625,385800
2020-02-03,868.0,880.0,866.6799926757812,867.3300170898438,867.3300170898438,457000
2020-02-04,876.010009765625,890.1699829101562,873.6400146484375,884.8200073242188,884.8200073242188,982200
2020-02-05,892.0,893.02001953125,851.3599853515625,854.010009765625,854.010009765625,1034700
2020-02-06,858.1799926757812,863.530029296875,846.9199829101562,857.0,857.0,689500
2020-02-07,858.4600219726562,865.8800048828125,850.0,864.219970703125,864.219970703125,573700
2020-02-10,861.3099975585938,891.4400024414062,859.5999755859375,890.510009765625,890.510009765625,512100
2020-02-11,893.0,899.0,890.1199951171875,890.75,890.75,334800
2020-02-12,890.6400146484375,901.489990234375,887.2899780273438,900.3699951171875,900.3699951171875,397700
2020-02-13,898.2999877929688,914.97998046875,898.010009765625,912.9500122070312,912.9500122070312,422900
2020-02-14,912.9400024414062,923.5,908.5800170898438,921.9400024414062,921.9400024414062,366800
2020-02-18,924.0900268554688,934.0,922.3200073242188,927.5599975585938,927.5599975585938,369100
2020-02-19,934.02001953125,938.8800048828125,931.0900268554688,933.8400268554688,933.8400268554688,318200
2020-02-20,926.0499877929688,940.280029296875,916.75,927.5900268554688,927.5900268554688,362800
2020-02-21,926.3499755859375,929.760009765625,915.8599853515625,920.1400146484375,920.1400146484375,302200
2020-02-24,897.4199829101562,900.0499877929688,883.9299926757812,885.0,885.0,662300
2020-02-25,890.0,891.9099731445312,851.4400024414062,856.010009765625,856.010009765625,736100
2020-02-26,855.3800048828125,868.7899780273438,842.52001953125,847.2899780273438,847.2899780273438,570900
2020-02-27,811.3900146484375,815.72998046875,750.72998046875,755.5499877929688,755.5499877929688,1351500
2020-02-28,734.5,774.8400268554688,702.9500122070312,773.5800170898438,773.5800170898438,1505100
2020-03-02,779.52001953125,781.5700073242188,739.9000244140625,768.8099975585938,768.8099975585938,869200
2020-03-03,768.02001953125,781.780029296875,723.260009765625,736.0700073242188,736.0700073242188,779100
2020-03-04,764.4299926757812,772.739990234375,740.6900024414062,769.760009765625,769.760009765625,772600
2020-03-05,750.010009765625,755.5,713.75,727.5499877929688,727.5499877929688,843800
2020-03-06,703.2100219726562,729.5999755859375,685.2999877929688,723.0800170898438,723.0800170898438,840800
2020-03-09,667.0,689.97998046875,650.9299926757812,657.8599853515625,657.8599853515625,1026400
2020-03-10,689.0,704.989990234375,661.6500244140625,701.2100219726562,701.2100219726562,909700
2020-03-11,681.0,691.0,626.1900024414062,646.3900146484375,646.3900146484375,995300
2020-03-12,587.02001953125,613.8599853515625,565.010009765625,603.0,603.0,2080400
2020-03-13,650.3400268554688,655.5499877929688,600.9199829101562,630.3599853515625,630.3599853515625,1088800
2020-03-16,570.0,580.0999755859375,520.0,571.510009765625,571.510009765625,1209600
2020-03-17,573.280029296875,579.4199829101562,500.2699890136719,524.4099731445312,524.4099731445312,1511800
2020-03-18,492.010009765625,500.0,415.0,465.2099914550781,465.2099914550781,1510100
2020-03-19,455.8599853515625,553.0,450.5299987792969,536.1500244140625,536.1500244140625,1414600
2020-03-20,573.8699951171875,596.989990234375,552.22998046875,566.0,566.0,1751900
2020-03-23,561.3099975585938,602.260009765625,551.2100219726562,588.7100219726562,588.7100219726562,1286900
2020-03-24,639.0,690.3599853515625,630.1199951171875,664.0499877929688,664.0499877929688,1160100
2020-03-25,684.989990234375,694.4099731445312,600.0,649.47998046875,649.47998046875,943100
2020-03-26,661.7999877929688,672.5,636.0,661.0999755859375,661.0999755859375,793900
2020-03-27,624.3200073242188,643.7100219726562,613.8099975585938,635.030029296875,635.030029296875,857400
2020-03-30,622.2100219726562,647.8800048828125,620.0,639.969970703125,639.969970703125,533100
2020-03-31,634.6599731445312,674.97998046875,625.0,654.4000244140625,654.4000244140625,846400
2020-04-01,630.02001953125,645.25,604.22998046875,619.3599853515625,619.3599853515625,820100
2020-04-02,607.4199829101562,634.6900024414062,601.010009765625,630.1599731445312,630.1599731445312,633900
2020-04-03,631.010009765625,645.0800170898438,599.780029296875,611.010009765625,611.010009765625,859800
2020-04-06,632.2999877929688,707.7000122070312,630.0700073242188,689.989990234375,689.989990234375,984100
2020-04-07,750.0,756.27001953125,674.5499877929688,704.2999877929688,704.2999877929688,995800
2020-04-08,709.2100219726562,735.0,700.0,725.1199951171875,725.1199951171875,613200
2020-04-09,745.0,788.969970703125,732.0,771.0,771.0,1026600
2020-04-13,768.77001953125,771.0,728.0,744.0800170898438,744.0800170898438,682500
2020-04-14,772.25,794.1199951171875,765.0,785.3300170898438,785.3300170898438,837800
2020-04-15,757.719970703125,778.0,752.239990234375,770.0999755859375,770.0999755859375,571600
2020-04-16,773.0,790.0,758.5999755859375,786.75,786.75,562900
2020-04-17,810.75,824.3499755859375,803.0599975585938,820.27001953125,820.27001953125,658400
2020-04-20,807.2000122070312,822.0,804.0399780273438,808.72998046875,808.72998046875,588000
2020-04-21,799.0,809.239990234375,772.010009765625,786.6900024414062,786.6900024414062,977200
2020-04-22,848.989990234375,905.0,834.1799926757812,882.260009765625,882.260009765625,2354500
2020-04-23,895.0,909.8800048828125,859.0,867.02001953125,867.02001953125,1320500
2020-04-24,873.4299926757812,887.9299926757812,860.9500122070312,882.469970703125,882.469970703125,530200
2020-04-27,891.0,900.0,880.7899780273438,883.0700073242188,883.0700073242188,518500
2020-04-28,899.0,899.0,864.030029296875,868.3599853515625,868.3599853515625,516700
2020-04-29,880.219970703125,894.22998046875,863.0999755859375,882.3400268554688,882.3400268554688,517500
2020-04-30,880.0,897.969970703125,877.0,878.5499877929688,878.5499877929688,449400
2020-05-01,858.77001953125,883.489990234375,856.8900146484375,874.9199829101562,874.9199829101562,434600
2020-05-04,862.3300170898438,876.030029296875,856.5,875.0,875.0,281200
2020-05-05,881.9199829101562,886.6900024414062,865.6300048828125,870.22998046875,870.22998046875,318700
2020-05-06,875.3400268554688,883.8200073242188,867.0,867.0399780273438,867.0399780273438,291300
2020-05-07,881.510009765625,900.010009765625,875.9500122070312,897.510009765625,897.510009765625,491000
2020-05-08,900.0,927.6099853515625,893.4199829101562,925.8300170898438,925.8300170898438,736100
2020-05-11,920.0,942.8300170898438,916.6199951171875,933.9299926757812,933.9299926757812,570700
2020-05-12,943.6599731445312,966.0,929.239990234375,929.8499755859375,929.8499755859375,686000
2020-05-13,929.8400268554688,937.2000122070312,888.6199951171875,902.5900268554688,902.5900268554688,717300
2020-05-14,901.0,935.1099853515625,897.0399780273438,932.1799926757812,932.1799926757812,578700
2020-05-15,926.0,974.5,926.0,971.75,971.75,852000
2020-05-18,997.4500122070312,1017.8699951171875,992.1500244140625,998.5800170898438,998.5800170898438,778600
2020-05-19,1000.0,1020.72998046875,998.0,1009.0800170898438,1009.0800170898438,461200
2020-05-20,1022.0,1032.0699462890625,1014.280029296875,1029.9599609375,1029.9599609375,414800
2020-05-21,1035.0,1038.1300048828125,1012.8800048828125,1026.7099609375,1026.7099609375,455000
2020-05-22,1026.780029296875,1057.68994140625,1018.0900268554688,1055.699951171875,1055.699951171875,451000
2020-05-26,1086.300048828125,1087.0,1010.030029296875,1017.0,1017.0,776000
2020-05-27,1021.72998046875,1023.8099975585938,987.010009765625,990.0,990.0,815600
2020-05-28,1001.1799926757812,1006.760009765625,986.3400268554688,995.0900268554688,995.0900268554688,631400
2020-05-29,1001.0,1006.8900146484375,989.969970703125,1003.9099731445312,1003.9099731445312,671700
2020-06-01,1012.8099975585938,1056.4100341796875,1010.0,1047.8800048828125,1047.8800048828125,713200
2020-06-02,1050.0,1063.489990234375,1035.06005859375,1058.8900146484375,1058.8900146484375,429500
2020-06-03,1061.6800537109375,1069.949951171875,1045.199951171875,1049.7099609375,1049.7099609375,516600
2020-06-04,1044.31005859375,1059.81005859375,1035.0,1041.56005859375,1041.56005859375,359400
2020-06-05,1050.0,1069.0999755859375,1045.0899658203125,1053.4599609375,1053.4599609375,370900
2020-06-08,1052.8299560546875,1065.0,1033.219970703125,1049.22998046875,1049.22998046875,316100
2020-06-09,1036.9100341796875,1052.989990234375,1035.0,1039.469970703125,1039.469970703125,275900
2020-06-10,1042.6199951171875,1042.93994140625,1023.489990234375,1028.9599609375,1028.9599609375,322100
2020-06-11,1002.3900146484375,1027.719970703125,996.0,1000.739990234375,1000.739990234375,468300
2020-06-12,1025.6500244140625,1025.6500244140625,964.5,991.8300170898438,991.8300170898438,508500
2020-06-15,974.02001953125,1025.050048828125,971.0,1023.25,1023.25,363400
2020-06-16,1037.550048828125,1037.550048828125,1002.5999755859375,1031.800048828125,1031.800048828125,313300
2020-06-17,1031.0999755859375,1042.8800048828125,1020.5999755859375,1022.8800048828125,1022.8800048828125,241100
2020-06-18,1026.699951171875,1038.8299560546875,1020.0,1030.0,1030.0,230500
2020-06-19,1040.0,1042.0999755859375,1010.8300170898438,1010.8300170898438,1010.8300170898438,428500
2020-06-22,1026.699951171875,1071.31005859375,1025.0,1070.25,1070.25,590800
2020-06-23,1074.0,1074.0,1034.5899658203125,1039.1600341796875,1039.1600341796875,429400
2020-06-24,1036.18994140625,1053.3199462890625,1018.3800048828125,1047.949951171875,1047.949951171875,382900
2020-06-25,1047.4000244140625,1051.97998046875,1033.0,1048.9000244140625,1048.9000244140625,217800
2020-06-26,1048.8399658203125,1049.0999755859375,1029.3800048828125,1033.1500244140625,1033.1500244140625,499500
2020-06-29,1034.8199462890625,1057.510009765625,1021.0,1045.949951171875,1045.949951171875,296900
2020-06-30,1049.0,1056.2900390625,1034.5400390625,1052.3599853515625,1052.3599853515625,397900
2020-07-01,1053.8499755859375,1073.6600341796875,1048.0400390625,1068.3599853515625,1068.3599853515625,283700
2020-07-02,1081.0,1084.72998046875,1053.0,1056.449951171875,1056.449951171875,264400
2020-07-06,1066.5999755859375,1129.3800048828125,1061.25,1125.9200439453125,1125.9200439453125,666500
2020-07-07,1119.5999755859375,1145.6300048828125,1105.0,1109.0999755859375,1109.0999755859375,429200
2020-07-08,1118.9000244140625,1132.9200439453125,1107.199951171875,1114.4300537109375,1114.4300537109375,318500
2020-07-09,1130.0,1133.18994140625,1105.4599609375,1115.5799560546875,1115.5799560546875,287800
2020-07-10,1110.5799560546875,1118.72998046875,1101.0,1118.0400390625,1118.0400390625,218900
2020-07-13,1131.9300537109375,1140.489990234375,1087.0999755859375,1088.9200439453125,1088.9200439453125,364200
2020-07-14,1089.010009765625,1104.8399658203125,1067.5899658203125,1103.02001953125,1103.02001953125,267300
2020-07-15,1126.199951171875,1135.6600341796875,1104.72998046875,1133.6500244140625,1133.6500244140625,332100
2020-07-16,1124.1300048828125,1132.93994140625,1112.5,1129.510009765625,1129.510009765625,241700
2020-07-17,1136.6600341796875,1139.030029296875,1122.5799560546875,1136.219970703125,1136.219970703125,275200
2020-07-20,1150.0,1169.530029296875,1147.6199951171875,1163.719970703125,1163.719970703125,420300
2020-07-21,1176.6400146484375,1176.6400146484375,1151.050048828125,1163.0999755859375,1163.0999755859375,281100
2020-07-22,1161.02001953125,1187.0,1161.02001953125,1185.27001953125,1185.27001953125,749400
2020-07-23,1169.0,1186.0,1116.9300537109375,1121.030029296875,1121.030029296875,960900
2020-07-24,1112.72998046875,1131.47998046875,1094.9300537109375,1130.260009765625,1130.260009765625,421400
2020-07-27,1139.3399658203125,1151.9000244140625,1127.52001953125,1142.9300537109375,1142.9300537109375,342900
2020-07-28,1140.6600341796875,1142.530029296875,1110.300048828125,1112.22998046875,1112.22998046875,315900
2020-07-29,1120.0799560546875,1154.9200439453125,1118.1500244140625,1153.0699462890625,1153.0699462890625,297500
2020-07-30,1139.3599853515625,1160.6199951171875,1138.260009765625,1148.4000244140625,1148.4000244140625,244300
2020-07-31,1153.3599853515625,1155.1700439453125,1127.93994140625,1155.1600341796875,1155.1600341796875,302800
2020-08-03,1153.280029296875,1156.550048828125,1136.4200439453125,1146.7099609375,1146.7099609375,236800
2020-08-04,1149.02001953125,1165.989990234375,1146.1099853515625,1164.5699462890625,1164.5699462890625,222100
2020-08-05,1170.0,1174.800048828125,1157.050048828125,1170.239990234375,1170.239990234375,207400
2020-08-06,1165.25,1189.7900390625,1165.25,1186.800048828125,1186.800048828125,248100
2020-08-07,1181.969970703125,1193.25,1159.0699462890625,1180.6199951171875,1180.6199951171875,232000
2020-08-10,1180.6099853515625,1188.530029296875,1132.969970703125,1161.0,1161.0,304700
2020-08-11,1164.760009765625,1172.0,1141.219970703125,1147.1600341796875,1147.1600341796875,223500
2020-08-12,1158.0,1168.75,1152.8399658203125,1160.9200439453125,1160.9200439453125,156600
2020-08-13,1171.0,1197.68994140625,1167.300048828125,1194.9300537109375,1194.9300537109375,262700
2020-08-14,1189.4100341796875,1203.3199462890625,1180.9100341796875,1186.530029296875,1186.530029296875,161400
2020-08-17,1200.0,1219.9599609375,1190.8199462890625,1216.219970703125,1216.219970703125,193200
2020-08-18,1221.280029296875,1239.3800048828125,1209.800048828125,1236.9300537109375,1236.9300537109375,255300
2020-08-19,1237.68994140625,1245.0,1216.8599853515625,1219.3699951171875,1219.3699951171875,191600
2020-08-20,1212.6300048828125,1244.6300048828125,1212.6300048828125,1239.8900146484375,1239.8900146484375,225500
2020-08-21,1240.0,1259.3800048828125,1238.9599609375,1253.239990234375,1253.239990234375,234400
2020-08-24,1268.0,1271.3599853515625,1241.02001953125,1241.75,1241.75,238500
2020-08-25,1247.52001953125,1273.5799560546875,1246.3399658203125,1269.6500244140625,1269.6500244140625,253100
2020-08-26,1274.72998046875,1284.22998046875,1263.4000244140625,1277.280029296875,1277.280029296875,196300
2020-08-27,1277.800048828125,1290.510009765625,1270.050048828125,1279.6300048828125,1279.6300048828125,210400
2020-08-28,1284.989990234375,1302.8599853515625,1282.9100341796875,1301.510009765625,1301.510009765625,251100
2020-08-31,1306.0799560546875,1325.0,1304.9100341796875,1310.280029296875,1310.280029296875,290600
2020-09-01,1325.0,1373.5,1319.97998046875,1372.219970703125,1372.219970703125,334600
2020-09-02,1375.0,1384.4599609375,1355.5999755859375,1379.030029296875,1379.030029296875,332000
2020-09-03,1355.47998046875,1374.219970703125,1310.239990234375,1328.72998046875,1328.72998046875,464500
2020-09-04,1332.8900146484375,1342.469970703125,1258.530029296875,1313.72998046875,1313.72998046875,405400
2020-09-08,1288.280029296875,1335.0699462890625,1275.010009765625,1299.75,1299.75,318600
2020-09-09,1322.0,1337.8399658203125,1306.1099853515625,1321.030029296875,1321.030029296875,305200
2020-09-10,1327.3900146484375,1359.719970703125,1305.0,1308.489990234375,1308.489990234375,329800
2020-09-11,1325.27001953125,1326.0,1272.1099853515625,1297.469970703125,1297.469970703125,310900
2020-09-14,1311.6199951171875,1318.0,1254.530029296875,1267.18994140625,1267.18994140625,437800
2020-09-15,1283.5999755859375,1291.3900146484375,1269.0999755859375,1277.3599853515625,1277.3599853515625,329800
2020-09-16,1286.4599609375,1286.8399658203125,1264.1300048828125,1265.8699951171875,1265.8699951171875,304700
2020-09-17,1240.739990234375,1251.3900146484375,1209.030029296875,1225.3699951171875,1225.3699951171875,452200
2020-09-18,1231.0,1247.3599853515625,1200.93994140625,1215.47998046875,1215.47998046875,783300
2020-09-21,1194.239990234375,1207.81005859375,1180.0,1206.52001953125,1206.52001953125,308600
2020-09-22,1223.8299560546875,1242.6400146484375,1215.3699951171875,1234.5799560546875,1234.5799560546875,302400
2020-09-23,1250.3299560546875,1290.9300537109375,1240.43994140625,1248.3900146484375,1248.3900146484375,531800
2020-09-24,1239.489990234375,1245.9300537109375,1215.52001953125,1229.280029296875,1229.280029296875,240500
2020-09-25,1223.8599853515625,1253.47998046875,1217.3900146484375,1244.5,1244.5,234400
2020-09-28,1263.1600341796875,1274.93994140625,1243.5,1263.3499755859375,1263.3499755859375,196100
2020-09-29,1263.260009765625,1266.699951171875,1245.1300048828125,1261.6099853515625,1261.6099853515625,178800
2020-09-30,1261.800048828125,1272.0,1234.3699951171875,1243.7099609375,1243.7099609375,286900
2020-10-01,1255.5699462890625,1265.0,1231.0,1238.02001953125,1238.02001953125,349000
2020-10-02,1214.300048828125,1265.7099609375,1214.0,1254.800048828125,1254.800048828125,281600
2020-10-05,1258.0699462890625,1264.0,1242.0,1253.010009765625,1253.010009765625,200200
2020-10-06,1252.47998046875,1291.97998046875,1248.030029296875,1256.4100341796875,1256.4100341796875,469500
2020-10-07,1272.5999755859375,1295.3499755859375,1266.06005859375,1278.6800537109375,1278.6800537109375,241700
2020-10-08,1287.9200439453125,1288.0,1260.0,1281.75,1281.75,241500
2020-10-09,1287.47998046875,1292.0,1276.9000244140625,1281.989990234375,1281.989990234375,243800
2020-10-12,1291.18994140625,1292.1199951171875,1275.47998046875,1278.9300537109375,1278.9300537109375,204800
2020-10-13,1282.2900390625,1330.0,1272.0699462890625,1325.219970703125,1325.219970703125,400400
2020-10-14,1330.1700439453125,1341.989990234375,1314.800048828125,1321.3699951171875,1321.3699951171875,284600
2020-10-15,1306.1500244140625,1344.9000244140625,1305.0,1343.25,1343.25,261800
2020-10-16,1348.8800048828125,1356.75,1335.530029296875,1339.6800537109375,1339.6800537109375,297500
2020-10-19,1345.0,1357.300048828125,1328.0,1335.5899658203125,1335.5899658203125,320200
2020-10-20,1345.0,1364.3599853515625,1337.9300537109375,1348.469970703125,1348.469970703125,330600
2020-10-21,1344.0799560546875,1366.6600341796875,1338.0,1366.6600341796875,1366.6600341796875,792300
2020-10-22,1292.2099609375,1313.97998046875,1253.8900146484375,1300.2900390625,1300.2900390625,1296500
2020-10-23,1299.8599853515625,1348.5,1296.0,1339.0799560546875,1339.0799560546875,762700
2020-10-26,1323.1300048828125,1326.3399658203125,1285.0,1311.97998046875,1311.97998046875,544100
2020-10-27,1310.72998046875,1314.1400146484375,1296.43994140625,1310.1500244140625,1310.1500244140625,298100
2020-10-28,1292.050048828125,1295.6600341796875,1251.1500244140625,1253.5400390625,1253.5400390625,479400
2020-10-29,1253.02001953125,1264.3900146484375,1239.0699462890625,1242.800048828125,1242.800048828125,284300
2020-10-30,1237.699951171875,1245.1700439453125,1191.31005859375,1201.47998046875,1201.47998046875,491300
2020-11-02,1210.0,1210.0,1172.2900390625,1188.5400390625,1188.5400390625,368700
2020-11-03,1198.4200439453125,1216.6400146484375,1188.239990234375,1209.550048828125,1209.550048828125,322300
2020-11-04,1238.0,1299.0,1234.9000244140625,1277.3699951171875,1277.3699951171875,561400
2020-11-05,1309.719970703125,1312.3599853515625,1283.8499755859375,1310.3199462890625,1310.3199462890625,298900
2020-11-06,1305.0,1331.489990234375,1299.4599609375,1326.1700439453125,1326.1700439453125,269000
2020-11-09,1325.1600341796875,1346.0,1274.030029296875,1278.1300048828125,1278.1300048828125,502800
2020-11-10,1271.949951171875,1280.4000244140625,1220.199951171875,1243.050048828125,1243.050048828125,552600
2020-11-11,1260.739990234375,1319.989990234375,1258.0,1303.9300537109375,1303.9300537109375,350700
2020-11-12,1300.0,1312.8900146484375,1256.52001953125,1259.27001953125,1259.27001953125,322700
2020-11-13,1268.8499755859375,1278.0,1246.5,1251.4300537109375,1251.4300537109375,246000
2020-11-16,1257.8599853515625,1269.449951171875,1241.3800048828125,1260.6700439453125,1260.6700439453125,242900
2020-11-17,1268.4300537109375,1272.4200439453125,1257.0999755859375,1268.47998046875,1268.47998046875,160300
2020-11-18,1265.6199951171875,1301.27001953125,1262.8800048828125,1296.0,1296.0,302800
2020-11-19,1288.81005859375,1315.0,1285.0,1310.4599609375,1310.4599609375,241800
2020-11-20,1307.3199462890625,1308.510009765625,1288.050048828125,1292.5699462890625,1292.5699462890625,202500
2020-11-23,1295.93994140625,1295.93994140625,1271.9200439453125,1281.0,1281.0,261700
2020-11-24,1285.72998046875,1290.25,1261.22998046875,1262.8199462890625,1262.8199462890625,349300
2020-11-25,1269.199951171875,1280.800048828125,1265.260009765625,1276.6800537109375,1276.6800537109375,189500
2020-11-27,1277.0,1299.5,1271.449951171875,1297.77001953125,1297.77001953125,154600
2020-11-30,1297.6800537109375,1297.6800537109375,1264.9599609375,1289.4300537109375,1289.4300537109375,268000
2020-12-01,1290.0,1323.97998046875,1275.2099609375,1321.06005859375,1321.06005859375,335400
2020-12-02,1314.449951171875,1316.8499755859375,1287.06005859375,1297.0,1297.0,220500
2020-12-03,1301.18994140625,1322.6500244140625,1301.0,1308.760009765625,1308.760009765625,209600
2020-12-04,1311.1500244140625,1337.72998046875,1307.5,1334.6199951171875,1334.6199951171875,215500
2020-12-07,1333.5699462890625,1352.1600341796875,1327.0,1347.0999755859375,1347.0999755859375,248300
2020-12-08,1339.43994140625,1348.8599853515625,1322.0,1346.0,1346.0,258100
2020-12-09,1350.0,1358.7099609375,1307.4100341796875,1313.97998046875,1313.97998046875,231100
2020-12-10,1303.969970703125,1325.8499755859375,1300.1600341796875,1317.22998046875,1317.22998046875,165500
2020-12-11,1317.22998046875,1320.6099853515625,1299.5699462890625,1300.0,1300.0,182200
2020-12-14,1308.6500244140625,1313.030029296875,1296.8499755859375,1309.52001953125,1309.52001953125,237400
2020-12-15,1320.1800537109375,1354.47998046875,1318.449951171875,1346.4599609375,1346.4599609375,391600
2020-12-16,1380.0,1422.219970703125,1375.4300537109375,1400.6199951171875,1400.6199951171875,698100
2020-12-17,1407.6099853515625,1421.449951171875,1385.7900390625,1409.6800537109375,1409.6800537109375,376700
2020-12-18,1418.0,1425.0,1410.9599609375,1418.5699462890625,1418.5699462890625,438400
2020-12-21,1400.0,1423.97998046875,1390.8499755859375,1417.989990234375,1417.989990234375,299700
2020-12-22,1418.0,1429.8699951171875,1397.5,1426.300048828125,1426.300048828125,327100
2020-12-23,1434.550048828125,1435.52001953125,1406.050048828125,1410.989990234375,1410.989990234375,199900
2020-12-24,1410.9100341796875,1418.5400390625,1406.8699951171875,1412.550048828125,1412.550048828125,101300
2020-12-28,1423.0,1423.0,1400.800048828125,1401.489990234375,1401.489990234375,174400
2020-12-29,1402.3800048828125,1408.0899658203125,1377.3399658203125,1392.2099609375,1392.2099609375,182300
2020-12-30,1395.0,1398.0999755859375,1373.6199951171875,1374.1700439453125,1374.1700439453125,184400
2020-12-31,1372.0,1393.1400146484375,1363.0,1386.7099609375,1386.7099609375,217700
2021-01-04,1386.6800537109375,1390.0,1312.3399658203125,1319.1199951171875,1319.1199951171875,513900
2021-01-05,1319.1099853515625,1358.22998046875,1316.9100341796875,1355.1099853515625,1355.1099853515625,295100
2021-01-06,1335.4200439453125,1357.4300537109375,1335.0,1343.4100341796875,1343.4100341796875,234200
2021-01-07,1351.0,1378.7099609375,1348.699951171875,1368.1400146484375,1368.1400146484375,236700
2021-01-08,1378.81005859375,1410.510009765625,1374.81005859375,1402.43994140625,1402.43994140625,368900
2021-01-11,1391.3599853515625,1421.5799560546875,1389.1099853515625,1402.6199951171875,1402.6199951171875,227100
2021-01-12,1410.0,1414.3599853515625,1388.68994140625,1401.6400146484375,1401.6400146484375,211300
2021-01-13,1404.72998046875,1407.52001953125,1384.510009765625,1395.0,1395.0,186600
2021-01-14,1418.300048828125,1453.5,1397.68994140625,1411.800048828125,1411.800048828125,426600
2021-01-15,1405.239990234375,1417.77001953125,1398.8199462890625,1405.739990234375,1405.739990234375,208400
2021-01-19,1420.1600341796875,1432.9000244140625,1392.199951171875,1429.47998046875,1429.47998046875,222700
2021-01-20,1443.8199462890625,1483.6400146484375,1437.4000244140625,1480.6199951171875,1480.6199951171875,296000
2021-01-21,1477.199951171875,1508.719970703125,1476.5400390625,1503.6800537109375,1503.6800537109375,298300
2021-01-22,1492.3199462890625,1507.489990234375,1484.18994140625,1494.1800537109375,1494.1800537109375,228300
2021-01-25,1504.0,1510.18994140625,1468.5,1486.3199462890625,1486.3199462890625,198200
2021-01-26,1493.75,1497.050048828125,1481.43994140625,1489.25,1489.25,128600
2021-01-27,1480.0,1498.219970703125,1460.0,1466.3599853515625,1466.3599853515625,277000
2021-01-28,1471.1199951171875,1501.72998046875,1465.8800048828125,1480.5400390625,1480.5400390625,234400
2021-01-29,1474.4200439453125,1502.47998046875,1471.1400146484375,1480.0,1480.0,231200
2021-02-01,1495.0999755859375,1516.68994140625,1479.5400390625,1509.02001953125,1509.02001953125,255600
2021-02-02,1525.06005859375,1553.550048828125,1521.5999755859375,1523.050048828125,1523.050048828125,448500
2021-02-03,1495.02001953125,1529.5,1461.300048828125,1499.989990234375,1499.989990234375,648900
2021-02-04,1506.0,1510.510009765625,1474.06005859375,1479.550048828125,1479.550048828125,350200
2021-02-05,1487.219970703125,1513.5999755859375,1477.219970703125,1506.8800048828125,1506.8800048828125,313900
2021-02-08,1507.77001953125,1511.9000244140625,1491.699951171875,1504.0,1504.0,208700
2021-02-09,1501.25,1564.9100341796875,1501.25,1550.489990234375,1550.489990234375,384300
2021-02-10,1560.199951171875,1560.9200439453125,1525.25,1544.6600341796875,1544.6600341796875,228900
2021-02-11,1543.300048828125,1548.530029296875,1531.9000244140625,1543.1099853515625,1543.1099853515625,168300
2021-02-12,1540.18994140625,1543.3599853515625,1522.0,1527.699951171875,1527.699951171875,139100
2021-02-16,1531.0,1531.0,1476.4599609375,1484.0,1484.0,319600
2021-02-17,1476.4599609375,1477.52001953125,1442.93994140625,1459.5,1459.5,265300
2021-02-18,1448.1600341796875,1466.0400390625,1444.0,1456.31005859375,1456.31005859375,174200
2021-02-19,1468.5999755859375,1483.77001953125,1457.010009765625,1473.0899658203125,1473.0899658203125,244100
2021-02-22,1457.4000244140625,1460.1300048828125,1429.1700439453125,1430.5400390625,1430.5400390625,292600
2021-02-23,1410.81005859375,1422.989990234375,1350.0,1416.239990234375,1416.239990234375,376300
2021-02-24,1417.72998046875,1450.8199462890625,1398.9000244140625,1449.06005859375,1449.06005859375,264600
2021-02-25,1446.75,1447.9599609375,1395.2900390625,1410.739990234375,1410.739990234375,236200
2021-02-26,1429.4300537109375,1460.0400390625,1411.8499755859375,1442.0,1442.0,443500
2021-03-01,1444.8299560546875,1489.989990234375,1444.8299560546875,1484.949951171875,1484.949951171875,281200
2021-03-02,1493.4100341796875,1506.0,1472.3399658203125,1475.5699462890625,1475.5699462890625,258000
2021-03-03,1466.77001953125,1477.6300048828125,1405.3900146484375,1408.219970703125,1408.219970703125,300600
2021-03-04,1402.7099609375,1408.300048828125,1322.4000244140625,1351.1199951171875,1351.1199951171875,507000
2021-03-05,1358.8499755859375,1358.8499755859375,1256.27001953125,1332.280029296875,1332.280029296875,535300
2021-03-08,1332.0,1361.8900146484375,1306.239990234375,1335.0,1335.0,333600
2021-03-09,1372.9000244140625,1433.9599609375,1369.969970703125,1427.6099853515625,1427.6099853515625,529100
2021-03-10,1429.9000244140625,1453.43994140625,1404.4599609375,1416.6700439453125,1416.6700439453125,289800
2021-03-11,1439.989990234375,1468.4300537109375,1436.3199462890625,1462.06005859375,1462.06005859375,327400
2021-03-12,1448.800048828125,1458.56005859375,1432.0,1453.239990234375,1453.239990234375,209900
2021-03-15,1457.0,1491.3800048828125,1449.0899658203125,1485.6099853515625,1485.6099853515625,197500
2021-03-16,1478.0,1511.0,1473.030029296875,1482.68994140625,1482.68994140625,212000
2021-03-17,1470.0,1482.47998046875,1445.25,1478.5999755859375,1478.5999755859375,220800
2021-03-18,1459.9300537109375,1466.0,1425.449951171875,1429.3599853515625,1429.3599853515625,256000
2021-03-19,1437.9599609375,1443.3699951171875,1419.6400146484375,1421.199951171875,1421.199951171875,360900
2021-03-22,1437.469970703125,1460.3399658203125,1428.7900390625,1444.3299560546875,1444.3299560546875,233800
2021-03-23,1444.510009765625,1475.0,1444.510009765625,1451.2900390625,1451.2900390625,238300
2021-03-24,1458.1700439453125,1459.1300048828125,1419.8900146484375,1422.9599609375,1422.9599609375,200000
2021-03-25,1414.550048828125,1436.719970703125,1406.800048828125,1431.8299560546875,1431.8299560546875,282600
2021-03-26,1436.3800048828125,1447.4200439453125,1407.5,1445.47998046875,1445.47998046875,276600
2021-03-29,1435.0,1449.56005859375,1416.8699951171875,1424.6099853515625,1424.6099853515625,185000
2021-03-30,1412.0,1427.5,1401.719970703125,1406.3299560546875,1406.3299560546875,214600
2021-03-31,1420.97998046875,1440.780029296875,1415.260009765625,1420.8199462890625,1420.8199462890625,357600
2021-04-01,1438.1500244140625,1454.4300537109375,1432.4000244140625,1438.4599609375,1438.4599609375,202000
2021-04-05,1455.8599853515625,1459.989990234375,1441.8299560546875,1452.0899658203125,1452.0899658203125,171300
2021-04-06,1459.050048828125,1499.0,1457.050048828125,1487.47998046875,1487.47998046875,251000
2021-04-07,1503.6800537109375,1546.739990234375,1494.010009765625,1500.02001953125,1500.02001953125,523600
2021-04-08,1514.8299560546875,1530.0,1501.0,1524.050048828125,1524.050048828125,229600
2021-04-09,1518.719970703125,1533.760009765625,1503.3199462890625,1531.4200439453125,1531.4200439453125,224800
2021-04-12,1555.31005859375,1579.52001953125,1529.1600341796875,1539.5,1539.5,301900
2021-04-13,1549.75,1559.3299560546875,1518.2099609375,1537.739990234375,1537.739990234375,235300
2021-04-14,1535.949951171875,1544.0,1510.3499755859375,1516.6600341796875,1516.6600341796875,222700
2021-04-15,1527.0,1542.3900146484375,1520.0,1542.3900146484375,1542.3900146484375,231700
2021-04-16,1550.0,1558.8800048828125,1526.800048828125,1535.0400390625,1535.0400390625,187100
2021-04-19,1525.81005859375,1560.8299560546875,1523.3499755859375,1550.010009765625,1550.010009765625,341000
2021-04-20,1554.989990234375,1554.989990234375,1513.0,1532.0899658203125,1532.0899658203125,235900
2021-04-21,1533.050048828125,1535.81005859375,1497.050048828125,1507.6199951171875,1507.6199951171875,509800
2021-04-22,1527.739990234375,1538.989990234375,1464.0699462890625,1480.0,1480.0,671100
2021-04-23,1482.0,1485.050048828125,1461.0,1468.530029296875,1468.530029296875,374000
2021-04-26,1468.260009765625,1475.5,1453.489990234375,1470.7900390625,1470.7900390625,335600
2021-04-27,1479.260009765625,1494.6099853515625,1465.5400390625,1468.8699951171875,1468.8699951171875,228400
2021-04-28,1477.75,1481.9000244140625,1459.9200439453125,1476.1600341796875,1476.1600341796875,211400
2021-04-29,1470.949951171875,1489.7099609375,1459.1099853515625,1484.1099853515625,1484.1099853515625,217900
2021-04-30,1480.0,1501.6500244140625,1479.0,1492.030029296875,1492.030029296875,263000
2021-05-03,1500.0,1500.0,1470.0,1471.0400390625,1471.0400390625,212500
2021-05-04,1466.0,1466.0,1432.300048828125,1450.0,1450.0,249600
2021-05-05,1459.2900390625,1461.18994140625,1420.469970703125,1426.5,1426.5,195500
2021-05-06,1425.68994140625,1427.8299560546875,1392.2099609375,1411.4100341796875,1411.4100341796875,287300
2021-05-07,1422.97998046875,1440.8900146484375,1420.93994140625,1426.050048828125,1426.050048828125,188200
2021-05-10,1405.0,1410.0,1390.3199462890625,1391.8399658203125,1391.8399658203125,235700
2021-05-11,1374.510009765625,1401.0,1360.010009765625,1393.25,1393.25,353400
2021-05-12,1380.300048828125,1384.9599609375,1338.010009765625,1342.02001953125,1342.02001953125,285900
2021-05-13,1350.3299560546875,1357.949951171875,1320.0,1322.699951171875,1322.699951171875,246100
2021-05-14,1333.8800048828125,1364.010009765625,1330.1800537109375,1356.2099609375,1356.2099609375,211600
2021-05-17,1348.0,1354.0,1321.550048828125,1331.5799560546875,1331.5799560546875,228200
2021-05-18,1340.0,1347.4000244140625,1314.0,1324.510009765625,1324.510009765625,247200
2021-05-19,1309.0,1316.9300537109375,1295.0999755859375,1307.18994140625,1307.18994140625,275100
2021-05-20,1338.1300048828125,1353.1800537109375,1336.0,1341.780029296875,1341.780029296875,366400
2021-05-21,1348.31005859375,1355.4000244140625,1327.7900390625,1330.0,1330.0,243200
2021-05-24,1339.0,1358.0699462890625,1333.8199462890625,1342.3599853515625,1342.3599853515625,244500
2021-05-25,1351.3800048828125,1356.4200439453125,1334.3900146484375,1346.1300048828125,1346.1300048828125,233400
2021-05-26,1355.6300048828125,1372.9599609375,1342.780029296875,1345.81005859375,1345.81005859375,290000
2021-05-27,1353.8800048828125,1374.280029296875,1344.719970703125,1365.5999755859375,1365.5999755859375,307100
2021-05-28,1366.0,1381.9300537109375,1357.3299560546875,1371.97998046875,1371.97998046875,254100
2021-06-01,1372.0,1378.68994140625,1342.1800537109375,1361.1300048828125,1361.1300048828125,349800
2021-06-02,1354.0999755859375,1364.6199951171875,1352.47998046875,1362.3900146484375,1362.3900146484375,371600
2021-06-03,1356.22998046875,1362.6500244140625,1330.6600341796875,1333.0400390625,1333.0400390625,297200
2021-06-04,1338.6700439453125,1351.3699951171875,1323.969970703125,1326.3399658203125,1326.3399658203125,283800
2021-06-07,1324.0,1338.43994140625,1320.8299560546875,1323.260009765625,1323.260009765625,200100
2021-06-08,1336.1500244140625,1352.800048828125,1328.800048828125,1336.6400146484375,1336.6400146484375,404300
2021-06-09,1344.1800537109375,1344.5,1326.7099609375,1328.5699462890625,1328.5699462890625,192400
2021-06-10,1336.1700439453125,1344.699951171875,1322.6700439453125,1344.68994140625,1344.68994140625,203800
2021-06-11,1345.0,1367.9100341796875,1344.56005859375,1366.800048828125,1366.800048828125,287600
2021-06-14,1396.1300048828125,1407.489990234375,1380.8900146484375,1391.3299560546875,1391.3299560546875,420200
2021-06-15,1386.760009765625,1392.030029296875,1356.97998046875,1370.6400146484375,1370.6400146484375,317000
2021-06-16,1377.0,1384.43994140625,1355.0899658203125,1383.3800048828125,1383.3800048828125,273000
2021-06-17,1380.1700439453125,1409.4300537109375,1379.5799560546875,1394.22998046875,1394.22998046875,331800
2021-06-18,1380.0,1405.6300048828125,1380.0,1399.6300048828125,1399.6300048828125,352100
2021-06-21,1390.0,1431.8800048828125,1385.02001953125,1426.5999755859375,1426.5999755859375,327800
2021-06-22,1425.8199462890625,1451.0,1420.6800537109375,1447.6400146484375,1447.6400146484375,279000
2021-06-23,1442.18994140625,1457.8900146484375,1442.18994140625,1455.3699951171875,1455.3699951171875,188800
2021-06-24,1467.510009765625,1490.6700439453125,1461.949951171875,1489.219970703125,1489.219970703125,321600
2021-06-25,1493.550048828125,1520.9300537109375,1488.6500244140625,1518.75,1518.75,538500
2021-06-28,1519.0699462890625,1530.0699462890625,1492.3599853515625,1507.81005859375,1507.81005859375,280900
2021-06-29,1508.0,1536.760009765625,1503.1099853515625,1534.280029296875,1534.280029296875,268000
2021-06-30,1535.06005859375,1556.0,1531.3299560546875,1550.3399658203125,1550.3399658203125,382900
2021-07-01,1543.9000244140625,1546.6500244140625,1525.0,1538.22998046875,1538.22998046875,322900
2021-07-02,1550.010009765625,1571.9000244140625,1546.800048828125,1566.3699951171875,1566.3699951171875,225600
2021-07-06,1570.9200439453125,1571.8800048828125,1558.3699951171875,1566.4100341796875,1566.4100341796875,220700
2021-07-07,1571.0999755859375,1597.97998046875,1569.0,1583.989990234375,1583.989990234375,218300
2021-07-08,1557.72998046875,1589.719970703125,1547.489990234375,1576.050048828125,1576.050048828125,300400
2021-07-09,1574.77001953125,1596.68994140625,1573.7099609375,1592.25,1592.25,196500
2021-07-12,1589.0,1617.9300537109375,1589.0,1615.56005859375,1615.56005859375,261200
2021-07-13,1613.8299560546875,1626.5699462890625,1606.3599853515625,1607.2900390625,1607.2900390625,206800
2021-07-14,1614.8299560546875,1623.050048828125,1602.010009765625,1619.97998046875,1619.97998046875,228000
2021-07-15,1622.31005859375,1622.31005859375,1570.0,1581.8599853515625,1581.8599853515625,254800
2021-07-16,1592.5999755859375,1592.5999755859375,1558.3800048828125,1560.489990234375,1560.489990234375,233500
2021-07-19,1533.8399658203125,1553.199951171875,1525.010009765625,1551.1600341796875,1551.1600341796875,253500
2021-07-20,1571.260009765625,1587.1199951171875,1556.7099609375,1574.3499755859375,1574.3499755859375,431000
2021-07-21,1656.8499755859375,1778.2900390625,1656.8499755859375,1755.989990234375,1755.989990234375,1401500
2021-07-22,1747.6500244140625,1806.6600341796875,1741.1500244140625,1798.4000244140625,1798.4000244140625,569700
2021-07-23,1809.0,1833.5,1784.0,1830.9200439453125,1830.9200439453125,426600
2021-07-26,1828.2099609375,1840.22998046875,1803.699951171875,1806.8699951171875,1806.8699951171875,314000
2021-07-27,1806.8699951171875,1841.52001953125,1796.0400390625,1835.1199951171875,1835.1199951171875,260000
2021-07-28,1826.2900390625,1834.239990234375,1798.4100341796875,1816.260009765625,1816.260009765625,261500
2021-07-29,1816.260009765625,1853.0,1816.260009765625,1846.1500244140625,1846.1500244140625,210300
2021-07-30,1840.6400146484375,1866.8299560546875,1833.56005859375,1863.43994140625,1863.43994140625,261700
2021-08-02,1876.9100341796875,1877.780029296875,1855.6600341796875,1864.4200439453125,1864.4200439453125,204700
2021-08-03,1872.5899658203125,1888.3599853515625,1854.47998046875,1884.489990234375,1884.489990234375,243500
2021-08-04,1886.3900146484375,1905.8599853515625,1876.4000244140625,1898.8299560546875,1898.8299560546875,268200
2021-08-05,1912.75,1912.75,1877.0,1899.97998046875,1899.97998046875,215400
2021-08-06,1890.9200439453125,1900.989990234375,1885.219970703125,1887.1500244140625,1887.1500244140625,135500
2021-08-09,1890.06005859375,1893.6800537109375,1872.0,1875.0699462890625,1875.0699462890625,159000
2021-08-10,1882.2099609375,1885.0,1861.5899658203125,1866.7900390625,1866.7900390625,211100
2021-08-11,1866.22998046875,1877.1400146484375,1853.4200439453125,1856.4599609375,1856.4599609375,137800
2021-08-12,1852.8499755859375,1884.1500244140625,1852.8499755859375,1877.3499755859375,1877.3499755859375,126900
2021-08-13,1878.6099853515625,1891.219970703125,1870.739990234375,1887.81005859375,1887.81005859375,92900
2021-08-16,1878.010009765625,1884.0,1862.0,1877.3699951171875,1877.3699951171875,144300
2021-08-17,1871.3499755859375,1876.5799560546875,1855.0,1869.6099853515625,1869.6099853515625,150900
2021-08-18,1870.8299560546875,1877.0,1850.1800537109375,1851.47998046875,1851.47998046875,106600
2021-08-19,1840.0,1874.449951171875,1840.0,1870.739990234375,1870.739990234375,129500
2021-08-20,1877.800048828125,1897.5,1871.449951171875,1891.5400390625,1891.5400390625,124700
2021-08-23,1897.0400390625,1936.760009765625,1894.6199951171875,1912.0,1912.0,192800
2021-08-24,1916.6700439453125,1927.7099609375,1910.9100341796875,1920.52001953125,1920.52001953125,130300
2021-08-25,1932.1700439453125,1940.989990234375,1920.3299560546875,1924.5,1924.5,165600
2021-08-26,1920.0,1924.260009765625,1899.030029296875,1906.530029296875,1906.530029296875,169100
2021-08-27,1917.699951171875,1930.239990234375,1910.0899658203125,1918.949951171875,1918.949951171875,178700
2021-08-30,1919.0,1932.6099853515625,1910.8499755859375,1916.0699462890625,1916.0699462890625,164700
2021-08-31,1924.800048828125,1924.800048828125,1896.050048828125,1903.3299560546875,1903.3299560546875,314400
2021-09-01,1908.0,1911.3800048828125,1892.4000244140625,1898.3399658203125,1898.3399658203125,190000
2021-09-02,1907.800048828125,1907.800048828125,1894.7099609375,1902.800048828125,1902.800048828125,145600
2021-09-03,1897.1300048828125,1921.9300537109375,1890.0,1920.010009765625,1920.010009765625,156600
2021-09-07,1916.43994140625,1923.9599609375,1892.489990234375,1894.8199462890625,1894.8199462890625,313900
2021-09-08,1914.0899658203125,1920.5400390625,1890.550048828125,1905.699951171875,1905.699951171875,261300
2021-09-09,1910.219970703125,1930.8499755859375,1906.3699951171875,1909.699951171875,1909.699951171875,218800
2021-09-10,1926.3599853515625,1926.6800537109375,1899.68994140625,1901.030029296875,1901.030029296875,206700
2021-09-13,1900.8499755859375,1902.9000244140625,1852.1400146484375,1867.18994140625,1867.18994140625,292800
2021-09-14,1875.56005859375,1875.56005859375,1849.3199462890625,1859.7900390625,1859.7900390625,208900
2021-09-15,1858.1199951171875,1885.5799560546875,1840.0,1880.0799560546875,1880.0799560546875,301500
2021-09-16,1900.0,1921.5999755859375,1889.1800537109375,1917.8800048828125,1917.8800048828125,357800
2021-09-17,1937.72998046875,1937.72998046875,1898.8499755859375,1909.02001953125,1909.02001953125,470200
2021-09-20,1884.0,1899.93994140625,1859.3299560546875,1884.3299560546875,1884.3299560546875,386900
2021-09-21,1895.449951171875,1906.3399658203125,1872.77001953125,1897.4200439453125,1897.4200439453125,340300
2021-09-22,1902.52001953125,1940.0,1900.0,1935.0400390625,1935.0400390625,223800
2021-09-23,1943.0,1958.550048828125,1936.9200439453125,1944.050048828125,1944.050048828125,205100
2021-09-24,1945.0,1950.0,1919.9300537109375,1937.219970703125,1937.219970703125,136200
2021-09-27,1929.25,1936.47998046875,1883.8800048828125,1899.5,1899.5,248800
2021-09-28,1878.6099853515625,1882.0,1828.52001953125,1839.4000244140625,1839.4000244140625,295400
2021-09-29,1857.0,1866.760009765625,1843.739990234375,1846.5400390625,1846.5400390625,182500
2021-09-30,1847.75,1862.0,1816.31005859375,1817.52001953125,1817.52001953125,274500
2021-10-01,1836.5799560546875,1836.5799560546875,1788.3800048828125,1828.5999755859375,1828.5999755859375,298300
2021-10-04,1834.8900146484375,1836.219970703125,1792.1600341796875,1804.77001953125,1804.77001953125,291100
2021-10-05,1826.9000244140625,1857.9200439453125,1812.530029296875,1830.1199951171875,1830.1199951171875,239400
2021-10-06,1811.1400146484375,1838.989990234375,1806.489990234375,1833.8900146484375,1833.8900146484375,132300
2021-10-07,1855.18994140625,1870.510009765625,1845.02001953125,1846.6700439453125,1846.6700439453125,142700
2021-10-08,1847.0,1854.719970703125,1814.56005859375,1817.6099853515625,1817.6099853515625,160500
2021-10-11,1816.6700439453125,1817.800048828125,1776.0799560546875,1783.8599853515625,1783.8599853515625,240100
2021-10-12,1797.6300048828125,1814.7099609375,1778.0,1803.5699462890625,1803.5699462890625,225500
2021-10-13,1810.0,1817.5999755859375,1791.0400390625,1810.550048828125,1810.550048828125,152100
2021-10-14,1827.8499755859375,1848.22998046875,1823.5799560546875,1840.68994140625,1840.68994140625,254200
2021-10-15,1854.72998046875,1854.72998046875,1826.0999755859375,1830.9300537109375,1830.9300537109375,166600
2021-10-18,1834.0,1861.52001953125,1827.8800048828125,1852.6700439453125,1852.6700439453125,221200
2021-10-19,1863.9300537109375,1866.43994140625,1840.6300048828125,1841.1400146484375,1841.1400146484375,141300
2021-10-20,1832.0699462890625,1833.989990234375,1803.43994140625,1823.0899658203125,1823.0899658203125,263000
2021-10-21,1816.7099609375,1849.4300537109375,1812.18994140625,1843.8299560546875,1843.8299560546875,384700
2021-10-22,1843.75,1855.5999755859375,1773.699951171875,1792.2099609375,1792.2099609375,590800
2021-10-25,1792.2099609375,1798.719970703125,1761.5799560546875,1774.97998046875,1774.97998046875,285200
2021-10-26,1782.2099609375,1790.5,1740.1600341796875,1748.47998046875,1748.47998046875,254400
2021-10-27,1754.4200439453125,1787.6700439453125,1748.06005859375,1766.06005859375,1766.06005859375,221600
2021-10-28,1766.0,1786.72998046875,1762.6199951171875,1777.6300048828125,1777.6300048828125,191000
2021-10-29,1759.739990234375,1785.8399658203125,1756.1600341796875,1779.030029296875,1779.030029296875,175000
2021-11-01,1784.5400390625,1808.449951171875,1778.219970703125,1801.18994140625,1801.18994140625,274000
2021-11-02,1803.7099609375,1810.9000244140625,1797.7900390625,1799.6400146484375,1799.6400146484375,191900
2021-11-03,1791.4000244140625,1794.7900390625,1760.0,1777.1099853515625,1777.1099853515625,203300
2021-11-04,1778.719970703125,1809.1300048828125,1775.0,1808.1600341796875,1808.1600341796875,226900
2021-11-05,1815.0,1829.43994140625,1791.27001953125,1794.3499755859375,1794.3499755859375,211100
2021-11-08,1803.4300537109375,1815.030029296875,1791.4599609375,1799.9100341796875,1799.9100341796875,160700
2021-11-09,1803.699951171875,1815.0899658203125,1788.0,1814.9000244140625,1814.9000244140625,171800
2021-11-10,1794.0,1823.0,1794.0,1812.010009765625,1812.010009765625,229900
2021-11-11,1815.5899658203125,1818.969970703125,1805.0,1816.0,1816.0,192900
2021-11-12,1819.27001953125,1865.6400146484375,1815.0999755859375,1863.0,1863.0,346400
2021-11-15,1870.0,1895.989990234375,1832.81005859375,1839.3800048828125,1839.3800048828125,233900
2021-11-16,1840.0,1850.030029296875,1821.6199951171875,1827.5400390625,1827.5400390625,135900
2021-11-17,1835.8199462890625,1839.0,1796.030029296875,1806.0,1806.0,181200
2021-11-18,1803.8599853515625,1806.949951171875,1768.010009765625,1779.1700439453125,1779.1700439453125,190500
2021-11-19,1780.050048828125,1780.050048828125,1752.75,1754.9000244140625,1754.9000244140625,249800
2021-11-22,1766.1099853515625,1766.989990234375,1704.8499755859375,1721.4200439453125,1721.4200439453125,240200
2021-11-23,1715.300048828125,1730.0,1671.5,1708.469970703125,1708.469970703125,374400
2021-11-24,1690.550048828125,1716.6700439453125,1680.0,1707.9300537109375,1707.9300537109375,108800
2021-11-26,1678.1500244140625,1703.0999755859375,1671.1199951171875,1686.8800048828125,1686.8800048828125,141700
2021-11-29,1702.449951171875,1702.449951171875,1672.1700439453125,1678.0999755859375,1678.0999755859375,141400
2021-11-30,1670.3199462890625,1682.1099853515625,1635.0,1643.4100341796875,1643.4100341796875,270600
2021-12-01,1656.0,1683.3499755859375,1600.1199951171875,1602.0799560546875,1602.0799560546875,266100
2021-12-02,1610.0999755859375,1628.0,1582.72998046875,1611.43994140625,1611.43994140625,313200
2021-12-03,1627.25,1630.0,1576.0,1592.0999755859375,1592.0999755859375,425600
2021-12-06,1597.6800537109375,1636.8900146484375,1567.9599609375,1623.4599609375,1623.4599609375,243500
2021-12-07,1656.0999755859375,1727.0,1652.219970703125,1711.739990234375,1711.739990234375,354300
2021-12-08,1720.7900390625,1748.489990234375,1707.969970703125,1739.2099609375,1739.2099609375,206700
2021-12-09,1741.8299560546875,1755.1500244140625,1717.3399658203125,1722.5999755859375,1722.5999755859375,217900
2021-12-10,1737.56005859375,1745.010009765625,1712.1199951171875,1721.4000244140625,1721.4000244140625,180100
2021-12-13,1714.9599609375,1717.2099609375,1680.2099609375,1690.9300537109375,1690.9300537109375,202500
2021-12-14,1676.5999755859375,1687.5,1655.9200439453125,1677.199951171875,1677.199951171875,159400
2021-12-15,1676.81005859375,1704.989990234375,1653.199951171875,1701.1700439453125,1701.1700439453125,178500
2021-12-16,1714.949951171875,1724.6600341796875,1662.0,1678.969970703125,1678.969970703125,171100
2021-12-17,1681.969970703125,1720.9599609375,1654.97998046875,1683.8399658203125,1683.8399658203125,382700
2021-12-20,1668.0799560546875,1688.0,1653.5999755859375,1679.8399658203125,1679.8399658203125,192600
2021-12-21,1686.8299560546875,1726.1700439453125,1684.0899658203125,1723.8900146484375,1723.8900146484375,146700
2021-12-22,1734.8199462890625,1748.719970703125,1721.1600341796875,1744.6600341796875,1744.6600341796875,168200
2021-12-23,1749.300048828125,1756.75,1732.760009765625,1748.6700439453125,1748.6700439453125,149600
2021-12-27,1748.0,1771.3499755859375,1748.0,1766.239990234375,1766.239990234375,143600
2021-12-28,1768.0,1776.6700439453125,1747.010009765625,1752.9100341796875,1752.9100341796875,114600
2021-12-29,1739.449951171875,1761.800048828125,1739.449951171875,1748.5999755859375,1748.5999755859375,102200
2021-12-30,1740.0799560546875,1763.6199951171875,1740.0799560546875,1747.219970703125,1747.219970703125,118500
2021-12-31,1746.0899658203125,1761.8900146484375,1744.1300048828125,1748.25,1748.25,104300
2022-01-03,1740.0,1749.0699462890625,1682.4200439453125,1690.6700439453125,1690.6700439453125,272000
2022-01-04,1686.31005859375,1690.72998046875,1614.81005859375,1647.3199462890625,1647.3199462890625,382300
2022-01-05,1647.3199462890625,1647.3199462890625,1591.280029296875,1594.550048828125,1594.550048828125,312700
2022-01-06,1595.010009765625,1647.8399658203125,1589.949951171875,1620.969970703125,1620.969970703125,263200
2022-01-07,1620.5999755859375,1650.0,1596.0400390625,1597.81005859375,1597.81005859375,297800
2022-01-10,1573.949951171875,1580.219970703125,1502.3199462890625,1543.4599609375,1543.4599609375,453700
2022-01-11,1536.010009765625,1592.81005859375,1530.0,1581.6099853515625,1581.6099853515625,292700
2022-01-12,1590.0,1596.25,1550.2900390625,1554.0699462890625,1554.0699462890625,237400
2022-01-13,1554.06005859375,1576.9200439453125,1504.77001953125,1507.4300537109375,1507.4300537109375,312600
2022-01-14,1514.510009765625,1530.0,1460.0,1498.1300048828125,1498.1300048828125,342800
2022-01-18,1487.0,1507.0,1469.0,1477.75,1477.75,423200
2022-01-19,1483.93994140625,1502.260009765625,1465.0,1467.6800537109375,1467.6800537109375,331900
2022-01-20,1485.9599609375,1505.0,1417.27001953125,1420.43994140625,1420.43994140625,340500
2022-01-21,1410.0,1411.25,1369.9200439453125,1378.4000244140625,1378.4000244140625,550700
2022-01-24,1335.0,1420.3800048828125,1296.7900390625,1416.5699462890625,1416.5699462890625,781300
2022-01-25,1389.8800048828125,1399.989990234375,1359.0,1368.4000244140625,1368.4000244140625,449500
2022-01-26,1407.18994140625,1426.4100341796875,1346.6300048828125,1358.4599609375,1358.4599609375,317300
2022-01-27,1376.8499755859375,1397.0,1343.3499755859375,1345.1400146484375,1345.1400146484375,271000
2022-01-28,1344.0699462890625,1411.8699951171875,1333.550048828125,1410.02001953125,1410.02001953125,298900
2022-01-31,1422.75,1489.010009765625,1422.75,1485.5799560546875,1485.5799560546875,461700
2022-02-01,1500.0,1513.1700439453125,1473.3199462890625,1512.449951171875,1512.449951171875,264700
2022-02-02,1520.0,1521.0799560546875,1482.06005859375,1484.5699462890625,1484.5699462890625,347400
2022-02-03,1455.8800048828125,1469.4000244140625,1440.6500244140625,1447.43994140625,1447.43994140625,382600
2022-02-04,1441.510009765625,1499.1199951171875,1438.0899658203125,1483.43994140625,1483.43994140625,346900
2022-02-07,1485.8599853515625,1505.0,1445.4200439453125,1452.93994140625,1452.93994140625,332400
2022-02-08,1453.0,1473.1199951171875,1434.699951171875,1460.3499755859375,1460.3499755859375,801600
2022-02-09,1575.3399658203125,1616.0,1545.0,1608.739990234375,1608.739990234375,1082100
2022-02-10,1586.9000244140625,1606.739990234375,1565.8900146484375,1578.0,1578.0,367000
2022-02-11,1588.050048828125,1597.8800048828125,1545.1300048828125,1561.47998046875,1561.47998046875,307700
2022-02-14,1557.8399658203125,1592.969970703125,1547.760009765625,1563.949951171875,1563.949951171875,314100
2022-02-15,1579.1500244140625,1595.0,1557.5899658203125,1566.989990234375,1566.989990234375,222400
2022-02-16,1550.0,1580.989990234375,1538.25,1575.4300537109375,1575.4300537109375,268700
2022-02-17,1562.3199462890625,1565.1800537109375,1499.4599609375,1509.8599853515625,1509.8599853515625,383800
2022-02-18,1506.0799560546875,1548.1500244140625,1506.0799560546875,1523.3199462890625,1523.3199462890625,245300
2022-02-22,1508.489990234375,1530.489990234375,1453.550048828125,1480.06005859375,1480.06005859375,376500
2022-02-23,1482.3699951171875,1495.0999755859375,1421.449951171875,1428.8900146484375,1428.8900146484375,282700
2022-02-24,1370.2099609375,1487.5,1362.0,1484.6099853515625,1484.6099853515625,393400
2022-02-25,1477.3900146484375,1500.0400390625,1458.300048828125,1497.0,1497.0,211600
2022-02-28,1488.5999755859375,1526.56005859375,1466.0699462890625,1523.3499755859375,1523.3499755859375,266900
2022-03-01,1516.9300537109375,1523.56005859375,1478.72998046875,1487.949951171875,1487.949951171875,282300
2022-03-02,1491.4000244140625,1499.4000244140625,1466.9300537109375,1496.5799560546875,1496.5799560546875,205700
2022-03-03,1509.9300537109375,1511.1600341796875,1458.5,1462.1700439453125,1462.1700439453125,208500
2022-03-04,1457.1300048828125,1460.6800537109375,1413.5999755859375,1442.280029296875,1442.280029296875,190000
2022-03-07,1449.449951171875,1449.449951171875,1314.2099609375,1323.9599609375,1323.9599609375,459100
2022-03-08,1315.0,1355.8399658203125,1277.4100341796875,1313.5999755859375,1313.5999755859375,395000
2022-03-09,1336.5999755859375,1422.6800537109375,1336.5999755859375,1420.6300048828125,1420.6300048828125,387300
2022-03-10,1407.7900390625,1469.3499755859375,1402.18994140625,1469.030029296875,1469.030029296875,404000
2022-03-11,1466.4000244140625,1518.47998046875,1466.4000244140625,1475.4100341796875,1475.4100341796875,591700
2022-03-14,1461.5,1505.1600341796875,1461.0799560546875,1471.969970703125,1471.969970703125,357400
2022-03-15,1479.760009765625,1526.8699951171875,1478.1300048828125,1493.6500244140625,1493.6500244140625,313500
2022-03-16,1523.6199951171875,1559.6300048828125,1511.0899658203125,1554.739990234375,1554.739990234375,287900
2022-03-17,1530.0,1564.489990234375,1530.0,1563.550048828125,1563.550048828125,195800
2022-03-18,1566.8599853515625,1595.4200439453125,1550.1400146484375,1587.72998046875,1587.72998046875,313500
2022-03-21,1580.0,1592.030029296875,1521.8699951171875,1540.2099609375,1540.2099609375,249400
2022-03-22,1547.739990234375,1569.0,1542.510009765625,1558.3399658203125,1558.3399658203125,147400
2022-03-23,1550.0,1551.550048828125,1520.02001953125,1541.6700439453125,1541.6700439453125,291100
2022-03-24,1548.469970703125,1567.8599853515625,1525.0,1565.93994140625,1565.93994140625,175600
2022-03-25,1574.3499755859375,1574.449951171875,1537.489990234375,1556.3699951171875,1556.3699951171875,137800
2022-03-28,1556.8599853515625,1586.0,1546.449951171875,1575.1099853515625,1575.1099853515625,143100
2022-03-29,1600.0,1614.56005859375,1570.010009765625,1590.3299560546875,1590.3299560546875,196500
2022-03-30,1573.7099609375,1584.68994140625,1554.0,1574.0899658203125,1574.0899658203125,202600
2022-03-31,1591.5400390625,1613.4000244140625,1574.0999755859375,1582.030029296875,1582.030029296875,209900
2022-04-01,1586.0,1594.469970703125,1570.010009765625,1594.0400390625,1594.0400390625,149300
2022-04-04,1585.7099609375,1611.8900146484375,1582.18994140625,1610.75,1610.75,146200
2022-04-05,1608.0799560546875,1627.4599609375,1582.2099609375,1604.68994140625,1604.68994140625,201400
2022-04-06,1580.9000244140625,1583.0,1526.550048828125,1550.8499755859375,1550.8499755859375,202600
2022-04-07,1541.27001953125,1555.3199462890625,1516.3299560546875,1544.18994140625,1544.18994140625,215800
2022-04-08,1532.0899658203125,1557.260009765625,1531.5699462890625,1543.989990234375,1543.989990234375,143300
2022-04-11,1526.9599609375,1534.0799560546875,1482.489990234375,1511.469970703125,1511.469970703125,187300
2022-04-12,1531.0,1574.989990234375,1525.8499755859375,1532.6099853515625,1532.6099853515625,181600
2022-04-13,1533.969970703125,1593.550048828125,1533.3900146484375,1590.0,1590.0,177900
2022-04-14,1602.72998046875,1612.3399658203125,1590.239990234375,1603.1700439453125,1603.1700439453125,199000
2022-04-18,1591.25,1612.0,1577.3499755859375,1589.760009765625,1589.760009765625,165400
2022-04-19,1589.760009765625,1639.9599609375,1589.760009765625,1632.030029296875,1632.030029296875,230700
2022-04-20,1643.239990234375,1645.0,1610.0,1612.5799560546875,1612.5799560546875,149200
2022-04-21,1627.1500244140625,1634.9100341796875,1519.739990234375,1521.1099853515625,1521.1099853515625,305000
2022-04-22,1509.3900146484375,1537.239990234375,1475.6099853515625,1480.8499755859375,1480.8499755859375,235000
2022-04-25,1470.0,1516.8699951171875,1446.010009765625,1516.0,1516.0,270400
2022-04-26,1493.0799560546875,1497.3800048828125,1425.5,1438.2099609375,1438.2099609375,444300
2022-04-27,1497.6099853515625,1512.52001953125,1425.97998046875,1475.6300048828125,1475.6300048828125,538900
2022-04-28,1504.010009765625,1526.699951171875,1462.75,1500.8199462890625,1500.8199462890625,299700
2022-04-29,1492.739990234375,1512.06005859375,1451.1099853515625,1455.6099853515625,1455.6099853515625,262300
2022-05-02,1451.1700439453125,1462.6199951171875,1409.77001953125,1461.1600341796875,1461.1600341796875,233700
2022-05-03,1456.9000244140625,1463.9599609375,1420.8299560546875,1447.5400390625,1447.5400390625,223200
2022-05-04,1450.4599609375,1456.699951171875,1381.0,1434.530029296875,1434.530029296875,418500
2022-05-05,1415.5699462890625,1430.300048828125,1344.489990234375,1369.8599853515625,1369.8599853515625,496900
2022-05-06,1345.0,1365.969970703125,1312.030029296875,1354.530029296875,1354.530029296875,298900
2022-05-09,1323.6099853515625,1330.0,1272.0,1276.5699462890625,1276.5699462890625,398000
2022-05-10,1296.4599609375,1338.77001953125,1272.93994140625,1321.0799560546875,1321.0799560546875,396300
2022-05-11,1310.18994140625,1361.3900146484375,1278.989990234375,1281.68994140625,1281.68994140625,312200
2022-05-12,1261.43994140625,1303.8599853515625,1242.7099609375,1281.1199951171875,1281.1199951171875,343000
2022-05-13,1298.8800048828125,1338.0,1298.8800048828125,1318.280029296875,1318.280029296875,220500
2022-05-16,1308.8499755859375,1323.9200439453125,1293.550048828125,1299.0699462890625,1299.0699462890625,174000
2022-05-17,1328.6199951171875,1334.6300048828125,1295.25,1322.06005859375,1322.06005859375,170500
2022-05-18,1299.3800048828125,1305.6199951171875,1240.0,1252.8900146484375,1252.8900146484375,308100
2022-05-19,1238.77001953125,1290.3399658203125,1233.25,1272.489990234375,1272.489990234375,233700
2022-05-20,1293.0,1296.75,1256.3900146484375,1294.1099853515625,1294.1099853515625,348100
2022-05-23,1298.56005859375,1312.3699951171875,1264.510009765625,1289.7900390625,1289.7900390625,336800
2022-05-24,1278.68994140625,1278.68994140625,1230.9100341796875,1266.6400146484375,1266.6400146484375,370400
2022-05-25,1245.0,1305.0699462890625,1237.1800537109375,1288.77001953125,1288.77001953125,252800
2022-05-26,1304.1600341796875,1348.75,1296.510009765625,1340.9100341796875,1340.9100341796875,225500
2022-05-27,1357.7900390625,1406.6700439453125,1357.7900390625,1402.4200439453125,1402.4200439453125,253700
2022-05-31,1395.0,1414.3800048828125,1377.02001953125,1402.550048828125,1402.550048828125,257200
2022-06-01,1401.3499755859375,1413.449951171875,1349.4300537109375,1374.719970703125,1374.719970703125,213400
2022-06-02,1360.47998046875,1397.760009765625,1360.47998046875,1396.989990234375,1396.989990234375,216000
2022-06-03,1379.0,1392.1500244140625,1364.0799560546875,1375.06005859375,1375.06005859375,113900
2022-06-06,1390.93994140625,1390.93994140625,1368.199951171875,1376.800048828125,1376.800048828125,145900
2022-06-07,1355.75,1394.1400146484375,1355.510009765625,1390.43994140625,1390.43994140625,175200
2022-06-08,1387.969970703125,1396.989990234375,1371.6300048828125,1373.3499755859375,1373.3499755859375,194900
2022-06-09,1362.989990234375,1391.0,1362.989990234375,1369.5899658203125,1369.5899658203125,175300
2022-06-10,1338.4300537109375,1343.3800048828125,1301.780029296875,1317.0400390625,1317.0400390625,312500
2022-06-13,1270.9599609375,1285.1800537109375,1213.9200439453125,1232.6800537109375,1232.6800537109375,367200
2022-06-14,1223.3800048828125,1245.199951171875,1196.280029296875,1204.010009765625,1204.010009765625,228500
2022-06-15,1233.56005859375,1290.0,1232.1500244140625,1266.1600341796875,1266.1600341796875,312900
2022-06-16,1247.489990234375,1247.489990234375,1205.8499755859375,1214.56005859375,1214.56005859375,308400
2022-06-17,1218.8299560546875,1259.6600341796875,1218.0699462890625,1245.5999755859375,1245.5999755859375,392600
2022-06-21,1263.97998046875,1278.4100341796875,1258.760009765625,1261.239990234375,1261.239990234375,178400
2022-06-22,1241.2900390625,1270.7900390625,1230.0699462890625,1254.0,1254.0,175700
2022-06-23,1265.030029296875,1292.6300048828125,1254.949951171875,1289.52001953125,1289.52001953125,191800
2022-06-24,1299.06005859375,1329.0400390625,1296.0,1329.02001953125,1329.02001953125,231300
2022-06-27,1349.1500244140625,1350.6199951171875,1320.3699951171875,1331.7099609375,1331.7099609375,199600
2022-06-28,1331.8499755859375,1346.1700439453125,1287.5,1288.8699951171875,1288.8699951171875,180300
2022-06-29,1292.0,1296.9100341796875,1276.989990234375,1288.199951171875,1288.199951171875,161600
2022-06-30,1282.280029296875,1321.81005859375,1270.030029296875,1307.260009765625,1307.260009765625,260900
2022-07-01,1302.0799560546875,1317.81005859375,1290.56005859375,1306.800048828125,1306.800048828125,177700
2022-07-05,1284.4300537109375,1372.93994140625,1270.489990234375,1362.7099609375,1362.7099609375,288400
2022-07-06,1360.780029296875,1369.489990234375,1329.949951171875,1342.3299560546875,1342.3299560546875,166900
2022-07-07,1344.6199951171875,1368.6199951171875,1337.949951171875,1351.239990234375,1351.239990234375,154000
2022-07-08,1343.6300048828125,1352.5,1328.6099853515625,1339.280029296875,1339.280029296875,154200
2022-07-11,1322.1099853515625,1328.9300537109375,1288.9000244140625,1290.0899658203125,1290.0899658203125,202000
2022-07-12,1290.0,1303.0,1256.3299560546875,1261.4599609375,1261.4599609375,203100
2022-07-13,1236.5400390625,1285.1300048828125,1233.6099853515625,1275.5699462890625,1275.5699462890625,233700
2022-07-14,1265.0,1269.6199951171875,1236.030029296875,1265.8399658203125,1265.8399658203125,158300
2022-07-15,1285.4100341796875,1306.780029296875,1277.0,1299.989990234375,1299.989990234375,207700
2022-07-18,1315.0,1354.2099609375,1312.0,1319.1600341796875,1319.1600341796875,254700
2022-07-19,1335.5699462890625,1347.8199462890625,1329.8399658203125,1342.530029296875,1342.530029296875,161900
2022-07-20,1343.0,1379.6199951171875,1343.0,1374.8800048828125,1374.8800048828125,253200
2022-07-21,1344.719970703125,1372.1199951171875,1329.6199951171875,1368.0400390625,1368.0400390625,317800
2022-07-22,1375.25,1385.0,1335.550048828125,1347.3299560546875,1347.3299560546875,193700
2022-07-25,1354.22998046875,1354.22998046875,1313.02001953125,1328.8699951171875,1328.8699951171875,329900
2022-07-26,1318.1600341796875,1327.0999755859375,1291.6300048828125,1316.4300537109375,1316.4300537109375,503000
2022-07-27,1433.75,1529.489990234375,1433.43994140625,1510.0,1510.0,1432600
2022-07-28,1508.8499755859375,1548.6800537109375,1491.0,1538.8800048828125,1538.8800048828125,414800
2022-07-29,1543.8800048828125,1574.469970703125,1532.300048828125,1564.219970703125,1564.219970703125,309800
2022-08-01,1558.6099853515625,1579.9300537109375,1549.0999755859375,1557.3800048828125,1557.3800048828125,213100
2022-08-02,1549.0999755859375,1576.949951171875,1546.030029296875,1549.8499755859375,1549.8499755859375,137100
2022-08-03,1561.18994140625,1598.800048828125,1550.0999755859375,1585.030029296875,1585.030029296875,214700
2022-08-04,1584.93994140625,1599.0,1576.8399658203125,1584.3299560546875,1584.3299560546875,203100
2022-08-05,1570.1400146484375,1603.93994140625,1561.8699951171875,1600.780029296875,1600.780029296875,181000
2022-08-08,1610.0,1624.5799560546875,1607.5899658203125,1621.81005859375,1621.81005859375,181100
2022-08-09,1610.699951171875,1642.5899658203125,1606.449951171875,1639.0899658203125,1639.0899658203125,265900
2022-08-10,1673.68994140625,1684.0899658203125,1654.239990234375,1658.2900390625,1658.2900390625,283900
2022-08-11,1665.0,1670.0,1606.8199462890625,1631.0899658203125,1631.0899658203125,330100
2022-08-12,1630.43994140625,1664.6099853515625,1623.6400146484375,1663.699951171875,1663.699951171875,202700
2022-08-15,1664.6300048828125,1699.010009765625,1664.6300048828125,1692.030029296875,1692.030029296875,183700
2022-08-16,1683.0899658203125,1724.8699951171875,1683.0899658203125,1714.6800537109375,1714.6800537109375,232100
2022-08-17,1694.5400390625,1717.4300537109375,1693.260009765625,1705.489990234375,1705.489990234375,163500
2022-08-18,1705.1700439453125,1712.1600341796875,1697.469970703125,1710.72998046875,1710.72998046875,124300
2022-08-19,1696.0,1705.0,1662.4100341796875,1672.260009765625,1672.260009765625,248200
2022-08-22,1640.0,1658.72998046875,1626.300048828125,1639.4300537109375,1639.4300537109375,196000
2022-08-23,1644.6700439453125,1654.9000244140625,1628.4000244140625,1630.1500244140625,1630.1500244140625,130600
2022-08-24,1637.02001953125,1652.3599853515625,1631.02001953125,1643.1300048828125,1643.1300048828125,114400
2022-08-25,1652.27001953125,1665.800048828125,1641.9599609375,1663.239990234375,1663.239990234375,123700
2022-08-26,1667.780029296875,1667.780029296875,1625.3199462890625,1627.8599853515625,1627.8599853515625,160500
2022-08-29,1616.989990234375,1653.1199951171875,1614.719970703125,1639.0799560546875,1639.0799560546875,193400
2022-08-30,1640.0,1649.989990234375,1590.0,1612.5,1612.5,203500
2022-08-31,1613.56005859375,1630.81005859375,1595.93994140625,1596.800048828125,1596.800048828125,189200
2022-09-01,1578.8399658203125,1615.530029296875,1552.1199951171875,1613.1500244140625,1613.1500244140625,241500
2022-09-02,1630.199951171875,1630.199951171875,1600.1700439453125,1616.52001953125,1616.52001953125,184600
2022-09-06,1614.0,1638.0,1601.47998046875,1634.5799560546875,1634.5799560546875,232300
2022-09-07,1627.239990234375,1685.0400390625,1627.239990234375,1680.760009765625,1680.760009765625,256700
2022-09-08,1680.0,1710.300048828125,1666.7099609375,1707.010009765625,1707.010009765625,253700
2022-09-09,1720.0,1736.699951171875,1716.1600341796875,1723.3199462890625,1723.3199462890625,257100
2022-09-12,1742.0,1754.56005859375,1735.010009765625,1747.93994140625,1747.93994140625,171700
2022-09-13,1709.010009765625,1728.989990234375,1690.0,1701.06005859375,1701.06005859375,223300
2022-09-14,1707.0899658203125,1737.9200439453125,1695.280029296875,1721.489990234375,1721.489990234375,253700
2022-09-15,1715.81005859375,1731.8199462890625,1702.1500244140625,1710.6500244140625,1710.6500244140625,139000
2022-09-16,1692.9300537109375,1697.3199462890625,1675.0999755859375,1693.5699462890625,1693.5699462890625,326200
2022-09-19,1675.93994140625,1705.1700439453125,1675.93994140625,1705.1700439453125,1705.1700439453125,271100
2022-09-20,1692.8900146484375,1704.1099853515625,1681.22998046875,1699.6300048828125,1699.6300048828125,265100
2022-09-21,1720.0,1720.0,1663.6199951171875,1665.280029296875,1665.280029296875,260500
2022-09-22,1650.0,1658.0799560546875,1575.969970703125,1588.47998046875,1588.47998046875,445700
2022-09-23,1564.8299560546875,1572.489990234375,1532.1800537109375,1557.52001953125,1557.52001953125,415800
2022-09-26,1559.2099609375,1571.010009765625,1531.1300048828125,1531.989990234375,1531.989990234375,249300
2022-09-27,1558.3699951171875,1563.43994140625,1525.0,1539.0,1539.0,229600
2022-09-28,1546.530029296875,1578.2099609375,1534.0,1566.5999755859375,1566.5999755859375,261100
2022-09-29,1546.6300048828125,1565.02001953125,1534.3299560546875,1543.3499755859375,1543.3499755859375,239800
2022-09-30,1535.0,1544.8499755859375,1501.0699462890625,1502.760009765625,1502.760009765625,283600
2022-10-03,1514.0,1517.989990234375,1468.1600341796875,1504.699951171875,1504.699951171875,331200
2022-10-04,1533.3699951171875,1558.949951171875,1524.199951171875,1536.1500244140625,1536.1500244140625,250000
2022-10-05,1514.7900390625,1543.489990234375,1495.8599853515625,1519.780029296875,1519.780029296875,237300
2022-10-06,1515.81005859375,1533.9100341796875,1506.010009765625,1506.989990234375,1506.989990234375,247100
2022-10-07,1485.4000244140625,1490.3399658203125,1465.31005859375,1478.75,1478.75,279500
2022-10-10,1488.75,1496.1700439453125,1472.9100341796875,1475.8299560546875,1475.8299560546875,277400
2022-10-11,1476.3299560546875,1498.3299560546875,1442.0,1491.06005859375,1491.06005859375,437200
2022-10-12,1500.2099609375,1529.93994140625,1483.6500244140625,1522.5400390625,1522.5400390625,356400
2022-10-13,1486.0,1570.5,1472.239990234375,1558.239990234375,1558.239990234375,437200
2022-10-14,1579.300048828125,1587.0,1505.93994140625,1508.4100341796875,1508.4100341796875,369000
2022-10-17,1540.0,1563.6500244140625,1534.0799560546875,1541.97998046875,1541.97998046875,289400
2022-10-18,1582.6700439453125,1588.0999755859375,1524.760009765625,1543.989990234375,1543.989990234375,302600
2022-10-19,1539.1099853515625,1554.22998046875,1513.239990234375,1527.2099609375,1527.2099609375,251500
2022-10-20,1531.0799560546875,1547.0,1523.010009765625,1536.199951171875,1536.199951171875,238300
2022-10-21,1536.030029296875,1551.4100341796875,1508.6400146484375,1549.8199462890625,1549.8199462890625,364600
2022-10-24,1560.0,1563.22998046875,1538.8499755859375,1545.8399658203125,1545.8399658203125,387300
2022-10-25,1561.0,1591.4300537109375,1552.5,1584.02001953125,1584.02001953125,668800
2022-10-26,1532.4100341796875,1558.8199462890625,1474.72998046875,1476.030029296875,1476.030029296875,1021800
2022-10-27,1490.18994140625,1490.18994140625,1449.6700439453125,1466.93994140625,1466.93994140625,534100
2022-10-28,1466.4100341796875,1505.5999755859375,1446.6700439453125,1505.0,1505.0,384800
2022-10-31,1507.4100341796875,1521.780029296875,1492.5699462890625,1498.3299560546875,1498.3299560546875,297400
2022-11-01,1511.510009765625,1516.0,1477.719970703125,1477.719970703125,1477.719970703125,286100
2022-11-02,1481.3699951171875,1482.6300048828125,1407.239990234375,1407.97998046875,1407.97998046875,529500
2022-11-03,1403.72998046875,1413.550048828125,1385.0,1391.8699951171875,1391.8699951171875,385500
2022-11-04,1415.5899658203125,1415.5899658203125,1366.530029296875,1397.5699462890625,1397.5699462890625,256200
2022-11-07,1404.3599853515625,1405.260009765625,1379.06005859375,1396.3699951171875,1396.3699951171875,247000
2022-11-08,1392.43994140625,1406.9100341796875,1380.18994140625,1389.6400146484375,1389.6400146484375,281800
2022-11-09,1384.9000244140625,1386.7099609375,1360.300048828125,1375.8199462890625,1375.8199462890625,236200
2022-11-10,1437.0799560546875,1472.75,1404.1099853515625,1470.9200439453125,1470.9200439453125,400600
2022-11-11,1483.800048828125,1523.8800048828125,1465.0,1506.3499755859375,1506.3499755859375,443700
2022-11-14,1503.5899658203125,1539.4300537109375,1496.280029296875,1513.1199951171875,1513.1199951171875,264400
2022-11-15,1555.0,1561.260009765625,1516.760009765625,1523.469970703125,1523.469970703125,283900
2022-11-16,1520.0,1538.8399658203125,1516.0400390625,1526.550048828125,1526.550048828125,197900
2022-11-17,1497.280029296875,1519.93994140625,1490.0,1493.8299560546875,1493.8299560546875,225300
2022-11-18,1515.6199951171875,1516.5,1488.4300537109375,1502.47998046875,1502.47998046875,201200
2022-11-21,1495.0,1499.0899658203125,1476.4000244140625,1494.3900146484375,1494.3900146484375,190600
2022-11-22,1502.0,1507.2099609375,1472.2099609375,1505.9000244140625,1505.9000244140625,197300
2022-11-23,1507.8599853515625,1518.5799560546875,1501.02001953125,1508.8299560546875,1508.8299560546875,145600
2022-11-25,1508.77001953125,1519.18994140625,1502.2099609375,1515.199951171875,1515.199951171875,87500
2022-11-28,1515.199951171875,1533.8900146484375,1512.0999755859375,1527.56005859375,1527.56005859375,161100
2022-11-29,1520.5699462890625,1562.7099609375,1520.5699462890625,1552.719970703125,1552.719970703125,260000
2022-11-30,1561.0,1634.739990234375,1553.0,1626.9599609375,1626.9599609375,458900
2022-12-01,1625.010009765625,1638.3299560546875,1611.0,1625.8299560546875,1625.8299560546875,296300
2022-12-02,1615.81005859375,1620.7900390625,1597.2099609375,1604.8800048828125,1604.8800048828125,288100
2022-12-05,1594.1600341796875,1596.0799560546875,1557.9100341796875,1570.6099853515625,1570.6099853515625,242300
2022-12-06,1569.739990234375,1572.0,1505.010009765625,1508.4000244140625,1508.4000244140625,460700
2022-12-07,1505.0,1526.219970703125,1489.699951171875,1509.4599609375,1509.4599609375,286200
2022-12-08,1516.0,1537.469970703125,1512.0,1531.0,1531.0,202000
2022-12-09,1531.0,1543.72998046875,1526.260009765625,1526.260009765625,1526.260009765625,172500
2022-12-12,1517.6099853515625,1565.4599609375,1517.6099853515625,1561.199951171875,1561.199951171875,261200
2022-12-13,1610.050048828125,1614.6700439453125,1545.7900390625,1548.3199462890625,1548.3199462890625,239700
2022-12-14,1544.6199951171875,1559.8599853515625,1519.010009765625,1538.2900390625,1538.2900390625,223200
2022-12-15,1518.4000244140625,1518.4000244140625,1478.31005859375,1487.530029296875,1487.530029296875,288600
2022-12-16,1471.43994140625,1485.469970703125,1449.47998046875,1462.1099853515625,1462.1099853515625,400400
2022-12-19,1450.6600341796875,1463.0400390625,1409.22998046875,1414.97998046875,1414.97998046875,302300
2022-12-20,1407.949951171875,1439.449951171875,1399.8199462890625,1428.3800048828125,1428.3800048828125,290600
2022-12-21,1431.949951171875,1449.3800048828125,1420.6400146484375,1425.18994140625,1425.18994140625,222300
2022-12-22,1409.0400390625,1413.4599609375,1388.219970703125,1407.800048828125,1407.800048828125,241600
2022-12-23,1400.280029296875,1417.3900146484375,1385.010009765625,1412.3599853515625,1412.3599853515625,210000
2022-12-27,1413.8499755859375,1416.4100341796875,1396.300048828125,1398.0,1398.0,168100
2022-12-28,1395.52001953125,1404.9599609375,1376.6400146484375,1378.280029296875,1378.280029296875,193700
2022-12-29,1391.75,1418.4100341796875,1384.8399658203125,1404.949951171875,1404.949951171875,256400
2022-12-30,1394.0,1394.6800537109375,1371.22998046875,1387.489990234375,1387.489990234375,225000
2023-01-03,1400.300048828125,1403.4100341796875,1358.030029296875,1371.1300048828125,1371.1300048828125,321300
2023-01-04,1386.52001953125,1388.550048828125,1364.8499755859375,1376.050048828125,1376.050048828125,270100
2023-01-05,1364.6600341796875,1373.52001953125,1344.050048828125,1364.1600341796875,1364.1600341796875,258400
2023-01-06,1372.1099853515625,1406.8399658203125,1365.1199951171875,1402.06005859375,1402.06005859375,284800
2023-01-09,1415.5899658203125,1451.6099853515625,1414.010009765625,1446.739990234375,1446.739990234375,361900
2023-01-10,1450.0,1465.02001953125,1430.5,1451.4300537109375,1451.4300537109375,203300
2023-01-11,1462.0,1480.6700439453125,1459.1600341796875,1479.2099609375,1479.2099609375,246700
2023-01-12,1487.5799560546875,1515.949951171875,1478.4000244140625,1512.469970703125,1512.469970703125,278800
2023-01-13,1503.8900146484375,1525.43994140625,1498.0899658203125,1524.5699462890625,1524.5699462890625,290000
2023-01-17,1514.989990234375,1553.97998046875,1506.56005859375,1551.5400390625,1551.5400390625,334400
2023-01-18,1558.68994140625,1573.739990234375,1510.3399658203125,1512.0400390625,1512.0400390625,229600
2023-01-19,1490.699951171875,1510.449951171875,1490.699951171875,1504.1400146484375,1504.1400146484375,166300
2023-01-20,1518.93994140625,1563.9300537109375,1509.1199951171875,1555.18994140625,1555.18994140625,290900
2023-01-23,1552.050048828125,1599.43994140625,1551.8900146484375,1597.3499755859375,1597.3499755859375,333800
2023-01-24,1596.0,1616.449951171875,1584.550048828125,1595.0899658203125,1595.0899658203125,229600
2023-01-25,1563.0799560546875,1578.1400146484375,1548.5799560546875,1563.97998046875,1563.97998046875,359800
2023-01-26,1583.0699462890625,1618.2900390625,1580.0,1606.2900390625,1606.2900390625,311500
2023-01-27,1610.0,1629.9100341796875,1599.0899658203125,1613.780029296875,1613.780029296875,251500
2023-01-30,1603.3399658203125,1627.9000244140625,1601.75,1609.8599853515625,1609.8599853515625,277000
2023-01-31,1616.77001953125,1648.969970703125,1609.9599609375,1646.3800048828125,1646.3800048828125,274700
2023-02-01,1646.6099853515625,1667.9000244140625,1617.1500244140625,1652.56005859375,1652.56005859375,278700
2023-02-02,1675.0999755859375,1703.6199951171875,1666.030029296875,1689.6700439453125,1689.6700439453125,322800
2023-02-03,1677.25,1712.8800048828125,1670.0,1692.969970703125,1692.969970703125,305600
2023-02-06,1689.6800537109375,1700.8900146484375,1677.949951171875,1700.280029296875,1700.280029296875,305500
2023-02-07,1688.47998046875,1724.7099609375,1680.0799560546875,1722.8599853515625,1722.8599853515625,649900
2023-02-08,1643.0,1669.449951171875,1616.8199462890625,1637.4100341796875,1637.4100341796875,705200
2023-02-09,1640.0,1650.1700439453125,1597.199951171875,1606.9100341796875,1606.9100341796875,432300
2023-02-10,1589.3900146484375,1598.989990234375,1573.0799560546875,1583.8900146484375,1583.8900146484375,365300
2023-02-13,1589.4000244140625,1629.97998046875,1584.3499755859375,1614.31005859375,1614.31005859375,334800
2023-02-14,1612.550048828125,1651.219970703125,1602.4300537109375,1644.52001953125,1644.52001953125,271200
2023-02-15,1650.0,1664.239990234375,1636.9000244140625,1656.5400390625,1656.5400390625,244200
2023-02-16,1642.4599609375,1653.6800537109375,1620.3800048828125,1621.239990234375,1621.239990234375,225600
2023-02-17,1609.739990234375,1625.18994140625,1602.5999755859375,1617.6700439453125,1617.6700439453125,228600
2023-02-21,1611.75,1611.75,1565.780029296875,1569.260009765625,1569.260009765625,272200
2023-02-22,1568.4599609375,1580.0,1546.93994140625,1552.3800048828125,1552.3800048828125,250600
2023-02-23,1557.010009765625,1557.010009765625,1519.9100341796875,1522.489990234375,1522.489990234375,312300
2023-02-24,1498.0,1503.510009765625,1470.2900390625,1476.72998046875,1476.72998046875,383500
2023-02-27,1490.0,1504.9300537109375,1488.199951171875,1494.75,1494.75,277500
2023-02-28,1491.56005859375,1504.3499755859375,1485.010009765625,1491.0799560546875,1491.0799560546875,234400
2023-03-01,1483.0,1498.0400390625,1478.56005859375,1484.77001953125,1484.77001953125,165400
2023-03-02,1475.0,1502.5799560546875,1470.050048828125,1495.27001953125,1495.27001953125,173200
2023-03-03,1500.0,1514.0999755859375,1494.0699462890625,1510.0,1510.0,239300
2023-03-06,1520.0,1528.3299560546875,1500.530029296875,1505.1300048828125,1505.1300048828125,240800
2023-03-07,1504.4599609375,1525.6400146484375,1502.1700439453125,1509.6800537109375,1509.6800537109375,187300
2023-03-08,1510.0,1536.530029296875,1502.25,1533.06005859375,1533.06005859375,277700
2023-03-09,1536.3299560546875,1578.3800048828125,1536.260009765625,1551.0999755859375,1551.0999755859375,362300
2023-03-10,1554.31005859375,1582.989990234375,1541.6600341796875,1550.7099609375,1550.7099609375,349300
2023-03-13,1537.3699951171875,1582.6099853515625,1537.0799560546875,1566.3399658203125,1566.3399658203125,266400
2023-03-14,1586.989990234375,1599.0,1576.0999755859375,1590.760009765625,1590.760009765625,278000
2023-03-15,1583.5,1594.9300537109375,1569.0,1590.8699951171875,1590.8699951171875,248700
2023-03-16,1598.010009765625,1637.72998046875,1592.8599853515625,1625.1400146484375,1625.1400146484375,348900
2023-03-17,1624.5899658203125,1631.25,1593.6099853515625,1608.8399658203125,1608.8399658203125,329700
2023-03-20,1604.800048828125,1615.0,1592.300048828125,1610.22998046875,1610.22998046875,259500
2023-03-21,1617.1199951171875,1629.43994140625,1614.4300537109375,1627.9599609375,1627.9599609375,209700
2023-03-22,1624.4300537109375,1661.43994140625,1620.02001953125,1622.469970703125,1622.469970703125,230500
2023-03-23,1637.0,1661.0,1620.4100341796875,1632.530029296875,1632.530029296875,200600
2023-03-24,1636.010009765625,1640.7099609375,1609.1300048828125,1624.25,1624.25,228400
2023-03-27,1628.9000244140625,1662.5899658203125,1628.9000244140625,1647.8199462890625,1647.8199462890625,240600
2023-03-28,1644.719970703125,1656.0999755859375,1633.7099609375,1652.9000244140625,1652.9000244140625,162200
2023-03-29,1657.5799560546875,1663.760009765625,1645.030029296875,1656.719970703125,1656.719970703125,177200
2023-03-30,1657.93994140625,1682.93994140625,1657.93994140625,1672.1700439453125,1672.1700439453125,215200
2023-03-31,1677.7900390625,1709.0,1677.7900390625,1708.2900390625,1708.2900390625,286400
2023-04-03,1695.0,1719.989990234375,1695.0,1717.72998046875,1717.72998046875,245800
2023-04-04,1729.0,1742.969970703125,1722.739990234375,1734.8399658203125,1734.8399658203125,294900
2023-04-05,1731.0,1731.0,1695.3499755859375,1697.4200439453125,1697.4200439453125,239000
2023-04-06,1687.260009765625,1695.3599853515625,1670.030029296875,1685.2099609375,1685.2099609375,217700
2023-04-10,1675.0,1691.5899658203125,1664.719970703125,1691.56005859375,1691.56005859375,248800
2023-04-11,1693.8800048828125,1724.489990234375,1693.8800048828125,1714.06005859375,1714.06005859375,227600
2023-04-12,1730.0,1733.22998046875,1693.9000244140625,1695.77001953125,1695.77001953125,198800
2023-04-13,1712.4300537109375,1725.0,1706.1400146484375,1717.8900146484375,1717.8900146484375,216300
2023-04-14,1717.780029296875,1741.949951171875,1717.449951171875,1738.300048828125,1738.300048828125,221900
2023-04-17,1748.0,1775.25,1738.6600341796875,1775.0,1775.0,331300
2023-04-18,1783.0,1798.02001953125,1775.3599853515625,1778.4599609375,1778.4599609375,290500
2023-04-19,1785.719970703125,1809.6600341796875,1779.8699951171875,1805.0,1805.0,276700
2023-04-20,1802.4000244140625,1816.699951171875,1792.4100341796875,1798.4000244140625,1798.4000244140625,287100
2023-04-21,1805.1500244140625,1808.0,1780.9000244140625,1800.0,1800.0,304800
2023-04-24,1812.7900390625,1812.7900390625,1792.77001953125,1796.969970703125,1796.969970703125,261500
2023-04-25,1796.0,1816.9599609375,1780.0,1780.0,1780.0,454600
2023-04-26,1918.02001953125,2047.31005859375,1918.02001953125,2009.8499755859375,2009.8499755859375,1630100
2023-04-27,2025.9000244140625,2038.0,1996.1199951171875,2036.260009765625,2036.260009765625,482800
2023-04-28,2031.1300048828125,2071.0,2026.0899658203125,2067.6201171875,2067.6201171875,411000
2023-05-01,2055.0,2077.2900390625,2037.1099853515625,2039.280029296875,2039.280029296875,503000
2023-05-02,2042.8399658203125,2058.8798828125,2025.7900390625,2053.9599609375,2053.9599609375,294600
2023-05-03,2054.080078125,2066.7099609375,2047.1199951171875,2058.1201171875,2058.1201171875,279800
2023-05-04,2058.469970703125,2062.330078125,2028.6400146484375,2033.510009765625,2033.510009765625,228800
2023-05-05,2032.6500244140625,2034.949951171875,2020.280029296875,2028.2099609375,2028.2099609375,321200
2023-05-08,2032.1099853515625,2036.8199462890625,2016.3900146484375,2032.8399658203125,2032.8399658203125,342800
2023-05-09,2040.0799560546875,2046.9599609375,2030.9100341796875,2032.6600341796875,2032.6600341796875,137300
2023-05-10,2038.989990234375,2057.929931640625,2036.6400146484375,2054.840087890625,2054.840087890625,199800
2023-05-11,2055.320068359375,2066.110107421875,2051.780029296875,2058.5,2058.5,216200
2023-05-12,2054.280029296875,2067.06005859375,2040.3800048828125,2045.6300048828125,2045.6300048828125,218500
2023-05-15,2048.0,2049.989990234375,2035.5899658203125,2047.1199951171875,2047.1199951171875,181800
2023-05-16,2046.72998046875,2060.7900390625,2040.5699462890625,2050.219970703125,2050.219970703125,228500
2023-05-17,2052.639892578125,2070.0400390625,2026.719970703125,2062.010009765625,2062.010009765625,263900
2023-05-18,2060.800048828125,2096.300048828125,2057.0,2095.8701171875,2095.8701171875,305600
2023-05-19,2093.39990234375,2110.0,2093.39990234375,2106.219970703125,2106.219970703125,285900
2023-05-22,2111.0,2139.8798828125,2098.0,2101.93994140625,2101.93994140625,312100
2023-05-23,2093.0,2107.0400390625,2040.93994140625,2047.010009765625,2047.010009765625,352100
2023-05-24,2044.81005859375,2064.0,2041.0,2053.070068359375,2053.070068359375,215900
2023-05-25,2069.719970703125,2087.2099609375,2055.3701171875,2057.89990234375,2057.89990234375,248300
2023-05-26,2057.0,2079.31005859375,2057.0,2071.02001953125,2071.02001953125,269400
2023-05-30,2072.320068359375,2097.639892578125,2064.659912109375,2071.280029296875,2071.280029296875,334900
2023-05-31,2070.0,2077.780029296875,2059.18994140625,2076.489990234375,2076.489990234375,580200
2023-06-01,2058.1298828125,2087.93994140625,2058.1298828125,2082.330078125,2082.330078125,187500
2023-06-02,2072.469970703125,2091.860107421875,2060.60009765625,2062.22998046875,2062.22998046875,245400
2023-06-05,2058.6298828125,2077.050048828125,2057.0,2074.3798828125,2074.3798828125,233100
2023-06-06,2079.27001953125,2079.27001953125,2056.010009765625,2058.1201171875,2058.1201171875,177600
2023-06-07,2059.0,2072.800048828125,2014.1600341796875,2022.9000244140625,2022.9000244140625,305500
2023-06-08,2014.260009765625,2040.8199462890625,2014.260009765625,2023.22998046875,2023.22998046875,194400
2023-06-09,2023.0,2043.0,2023.0,2040.550048828125,2040.550048828125,178800
2023-06-12,2049.429931640625,2066.330078125,2033.219970703125,2063.669921875,2063.669921875,228700
2023-06-13,2063.10009765625,2067.300048828125,2046.0400390625,2065.72998046875,2065.72998046875,181600
2023-06-14,2064.489990234375,2070.97998046875,2052.530029296875,2061.169921875,2061.169921875,140700
2023-06-15,2057.10009765625,2078.27001953125,2050.010009765625,2051.659912109375,2051.659912109375,200900
2023-06-16,2065.929931640625,2065.929931640625,2031.739990234375,2032.9200439453125,2032.9200439453125,343900
2023-06-20,2035.9599609375,2056.969970703125,2034.6800537109375,2049.800048828125,2049.800048828125,246700
2023-06-21,2064.68994140625,2092.510009765625,2058.93994140625,2074.47998046875,2074.47998046875,336800
2023-06-22,2069.0,2070.050048828125,2040.969970703125,2050.52001953125,2050.52001953125,258800
2023-06-23,2037.719970703125,2059.090087890625,2037.010009765625,2043.6800537109375,2043.6800537109375,721200
2023-06-26,2044.969970703125,2053.989990234375,2024.8199462890625,2032.31005859375,2032.31005859375,248800
2023-06-27,2044.43994140625,2071.530029296875,2033.050048828125,2066.72998046875,2066.72998046875,223400
2023-06-28,2071.929931640625,2116.340087890625,2069.89990234375,2101.489990234375,2101.489990234375,246100
2023-06-29,2103.27001953125,2124.989990234375,2102.889892578125,2110.60009765625,2110.60009765625,219600
2023-06-30,2125.0,2144.169921875,2115.050048828125,2139.0,2139.0,271000
2023-07-03,2138.0,2147.52001953125,2119.050048828125,2123.5400390625,2123.5400390625,155600
2023-07-05,2117.139892578125,2125.0,2110.030029296875,2120.7099609375,2120.7099609375,150700
2023-07-06,2108.489990234375,2114.300048828125,2092.429931640625,2093.3701171875,2093.3701171875,168700
2023-07-07,2080.919921875,2091.6201171875,2071.1201171875,2077.4599609375,2077.4599609375,229000
2023-07-10,2074.8701171875,2098.800048828125,2074.8701171875,2093.090087890625,2093.090087890625,169000
2023-07-11,2094.830078125,2106.389892578125,2051.570068359375,2053.280029296875,2053.280029296875,255900
2023-07-12,2069.489990234375,2082.739990234375,2058.25,2076.0,2076.0,164800
2023-07-13,2085.199951171875,2088.800048828125,2046.9300537109375,2048.860107421875,2048.860107421875,225000
2023-07-14,2058.169921875,2078.239990234375,2033.77001953125,2055.97998046875,2055.97998046875,258800
2023-07-17,2064.550048828125,2130.0,2062.949951171875,2127.510009765625,2127.510009765625,342000
2023-07-18,2152.699951171875,2173.6298828125,2119.989990234375,2153.199951171875,2153.199951171875,293400
2023-07-19,2165.010009765625,2175.010009765625,2138.050048828125,2139.1298828125,2139.1298828125,235200
2023-07-20,2128.0,2135.0,2084.429931640625,2094.7099609375,2094.7099609375,292800
2023-07-21,2114.2900390625,2130.139892578125,2086.43994140625,2098.8701171875,2098.8701171875,284700
2023-07-24,2104.320068359375,2107.860107421875,2043.780029296875,2082.989990234375,2082.989990234375,313300
2023-07-25,2088.35009765625,2104.929931640625,2086.050048828125,2092.340087890625,2092.340087890625,215300
2023-07-26,2091.85009765625,2100.0400390625,2065.010009765625,2087.860107421875,2087.860107421875,478800
2023-07-27,1925.02001953125,1949.989990234375,1872.6400146484375,1882.97998046875,1882.97998046875,1369200
2023-07-28,1898.2099609375,1918.6400146484375,1877.6500244140625,1912.52001953125,1912.52001953125,687400
2023-07-31,1925.56005859375,1975.1700439453125,1916.81005859375,1962.280029296875,1962.280029296875,489100
2023-08-01,1949.8399658203125,1973.1600341796875,1946.0400390625,1955.0,1955.0,308200
2023-08-02,1944.52001953125,1964.4100341796875,1935.5400390625,1936.8599853515625,1936.8599853515625,295500
2023-08-03,1926.449951171875,1946.0999755859375,1918.449951171875,1922.9200439453125,1922.9200439453125,275700
2023-08-04,1935.800048828125,1935.800048828125,1890.22998046875,1890.6099853515625,1890.6099853515625,360100
2023-08-07,1893.27001953125,1897.2900390625,1882.31005859375,1890.0,1890.0,200800
2023-08-08,1880.0,1884.0,1852.6700439453125,1861.3499755859375,1861.3499755859375,246900
2023-08-09,1862.1700439453125,1867.97998046875,1844.199951171875,1850.5699462890625,1850.5699462890625,212800
2023-08-10,1856.8199462890625,1866.6600341796875,1841.1700439453125,1845.7099609375,1845.7099609375,191600
2023-08-11,1845.68994140625,1856.3399658203125,1839.6400146484375,1846.550048828125,1846.550048828125,209200
2023-08-14,1837.1099853515625,1871.1400146484375,1837.1099853515625,1850.0799560546875,1850.0799560546875,212000
2023-08-15,1842.7900390625,1864.9000244140625,1842.7900390625,1848.1600341796875,1848.1600341796875,186600
2023-08-16,1845.719970703125,1873.72998046875,1841.18994140625,1866.8900146484375,1866.8900146484375,322600
2023-08-17,1860.8900146484375,1876.3800048828125,1841.52001953125,1848.5400390625,1848.5400390625,322600
2023-08-18,1837.4599609375,1858.219970703125,1837.4599609375,1849.199951171875,1849.199951171875,194600
2023-08-21,1853.22998046875,1877.969970703125,1853.22998046875,1866.1300048828125,1866.1300048828125,263800
2023-08-22,1883.699951171875,1884.3199462890625,1865.949951171875,1872.0400390625,1872.0400390625,151100
2023-08-23,1878.8800048828125,1897.0,1866.9200439453125,1894.9100341796875,1894.9100341796875,175500
2023-08-24,1900.050048828125,1900.969970703125,1870.2900390625,1872.3199462890625,1872.3199462890625,188500
2023-08-25,1872.1300048828125,1886.0,1866.050048828125,1876.780029296875,1876.780029296875,164100
2023-08-28,1885.550048828125,1902.1500244140625,1877.4300537109375,1899.27001953125,1899.27001953125,174400
2023-08-29,1898.800048828125,1911.4300537109375,1891.760009765625,1903.0799560546875,1903.0799560546875,141300
2023-08-30,1910.0,1943.8499755859375,1903.56005859375,1938.5699462890625,1938.5699462890625,233400
2023-08-31,1945.8499755859375,1951.739990234375,1924.56005859375,1926.6400146484375,1926.6400146484375,198700
2023-09-01,1928.1600341796875,1942.31005859375,1921.0,1938.6099853515625,1938.6099853515625,173700
2023-09-05,1961.0,1969.949951171875,1932.6300048828125,1951.489990234375,1951.489990234375,271700
2023-09-06,1950.0,1966.31005859375,1941.9000244140625,1954.1199951171875,1954.1199951171875,324200
2023-09-07,1946.75,1970.0400390625,1927.68994140625,1966.8399658203125,1966.8399658203125,242500
2023-09-08,1970.530029296875,1976.0400390625,1943.1600341796875,1945.0999755859375,1945.0999755859375,229600
2023-09-11,1953.4100341796875,1958.9100341796875,1940.1500244140625,1948.8499755859375,1948.8499755859375,192300
2023-09-12,1926.25,1936.6600341796875,1916.0,1933.010009765625,1933.010009765625,210600
2023-09-13,1927.1099853515625,1946.0,1914.9599609375,1933.0400390625,1933.0400390625,120200
2023-09-14,1943.5,1943.5,1919.3900146484375,1936.1199951171875,1936.1199951171875,179500
2023-09-15,1928.510009765625,1928.510009765625,1903.6700439453125,1912.5,1912.5,247200
2023-09-18,1901.800048828125,1945.9200439453125,1901.800048828125,1938.3599853515625,1938.3599853515625,210200
2023-09-19,1934.0,1934.0,1898.5,1924.6700439453125,1924.6700439453125,161300
2023-09-20,1920.0,1939.8299560546875,1919.949951171875,1920.47998046875,1920.47998046875,130100
2023-09-21,1909.7099609375,1914.469970703125,1859.0999755859375,1866.010009765625,1866.010009765625,242100
2023-09-22,1868.27001953125,1891.68994140625,1862.030029296875,1875.5799560546875,1875.5799560546875,201200
2023-09-25,1864.27001953125,1867.4300537109375,1848.5,1859.68994140625,1859.68994140625,205100
2023-09-26,1840.0,1852.43994140625,1836.47998046875,1847.6199951171875,1847.6199951171875,203600
2023-09-27,1854.18994140625,1863.6500244140625,1795.010009765625,1806.0799560546875,1806.0799560546875,333500
2023-09-28,1804.56005859375,1848.77001953125,1803.550048828125,1838.72998046875,1838.72998046875,295500
2023-09-29,1854.3800048828125,1866.5799560546875,1831.010009765625,1831.8299560546875,1831.8299560546875,246700
2023-10-02,1830.949951171875,1868.97998046875,1828.8499755859375,1867.1300048828125,1867.1300048828125,197400
2023-10-03,1856.0799560546875,1876.8199462890625,1826.260009765625,1837.18994140625,1837.18994140625,196100
2023-10-04,1842.8800048828125,1863.97998046875,1840.4599609375,1857.989990234375,1857.989990234375,161800
2023-10-05,1854.3800048828125,1871.8800048828125,1848.3399658203125,1861.5799560546875,1861.5799560546875,200600
2023-10-06,1850.3299560546875,1854.0699462890625,1818.1300048828125,1822.27001953125,1822.27001953125,383800
2023-10-09,1800.010009765625,1833.449951171875,1800.010009765625,1833.010009765625,1833.010009765625,245800
2023-10-10,1825.0,1844.3599853515625,1823.0699462890625,1832.1199951171875,1832.1199951171875,193200
2023-10-11,1836.6600341796875,1842.6199951171875,1810.43994140625,1823.47998046875,1823.47998046875,282500
2023-10-12,1825.0799560546875,1826.8699951171875,1780.6099853515625,1793.6800537109375,1793.6800537109375,251500
2023-10-13,1790.06005859375,1803.489990234375,1768.6400146484375,1781.47998046875,1781.47998046875,221400
2023-10-16,1784.97998046875,1826.0,1779.06005859375,1810.449951171875,1810.449951171875,246200
2023-10-17,1799.0,1830.0,1799.0,1829.510009765625,1829.510009765625,214900
2023-10-18,1835.0,1857.22998046875,1828.300048828125,1840.72998046875,1840.72998046875,238200
2023-10-19,1849.43994140625,1867.6700439453125,1839.4599609375,1847.6300048828125,1847.6300048828125,209200
2023-10-20,1851.1099853515625,1853.0,1827.81005859375,1831.25,1831.25,189800
2023-10-23,1820.300048828125,1839.5,1814.969970703125,1819.6600341796875,1819.6600341796875,226000
2023-10-24,1836.1600341796875,1862.2099609375,1831.4000244140625,1855.0899658203125,1855.0899658203125,244300
2023-10-25,1849.93994140625,1862.0,1832.1700439453125,1841.8699951171875,1841.8699951171875,197800
2023-10-26,1844.9000244140625,1852.02001953125,1798.489990234375,1806.469970703125,1806.469970703125,455400
2023-10-27,1884.72998046875,1952.6700439453125,1856.5,1887.5899658203125,1887.5899658203125,905600
2023-10-30,1890.0,1920.3800048828125,1874.3199462890625,1909.300048828125,1909.300048828125,308600
2023-10-31,1908.239990234375,1958.0,1900.3499755859375,1942.199951171875,1942.199951171875,393800
2023-11-01,1950.0,1998.510009765625,1941.52001953125,1986.6400146484375,1986.6400146484375,338700
2023-11-02,1995.8599853515625,2039.4300537109375,1995.8599853515625,2035.3699951171875,2035.3699951171875,359300
2023-11-03,2036.0,2056.469970703125,2030.0,2040.530029296875,2040.530029296875,241200
2023-11-06,2043.0,2070.159912109375,2036.6800537109375,2069.050048828125,2069.050048828125,215500
2023-11-07,2070.0,2074.989990234375,2056.75,2064.780029296875,2064.780029296875,190500
2023-11-08,2066.60009765625,2089.889892578125,2059.5,2084.0,2084.0,181200
2023-11-09,2093.590087890625,2107.010009765625,2085.820068359375,2095.110107421875,2095.110107421875,203800
2023-11-10,2102.830078125,2122.1201171875,2095.919921875,2120.580078125,2120.580078125,215100
2023-11-13,2121.0,2155.7900390625,2114.169921875,2150.429931640625,2150.429931640625,255700
2023-11-14,2168.06005859375,2177.070068359375,2151.949951171875,2166.02001953125,2166.02001953125,229400
2023-11-15,2174.159912109375,2174.159912109375,2148.949951171875,2155.81005859375,2155.81005859375,198900
2023-11-16,2159.0,2177.77001953125,2154.949951171875,2173.10009765625,2173.10009765625,256200
2023-11-17,2175.0,2176.010009765625,2161.0,2162.219970703125,2162.219970703125,139600
2023-11-20,2170.0,2193.159912109375,2160.0,2186.68994140625,2186.68994140625,202600
2023-11-21,2191.320068359375,2207.530029296875,2186.89990234375,2197.639892578125,2197.639892578125,182400
2023-11-22,2214.3701171875,2224.800048828125,2210.0,2218.929931640625,2218.929931640625,177900
2023-11-24,2205.0,2225.0,2204.0,2219.669921875,2219.669921875,67400
2023-11-27,2222.97998046875,2238.5,2205.5,2209.18994140625,2209.18994140625,207800
2023-11-28,2210.0,2216.510009765625,2199.06005859375,2206.669921875,2206.669921875,144100
2023-11-29,2211.6201171875,2219.0,2185.760009765625,2189.110107421875,2189.110107421875,179200
2023-11-30,2182.8798828125,2210.2900390625,2182.8798828125,2202.25,2202.25,259100
2023-12-01,2199.81005859375,2239.72998046875,2199.81005859375,2233.830078125,2233.830078125,215900
2023-12-04,2235.0,2243.889892578125,2210.0,2219.199951171875,2219.199951171875,172100
2023-12-05,2219.0,2236.47998046875,2219.0,2226.25,2226.25,114900
2023-12-06,2238.489990234375,2248.389892578125,2208.27001953125,2210.050048828125,2210.050048828125,166600
2023-12-07,2210.81005859375,2227.659912109375,2206.330078125,2226.25,2226.25,127600
2023-12-08,2224.169921875,2244.7099609375,2221.449951171875,2242.949951171875,2242.949951171875,163400
2023-12-11,2250.0,2302.919921875,2250.0,2295.47998046875,2295.47998046875,252500
2023-12-12,2307.830078125,2321.179931640625,2290.919921875,2320.389892578125,2320.389892578125,142800
2023-12-13,2344.06005859375,2345.97998046875,2316.820068359375,2340.0,2340.0,182800
2023-12-14,2344.330078125,2346.35009765625,2274.489990234375,2275.699951171875,2275.699951171875,267600
2023-12-15,2254.159912109375,2290.0,2254.159912109375,2271.469970703125,2271.469970703125,256700
2023-12-18,2280.030029296875,2300.75,2265.010009765625,2297.030029296875,2297.030029296875,201300
2023-12-19,2305.0,2328.919921875,2304.419921875,2327.030029296875,2327.030029296875,171400
2023-12-20,2328.0,2348.419921875,2313.219970703125,2313.8701171875,2313.8701171875,148100
2023-12-21,2315.39990234375,2323.22998046875,2295.070068359375,2307.10009765625,2307.10009765625,130300
2023-12-22,2314.5,2314.5,2300.330078125,2304.35009765625,2304.35009765625,104600
2023-12-26,2306.72998046875,2324.679931640625,2306.72998046875,2319.52001953125,2319.52001953125,106600
2023-12-27,2325.8798828125,2327.0,2301.590087890625,2307.43994140625,2307.43994140625,145800
2023-12-28,2302.43994140625,2304.199951171875,2276.469970703125,2278.3798828125,2278.3798828125,150300
2023-12-29,2282.510009765625,2287.260009765625,2268.469970703125,2286.9599609375,2286.9599609375,184900
2024-01-02,2278.449951171875,2285.0,2237.56005859375,2244.75,2244.75,199900
2024-01-03,2244.75,2253.0,2230.110107421875,2233.64990234375,2233.64990234375,169800
2024-01-04,2228.7900390625,2239.3798828125,2220.280029296875,2220.469970703125,2220.469970703125,168700
2024-01-05,2222.02001953125,2228.5400390625,2209.409912109375,2212.800048828125,2212.800048828125,181500
2024-01-08,2219.93994140625,2236.389892578125,2204.090087890625,2236.389892578125,2236.389892578125,328200
2024-01-09,2224.60009765625,2252.0,2224.60009765625,2232.0,2232.0,213800
2024-01-10,2240.2099609375,2260.050048828125,2232.010009765625,2245.0,2245.0,208400
2024-01-11,2250.39990234375,2278.169921875,2226.510009765625,2276.570068359375,2276.570068359375,182400
2024-01-12,2278.830078125,2282.469970703125,2263.679931640625,2271.89990234375,2271.89990234375,125400
2024-01-16,2275.969970703125,2303.39990234375,2274.9599609375,2289.969970703125,2289.969970703125,159500
2024-01-17,2280.909912109375,2319.429931640625,2280.909912109375,2310.43994140625,2310.43994140625,182800
2024-01-18,2322.0,2328.699951171875,2302.679931640625,2322.820068359375,2322.820068359375,157500
2024-01-19,2328.0,2347.300048828125,2327.0,2334.60009765625,2334.60009765625,301400
2024-01-22,2342.0,2352.760009765625,2315.9599609375,2325.0,2325.0,203400
2024-01-23,2320.0,2328.320068359375,2300.610107421875,2321.820068359375,2321.820068359375,159600
2024-01-24,2339.02001953125,2340.489990234375,2326.10009765625,2334.800048828125,2334.800048828125,161800
2024-01-25,2327.800048828125,2339.409912109375,2307.7900390625,2311.77001953125,2311.77001953125,170400
2024-01-26,2313.0,2331.760009765625,2307.679931640625,2326.25,2326.25,145100
2024-01-29,2328.610107421875,2407.14990234375,2314.31005859375,2404.530029296875,2404.530029296875,326600
2024-01-30,2400.0400390625,2421.1298828125,2393.949951171875,2419.280029296875,2419.280029296875,185800
2024-01-31,2419.10009765625,2439.6298828125,2407.719970703125,2408.77001953125,2408.77001953125,215500
2024-02-01,2414.0,2448.010009765625,2411.800048828125,2442.02001953125,2442.02001953125,268600
2024-02-02,2445.610107421875,2492.949951171875,2427.030029296875,2482.280029296875,2482.280029296875,212600
2024-02-05,2502.590087890625,2506.070068359375,2462.3798828125,2470.85009765625,2470.85009765625,378500
2024-02-06,2480.429931640625,2497.780029296875,2464.919921875,2487.739990234375,2487.739990234375,450700
2024-02-07,2561.5,2725.830078125,2505.0,2666.989990234375,2666.989990234375,901200
2024-02-08,2678.050048828125,2689.0,2616.010009765625,2620.47998046875,2620.47998046875,386900
2024-02-09,2636.97998046875,2659.110107421875,2615.929931640625,2638.35009765625,2638.35009765625,211000
2024-02-12,2632.260009765625,2634.0,2594.860107421875,2608.22998046875,2608.22998046875,207700
2024-02-13,2588.330078125,2642.31005859375,2586.06005859375,2599.139892578125,2599.139892578125,231600
2024-02-14,2614.530029296875,2632.550048828125,2593.8701171875,2620.18994140625,2620.18994140625,135800
2024-02-15,2616.469970703125,2626.719970703125,2602.35009765625,2618.0,2618.0,167300
2024-02-16,2620.0,2625.409912109375,2597.820068359375,2598.429931640625,2598.429931640625,138300
2024-02-20,2595.489990234375,2612.159912109375,2569.010009765625,2580.199951171875,2580.199951171875,203200
2024-02-21,2570.5,2575.8701171875,2557.639892578125,2569.47998046875,2569.47998046875,140400
2024-02-22,2593.669921875,2636.93994140625,2593.669921875,2627.3701171875,2627.3701171875,204700
2024-02-23,2644.639892578125,2657.72998046875,2631.27001953125,2646.719970703125,2646.719970703125,158800
2024-02-26,2665.0,2672.669921875,2646.429931640625,2660.449951171875,2660.449951171875,131700
2024-02-27,2663.0,2663.580078125,2625.06005859375,2645.239990234375,2645.239990234375,129500
2024-02-28,2634.110107421875,2672.969970703125,2634.110107421875,2671.719970703125,2671.719970703125,129100
2024-02-29,2681.0,2703.489990234375,2673.489990234375,2688.77001953125,2688.77001953125,197400
2024-03-01,2699.449951171875,2704.989990234375,2679.949951171875,2688.780029296875,2688.780029296875,164700
2024-03-04,2688.800048828125,2731.889892578125,2679.39990234375,2720.300048828125,2720.300048828125,204200
2024-03-05,2712.909912109375,2733.739990234375,2693.820068359375,2711.330078125,2711.330078125,186800
2024-03-06,2724.280029296875,2725.699951171875,2671.429931640625,2690.139892578125,2690.139892578125,157000
2024-03-07,2710.0,2712.449951171875,2678.010009765625,2690.219970703125,2690.219970703125,124200
2024-03-08,2681.5400390625,2704.5400390625,2675.360107421875,2686.1201171875,2686.1201171875,119100
2024-03-11,2670.0,2683.2099609375,2614.97998046875,2662.590087890625,2662.590087890625,199000
2024-03-12,2677.4599609375,2727.6201171875,2669.8798828125,2719.820068359375,2719.820068359375,200500
2024-03-13,2720.669921875,2738.1298828125,2702.06005859375,2722.68994140625,2722.68994140625,189700
2024-03-14,2766.56005859375,2775.659912109375,2725.0,2748.52001953125,2748.52001953125,211100
2024-03-15,2727.6298828125,2758.39990234375,2717.989990234375,2756.389892578125,2756.389892578125,236600
2024-03-18,2768.070068359375,2813.989990234375,2764.010009765625,2773.530029296875,2773.530029296875,189500
2024-03-19,2780.0,2798.340087890625,2753.60009765625,2797.56005859375,2797.56005859375,173500
2024-03-20,2935.719970703125,3023.97998046875,2880.300048828125,2895.0,2895.0,1003400
2024-03-21,2952.800048828125,2952.800048828125,2892.0,2904.97998046875,2904.97998046875,319100
2024-03-22,2922.239990234375,2922.239990234375,2882.010009765625,2882.0400390625,2882.0400390625,224000
2024-03-25,2889.0,2913.81005859375,2871.489990234375,2903.43994140625,2903.43994140625,282500
2024-03-26,2923.419921875,2979.449951171875,2915.0,2955.530029296875,2955.530029296875,332600
2024-03-27,2976.0,2993.989990234375,2902.8798828125,2923.4599609375,2923.4599609375,282100
2024-03-28,2945.0,2945.0,2903.010009765625,2906.77001953125,2906.77001953125,292500
2024-04-01,2919.169921875,2919.889892578125,2863.4599609375,2877.0,2877.0,238700
2024-04-02,2873.949951171875,2904.820068359375,2850.0,2901.93994140625,2901.93994140625,225100
2024-04-03,2895.0400390625,2907.02001953125,2873.1298828125,2895.580078125,2895.580078125,216700
2024-04-04,2909.68994140625,2920.25,2853.6201171875,2856.030029296875,2856.030029296875,232400
2024-04-05,2878.300048828125,2905.72998046875,2874.050048828125,2905.419921875,2905.419921875,203700
2024-04-08,2904.090087890625,2937.52001953125,2904.090087890625,2931.530029296875,2931.530029296875,218600
2024-04-09,2959.0,2965.10009765625,2879.0,2926.9599609375,2926.9599609375,222600
2024-04-10,2913.0,2972.3701171875,2901.22998046875,2965.68994140625,2965.68994140625,284100
2024-04-11,2981.199951171875,3001.0400390625,2966.050048828125,2990.68994140625,2990.68994140625,271400
2024-04-12,2991.72998046875,2993.06005859375,2941.469970703125,2957.60009765625,2957.60009765625,255200
2024-04-15,2978.090087890625,2982.89990234375,2930.9599609375,2936.6298828125,2936.6298828125,198700
2024-04-16,2932.85009765625,2946.860107421875,2920.389892578125,2942.330078125,2942.330078125,160600
2024-04-17,2954.949951171875,2954.949951171875,2893.5,2902.9599609375,2902.9599609375,177200
2024-04-18,2904.610107421875,2940.840087890625,2897.669921875,2907.969970703125,2907.969970703125,213800
2024-04-19,2913.840087890625,2913.840087890625,2846.179931640625,2869.110107421875,2869.110107421875,440800
2024-04-22,2897.75,2912.0,2867.02001953125,2884.25,2884.25,259500
2024-04-23,2922.06005859375,2930.0,2892.139892578125,2915.0,2915.0,210100
2024-04-24,2937.89990234375,2959.989990234375,2916.580078125,2926.760009765625,2926.760009765625,363300
2024-04-25,3012.0,3145.68994140625,2952.22998046875,3111.969970703125,3111.969970703125,688500
2024-04-26,3120.469970703125,3199.989990234375,3120.3701171875,3186.969970703125,3186.969970703125,336600
2024-04-29,3216.35009765625,3241.419921875,3170.75,3209.469970703125,3209.469970703125,245400
2024-04-30,3199.510009765625,3213.89990234375,3152.0,3159.60009765625,3159.60009765625,343700
2024-05-01,3153.0,3157.60009765625,3120.0,3138.659912109375,3138.659912109375,236300
2024-05-02,3154.510009765625,3167.889892578125,3118.330078125,3141.989990234375,3141.989990234375,179000
2024-05-03,3159.280029296875,3176.39990234375,3148.840087890625,3155.3798828125,3155.3798828125,269400
2024-05-06,3159.5400390625,3202.219970703125,3159.5400390625,3199.10009765625,3199.10009765625,199400
2024-05-07,3205.75,3211.760009765625,3174.889892578125,3193.679931640625,3193.679931640625,221700
2024-05-08,3204.0,3216.0,3181.030029296875,3183.25,3183.25,206000
2024-05-09,3183.0,3232.969970703125,3168.85009765625,3232.969970703125,3232.969970703125,245400
2024-05-10,3244.010009765625,3260.0,3218.820068359375,3239.22998046875,3239.22998046875,164700
2024-05-13,3239.0,3239.219970703125,3187.4599609375,3195.39990234375,3195.39990234375,168400
2024-05-14,3183.0,3198.0,3171.419921875,3176.669921875,3176.669921875,155000
2024-05-15,3170.719970703125,3190.419921875,3160.760009765625,3168.300048828125,3168.300048828125,199300
2024-05-16,3173.31005859375,3181.179931640625,3138.489990234375,3145.8798828125,3145.8798828125,198700
2024-05-17,3145.22998046875,3217.2900390625,3145.22998046875,3213.429931640625,3213.429931640625,287800
2024-05-20,3219.97998046875,3242.659912109375,3174.10009765625,3176.389892578125,3176.389892578125,284000
2024-05-21,3190.0,3191.760009765625,3167.5,3172.800048828125,3172.800048828125,201900
2024-05-22,3176.199951171875,3182.0400390625,3141.010009765625,3153.3798828125,3153.3798828125,181200
2024-05-23,3160.0,3165.60009765625,3130.43994140625,3138.280029296875,3138.280029296875,212200
2024-05-24,3150.0,3165.090087890625,3142.8798828125,3151.6298828125,3151.6298828125,196700
2024-05-28,3160.0,3161.68994140625,3130.0,3153.840087890625,3153.840087890625,237400
2024-05-29,3140.300048828125,3140.469970703125,3070.139892578125,3072.85009765625,3072.85009765625,337400
2024-05-30,3080.72998046875,3107.989990234375,3055.27001953125,3105.840087890625,3105.840087890625,214700
2024-05-31,3126.090087890625,3129.52001953125,3059.3701171875,3129.52001953125,3129.52001953125,301300
2024-06-03,3138.8798828125,3151.949951171875,3029.639892578125,3076.469970703125,3076.469970703125,332500
2024-06-04,3112.830078125,3112.830078125,3063.31005859375,3079.0400390625,3079.0400390625,412300
2024-06-05,3094.0,3161.070068359375,3081.9599609375,3147.97998046875,3147.97998046875,234800
2024-06-06,3172.5,3220.889892578125,3153.090087890625,3211.659912109375,3211.659912109375,254800
