Date,Open,High,Low,Close,Adj Close,Volume
2000-07-28,14.9375,21.125,14.75,19.5859375,19.5859375,18615200
2000-07-31,19.125,19.34375,15.75,17.5,17.5,2481800
2000-08-01,17.40625,20.0625,16.5,17.75,17.75,1216200
2000-08-02,16.8125,19.5,16.78125,19.0625,19.0625,856400
2000-08-03,19.0625,23.875,18.5,22.125,22.125,1368000
2000-08-04,22.7421875,22.75,19.875,20.46875,20.46875,1284200
2000-08-07,21.46875,24.125,19.5,21.125,21.125,565600
2000-08-08,21.09375,22.25,20.28125,20.4921875,20.4921875,329600
2000-08-09,20.84375,21.40625,20.0,21.40625,21.40625,326800
2000-08-10,21.3125,23.625,20.75,22.5,22.5,657800
2000-08-11,22.46875,22.5,20.9375,20.9375,20.9375,394800
2000-08-14,21.3125,21.375,19.8125,20.0,20.0,473400
2000-08-15,20.21875,20.5,19.5,20.0,20.0,307000
2000-08-16,21.03125,21.875,20.875,21.3125,21.3125,554200
2000-08-17,21.1875,21.9375,20.9375,20.9375,20.9375,487200
2000-08-18,20.9375,23.5,20.9375,22.0,22.0,164800
2000-08-21,22.0,23.875,22.0,22.59375,22.59375,314400
2000-08-22,22.625,22.625,21.0625,21.0625,21.0625,362600
2000-08-23,21.25,22.0,20.375,20.5625,20.5625,332400
2000-08-24,20.625,20.9375,19.9375,20.0078125,20.0078125,214000
2000-08-25,20.03125,21.1875,20.03125,20.875,20.875,558400
2000-08-28,21.8125,21.875,20.375,20.8125,20.8125,319200
2000-08-29,20.8125,21.25,20.6875,21.25,21.25,172400
2000-08-30,20.875,21.0,19.71875,20.0,20.0,842800
2000-08-31,19.9375,23.625,19.9375,22.375,22.375,890600
2000-09-01,23.0,23.5,21.75,23.3125,23.3125,376200
2000-09-05,23.5625,23.71875,21.5,22.875,22.875,192000
2000-09-06,23.40625,23.40625,20.875,21.0,21.0,443000
2000-09-07,21.875,22.5,20.5625,22.5,22.5,324800
2000-09-08,22.5,22.5,21.1875,21.46875,21.46875,353000
2000-09-11,21.5,22.0,20.1875,20.5625,20.5625,601600
2000-09-12,20.625,20.8125,19.5,20.375,20.375,247800
2000-09-13,19.953125,20.5,17.5625,18.25,18.25,617400
2000-09-14,18.453125,18.8125,17.9375,18.5,18.5,275800
2000-09-15,18.5,19.0,18.25,18.875,18.875,232200
2000-09-18,17.75,18.5,16.09375,17.0,17.0,342000
2000-09-19,17.0,17.59375,16.5,16.65625,16.65625,567200
2000-09-20,16.9375,17.59375,16.3125,17.0,17.0,483200
2000-09-21,17.71875,17.8125,17.4375,17.6875,17.6875,72400
2000-09-22,17.03125,19.9375,17.03125,19.625,19.625,174400
2000-09-25,20.265625,20.4375,19.75,19.9375,19.9375,534800
2000-09-26,20.0,20.0,19.5,19.90625,19.90625,599200
2000-09-27,19.6875,21.375,19.6875,20.8125,20.8125,148200
2000-09-28,20.375,21.9375,20.375,21.875,21.875,109800
2000-09-29,21.875,25.8125,21.5,22.6875,22.6875,470000
2000-10-02,23.625,24.375,22.0,22.875,22.875,91600
2000-10-03,22.78125,23.15625,18.6875,20.0,20.0,161800
2000-10-04,19.8125,19.8125,17.625,18.0625,18.0625,388000
2000-10-05,18.25,18.6875,17.75,17.8125,17.8125,286200
2000-10-06,18.0,18.0,15.0,15.03125,15.03125,543200
2000-10-09,16.0,16.46875,14.625,15.375,15.375,1147400
2000-10-10,15.445313453674316,16.375,15.125,16.25,16.25,689000
2000-10-11,16.0390625,16.75,15.75,16.0,16.0,149000
2000-10-12,16.25,16.375,15.5,16.125,16.125,310600
2000-10-13,16.0,17.5625,15.875,17.5625,17.5625,56600
2000-10-16,18.0,20.0,17.65625,17.75,17.75,255600
2000-10-17,17.625,18.5625,17.5625,18.09375,18.09375,228400
2000-10-18,17.25,17.75,16.5,17.375,17.375,92200
2000-10-19,17.84375,18.4375,16.25,17.3125,17.3125,64400
2000-10-20,16.75,17.25,16.5,16.5,16.5,108000
2000-10-23,17.125,17.1875,16.0625,17.0,17.0,132200
2000-10-24,17.25,17.3125,16.625,17.0625,17.0625,415200
2000-10-25,17.0625,19.0,16.40625,18.0,18.0,124200
2000-10-26,17.5625,19.4375,17.5625,19.375,19.375,502400
2000-10-27,20.0,20.1171875,18.25,18.25,18.25,463600
2000-10-30,18.25,18.25,15.5,16.25,16.25,160200
2000-10-31,16.25,16.5,15.9375,16.25,16.25,117000
2000-11-01,16.375,16.9375,16.0,16.78125,16.78125,512400
2000-11-02,17.0,18.1875,16.6875,17.8125,17.8125,337000
2000-11-03,17.125,18.625,17.125,18.25,18.25,119600
2000-11-06,19.0625,21.0,18.9375,20.3125,20.3125,512200
2000-11-07,20.3671875,20.5,20.0,20.5,20.5,181200
2000-11-08,20.5625,20.5625,20.25,20.3125,20.3125,46000
2000-11-09,20.3125,20.5,19.21875,19.4375,19.4375,347000
2000-11-10,19.125,19.59375,19.0,19.0,19.0,159200
2000-11-13,19.0078125,19.0078125,16.125,18.5,18.5,170800
2000-11-14,18.6328125,18.9375,16.375,16.96875,16.96875,81800
2000-11-15,16.75,17.0,15.75,15.875,15.875,226800
2000-11-16,16.25,16.25,12.6875,12.6875,12.6875,524200
2000-11-17,12.757813453674316,13.4375,10.8125,11.4375,11.4375,397400
2000-11-20,11.5,11.8125,10.6875,10.6875,10.6875,415400
2000-11-21,10.6875,11.0625,10.65625,10.65625,10.65625,2234000
2000-11-22,10.390625,10.8125,7.1875,8.0,8.0,474600
2000-11-24,8.0,10.3125,8.0,9.75,9.75,561400
2000-11-27,10.1875,10.1875,8.75,9.59375,9.59375,646200
2000-11-28,9.5,9.6875,8.15625,8.875,8.875,408400
2000-11-29,8.875,9.3125,8.8125,9.03125,9.03125,384000
2000-11-30,8.375,9.15625,7.53125,9.15625,9.15625,208800
2000-12-01,9.5,10.0,9.3125,9.625,9.625,883000
2000-12-04,9.96875,10.09375,9.625,9.8125,9.8125,146200
2000-12-05,10.5,12.5,10.1875,12.0625,12.0625,412800
2000-12-06,12.0625,12.1875,11.4375,11.6875,11.6875,199600
2000-12-07,11.375,12.125,11.125,11.625,11.625,463000
2000-12-08,11.75,11.875,10.34375,11.375,11.375,153400
2000-12-11,11.0,11.1875,10.5,10.5,10.5,120200
2000-12-12,10.28125,11.4375,10.25,10.9375,10.9375,793800
2000-12-13,11.1875,12.0,11.125,11.28125,11.28125,736800
2000-12-14,11.28125,11.28125,10.5,10.8125,10.8125,110800
2000-12-15,11.679688453674316,11.6875,10.3125,11.5,11.5,96800
2000-12-18,11.390625,12.0625,11.375,11.8125,11.8125,407800
2000-12-19,11.75,12.25,10.8125,10.875,10.875,459200
2000-12-20,10.25,10.25,8.5,8.9375,8.9375,157400
2000-12-21,9.5,10.125,8.9375,9.0,9.0,539400
2000-12-22,9.648438453674316,10.875,9.1875,9.5,9.5,122400
2000-12-26,9.320313453674316,9.34375,8.875,8.9375,8.9375,46400
2000-12-27,9.1875,9.3125,8.375,8.75,8.75,154600
2000-12-28,8.9375,9.0,8.25,8.5,8.5,183200
2000-12-29,8.5,8.5,7.6875,8.03125,8.03125,470000
2001-01-02,8.0,8.25,7.5,7.625,7.625,145200
2001-01-03,7.617187976837158,7.625,5.875,6.90625,6.90625,177800
2001-01-04,7.625,8.0,6.875,7.0625,7.0625,632800
2001-01-05,7.0625,7.0625,5.75,5.96875,5.96875,699000
2001-01-08,6.5,7.125,4.0625,4.4375,4.4375,507600
2001-01-09,4.8125,5.03125,4.3125,4.3125,4.3125,397200
2001-01-10,4.5625,5.25,4.3125,5.25,5.25,181600
2001-01-11,5.25,7.0625,5.25,6.6875,6.6875,293600
2001-01-12,6.617187976837158,6.65625,6.1875,6.5,6.5,21400
2001-01-16,6.429687976837158,6.75,6.0,6.75,6.75,191800
2001-01-17,6.625,8.0,6.625,7.53125,7.53125,171200
2001-01-18,7.375,7.75,7.1875,7.3125,7.3125,286200
2001-01-19,7.625,7.625,6.90625,7.5,7.5,245400
2001-01-22,7.5,7.5,7.1875,7.21875,7.21875,173200
2001-01-23,7.242187976837158,9.375,7.242187976837158,8.625,8.625,303400
2001-01-24,8.898438453674316,9.375,8.625,9.34375,9.34375,1334800
2001-01-25,9.15625,9.46875,9.0,9.375,9.375,959200
2001-01-26,9.34375,10.09375,8.9375,10.03125,10.03125,483200
2001-01-29,10.1875,11.25,9.78125,10.875,10.875,555800
2001-01-30,10.679688453674316,11.0625,10.4375,10.65625,10.65625,623800
2001-01-31,10.65625,10.6875,10.0,10.5,10.5,415600
2001-02-01,10.4375,10.5625,10.0,10.21875,10.21875,65600
2001-02-02,10.210938453674316,10.210938453674316,8.53125,9.125,9.125,145000
2001-02-05,8.914063453674316,8.9375,8.125,8.125,8.125,70200
2001-02-06,8.5625,8.6875,7.5,8.0,8.0,90200
2001-02-07,8.0,8.5,7.6875,8.15625,8.15625,351800
2001-02-08,8.148438453674316,8.15625,7.875,8.15625,8.15625,57600
2001-02-09,7.929687976837158,8.15625,7.5625,8.15625,8.15625,68400
2001-02-12,8.023438453674316,8.25,8.023438453674316,8.1875,8.1875,98400
2001-02-13,8.25,8.25,8.125,8.125,8.125,82800
2001-02-14,8.125,8.25,8.070313453674316,8.1875,8.1875,40600
2001-02-15,8.25,8.25,7.34375,8.0,8.0,494400
2001-02-16,7.914062976837158,8.90625,7.90625,8.40625,8.40625,82400
2001-02-20,8.0,8.0,7.5625,8.0,8.0,360600
2001-02-21,7.96875,8.59375,7.96875,8.28125,8.28125,23200
2001-02-22,8.03125,8.3125,7.6875,7.90625,7.90625,56800
2001-02-23,7.71875,7.78125,7.65625,7.6875,7.6875,104000
2001-02-26,7.75,7.90625,7.640625,7.8125,7.8125,84400
2001-02-27,7.8125,7.9375,7.625,7.875,7.875,58000
2001-02-28,7.9375,8.03125,7.5,7.5,7.5,90200
2001-03-01,7.4375,7.4375,7.070312976837158,7.25,7.25,19800
2001-03-02,7.5,7.5,6.03125,6.1875,6.1875,193200
2001-03-05,6.21875,6.75,6.21875,6.53125,6.53125,85600
2001-03-06,6.5625,6.625,6.1875,6.1875,6.1875,118600
2001-03-07,6.4375,6.4375,5.25,5.5,5.5,156800
2001-03-08,5.8125,5.875,5.59375,5.625,5.625,138400
2001-03-09,5.6875,5.75,4.875,5.0,5.0,227400
2001-03-12,5.03125,5.0625,4.0,4.0625,4.0625,385600
2001-03-13,4.65625,4.75,4.0625,4.0625,4.0625,706800
2001-03-14,4.039062976837158,4.75,4.03125,4.5,4.5,476400
2001-03-15,4.484375,4.625,4.476562976837158,4.515625,4.515625,72400
2001-03-16,4.507812976837158,4.53125,4.40625,4.46875,4.46875,756000
2001-03-19,4.5,4.84375,4.46875,4.796875,4.796875,521800
2001-03-20,4.78125,5.0,4.46875,4.46875,4.46875,184400
2001-03-21,4.5625,4.5625,4.1875,4.4375,4.4375,479600
2001-03-22,4.265625,4.40625,3.90625,4.03125,4.03125,412200
2001-03-23,4.125,4.1875,3.5,4.03125,4.03125,1377200
2001-03-26,4.171875,4.4375,4.15625,4.1875,4.1875,175000
2001-03-27,4.3125,4.3125,3.84375,3.90625,3.90625,170800
2001-03-28,3.875,3.96875,3.75,3.8125,3.8125,148000
2001-03-29,3.84375,3.84375,3.59375,3.625,3.625,313800
2001-03-30,3.625,3.625,3.1875,3.53125,3.53125,532800
2001-04-02,3.53125,3.59375,3.34375,3.40625,3.40625,72200
2001-04-03,3.625,3.625,2.9375,2.9375,2.9375,338400
2001-04-04,3.25,3.328125,2.875,2.9375,2.9375,186200
2001-04-05,2.9375,3.25,2.90625,3.1875,3.1875,90600
2001-04-06,3.234375,3.273437976837158,2.84375,3.0625,3.0625,99600
2001-04-09,3.494999885559082,3.494999885559082,3.125,3.130000114440918,3.130000114440918,65200
2001-04-10,3.25,3.549999952316284,3.0199999809265137,3.5,3.5,240000
2001-04-11,3.555000066757202,3.609999895095825,3.375,3.5,3.5,364200
2001-04-12,3.5899999141693115,3.5899999141693115,3.430000066757202,3.5450000762939453,3.5450000762939453,392000
2001-04-16,3.549999952316284,3.700000047683716,3.5,3.5450000762939453,3.5450000762939453,350000
2001-04-17,3.549999952316284,3.575000047683716,3.509999990463257,3.5199999809265137,3.5199999809265137,242000
2001-04-18,3.575000047683716,4.0,3.505000114440918,4.0,4.0,170000
2001-04-19,4.050000190734863,4.860000133514404,4.045000076293945,4.715000152587891,4.715000152587891,182600
2001-04-20,4.710000038146973,5.175000190734863,4.599999904632568,5.175000190734863,5.175000190734863,158200
2001-04-23,5.045000076293945,5.045000076293945,4.605000019073486,4.630000114440918,4.630000114440918,187800
2001-04-24,4.690000057220459,4.835000038146973,4.425000190734863,4.525000095367432,4.525000095367432,114200
2001-04-25,4.550000190734863,4.625,4.429999828338623,4.53000020980835,4.53000020980835,94800
2001-04-26,4.510000228881836,4.53000020980835,3.9749999046325684,4.150000095367432,4.150000095367432,195000
2001-04-27,4.175000190734863,4.264999866485596,3.8550000190734863,3.950000047683716,3.950000047683716,201200
2001-04-30,4.244999885559082,4.409999847412109,4.175000190734863,4.175000190734863,4.175000190734863,480800
2001-05-01,4.199999809265137,4.349999904632568,4.195000171661377,4.25,4.25,121800
2001-05-02,4.364999771118164,4.5,4.324999809265137,4.5,4.5,118400
2001-05-03,4.5,4.525000095367432,4.425000190734863,4.5,4.5,81200
2001-05-04,4.514999866485596,4.525000095367432,4.474999904632568,4.489999771118164,4.489999771118164,94800
2001-05-07,4.550000190734863,4.550000190734863,4.380000114440918,4.380000114440918,4.380000114440918,122200
2001-05-08,4.525000095367432,4.550000190734863,4.474999904632568,4.474999904632568,4.474999904632568,239800
2001-05-09,4.565000057220459,4.625,4.5,4.525000095367432,4.525000095367432,263200
2001-05-10,4.550000190734863,4.550000190734863,4.46999979019165,4.525000095367432,4.525000095367432,190600
2001-05-11,4.525000095367432,4.650000095367432,4.5,4.554999828338623,4.554999828338623,501200
2001-05-14,4.625,4.625,4.510000228881836,4.565000057220459,4.565000057220459,192800
2001-05-15,4.599999904632568,4.755000114440918,4.599999904632568,4.724999904632568,4.724999904632568,145400
2001-05-16,4.715000152587891,4.800000190734863,4.5,4.585000038146973,4.585000038146973,386200
2001-05-17,4.650000095367432,4.784999847412109,4.625,4.675000190734863,4.675000190734863,879600
2001-05-18,4.675000190734863,4.75,4.574999809265137,4.675000190734863,4.675000190734863,221000
2001-05-21,4.71999979019165,5.425000190734863,4.679999828338623,5.125,5.125,913800
2001-05-22,5.5,5.625,5.019999980926514,5.224999904632568,5.224999904632568,887800
2001-05-23,5.434999942779541,5.440000057220459,5.125,5.175000190734863,5.175000190734863,460200
2001-05-24,5.175000190734863,5.25,5.125,5.150000095367432,5.150000095367432,373600
2001-05-25,5.179999828338623,5.224999904632568,5.150000095367432,5.224999904632568,5.224999904632568,416600
2001-05-29,5.244999885559082,5.849999904632568,5.224999904632568,5.849999904632568,5.849999904632568,516400
2001-05-30,5.849999904632568,5.849999904632568,5.25,5.650000095367432,5.650000095367432,299400
2001-05-31,5.650000095367432,5.699999809265137,5.5,5.699999809265137,5.699999809265137,253600
2001-06-01,5.699999809265137,5.699999809265137,5.550000190734863,5.570000171661377,5.570000171661377,186600
2001-06-04,5.599999904632568,5.599999904632568,4.875,5.375,5.375,266600
2001-06-05,5.224999904632568,5.670000076293945,5.224999904632568,5.5,5.5,113200
2001-06-06,5.59499979019165,5.599999904632568,5.449999809265137,5.485000133514404,5.485000133514404,62200
2001-06-07,5.614999771118164,5.619999885559082,5.014999866485596,5.349999904632568,5.349999904632568,67200
2001-06-08,5.400000095367432,5.400000095367432,4.974999904632568,5.150000095367432,5.150000095367432,79800
2001-06-11,5.369999885559082,6.514999866485596,5.150000095367432,5.755000114440918,5.755000114440918,307600
2001-06-12,6.025000095367432,6.244999885559082,5.699999809265137,6.025000095367432,6.025000095367432,196600
2001-06-13,6.025000095367432,6.099999904632568,5.755000114440918,6.025000095367432,6.025000095367432,87800
2001-06-14,6.0,6.0,4.829999923706055,5.25,5.25,152600
2001-06-15,5.300000190734863,5.599999904632568,5.295000076293945,5.550000190734863,5.550000190734863,93000
2001-06-18,5.585000038146973,6.0,5.300000190734863,5.715000152587891,5.715000152587891,205200
2001-06-19,5.739999771118164,5.744999885559082,5.28000020980835,5.445000171661377,5.445000171661377,27200
2001-06-20,5.5,5.5,4.800000190734863,5.099999904632568,5.099999904632568,200400
2001-06-21,4.980000019073486,5.045000076293945,4.53000020980835,4.775000095367432,4.775000095367432,143000
2001-06-22,4.599999904632568,4.900000095367432,4.599999904632568,4.78000020980835,4.78000020980835,78400
2001-06-25,4.744999885559082,5.050000190734863,4.5,5.034999847412109,5.034999847412109,186400
2001-06-26,4.849999904632568,4.994999885559082,4.690000057220459,4.860000133514404,4.860000133514404,46800
2001-06-27,4.71999979019165,4.775000095367432,4.550000190734863,4.744999885559082,4.744999885559082,62600
2001-06-28,4.599999904632568,4.775000095367432,4.25,4.449999809265137,4.449999809265137,162000
2001-06-29,4.474999904632568,6.239999771118164,4.425000190734863,5.889999866485596,5.889999866485596,1032600
2001-07-02,5.25,5.829999923706055,5.215000152587891,5.78000020980835,5.78000020980835,305600
2001-07-03,5.644999980926514,5.974999904632568,5.5,5.724999904632568,5.724999904632568,232600
2001-07-05,5.78000020980835,6.375,5.690000057220459,6.375,6.375,254000
2001-07-06,6.255000114440918,6.454999923706055,5.75,6.375,6.375,215000
2001-07-09,6.224999904632568,7.045000076293945,6.224999904632568,6.579999923706055,6.579999923706055,335800
2001-07-10,6.724999904632568,6.75,6.09499979019165,6.375,6.375,197600
2001-07-11,6.360000133514404,6.550000190734863,6.130000114440918,6.324999809265137,6.324999809265137,278600
2001-07-12,6.385000228881836,6.550000190734863,6.099999904632568,6.394999980926514,6.394999980926514,75200
2001-07-13,6.434999942779541,6.525000095367432,5.945000171661377,6.079999923706055,6.079999923706055,239800
2001-07-16,6.210000038146973,6.210000038146973,5.699999809265137,5.824999809265137,5.824999809265137,200600
2001-07-17,5.795000076293945,6.315000057220459,5.769999980926514,6.050000190734863,6.050000190734863,106400
2001-07-18,5.974999904632568,5.989999771118164,5.820000171661377,5.820000171661377,5.820000171661377,90000
2001-07-19,5.954999923706055,6.005000114440918,5.90500020980835,5.989999771118164,5.989999771118164,183200
2001-07-20,6.005000114440918,6.255000114440918,6.0,6.050000190734863,6.050000190734863,62400
2001-07-23,5.974999904632568,6.005000114440918,5.699999809265137,5.985000133514404,5.985000133514404,30800
2001-07-24,5.994999885559082,6.050000190734863,5.715000152587891,5.900000095367432,5.900000095367432,83400
2001-07-25,5.775000095367432,6.010000228881836,5.550000190734863,5.71999979019165,5.71999979019165,90400
2001-07-26,5.744999885559082,5.835000038146973,5.554999828338623,5.800000190734863,5.800000190734863,48400
2001-07-27,5.820000171661377,5.824999809265137,5.75,5.815000057220459,5.815000057220459,134000
2001-07-30,5.795000076293945,5.824999809265137,5.625,5.704999923706055,5.704999923706055,36000
2001-07-31,5.65500020980835,6.050000190734863,5.650000095367432,5.724999904632568,5.724999904632568,202200
2001-08-01,6.039999961853027,6.25,5.925000190734863,6.175000190734863,6.175000190734863,158800
2001-08-02,6.175000190734863,6.275000095367432,5.900000095367432,6.150000095367432,6.150000095367432,353000
2001-08-03,6.050000190734863,6.320000171661377,6.050000190734863,6.15500020980835,6.15500020980835,89800
2001-08-06,6.340000152587891,6.340000152587891,5.775000095367432,5.775000095367432,5.775000095367432,33600
2001-08-07,5.764999866485596,5.824999809265137,5.525000095367432,5.824999809265137,5.824999809265137,48000
2001-08-08,5.775000095367432,5.775000095367432,5.554999828338623,5.650000095367432,5.650000095367432,106200
2001-08-09,5.75,5.75,5.449999809265137,5.550000190734863,5.550000190734863,166600
2001-08-10,5.550000190734863,6.025000095367432,5.550000190734863,6.005000114440918,6.005000114440918,62400
2001-08-13,6.005000114440918,6.215000152587891,5.505000114440918,6.210000038146973,6.210000038146973,47400
2001-08-14,6.074999809265137,6.355000019073486,5.829999923706055,6.195000171661377,6.195000171661377,58800
2001-08-15,6.300000190734863,6.494999885559082,5.940000057220459,6.215000152587891,6.215000152587891,91000
2001-08-16,6.144999980926514,6.144999980926514,5.925000190734863,6.099999904632568,6.099999904632568,99000
2001-08-17,5.650000095367432,6.0,5.630000114440918,5.949999809265137,5.949999809265137,28200
2001-08-20,5.920000076293945,5.920000076293945,5.625,5.775000095367432,5.775000095367432,39800
2001-08-21,5.710000038146973,5.710000038146973,5.474999904632568,5.474999904632568,5.474999904632568,60400
2001-08-22,5.510000228881836,5.574999809265137,5.190000057220459,5.389999866485596,5.389999866485596,45600
2001-08-23,5.28000020980835,5.550000190734863,5.275000095367432,5.400000095367432,5.400000095367432,122200
2001-08-24,5.539999961853027,5.559999942779541,5.289999961853027,5.534999847412109,5.534999847412109,99000
2001-08-27,5.574999809265137,5.735000133514404,5.574999809265137,5.625,5.625,21600
2001-08-28,5.625,5.679999828338623,5.025000095367432,5.03000020980835,5.03000020980835,37400
2001-08-29,5.300000190734863,5.300000190734863,4.309999942779541,4.699999809265137,4.699999809265137,277000
2001-08-30,4.724999904632568,4.724999904632568,4.389999866485596,4.445000171661377,4.445000171661377,148000
2001-08-31,4.380000114440918,4.5,4.150000095367432,4.394999980926514,4.394999980926514,43800
2001-09-04,4.400000095367432,4.75,4.400000095367432,4.465000152587891,4.465000152587891,50800
2001-09-05,4.454999923706055,4.75,4.25,4.519999980926514,4.519999980926514,121400
2001-09-06,4.434999942779541,4.514999866485596,4.25,4.34499979019165,4.34499979019165,49600
2001-09-07,4.275000095367432,4.445000171661377,4.25,4.25,4.25,120400
2001-09-10,4.400000095367432,4.429999828338623,4.215000152587891,4.215000152587891,4.215000152587891,69200
2001-09-17,4.025000095367432,4.050000190734863,3.75,3.7750000953674316,3.7750000953674316,84000
2001-09-18,3.875,4.034999847412109,3.75,3.805000066757202,3.805000066757202,56200
2001-09-19,3.950000047683716,3.950000047683716,2.6500000953674316,3.325000047683716,3.325000047683716,97400
2001-09-20,3.375,3.4200000762939453,2.9149999618530273,3.0350000858306885,3.0350000858306885,50800
2001-09-21,2.7750000953674316,3.119999885559082,2.5,3.0,3.0,186800
2001-09-24,3.075000047683716,3.25,2.700000047683716,3.25,3.25,151400
2001-09-25,3.2049999237060547,3.9749999046325684,2.8499999046325684,3.4000000953674316,3.4000000953674316,146800
2001-09-26,3.5999999046325684,3.5999999046325684,2.799999952316284,2.950000047683716,2.950000047683716,155200
2001-09-27,2.9549999237060547,2.994999885559082,2.4000000953674316,2.994999885559082,2.994999885559082,228800
2001-09-28,3.1050000190734863,3.5,2.875,3.25,3.25,124000
2001-10-01,3.25,3.25,2.875,3.1500000953674316,3.1500000953674316,81200
2001-10-02,3.0799999237060547,3.244999885559082,2.75,3.240000009536743,3.240000009536743,69200
2001-10-03,3.490000009536743,3.490000009536743,2.924999952316284,2.9749999046325684,2.9749999046325684,125600
2001-10-04,3.244999885559082,3.25,2.9649999141693115,3.2100000381469727,3.2100000381469727,49800
2001-10-05,3.005000114440918,3.234999895095825,2.9700000286102295,3.0999999046325684,3.0999999046325684,107200
2001-10-08,3.0,3.200000047683716,2.984999895095825,3.005000114440918,3.005000114440918,70600
2001-10-09,3.005000114440918,3.005000114440918,2.5,3.0,3.0,427600
2001-10-10,2.950000047683716,3.2750000953674316,2.950000047683716,3.25,3.25,251200
2001-10-11,3.299999952316284,3.5,3.1700000762939453,3.365000009536743,3.365000009536743,71600
2001-10-12,3.359999895095825,3.5,3.299999952316284,3.5,3.5,55400
2001-10-15,3.619999885559082,4.025000095367432,3.4149999618530273,3.9700000286102295,3.9700000286102295,65400
2001-10-16,3.950000047683716,4.965000152587891,3.5899999141693115,4.25,4.25,217400
2001-10-17,4.340000152587891,4.349999904632568,4.0,4.235000133514404,4.235000133514404,130800
2001-10-18,4.244999885559082,4.375,4.065000057220459,4.375,4.375,83400
2001-10-19,4.244999885559082,4.559999942779541,4.224999904632568,4.519999980926514,4.519999980926514,57200
2001-10-22,4.505000114440918,4.949999809265137,4.505000114440918,4.949999809265137,4.949999809265137,89000
2001-10-23,4.974999904632568,5.0,4.675000190734863,4.775000095367432,4.775000095367432,76800
2001-10-24,4.775000095367432,4.875,4.764999866485596,4.875,4.875,58600
2001-10-25,4.619999885559082,5.059999942779541,4.460000038146973,5.014999866485596,5.014999866485596,180800
2001-10-26,5.070000171661377,5.074999809265137,4.635000228881836,5.045000076293945,5.045000076293945,133000
2001-10-29,5.005000114440918,5.375,4.925000190734863,5.375,5.375,217800
2001-10-30,5.394999980926514,5.400000095367432,4.900000095367432,5.0,5.0,476600
2001-10-31,5.025000095367432,5.175000190734863,4.900000095367432,5.005000114440918,5.005000114440918,249000
2001-11-01,5.005000114440918,5.5,4.880000114440918,5.050000190734863,5.050000190734863,210000
2001-11-02,5.340000152587891,5.800000190734863,5.130000114440918,5.644999980926514,5.644999980926514,482200
2001-11-05,5.5,5.875,5.275000095367432,5.300000190734863,5.300000190734863,338600
2001-11-06,5.295000076293945,5.375,5.224999904632568,5.295000076293945,5.295000076293945,128400
2001-11-07,5.284999847412109,5.295000076293945,4.875,5.125,5.125,320600
2001-11-08,5.050000190734863,5.150000095367432,4.925000190734863,5.050000190734863,5.050000190734863,125800
2001-11-09,4.474999904632568,4.75,4.25,4.550000190734863,4.550000190734863,435800
2001-11-12,4.40500020980835,4.599999904632568,4.300000190734863,4.5,4.5,70600
2001-11-13,4.445000171661377,4.489999771118164,4.355000019073486,4.46999979019165,4.46999979019165,293200
2001-11-14,4.489999771118164,4.630000114440918,4.400000095367432,4.599999904632568,4.599999904632568,108800
2001-11-15,4.675000190734863,4.75,4.429999828338623,4.579999923706055,4.579999923706055,77400
2001-11-16,4.474999904632568,4.550000190734863,4.335000038146973,4.474999904632568,4.474999904632568,28400
2001-11-19,4.360000133514404,4.614999771118164,4.099999904632568,4.614999771118164,4.614999771118164,29400
2001-11-20,4.349999904632568,5.0,4.349999904632568,4.925000190734863,4.925000190734863,86200
2001-11-21,4.994999885559082,5.0,4.75,4.860000133514404,4.860000133514404,103400
2001-11-23,4.949999809265137,4.949999809265137,4.699999809265137,4.864999771118164,4.864999771118164,101600
2001-11-26,4.820000171661377,4.820000171661377,4.65500020980835,4.699999809265137,4.699999809265137,82600
2001-11-27,4.679999828338623,5.21999979019165,4.679999828338623,5.21999979019165,5.21999979019165,535000
2001-11-28,4.949999809265137,5.125,4.900000095367432,5.050000190734863,5.050000190734863,306200
2001-11-29,5.139999866485596,5.28000020980835,4.900000095367432,5.28000020980835,5.28000020980835,334000
2001-11-30,5.28000020980835,5.28000020980835,4.974999904632568,4.980000019073486,4.980000019073486,257800
2001-12-03,4.880000114440918,4.945000171661377,4.625,4.71999979019165,4.71999979019165,237000
2001-12-04,4.795000076293945,4.949999809265137,4.599999904632568,4.949999809265137,4.949999809265137,53000
2001-12-05,4.949999809265137,5.0,4.869999885559082,4.909999847412109,4.909999847412109,39800
2001-12-06,5.019999980926514,5.019999980926514,4.784999847412109,5.0,5.0,26600
2001-12-07,4.775000095367432,5.199999809265137,4.775000095367432,5.125,5.125,303400
2001-12-10,4.824999809265137,5.125,4.824999809265137,4.974999904632568,4.974999904632568,103000
2001-12-11,4.920000076293945,4.974999904632568,4.900000095367432,4.96999979019165,4.96999979019165,95000
2001-12-12,4.800000190734863,4.96999979019165,4.75,4.900000095367432,4.900000095367432,89200
2001-12-13,4.755000114440918,5.085000038146973,4.755000114440918,5.085000038146973,5.085000038146973,47400
2001-12-14,4.784999847412109,5.25,4.78000020980835,5.239999771118164,5.239999771118164,41200
2001-12-17,5.050000190734863,5.28000020980835,4.894999980926514,5.28000020980835,5.28000020980835,38600
2001-12-18,5.25,5.25,4.849999904632568,5.0,5.0,55400
2001-12-19,4.889999866485596,5.150000095367432,4.875,5.130000114440918,5.130000114440918,24000
2001-12-20,4.974999904632568,5.5,4.949999809265137,5.494999885559082,5.494999885559082,119800
2001-12-21,5.510000228881836,6.014999866485596,5.125,5.994999885559082,5.994999885559082,237600
2001-12-24,5.994999885559082,5.994999885559082,5.764999866485596,5.989999771118164,5.989999771118164,44400
2001-12-26,5.980000019073486,5.980000019073486,5.5,5.635000228881836,5.635000228881836,90000
2001-12-27,5.650000095367432,5.769999980926514,5.550000190734863,5.769999980926514,5.769999980926514,54000
2001-12-28,5.53000020980835,5.755000114440918,5.525000095367432,5.715000152587891,5.715000152587891,23600
2001-12-31,5.804999828338623,5.880000114440918,5.65500020980835,5.880000114440918,5.880000114440918,59200
2002-01-02,5.925000190734863,5.925000190734863,5.474999904632568,5.625,5.625,188800
2002-01-03,5.599999904632568,5.699999809265137,5.514999866485596,5.650000095367432,5.650000095367432,115600
2002-01-04,5.599999904632568,5.96999979019165,5.574999809265137,5.96999979019165,5.96999979019165,116200
2002-01-07,5.985000133514404,6.235000133514404,5.775000095367432,6.03000020980835,6.03000020980835,190600
2002-01-08,6.170000076293945,6.190000057220459,6.0,6.074999809265137,6.074999809265137,54800
2002-01-09,6.09499979019165,6.324999809265137,6.050000190734863,6.170000076293945,6.170000076293945,104400
2002-01-10,6.125,6.125,5.684999942779541,5.684999942779541,5.684999942779541,91600
2002-01-11,5.65500020980835,5.795000076293945,5.65500020980835,5.704999923706055,5.704999923706055,41600
2002-01-14,5.599999904632568,5.639999866485596,5.389999866485596,5.40500020980835,5.40500020980835,288200
2002-01-15,5.454999923706055,5.525000095367432,5.385000228881836,5.425000190734863,5.425000190734863,63000
2002-01-16,5.135000228881836,5.400000095367432,5.135000228881836,5.315000057220459,5.315000057220459,105600
2002-01-17,5.380000114440918,5.380000114440918,5.235000133514404,5.324999809265137,5.324999809265137,42600
2002-01-18,5.425000190734863,5.425000190734863,5.099999904632568,5.110000133514404,5.110000133514404,125200
2002-01-22,5.125,5.125,4.974999904632568,4.994999885559082,4.994999885559082,73400
2002-01-23,4.949999809265137,5.059999942779541,4.934999942779541,5.0,5.0,103800
2002-01-24,5.025000095367432,5.025000095367432,4.775000095367432,4.78000020980835,4.78000020980835,71400
2002-01-25,4.775000095367432,4.775000095367432,4.599999904632568,4.619999885559082,4.619999885559082,54000
2002-01-28,4.590000152587891,4.695000171661377,4.590000152587891,4.590000152587891,4.590000152587891,19600
2002-01-29,4.550000190734863,4.625,4.099999904632568,4.275000095367432,4.275000095367432,109800
2002-01-30,4.230000019073486,4.349999904632568,4.125,4.25,4.25,48600
2002-01-31,4.315000057220459,4.375,4.125,4.224999904632568,4.224999904632568,102800
2002-02-01,4.329999923706055,4.329999923706055,4.125,4.150000095367432,4.150000095367432,88400
2002-02-04,4.099999904632568,4.199999809265137,3.9049999713897705,3.9800000190734863,3.9800000190734863,52200
2002-02-05,3.9000000953674316,4.130000114440918,3.9000000953674316,4.010000228881836,4.010000228881836,232000
2002-02-06,3.8350000381469727,3.950000047683716,3.825000047683716,3.9000000953674316,3.9000000953674316,139400
2002-02-07,3.825000047683716,3.9000000953674316,3.5299999713897705,3.549999952316284,3.549999952316284,173000
2002-02-08,3.5299999713897705,3.8499999046325684,3.5,3.7249999046325684,3.7249999046325684,208400
2002-02-11,3.694999933242798,3.694999933242798,3.375,3.375,3.375,793200
2002-02-12,3.3949999809265137,3.4749999046325684,3.25,3.25,3.25,295200
2002-02-13,3.384999990463257,3.740000009536743,3.384999990463257,3.634999990463257,3.634999990463257,123000
2002-02-14,3.7200000286102295,3.7200000286102295,3.5,3.5,3.5,63600
2002-02-15,3.4600000381469727,3.674999952316284,3.4000000953674316,3.615000009536743,3.615000009536743,139400
2002-02-19,3.5899999141693115,4.224999904632568,3.5,3.555000066757202,3.555000066757202,203400
2002-02-20,3.8499999046325684,3.944999933242798,3.549999952316284,3.674999952316284,3.674999952316284,286800
2002-02-21,3.700000047683716,3.700000047683716,3.255000114440918,3.430000066757202,3.430000066757202,252400
2002-02-22,3.430000066757202,3.5399999618530273,3.375,3.5,3.5,34400
2002-02-25,3.505000114440918,3.505000114440918,3.4049999713897705,3.4049999713897705,3.4049999713897705,48000
2002-02-26,3.4149999618530273,3.5350000858306885,3.375,3.4600000381469727,3.4600000381469727,60000
2002-02-27,3.5399999618530273,3.5399999618530273,3.4549999237060547,3.484999895095825,3.484999895095825,123600
2002-02-28,3.380000114440918,3.5250000953674316,3.380000114440918,3.430000066757202,3.430000066757202,101000
2002-03-01,3.4600000381469727,3.555000066757202,3.430000066757202,3.5,3.5,220200
2002-03-04,3.5299999713897705,3.575000047683716,3.5,3.515000104904175,3.515000104904175,92600
2002-03-05,3.509999990463257,3.815000057220459,3.5,3.755000114440918,3.755000114440918,248000
2002-03-06,3.825000047683716,3.8949999809265137,3.75,3.75,3.75,312000
2002-03-07,3.9100000858306885,3.9100000858306885,3.5299999713897705,3.5299999713897705,3.5299999713897705,62200
2002-03-08,3.609999895095825,3.8499999046325684,3.609999895095825,3.8450000286102295,3.8450000286102295,184000
2002-03-11,3.890000104904175,4.650000095367432,3.7799999713897705,4.480000019073486,4.480000019073486,159200
2002-03-12,4.474999904632568,4.474999904632568,4.324999809265137,4.375,4.375,159000
2002-03-13,4.340000152587891,4.425000190734863,4.324999809265137,4.394999980926514,4.394999980926514,156200
2002-03-14,4.349999904632568,4.75,4.349999904632568,4.684999942779541,4.684999942779541,345000
2002-03-15,4.760000228881836,4.775000095367432,4.625,4.675000190734863,4.675000190734863,147800
2002-03-18,4.695000171661377,4.695000171661377,4.445000171661377,4.550000190734863,4.550000190734863,255400
2002-03-19,4.425000190734863,4.550000190734863,4.425000190734863,4.5,4.5,152400
2002-03-20,4.449999809265137,4.59499979019165,4.329999923706055,4.360000133514404,4.360000133514404,42000
2002-03-21,4.525000095367432,4.550000190734863,4.400000095367432,4.440000057220459,4.440000057220459,159200
2002-03-22,4.5,4.625,4.385000228881836,4.5,4.5,724600
2002-03-25,4.5,4.599999904632568,4.375,4.5,4.5,84200
2002-03-26,4.570000171661377,4.570000171661377,4.460000038146973,4.485000133514404,4.485000133514404,321800
2002-03-27,4.550000190734863,4.570000171661377,4.199999809265137,4.474999904632568,4.474999904632568,667600
2002-03-28,4.5,4.730000019073486,4.375,4.730000019073486,4.730000019073486,69200
2002-04-01,4.650000095367432,4.670000076293945,3.680000066757202,3.75,3.75,371600
2002-04-02,3.75,3.9700000286102295,3.75,3.875,3.875,150600
2002-04-03,3.984999895095825,3.984999895095825,3.505000114440918,3.7850000858306885,3.7850000858306885,211400
2002-04-04,3.6500000953674316,3.7850000858306885,3.5299999713897705,3.7750000953674316,3.7750000953674316,407400
2002-04-05,3.75,3.934999942779541,3.6700000762939453,3.825000047683716,3.825000047683716,46200
2002-04-08,3.8550000190734863,3.9100000858306885,3.805000066757202,3.9100000858306885,3.9100000858306885,138200
2002-04-09,3.875,3.940000057220459,3.8350000381469727,3.8499999046325684,3.8499999046325684,37000
2002-04-10,3.799999952316284,3.8499999046325684,3.7750000953674316,3.809999942779541,3.809999942779541,203000
2002-04-11,3.8499999046325684,3.9749999046325684,3.8450000286102295,3.8550000190734863,3.8550000190734863,42200
2002-04-12,3.9000000953674316,4.09499979019165,3.825000047683716,4.050000190734863,4.050000190734863,83800
2002-04-15,4.025000095367432,4.175000190734863,4.025000095367432,4.085000038146973,4.085000038146973,45600
2002-04-16,4.085000038146973,4.199999809265137,4.085000038146973,4.164999961853027,4.164999961853027,73200
2002-04-17,4.170000076293945,4.25,4.170000076293945,4.215000152587891,4.215000152587891,52600
2002-04-18,4.21999979019165,4.489999771118164,4.099999904632568,4.485000133514404,4.485000133514404,56000
2002-04-19,4.304999828338623,4.485000133514404,4.260000228881836,4.414999961853027,4.414999961853027,39400
2002-04-22,4.25,4.485000133514404,4.25,4.400000095367432,4.400000095367432,196200
2002-04-23,4.5,4.505000114440918,4.400000095367432,4.474999904632568,4.474999904632568,154200
2002-04-24,4.474999904632568,4.494999885559082,4.375,4.465000152587891,4.465000152587891,411800
2002-04-25,4.335000038146973,4.449999809265137,4.315000057220459,4.425000190734863,4.425000190734863,54400
2002-04-26,4.295000076293945,4.349999904632568,4.264999866485596,4.320000171661377,4.320000171661377,169400
2002-04-29,4.360000133514404,4.360000133514404,4.15500020980835,4.224999904632568,4.224999904632568,665200
2002-04-30,4.150000095367432,4.215000152587891,4.099999904632568,4.199999809265137,4.199999809265137,207600
2002-05-01,4.150000095367432,4.25,4.125,4.195000171661377,4.195000171661377,133000
2002-05-02,4.170000076293945,4.454999923706055,4.170000076293945,4.425000190734863,4.425000190734863,133400
2002-05-03,4.400000095367432,4.514999866485596,4.0,4.5,4.5,222600
2002-05-06,4.400000095367432,4.454999923706055,4.110000133514404,4.114999771118164,4.114999771118164,83800
2002-05-07,4.150000095367432,4.15500020980835,3.2300000190734863,3.3399999141693115,3.3399999141693115,262600
2002-05-08,3.505000114440918,3.6549999713897705,3.4000000953674316,3.5950000286102295,3.5950000286102295,126600
2002-05-09,3.625,3.625,3.25,3.25,3.25,129000
2002-05-10,3.259999990463257,3.509999990463257,2.555000066757202,3.4000000953674316,3.4000000953674316,206000
2002-05-13,3.25,3.5,3.25,3.5,3.5,180800
2002-05-14,3.490000009536743,3.5850000381469727,3.194999933242798,3.4800000190734863,3.4800000190734863,93000
2002-05-15,3.424999952316284,3.6649999618530273,3.424999952316284,3.4549999237060547,3.4549999237060547,256800
2002-05-16,3.5,3.5,3.200000047683716,3.255000114440918,3.255000114440918,69600
2002-05-17,3.255000114440918,3.3499999046325684,3.25,3.265000104904175,3.265000104904175,117600
2002-05-20,3.375,3.4000000953674316,3.2049999237060547,3.2750000953674316,3.2750000953674316,283600
2002-05-21,3.25,3.325000047683716,3.2200000286102295,3.25,3.25,187200
2002-05-22,3.1500000953674316,3.1649999618530273,3.0,3.055000066757202,3.055000066757202,69000
2002-05-23,3.0299999713897705,3.305000066757202,3.005000114440918,3.25,3.25,69800
2002-05-24,3.1549999713897705,3.299999952316284,3.1549999713897705,3.174999952316284,3.174999952316284,58800
2002-05-28,3.1500000953674316,3.174999952316284,3.009999990463257,3.1649999618530273,3.1649999618530273,57800
2002-05-29,3.125,3.315000057220459,3.125,3.2750000953674316,3.2750000953674316,206400
2002-05-30,3.2249999046325684,3.305000066757202,3.200000047683716,3.2799999713897705,3.2799999713897705,109800
2002-05-31,3.2049999237060547,3.299999952316284,3.200000047683716,3.200000047683716,3.200000047683716,69800
2002-06-03,3.184999942779541,3.234999895095825,3.0250000953674316,3.0399999618530273,3.0399999618530273,52200
2002-06-04,3.125,3.2799999713897705,3.0250000953674316,3.2799999713897705,3.2799999713897705,151400
2002-06-05,3.2950000762939453,3.299999952316284,3.049999952316284,3.2750000953674316,3.2750000953674316,119600
2002-06-06,3.125,3.174999952316284,2.75,2.799999952316284,2.799999952316284,147200
2002-06-07,2.75,2.819999933242798,2.625,2.819999933242798,2.819999933242798,169800
2002-06-10,2.8399999141693115,3.0250000953674316,2.755000114440918,2.9049999713897705,2.9049999713897705,69800
2002-06-11,2.890000104904175,2.984999895095825,2.75,2.825000047683716,2.825000047683716,387000
2002-06-12,2.7950000762939453,2.8550000190734863,2.380000114440918,2.5,2.5,430000
2002-06-13,2.569999933242798,2.799999952316284,2.1649999618530273,2.1700000762939453,2.1700000762939453,169600
2002-06-14,2.244999885559082,2.5399999618530273,2.1600000858306885,2.505000114440918,2.505000114440918,81400
2002-06-17,2.5,2.825000047683716,2.5,2.825000047683716,2.825000047683716,20600
2002-06-18,2.700000047683716,3.119999885559082,2.700000047683716,3.0299999713897705,3.0299999713897705,63000
2002-06-19,2.9600000381469727,3.0999999046325684,2.9600000381469727,3.0899999141693115,3.0899999141693115,135600
2002-06-20,3.0,3.0999999046325684,2.9549999237060547,2.9549999237060547,2.9549999237060547,53800
2002-06-21,2.9600000381469727,3.1449999809265137,2.940000057220459,3.015000104904175,3.015000104904175,125000
2002-06-24,3.0199999809265137,3.0950000286102295,2.950000047683716,2.950000047683716,2.950000047683716,104800
2002-06-25,3.0999999046325684,3.174999952316284,3.055000066757202,3.0999999046325684,3.0999999046325684,87000
2002-06-26,3.0999999046325684,3.1500000953674316,3.0,3.0999999046325684,3.0999999046325684,103800
2002-06-27,2.9549999237060547,3.2799999713897705,2.9549999237060547,3.2750000953674316,3.2750000953674316,183200
2002-06-28,3.25,3.4700000286102295,3.180000066757202,3.359999895095825,3.359999895095825,681000
2002-07-01,3.3949999809265137,3.4200000762939453,3.069999933242798,3.109999895095825,3.109999895095825,177200
2002-07-02,3.1649999618530273,3.2750000953674316,3.005000114440918,3.009999990463257,3.009999990463257,89800
2002-07-03,3.0,3.075000047683716,2.7950000762939453,2.9600000381469727,2.9600000381469727,139400
2002-07-05,2.825000047683716,3.0,2.825000047683716,3.0,3.0,15600
2002-07-08,2.9000000953674316,3.049999952316284,2.7049999237060547,2.825000047683716,2.825000047683716,69000
2002-07-09,2.625,2.6500000953674316,2.255000114440918,2.3299999237060547,2.3299999237060547,370600
2002-07-10,2.4200000762939453,2.424999952316284,2.055000066757202,2.25,2.25,373000
2002-07-11,2.25,2.265000104904175,2.075000047683716,2.2249999046325684,2.2249999046325684,159800
2002-07-12,2.180000066757202,2.3299999237060547,2.180000066757202,2.2799999713897705,2.2799999713897705,90000
2002-07-15,2.325000047683716,2.325000047683716,2.0950000286102295,2.0950000286102295,2.0950000286102295,47800
2002-07-16,2.174999952316284,2.2249999046325684,2.109999895095825,2.2200000286102295,2.2200000286102295,24200
2002-07-17,2.25,2.299999952316284,2.200000047683716,2.25,2.25,71000
2002-07-18,2.299999952316284,2.299999952316284,2.140000104904175,2.2249999046325684,2.2249999046325684,70200
2002-07-19,2.190000057220459,2.25,2.0450000762939453,2.049999952316284,2.049999952316284,312400
2002-07-22,2.125,2.125,1.965000033378601,2.065000057220459,2.065000057220459,231800
2002-07-23,2.0950000286102295,2.125,2.0250000953674316,2.049999952316284,2.049999952316284,44000
2002-07-24,2.0,2.244999885559082,2.0,2.244999885559082,2.244999885559082,86400
2002-07-25,2.25,2.25,2.140000104904175,2.180000066757202,2.180000066757202,66400
2002-07-26,2.125,2.325000047683716,2.125,2.2750000953674316,2.2750000953674316,37800
2002-07-29,2.3499999046325684,2.549999952316284,2.194999933242798,2.5,2.5,47400
2002-07-30,2.5,2.5,1.9800000190734863,2.25,2.25,69200
2002-07-31,2.244999885559082,2.2950000762939453,2.140000104904175,2.2249999046325684,2.2249999046325684,77800
2002-08-01,2.244999885559082,2.244999885559082,2.109999895095825,2.109999895095825,2.109999895095825,53400
2002-08-02,2.0350000858306885,2.0999999046325684,2.0,2.0450000762939453,2.0450000762939453,121200
2002-08-05,2.0999999046325684,2.0999999046325684,2.0250000953674316,2.049999952316284,2.049999952316284,29800
2002-08-06,2.049999952316284,2.2750000953674316,2.0250000953674316,2.0799999237060547,2.0799999237060547,73400
2002-08-07,2.049999952316284,2.0799999237060547,1.9850000143051147,2.015000104904175,2.015000104904175,153600
2002-08-08,2.125,2.1500000953674316,1.9950000047683716,2.0450000762939453,2.0450000762939453,123800
2002-08-09,2.0,2.2149999141693115,1.9149999618530273,2.049999952316284,2.049999952316284,125800
2002-08-12,2.075000047683716,2.0999999046325684,1.9800000190734863,2.0250000953674316,2.0250000953674316,48200
2002-08-13,2.0,2.075000047683716,1.9049999713897705,1.9199999570846558,1.9199999570846558,27200
2002-08-14,2.009999990463257,2.184999942779541,1.899999976158142,2.184999942779541,2.184999942779541,35600
2002-08-15,2.180000066757202,2.180000066757202,2.0,2.0,2.0,14000
2002-08-16,2.069999933242798,2.069999933242798,1.9500000476837158,1.9550000429153442,1.9550000429153442,14200
2002-08-19,2.055000066757202,2.055000066757202,1.975000023841858,1.9950000047683716,1.9950000047683716,30400
2002-08-20,2.0,2.0350000858306885,1.6299999952316284,1.6549999713897705,1.6549999713897705,128200
2002-08-21,1.659999966621399,2.0,1.659999966621399,2.0,2.0,111000
2002-08-22,1.9700000286102295,2.0250000953674316,1.7050000429153442,1.9500000476837158,1.9500000476837158,104400
2002-08-23,1.9199999570846558,1.9249999523162842,1.809999942779541,1.875,1.875,25200
2002-08-26,1.8450000286102295,2.0199999809265137,1.7999999523162842,2.015000104904175,2.015000104904175,87200
2002-08-27,2.0199999809265137,2.0199999809265137,1.9049999713897705,1.9700000286102295,1.9700000286102295,105600
2002-08-28,1.9500000476837158,2.009999990463257,1.899999976158142,1.9500000476837158,1.9500000476837158,97800
2002-08-29,2.005000114440918,2.0199999809265137,1.9500000476837158,1.9800000190734863,1.9800000190734863,34000
2002-08-30,1.9850000143051147,2.0250000953674316,1.899999976158142,1.965000033378601,1.965000033378601,103600
2002-09-03,1.9149999618530273,1.9249999523162842,1.7599999904632568,1.909999966621399,1.909999966621399,91000
2002-09-04,1.899999976158142,2.0199999809265137,1.899999976158142,2.0,2.0,158200
2002-09-05,2.0,2.0199999809265137,1.899999976158142,1.899999976158142,1.899999976158142,25200
2002-09-06,1.975000023841858,2.015000104904175,1.899999976158142,1.899999976158142,1.899999976158142,27200
2002-09-09,2.0,2.0,1.899999976158142,1.909999966621399,1.909999966621399,20400
2002-09-10,2.009999990463257,2.009999990463257,1.9600000381469727,2.0,2.0,24400
2002-09-11,2.0,2.015000104904175,1.774999976158142,1.774999976158142,1.774999976158142,256200
2002-09-12,1.8250000476837158,1.8250000476837158,1.625,1.649999976158142,1.649999976158142,96600
2002-09-13,1.649999976158142,1.8049999475479126,1.625,1.6749999523162842,1.6749999523162842,122600
2002-09-16,1.725000023841858,1.7999999523162842,1.5850000381469727,1.600000023841858,1.600000023841858,179600
2002-09-17,1.7100000381469727,1.7100000381469727,1.5,1.559999942779541,1.559999942779541,146800
2002-09-18,1.5,1.625,1.4500000476837158,1.5399999618530273,1.5399999618530273,963200
2002-09-19,1.5149999856948853,1.6349999904632568,1.5,1.5049999952316284,1.5049999952316284,137400
2002-09-20,1.524999976158142,1.600000023841858,1.5,1.5499999523162842,1.5499999523162842,378600
2002-09-23,1.434999942779541,1.5499999523162842,1.434999942779541,1.465000033378601,1.465000033378601,39600
2002-09-24,1.5449999570846558,1.5499999523162842,1.434999942779541,1.5,1.5,150600
2002-09-25,1.5,1.534999966621399,1.5,1.524999976158142,1.524999976158142,93000
2002-09-26,1.534999966621399,1.7699999809265137,1.4500000476837158,1.7400000095367432,1.7400000095367432,151000
2002-09-27,1.809999942779541,1.8450000286102295,1.690000057220459,1.6950000524520874,1.6950000524520874,29400
2002-09-30,1.684999942779541,1.7799999713897705,1.600000023841858,1.7200000286102295,1.7200000286102295,60400
2002-10-01,1.7450000047683716,1.875,1.6749999523162842,1.8700000047683716,1.8700000047683716,125200
2002-10-02,1.9249999523162842,1.9249999523162842,1.725000023841858,1.75,1.75,57800
2002-10-03,1.7100000381469727,1.875,1.7100000381469727,1.8700000047683716,1.8700000047683716,33800
2002-10-04,1.7999999523162842,1.9249999523162842,1.7999999523162842,1.9049999713897705,1.9049999713897705,68000
2002-10-07,1.6649999618530273,1.9249999523162842,1.6449999809265137,1.8350000381469727,1.8350000381469727,26800
2002-10-08,1.774999976158142,1.9500000476837158,1.6449999809265137,1.8250000476837158,1.8250000476837158,26600
2002-10-09,1.7999999523162842,1.9500000476837158,1.690000057220459,1.7400000095367432,1.7400000095367432,309200
2002-10-10,1.6749999523162842,1.9249999523162842,1.6749999523162842,1.9249999523162842,1.9249999523162842,67600
2002-10-11,1.7949999570846558,1.8899999856948853,1.7949999570846558,1.875,1.875,15400
2002-10-14,1.8049999475479126,1.850000023841858,1.774999976158142,1.8049999475479126,1.8049999475479126,18000
2002-10-15,1.7899999618530273,1.9249999523162842,1.7899999618530273,1.9199999570846558,1.9199999570846558,9800
2002-10-16,1.9500000476837158,1.9500000476837158,1.7999999523162842,1.7999999523162842,1.7999999523162842,37200
2002-10-17,1.9500000476837158,1.9500000476837158,1.8700000047683716,1.9500000476837158,1.9500000476837158,24800
2002-10-18,1.9600000381469727,2.174999952316284,1.9500000476837158,1.9900000095367432,1.9900000095367432,308000
2002-10-21,2.049999952316284,2.049999952316284,1.9500000476837158,2.005000114440918,2.005000114440918,36000
2002-10-22,2.005000114440918,2.005000114440918,1.875,1.9500000476837158,1.9500000476837158,21200
2002-10-23,1.965000033378601,1.975000023841858,1.8250000476837158,1.975000023841858,1.975000023841858,15600
2002-10-24,1.975000023841858,2.0250000953674316,1.9500000476837158,1.9950000047683716,1.9950000047683716,159600
2002-10-25,2.015000104904175,2.015000104904175,1.9550000429153442,1.9900000095367432,1.9900000095367432,13200
2002-10-28,2.0,2.0250000953674316,1.9500000476837158,2.0199999809265137,2.0199999809265137,184800
2002-10-29,2.0199999809265137,2.0250000953674316,1.975000023841858,2.005000114440918,2.005000114440918,96400
2002-10-30,2.0250000953674316,2.0399999618530273,1.9450000524520874,2.005000114440918,2.005000114440918,153000
2002-10-31,1.9900000095367432,2.049999952316284,1.9900000095367432,2.0399999618530273,2.0399999618530273,91800
2002-11-01,2.049999952316284,2.0799999237060547,2.0399999618530273,2.049999952316284,2.049999952316284,69200
2002-11-04,2.0850000381469727,2.174999952316284,2.069999933242798,2.1649999618530273,2.1649999618530273,52600
2002-11-05,2.1700000762939453,2.3350000381469727,2.1700000762939453,2.25,2.25,44000
2002-11-06,2.25,2.299999952316284,2.200000047683716,2.25,2.25,41200
2002-11-07,2.3499999046325684,2.3550000190734863,2.2100000381469727,2.2149999141693115,2.2149999141693115,115200
2002-11-08,2.2750000953674316,2.2750000953674316,1.9950000047683716,2.0,2.0,74000
2002-11-11,2.1500000953674316,2.180000066757202,2.0,2.1700000762939453,2.1700000762939453,24800
2002-11-12,2.174999952316284,2.375,2.1700000762939453,2.375,2.375,91600
2002-11-13,2.3949999809265137,2.6500000953674316,2.3550000190734863,2.5999999046325684,2.5999999046325684,84800
2002-11-14,2.6549999713897705,2.9100000858306885,2.444999933242798,2.9100000858306885,2.9100000858306885,116200
2002-11-15,2.9200000762939453,2.9700000286102295,2.609999895095825,2.8499999046325684,2.8499999046325684,59000
2002-11-18,2.569999933242798,2.805000066757202,2.490000009536743,2.5450000762939453,2.5450000762939453,96400
2002-11-19,2.505000114440918,2.549999952316284,2.4549999237060547,2.4600000381469727,2.4600000381469727,55800
2002-11-20,2.4549999237060547,2.5250000953674316,2.2799999713897705,2.5250000953674316,2.5250000953674316,109600
2002-11-21,2.365000009536743,2.690000057220459,2.365000009536743,2.440000057220459,2.440000057220459,184600
2002-11-22,2.4000000953674316,2.5,2.2950000762939453,2.4000000953674316,2.4000000953674316,61600
2002-11-25,2.4749999046325684,2.5199999809265137,2.365000009536743,2.4200000762939453,2.4200000762939453,110400
2002-11-26,2.3550000190734863,2.515000104904175,2.3550000190734863,2.450000047683716,2.450000047683716,140000
2002-11-27,2.450000047683716,2.515000104904175,2.25,2.5,2.5,45600
2002-11-29,2.505000114440918,2.509999990463257,2.255000114440918,2.5,2.5,49600
2002-12-02,2.255000114440918,2.505000114440918,2.255000114440918,2.319999933242798,2.319999933242798,47600
2002-12-03,2.25,2.5,2.25,2.3299999237060547,2.3299999237060547,74000
2002-12-04,2.2899999618530273,2.5199999809265137,2.2799999713897705,2.380000114440918,2.380000114440918,27200
2002-12-05,2.365000009536743,2.5199999809265137,2.299999952316284,2.305000066757202,2.305000066757202,39200
2002-12-06,2.325000047683716,2.4000000953674316,2.244999885559082,2.2950000762939453,2.2950000762939453,54400
2002-12-09,2.4200000762939453,2.4200000762939453,2.075000047683716,2.075000047683716,2.075000047683716,97000
2002-12-10,2.069999933242798,2.234999895095825,2.049999952316284,2.049999952316284,2.049999952316284,59000
2002-12-11,2.055000066757202,2.1549999713897705,1.9450000524520874,2.0,2.0,90800
2002-12-12,2.0,2.174999952316284,1.75,1.75,1.75,186200
2002-12-13,1.75,1.8250000476837158,1.7000000476837158,1.7350000143051147,1.7350000143051147,32800
2002-12-16,1.7350000143051147,1.7949999570846558,1.6200000047683716,1.725000023841858,1.725000023841858,58400
2002-12-17,1.7050000429153442,1.850000023841858,1.309999942779541,1.5149999856948853,1.5149999856948853,215800
2002-12-18,1.6399999856948853,1.6399999856948853,1.4550000429153442,1.4550000429153442,1.4550000429153442,119200
2002-12-19,1.4950000047683716,1.5750000476837158,1.4249999523162842,1.5700000524520874,1.5700000524520874,135600
2002-12-20,1.6449999809265137,1.9450000524520874,1.4500000476837158,1.565000057220459,1.565000057220459,136600
2002-12-23,1.5750000476837158,1.6950000524520874,1.4450000524520874,1.475000023841858,1.475000023841858,80600
2002-12-24,1.475000023841858,1.5750000476837158,1.475000023841858,1.5499999523162842,1.5499999523162842,14600
2002-12-26,1.4700000286102295,1.5549999475479126,1.4700000286102295,1.5499999523162842,1.5499999523162842,17600
2002-12-27,1.5,1.5800000429153442,1.5,1.559999942779541,1.559999942779541,27800
2002-12-30,1.534999966621399,1.6449999809265137,1.5149999856948853,1.625,1.625,94200
2002-12-31,1.6299999952316284,1.7450000047683716,1.6150000095367432,1.684999942779541,1.684999942779541,120400
2003-01-02,1.7050000429153442,1.7050000429153442,1.5,1.6399999856948853,1.6399999856948853,63400
2003-01-03,1.625,1.6649999618530273,1.6100000143051147,1.625,1.625,66800
2003-01-06,1.4450000524520874,1.6699999570846558,1.4450000524520874,1.659999966621399,1.659999966621399,53200
2003-01-07,1.6799999475479126,1.7300000190734863,1.625,1.7000000476837158,1.7000000476837158,42400
2003-01-08,1.7000000476837158,1.7649999856948853,1.6950000524520874,1.725000023841858,1.725000023841858,46200
2003-01-09,1.7300000190734863,1.975000023841858,1.725000023841858,1.975000023841858,1.975000023841858,59400
2003-01-10,1.9800000190734863,2.005000114440918,1.7949999570846558,1.840000033378601,1.840000033378601,46800
2003-01-13,1.9249999523162842,1.9800000190734863,1.8550000190734863,1.8600000143051147,1.8600000143051147,49200
2003-01-14,1.9249999523162842,1.9800000190734863,1.715000033378601,1.8250000476837158,1.8250000476837158,28600
2003-01-15,1.8049999475479126,1.8049999475479126,1.7000000476837158,1.7000000476837158,1.7000000476837158,13800
2003-01-16,1.8550000190734863,1.8550000190734863,1.7000000476837158,1.7000000476837158,1.7000000476837158,11800
2003-01-17,1.7649999856948853,1.7649999856948853,1.5499999523162842,1.5499999523162842,1.5499999523162842,132000
2003-01-21,1.4500000476837158,1.5499999523162842,1.4500000476837158,1.524999976158142,1.524999976158142,86200
2003-01-22,1.5099999904632568,1.5299999713897705,1.4500000476837158,1.5,1.5,43800
2003-01-23,1.524999976158142,1.524999976158142,1.5,1.5049999952316284,1.5049999952316284,18000
2003-01-24,1.5099999904632568,1.524999976158142,1.5,1.5049999952316284,1.5049999952316284,122200
2003-01-27,1.5,1.5149999856948853,1.4950000047683716,1.5,1.5,46800
2003-01-28,1.5,1.5149999856948853,1.4950000047683716,1.5,1.5,113000
2003-01-29,1.4900000095367432,1.5099999904632568,1.465000033378601,1.5,1.5,82800
2003-01-30,1.4950000047683716,1.5,1.475000023841858,1.475000023841858,1.475000023841858,66600
2003-01-31,1.475000023841858,1.5099999904632568,1.4500000476837158,1.5,1.5,33400
2003-02-03,1.5,1.5,1.4550000429153442,1.5,1.5,62400
2003-02-04,1.475000023841858,1.4850000143051147,1.440000057220459,1.465000033378601,1.465000033378601,62000
2003-02-05,1.4500000476837158,1.4950000047683716,1.4500000476837158,1.4700000286102295,1.4700000286102295,49600
2003-02-06,1.4700000286102295,1.5,1.465000033378601,1.475000023841858,1.475000023841858,25600
2003-02-07,1.475000023841858,1.5,1.4500000476837158,1.4500000476837158,1.4500000476837158,67000
2003-02-10,1.4500000476837158,1.4500000476837158,1.2999999523162842,1.3849999904632568,1.3849999904632568,2500000
2003-02-11,1.350000023841858,1.440000057220459,1.3250000476837158,1.4249999523162842,1.4249999523162842,74600
2003-02-12,1.375,1.4149999618530273,1.3049999475479126,1.350000023841858,1.350000023841858,44200
2003-02-13,1.350000023841858,1.375,1.2999999523162842,1.2999999523162842,1.2999999523162842,16200
2003-02-14,1.3899999856948853,1.3899999856948853,1.2999999523162842,1.2999999523162842,1.2999999523162842,11200
2003-02-18,1.3049999475479126,1.3899999856948853,1.0700000524520874,1.3899999856948853,1.3899999856948853,119600
2003-02-19,1.3600000143051147,1.3650000095367432,1.350000023841858,1.3600000143051147,1.3600000143051147,17600
2003-02-20,1.3049999475479126,1.4149999618530273,1.2949999570846558,1.3300000429153442,1.3300000429153442,23600
2003-02-21,1.184999942779541,1.3849999904632568,1.184999942779541,1.3849999904632568,1.3849999904632568,39000
2003-02-24,1.4249999523162842,1.4249999523162842,1.2649999856948853,1.2999999523162842,1.2999999523162842,14800
2003-02-25,1.3250000476837158,1.375,1.225000023841858,1.3700000047683716,1.3700000047683716,25800
2003-02-26,1.2699999809265137,1.375,1.2200000286102295,1.375,1.375,21400
2003-02-27,1.4249999523162842,1.4950000047683716,1.3200000524520874,1.375,1.375,105400
2003-02-28,1.375,1.375,1.2050000429153442,1.2050000429153442,1.2050000429153442,45800
2003-03-03,1.3250000476837158,1.3250000476837158,1.1749999523162842,1.1799999475479126,1.1799999475479126,43200
2003-03-04,1.1749999523162842,1.2200000286102295,1.125,1.1549999713897705,1.1549999713897705,32400
2003-03-05,1.149999976158142,1.149999976158142,1.1050000190734863,1.125,1.125,24000
2003-03-06,1.100000023841858,1.149999976158142,1.0549999475479126,1.0750000476837158,1.0750000476837158,24000
2003-03-07,1.0800000429153442,1.225000023841858,1.0750000476837158,1.0750000476837158,1.0750000476837158,53200
2003-03-10,1.0750000476837158,1.2000000476837158,1.0,1.0,1.0,46200
2003-03-11,1.024999976158142,1.024999976158142,0.8999999761581421,0.9300000071525574,0.9300000071525574,56000
2003-03-12,0.8899999856948853,0.9649999737739563,0.8600000143051147,0.9100000262260437,0.9100000262260437,65400
2003-03-13,0.8799999952316284,0.925000011920929,0.8550000190734863,0.8999999761581421,0.8999999761581421,39400
2003-03-14,0.9549999833106995,1.4450000524520874,0.8899999856948853,1.0549999475479126,1.0549999475479126,222600
2003-03-17,1.090000033378601,1.399999976158142,1.0449999570846558,1.3899999856948853,1.3899999856948853,52600
2003-03-18,1.3200000524520874,1.475000023841858,1.2200000286102295,1.4600000381469727,1.4600000381469727,92600
2003-03-19,1.4500000476837158,1.5,1.3650000095367432,1.4800000190734863,1.4800000190734863,43600
2003-03-20,1.3700000047683716,1.4700000286102295,1.25,1.4199999570846558,1.4199999570846558,75000
2003-03-21,1.4800000190734863,1.4800000190734863,1.375,1.434999942779541,1.434999942779541,87200
2003-03-24,1.4550000429153442,1.4550000429153442,1.159999966621399,1.1950000524520874,1.1950000524520874,91600
2003-03-25,1.1649999618530273,1.2999999523162842,1.159999966621399,1.2799999713897705,1.2799999713897705,41800
2003-03-26,1.2300000190734863,1.2699999809265137,1.2200000286102295,1.2200000286102295,1.2200000286102295,36000
2003-03-27,1.1749999523162842,1.2649999856948853,1.1749999523162842,1.2450000047683716,1.2450000047683716,27400
2003-03-28,1.2999999523162842,1.309999942779541,1.2000000476837158,1.2000000476837158,1.2000000476837158,32200
2003-03-31,1.184999942779541,1.2549999952316284,1.125,1.1299999952316284,1.1299999952316284,49600
2003-04-01,1.1749999523162842,1.225000023841858,1.1299999952316284,1.1799999475479126,1.1799999475479126,119200
2003-04-02,1.1799999475479126,1.3350000381469727,1.1799999475479126,1.3250000476837158,1.3250000476837158,120600
2003-04-03,1.3600000143051147,1.3600000143051147,1.225000023841858,1.25,1.25,47600
2003-04-04,1.25,1.5,1.2000000476837158,1.2000000476837158,1.2000000476837158,65200
2003-04-07,1.2050000429153442,1.375,1.2000000476837158,1.2999999523162842,1.2999999523162842,103600
2003-04-08,1.284999966621399,1.3550000190734863,1.2400000095367432,1.3049999475479126,1.3049999475479126,67400
2003-04-09,1.2300000190734863,1.375,1.2300000190734863,1.3350000381469727,1.3350000381469727,33800
2003-04-10,1.350000023841858,1.350000023841858,1.2599999904632568,1.2649999856948853,1.2649999856948853,49800
2003-04-11,1.2599999904632568,1.3200000524520874,1.2400000095367432,1.2649999856948853,1.2649999856948853,73800
2003-04-14,1.2549999952316284,1.3300000429153442,1.25,1.309999942779541,1.309999942779541,69200
2003-04-15,1.284999966621399,1.2999999523162842,1.059999942779541,1.1749999523162842,1.1749999523162842,185000
2003-04-16,1.2300000190734863,1.2300000190734863,1.0499999523162842,1.0750000476837158,1.0750000476837158,66000
2003-04-17,1.1749999523162842,1.2050000429153442,1.0499999523162842,1.0700000524520874,1.0700000524520874,64800
2003-04-21,1.0750000476837158,1.0850000381469727,0.9350000023841858,0.9800000190734863,0.9800000190734863,152200
2003-04-22,0.9300000071525574,1.0,0.9300000071525574,0.9950000047683716,0.9950000047683716,214000
2003-04-23,1.0,1.0,0.9950000047683716,0.9950000047683716,0.9950000047683716,28400
2003-04-24,0.9399999976158142,1.0049999952316284,0.875,0.9049999713897705,0.9049999713897705,83200
2003-04-25,0.9049999713897705,0.949999988079071,0.8949999809265137,0.9449999928474426,0.9449999928474426,51000
2003-04-28,0.9850000143051147,0.9850000143051147,0.8999999761581421,0.9300000071525574,0.9300000071525574,160000
2003-04-29,0.9300000071525574,0.9700000286102295,0.9300000071525574,0.9399999976158142,0.9399999976158142,50200
2003-04-30,0.9150000214576721,1.0049999952316284,0.9150000214576721,0.9950000047683716,0.9950000047683716,53400
2003-05-01,0.925000011920929,1.1050000190734863,0.925000011920929,1.024999976158142,1.024999976158142,101800
2003-05-02,1.059999942779541,1.0950000286102295,1.034999966621399,1.0750000476837158,1.0750000476837158,40200
2003-05-05,1.0850000381469727,1.2000000476837158,1.0850000381469727,1.1349999904632568,1.1349999904632568,167200
2003-05-06,1.1349999904632568,1.2000000476837158,1.1349999904632568,1.184999942779541,1.184999942779541,82200
2003-05-07,1.1950000524520874,1.1950000524520874,1.024999976158142,1.034999966621399,1.034999966621399,72800
2003-05-08,1.034999966621399,1.0399999618530273,1.024999976158142,1.0399999618530273,1.0399999618530273,52600
2003-05-09,1.0399999618530273,1.0549999475479126,1.024999976158142,1.0499999523162842,1.0499999523162842,75200
2003-05-12,1.0549999475479126,1.0549999475479126,1.0049999952316284,1.024999976158142,1.024999976158142,61200
2003-05-13,1.0549999475479126,1.0549999475479126,1.0199999809265137,1.024999976158142,1.024999976158142,14200
2003-05-14,1.024999976158142,1.100000023841858,1.0049999952316284,1.100000023841858,1.100000023841858,111600
2003-05-15,1.059999942779541,1.125,1.0399999618530273,1.125,1.125,92200
2003-05-16,1.065000057220459,1.1299999952316284,1.065000057220459,1.0750000476837158,1.0750000476837158,60400
2003-05-19,1.1449999809265137,1.2100000381469727,1.0399999618530273,1.0449999570846558,1.0449999570846558,151600
2003-05-20,1.1299999952316284,1.149999976158142,1.0399999618530273,1.059999942779541,1.059999942779541,129200
2003-05-21,1.0399999618530273,1.1449999809265137,1.0049999952316284,1.065000057220459,1.065000057220459,174600
2003-05-22,1.0549999475479126,1.0800000429153442,1.0099999904632568,1.034999966621399,1.034999966621399,233400
2003-05-23,1.0399999618530273,1.0399999618530273,0.9449999928474426,0.9750000238418579,0.9750000238418579,257200
2003-05-27,0.9750000238418579,1.0549999475479126,0.9750000238418579,1.024999976158142,1.024999976158142,213400
2003-05-28,1.0750000476837158,1.309999942779541,1.0299999713897705,1.284999966621399,1.284999966621399,443400
2003-05-29,1.5,1.815000057220459,1.315000057220459,1.600000023841858,1.600000023841858,728400
2003-05-30,1.5750000476837158,1.9950000047683716,1.5750000476837158,1.725000023841858,1.725000023841858,470000
2003-06-02,1.8250000476837158,2.115000009536743,1.75,2.0199999809265137,2.0199999809265137,634400
2003-06-03,1.9700000286102295,2.0999999046325684,1.9500000476837158,2.0950000286102295,2.0950000286102295,361200
2003-06-04,2.059999942779541,2.125,1.975000023841858,2.0950000286102295,2.0950000286102295,161800
2003-06-05,1.975000023841858,2.0950000286102295,1.9600000381469727,2.069999933242798,2.069999933242798,86000
2003-06-06,2.069999933242798,2.1050000190734863,1.9950000047683716,2.0450000762939453,2.0450000762939453,491400
2003-06-09,2.0299999713897705,2.0299999713897705,1.875,1.8899999856948853,1.8899999856948853,207200
2003-06-10,1.899999976158142,2.0,1.7899999618530273,1.7999999523162842,1.7999999523162842,267000
2003-06-11,1.850000023841858,1.850000023841858,1.7899999618530273,1.815000057220459,1.815000057220459,144600
2003-06-12,1.8650000095367432,1.875,1.375,1.5499999523162842,1.5499999523162842,671600
2003-06-13,1.6200000047683716,1.6200000047683716,1.3250000476837158,1.440000057220459,1.440000057220459,694000
2003-06-16,1.4500000476837158,1.4500000476837158,1.3250000476837158,1.375,1.375,135200
2003-06-17,1.25,1.409999966621399,1.1950000524520874,1.350000023841858,1.350000023841858,416600
2003-06-18,1.3550000190734863,1.5499999523162842,1.3200000524520874,1.465000033378601,1.465000033378601,193200
2003-06-19,1.4500000476837158,1.600000023841858,1.3550000190734863,1.559999942779541,1.559999942779541,343000
2003-06-20,1.4550000429153442,1.565000057220459,1.340000033378601,1.3600000143051147,1.3600000143051147,143200
2003-06-23,1.4900000095367432,1.4900000095367432,1.2549999952316284,1.284999966621399,1.284999966621399,220600
2003-06-24,1.284999966621399,1.3650000095367432,1.2649999856948853,1.274999976158142,1.274999976158142,85400
2003-06-25,1.2699999809265137,1.399999976158142,1.2649999856948853,1.3799999952316284,1.3799999952316284,160800
2003-06-26,1.399999976158142,1.4850000143051147,1.3450000286102295,1.4299999475479126,1.4299999475479126,94800
2003-06-27,1.4249999523162842,1.5299999713897705,1.4249999523162842,1.434999942779541,1.434999942779541,192400
2003-06-30,1.5299999713897705,1.590000033378601,1.375,1.4049999713897705,1.4049999713897705,1212000
2003-07-01,1.5049999952316284,1.6100000143051147,1.5,1.5499999523162842,1.5499999523162842,135800
2003-07-02,1.5499999523162842,1.559999942779541,1.434999942779541,1.4950000047683716,1.4950000047683716,188400
2003-07-03,1.4800000190734863,1.5,1.4049999713897705,1.4299999475479126,1.4299999475479126,59200
2003-07-07,1.5099999904632568,1.5099999904632568,1.375,1.4299999475479126,1.4299999475479126,137400
2003-07-08,1.4500000476837158,1.534999966621399,1.399999976158142,1.4850000143051147,1.4850000143051147,83000
2003-07-09,1.534999966621399,1.725000023841858,1.5,1.715000033378601,1.715000033378601,181800
2003-07-10,1.7200000286102295,1.9500000476837158,1.6050000190734863,1.8650000095367432,1.8650000095367432,272000
2003-07-11,1.9500000476837158,1.9900000095367432,1.715000033378601,1.8250000476837158,1.8250000476837158,216600
2003-07-14,1.7549999952316284,1.7699999809265137,1.715000033378601,1.75,1.75,70200
2003-07-15,1.7100000381469727,1.8049999475479126,1.6100000143051147,1.7450000047683716,1.7450000047683716,116400
2003-07-16,1.7949999570846558,1.7949999570846558,1.6399999856948853,1.6399999856948853,1.6399999856948853,39200
2003-07-17,1.7050000429153442,1.7999999523162842,1.6649999618530273,1.774999976158142,1.774999976158142,163400
2003-07-18,1.7350000143051147,1.774999976158142,1.7350000143051147,1.7599999904632568,1.7599999904632568,70200
2003-07-21,1.774999976158142,1.8250000476837158,1.75,1.7999999523162842,1.7999999523162842,78200
2003-07-22,1.8600000143051147,1.8600000143051147,1.7549999952316284,1.8300000429153442,1.8300000429153442,71800
2003-07-23,1.7999999523162842,1.7999999523162842,1.5750000476837158,1.625,1.625,154000
2003-07-24,1.6749999523162842,1.6749999523162842,1.590000033378601,1.6449999809265137,1.6449999809265137,31400
2003-07-25,1.6749999523162842,1.809999942779541,1.6699999570846558,1.75,1.75,61800
2003-07-28,1.809999942779541,1.8700000047683716,1.774999976158142,1.774999976158142,1.774999976158142,283200
2003-07-29,1.774999976158142,1.809999942779541,1.7549999952316284,1.784999966621399,1.784999966621399,18200
2003-07-30,1.7300000190734863,1.784999966621399,1.3600000143051147,1.4850000143051147,1.4850000143051147,210000
2003-07-31,1.524999976158142,1.5950000286102295,1.5,1.5299999713897705,1.5299999713897705,134000
2003-08-01,1.524999976158142,1.524999976158142,1.4550000429153442,1.4950000047683716,1.4950000047683716,51200
2003-08-04,1.4900000095367432,1.5499999523162842,1.475000023841858,1.4950000047683716,1.4950000047683716,47600
2003-08-05,1.5499999523162842,1.5499999523162842,1.4550000429153442,1.4550000429153442,1.4550000429153442,28200
2003-08-06,1.4900000095367432,1.4900000095367432,1.4049999713897705,1.4149999618530273,1.4149999618530273,31600
2003-08-07,1.4199999570846558,1.475000023841858,1.4199999570846558,1.440000057220459,1.440000057220459,14600
2003-08-08,1.4249999523162842,1.475000023841858,1.399999976158142,1.4500000476837158,1.4500000476837158,62400
2003-08-11,1.5199999809265137,1.524999976158142,1.4550000429153442,1.4550000429153442,1.4550000429153442,8000
2003-08-12,1.524999976158142,1.600000023841858,1.4500000476837158,1.4500000476837158,1.4500000476837158,49200
2003-08-13,1.524999976158142,1.524999976158142,1.4550000429153442,1.4900000095367432,1.4900000095367432,11400
2003-08-14,1.5049999952316284,1.524999976158142,1.4850000143051147,1.4950000047683716,1.4950000047683716,16200
2003-08-15,1.5,1.524999976158142,1.4700000286102295,1.4700000286102295,1.4700000286102295,8800
2003-08-18,1.5199999809265137,1.5199999809265137,1.4700000286102295,1.5149999856948853,1.5149999856948853,16600
2003-08-19,1.5,1.590000033378601,1.5,1.5499999523162842,1.5499999523162842,58200
2003-08-20,1.5499999523162842,1.6100000143051147,1.534999966621399,1.590000033378601,1.590000033378601,40000
2003-08-21,1.590000033378601,1.649999976158142,1.5850000381469727,1.625,1.625,63400
2003-08-22,1.5850000381469727,1.649999976158142,1.5800000429153442,1.649999976158142,1.649999976158142,44200
2003-08-25,1.659999966621399,1.725000023841858,1.6150000095367432,1.725000023841858,1.725000023841858,33800
2003-08-26,1.7200000286102295,1.725000023841858,1.625,1.7200000286102295,1.7200000286102295,77600
2003-08-27,1.75,1.75,1.6299999952316284,1.6299999952316284,1.6299999952316284,30000
2003-08-28,1.6749999523162842,1.7949999570846558,1.6749999523162842,1.7949999570846558,1.7949999570846558,65400
2003-08-29,1.7050000429153442,1.8250000476837158,1.7050000429153442,1.7999999523162842,1.7999999523162842,64400
2003-09-02,1.7999999523162842,1.899999976158142,1.725000023841858,1.8949999809265137,1.8949999809265137,113600
2003-09-03,1.875,1.9149999618530273,1.774999976158142,1.9049999713897705,1.9049999713897705,196000
2003-09-04,1.9249999523162842,2.0,1.8799999952316284,1.940000057220459,1.940000057220459,86200
2003-09-05,2.0399999618530273,2.0450000762939453,1.875,1.899999976158142,1.899999976158142,122600
2003-09-08,1.899999976158142,1.9500000476837158,1.875,1.909999966621399,1.909999966621399,151000
2003-09-09,1.940000057220459,2.0299999713897705,1.8600000143051147,1.9450000524520874,1.9450000524520874,153600
2003-09-10,1.9600000381469727,2.0899999141693115,1.934999942779541,2.0899999141693115,2.0899999141693115,271600
2003-09-11,2.0850000381469727,2.0999999046325684,2.0250000953674316,2.0350000858306885,2.0350000858306885,109000
2003-09-12,2.009999990463257,2.109999895095825,2.0,2.049999952316284,2.049999952316284,94800
2003-09-15,2.065000057220459,2.125,2.0,2.0450000762939453,2.0450000762939453,150800
2003-09-16,2.049999952316284,2.0799999237060547,2.0250000953674316,2.0799999237060547,2.0799999237060547,145600
2003-09-17,2.0899999141693115,2.9749999046325684,2.0799999237060547,2.5350000858306885,2.5350000858306885,638800
2003-09-18,2.7950000762939453,3.0,2.375,2.4200000762939453,2.4200000762939453,388200
2003-09-19,2.5250000953674316,2.674999952316284,2.4749999046325684,2.630000114440918,2.630000114440918,103400
2003-09-22,2.634999990463257,2.6549999713897705,2.3499999046325684,2.6549999713897705,2.6549999713897705,82600
2003-09-23,2.630000114440918,2.6549999713897705,2.4749999046325684,2.6500000953674316,2.6500000953674316,90000
2003-09-24,2.625,2.6500000953674316,2.5399999618530273,2.565000057220459,2.565000057220459,91000
2003-09-25,2.559999942779541,2.690000057220459,2.549999952316284,2.630000114440918,2.630000114440918,60600
2003-09-26,2.6500000953674316,2.694999933242798,2.549999952316284,2.575000047683716,2.575000047683716,80000
2003-09-29,2.549999952316284,2.7049999237060547,2.549999952316284,2.690000057220459,2.690000057220459,163600
2003-09-30,2.6600000858306885,2.7049999237060547,2.5899999141693115,2.674999952316284,2.674999952316284,117200
2003-10-01,2.625,2.6449999809265137,2.5899999141693115,2.609999895095825,2.609999895095825,78000
2003-10-02,2.6500000953674316,2.674999952316284,2.5450000762939453,2.619999885559082,2.619999885559082,104400
2003-10-03,2.7249999046325684,2.7249999046325684,2.559999942779541,2.625,2.625,47400
2003-10-06,2.700000047683716,2.75,2.630000114440918,2.700000047683716,2.700000047683716,63200
2003-10-07,2.694999933242798,2.734999895095825,2.5999999046325684,2.6500000953674316,2.6500000953674316,156000
2003-10-08,2.5999999046325684,2.6500000953674316,2.5799999237060547,2.619999885559082,2.619999885559082,19200
2003-10-09,2.625,2.684999942779541,2.5999999046325684,2.5999999046325684,2.5999999046325684,179400
2003-10-10,2.700000047683716,2.7699999809265137,2.5999999046325684,2.744999885559082,2.744999885559082,64400
2003-10-13,2.7100000381469727,2.75,2.625,2.625,2.625,74600
2003-10-14,2.75,2.75,2.5899999141693115,2.690000057220459,2.690000057220459,68600
2003-10-15,2.630000114440918,2.75,2.5799999237060547,2.744999885559082,2.744999885559082,72800
2003-10-16,2.75,3.450000047683716,2.7100000381469727,3.200000047683716,3.200000047683716,621800
2003-10-17,3.375,3.4000000953674316,3.055000066757202,3.3350000381469727,3.3350000381469727,130800
2003-10-20,3.3350000381469727,3.3350000381469727,3.125,3.200000047683716,3.200000047683716,154400
2003-10-21,3.0999999046325684,3.305000066757202,3.0199999809265137,3.075000047683716,3.075000047683716,83000
2003-10-22,3.130000114440918,3.130000114440918,3.049999952316284,3.059999942779541,3.059999942779541,97000
2003-10-23,3.055000066757202,3.190000057220459,2.8299999237060547,2.9700000286102295,2.9700000286102295,143200
2003-10-24,2.859999895095825,2.9749999046325684,2.759999990463257,2.875,2.875,282600
2003-10-27,2.9749999046325684,2.9749999046325684,2.8299999237060547,2.924999952316284,2.924999952316284,157200
2003-10-28,2.924999952316284,2.9700000286102295,2.755000114440918,2.924999952316284,2.924999952316284,188600
2003-10-29,2.865000009536743,2.994999885559082,2.865000009536743,2.9700000286102295,2.9700000286102295,86200
2003-10-30,2.9700000286102295,2.9700000286102295,2.8949999809265137,2.9700000286102295,2.9700000286102295,38200
2003-10-31,3.0799999237060547,3.125,2.9749999046325684,3.0250000953674316,3.0250000953674316,515000
2003-11-03,3.0950000286102295,3.0950000286102295,2.9700000286102295,3.0199999809265137,3.0199999809265137,93000
2003-11-04,3.049999952316284,3.049999952316284,3.009999990463257,3.0250000953674316,3.0250000953674316,118000
2003-11-05,3.059999942779541,3.059999942779541,3.015000104904175,3.015000104904175,3.015000104904175,76400
2003-11-06,2.950000047683716,3.055000066757202,2.8499999046325684,3.055000066757202,3.055000066757202,840800
2003-11-07,3.0,3.115000009536743,3.0,3.115000009536743,3.115000009536743,33000
2003-11-10,3.1500000953674316,3.244999885559082,3.115000009536743,3.2049999237060547,3.2049999237060547,70000
2003-11-11,3.234999895095825,3.234999895095825,3.0999999046325684,3.2049999237060547,3.2049999237060547,58600
2003-11-12,3.234999895095825,3.25,3.125,3.184999942779541,3.184999942779541,50600
2003-11-13,3.125,3.25,3.0999999046325684,3.1500000953674316,3.1500000953674316,622000
2003-11-14,3.075000047683716,3.244999885559082,3.075000047683716,3.0899999141693115,3.0899999141693115,53800
2003-11-17,3.075000047683716,3.1449999809265137,3.059999942779541,3.1449999809265137,3.1449999809265137,47600
2003-11-18,3.0999999046325684,3.1600000858306885,3.0999999046325684,3.134999990463257,3.134999990463257,27600
2003-11-19,3.1600000858306885,3.1600000858306885,3.075000047683716,3.0999999046325684,3.0999999046325684,62200
2003-11-20,3.049999952316284,3.1500000953674316,3.049999952316284,3.049999952316284,3.049999952316284,42400
2003-11-21,3.0250000953674316,3.25,3.0250000953674316,3.125,3.125,141200
2003-11-24,3.194999933242798,3.234999895095825,3.0799999237060547,3.174999952316284,3.174999952316284,1992400
2003-11-25,3.299999952316284,3.625,3.1549999713897705,3.4600000381469727,3.4600000381469727,5092400
2003-11-26,3.5,3.5,3.299999952316284,3.375,3.375,1606400
2003-11-28,3.375,3.5,3.375,3.430000066757202,3.430000066757202,433600
2003-12-01,3.505000114440918,3.7100000381469727,3.3949999809265137,3.5950000286102295,3.5950000286102295,1697000
2003-12-02,3.6449999809265137,3.924999952316284,3.625,3.8499999046325684,3.8499999046325684,1790200
2003-12-03,4.34499979019165,4.375,3.950000047683716,3.994999885559082,3.994999885559082,3053400
2003-12-04,4.025000095367432,4.025000095367432,3.7750000953674316,3.930000066757202,3.930000066757202,932200
2003-12-05,3.9000000953674316,4.284999847412109,3.9000000953674316,4.25,4.25,1937400
2003-12-08,4.440000057220459,4.5,3.8499999046325684,3.9049999713897705,3.9049999713897705,2335800
2003-12-09,3.884999990463257,3.9749999046325684,3.549999952316284,3.75,3.75,1755600
2003-12-10,3.75,3.875,3.5,3.625,3.625,1562000
2003-12-11,3.434999942779541,3.744999885559082,3.434999942779541,3.7200000286102295,3.7200000286102295,782400
2003-12-12,3.7750000953674316,3.865000009536743,3.5999999046325684,3.865000009536743,3.865000009536743,1359200
2003-12-15,4.025000095367432,4.025000095367432,3.609999895095825,3.6600000858306885,3.6600000858306885,706000
2003-12-16,3.7100000381469727,3.7149999141693115,3.450000047683716,3.5450000762939453,3.5450000762939453,706600
2003-12-17,3.5950000286102295,3.5950000286102295,3.444999933242798,3.484999895095825,3.484999895095825,431000
2003-12-18,3.4549999237060547,3.7249999046325684,3.4549999237060547,3.700000047683716,3.700000047683716,946400
2003-12-19,3.7100000381469727,3.7249999046325684,3.5250000953674316,3.615000009536743,3.615000009536743,504600
2003-12-22,3.640000104904175,3.640000104904175,3.375,3.5899999141693115,3.5899999141693115,649200
2003-12-23,3.5299999713897705,3.630000114440918,3.424999952316284,3.5950000286102295,3.5950000286102295,364800
2003-12-24,3.509999990463257,3.5999999046325684,3.4600000381469727,3.5,3.5,114600
2003-12-26,3.4749999046325684,3.555000066757202,3.450000047683716,3.505000114440918,3.505000114440918,119000
2003-12-29,3.5250000953674316,3.700000047683716,3.494999885559082,3.615000009536743,3.615000009536743,356800
2003-12-30,3.640000104904175,3.690000057220459,3.5999999046325684,3.6649999618530273,3.6649999618530273,281200
2003-12-31,3.6700000762939453,3.684999942779541,3.494999885559082,3.5250000953674316,3.5250000953674316,292600
2004-01-02,3.6500000953674316,3.6500000953674316,3.5,3.5350000858306885,3.5350000858306885,363000
2004-01-05,3.5999999046325684,3.615000009536743,3.515000104904175,3.5899999141693115,3.5899999141693115,448400
2004-01-06,3.609999895095825,4.0,3.549999952316284,4.0,4.0,1258000
2004-01-07,3.9800000190734863,3.990000009536743,3.8399999141693115,3.950000047683716,3.950000047683716,445800
2004-01-08,4.010000228881836,4.144999980926514,3.9800000190734863,4.03000020980835,4.03000020980835,831800
2004-01-09,4.144999980926514,4.144999980926514,3.9549999237060547,4.034999847412109,4.034999847412109,440600
2004-01-12,4.204999923706055,4.409999847412109,4.050000190734863,4.349999904632568,4.349999904632568,1271400
2004-01-13,4.420000076293945,4.425000190734863,4.110000133514404,4.235000133514404,4.235000133514404,584200
2004-01-14,4.275000095367432,4.420000076293945,4.184999942779541,4.184999942779541,4.184999942779541,559200
2004-01-15,4.275000095367432,4.275000095367432,4.025000095367432,4.175000190734863,4.175000190734863,337800
2004-01-16,4.164999961853027,4.409999847412109,4.15500020980835,4.335000038146973,4.335000038146973,538400
2004-01-20,4.414999961853027,4.675000190734863,4.309999942779541,4.550000190734863,4.550000190734863,2172600
2004-01-21,4.630000114440918,4.875,4.5,4.849999904632568,4.849999904632568,1632400
2004-01-22,4.849999904632568,5.119999885559082,4.215000152587891,4.434999942779541,4.434999942779541,2898600
2004-01-23,4.275000095367432,4.699999809265137,4.269999980926514,4.605000019073486,4.605000019073486,975200
2004-01-26,4.605000019073486,4.875,4.574999809265137,4.75,4.75,787000
2004-01-27,4.855000019073486,4.855000019073486,4.5,4.53000020980835,4.53000020980835,482000
2004-01-28,4.534999847412109,4.875,4.510000228881836,4.570000171661377,4.570000171661377,374200
2004-01-29,4.585000038146973,4.585000038146973,4.065000057220459,4.315000057220459,4.315000057220459,764000
2004-01-30,4.364999771118164,4.449999809265137,4.199999809265137,4.375,4.375,269800
2004-02-02,4.309999942779541,4.394999980926514,4.099999904632568,4.195000171661377,4.195000171661377,486800
2004-02-03,4.159999847412109,4.210000038146973,3.9049999713897705,3.9549999237060547,3.9549999237060547,818600
2004-02-04,3.880000114440918,3.9800000190734863,3.565000057220459,3.6500000953674316,3.6500000953674316,840000
2004-02-05,3.7899999618530273,3.799999952316284,3.609999895095825,3.625,3.625,409200
2004-02-06,3.7850000858306885,3.819999933242798,3.6649999618530273,3.7850000858306885,3.7850000858306885,265400
2004-02-09,3.815000057220459,4.0,3.809999942779541,3.884999990463257,3.884999990463257,268000
2004-02-10,3.924999952316284,3.944999933242798,3.7049999237060547,3.7100000381469727,3.7100000381469727,211000
2004-02-11,3.740000009536743,3.7950000762939453,3.674999952316284,3.759999990463257,3.759999990463257,417400
2004-02-12,3.7950000762939453,3.7950000762939453,3.440000057220459,3.440000057220459,3.440000057220459,544000
2004-02-13,3.549999952316284,3.799999952316284,3.505000114440918,3.690000057220459,3.690000057220459,448400
2004-02-17,3.694999933242798,3.8499999046325684,3.694999933242798,3.809999942779541,3.809999942779541,198800
2004-02-18,3.8499999046325684,3.8499999046325684,3.690000057220459,3.7149999141693115,3.7149999141693115,323000
2004-02-19,3.674999952316284,3.825000047683716,3.674999952316284,3.674999952316284,3.674999952316284,209600
2004-02-20,3.674999952316284,3.7300000190734863,3.5999999046325684,3.640000104904175,3.640000104904175,192400
2004-02-23,3.5999999046325684,3.694999933242798,3.384999990463257,3.384999990463257,3.384999990463257,466000
2004-02-24,3.4100000858306885,3.4700000286102295,3.25,3.2750000953674316,3.2750000953674316,392200
2004-02-25,3.3499999046325684,3.384999990463257,3.25,3.3350000381469727,3.3350000381469727,404600
2004-02-26,3.325000047683716,3.4749999046325684,3.309999942779541,3.4649999141693115,3.4649999141693115,508400
2004-02-27,3.4700000286102295,3.4749999046325684,3.325000047683716,3.3949999809265137,3.3949999809265137,476400
2004-03-01,3.4049999713897705,3.4649999141693115,3.3949999809265137,3.444999933242798,3.444999933242798,281200
2004-03-02,3.4549999237060547,3.575000047683716,3.375,3.5250000953674316,3.5250000953674316,217800
2004-03-03,3.569999933242798,3.5999999046325684,3.494999885559082,3.5350000858306885,3.5350000858306885,154000
2004-03-04,3.5999999046325684,3.684999942779541,3.5399999618530273,3.674999952316284,3.674999952316284,179000
2004-03-05,3.640000104904175,3.700000047683716,3.5299999713897705,3.5850000381469727,3.5850000381469727,183400
2004-03-08,3.5399999618530273,3.890000104904175,3.5399999618530273,3.799999952316284,3.799999952316284,334600
2004-03-09,3.8499999046325684,3.944999933242798,3.75,3.819999933242798,3.819999933242798,313400
2004-03-10,3.7850000858306885,3.8399999141693115,3.630000114440918,3.7750000953674316,3.7750000953674316,280200
2004-03-11,3.7249999046325684,3.7249999046325684,3.549999952316284,3.630000114440918,3.630000114440918,439800
2004-03-12,3.6649999618530273,3.700000047683716,3.5850000381469727,3.6700000762939453,3.6700000762939453,125800
2004-03-15,3.75,3.75,3.6500000953674316,3.6700000762939453,3.6700000762939453,310200
2004-03-16,3.7100000381469727,3.7100000381469727,3.5250000953674316,3.5899999141693115,3.5899999141693115,356800
2004-03-17,3.634999990463257,3.674999952316284,3.5299999713897705,3.674999952316284,3.674999952316284,315400
2004-03-18,3.6700000762939453,3.815000057220459,3.549999952316284,3.805000066757202,3.805000066757202,237400
2004-03-19,3.809999942779541,3.809999942779541,3.5799999237060547,3.6500000953674316,3.6500000953674316,229200
2004-03-22,3.575000047683716,3.75,3.4749999046325684,3.5,3.5,301000
2004-03-23,3.5,3.634999990463257,3.450000047683716,3.615000009536743,3.615000009536743,398800
2004-03-24,3.6500000953674316,3.690000057220459,3.5,3.5299999713897705,3.5299999713897705,164200
2004-03-25,3.5,3.700000047683716,3.4800000190734863,3.4800000190734863,3.4800000190734863,284200
2004-03-26,3.450000047683716,3.6500000953674316,3.434999942779541,3.4549999237060547,3.4549999237060547,384200
2004-03-29,3.5999999046325684,3.6600000858306885,3.4049999713897705,3.559999942779541,3.559999942779541,243800
2004-03-30,3.549999952316284,3.684999942779541,3.5350000858306885,3.680000066757202,3.680000066757202,130800
2004-03-31,3.6700000762939453,3.825000047683716,3.555000066757202,3.75,3.75,350600
2004-04-01,3.694999933242798,3.8299999237060547,3.694999933242798,3.7300000190734863,3.7300000190734863,241400
2004-04-02,3.7699999809265137,3.7850000858306885,3.565000057220459,3.6449999809265137,3.6449999809265137,568200
2004-04-05,3.6600000858306885,3.740000009536743,3.5899999141693115,3.7249999046325684,3.7249999046325684,345000
2004-04-06,3.565000057220459,3.6050000190734863,3.5,3.559999942779541,3.559999942779541,429200
2004-04-07,3.5399999618530273,3.625,3.5399999618530273,3.5999999046325684,3.5999999046325684,249800
2004-04-08,3.625,3.700000047683716,3.555000066757202,3.5950000286102295,3.5950000286102295,218800
2004-04-12,3.575000047683716,3.6649999618530273,3.5350000858306885,3.575000047683716,3.575000047683716,387200
2004-04-13,3.575000047683716,3.5999999046325684,3.4549999237060547,3.4549999237060547,3.4549999237060547,424400
2004-04-14,3.4800000190734863,3.509999990463257,3.4100000858306885,3.4549999237060547,3.4549999237060547,202600
2004-04-15,3.424999952316284,3.5450000762939453,3.375,3.4149999618530273,3.4149999618530273,308800
2004-04-16,3.424999952316284,3.494999885559082,3.319999933242798,3.359999895095825,3.359999895095825,523000
2004-04-19,3.4000000953674316,3.5,3.319999933242798,3.434999942779541,3.434999942779541,391200
2004-04-20,3.4749999046325684,3.484999895095825,3.2750000953674316,3.2750000953674316,3.2750000953674316,351600
2004-04-21,3.569999933242798,3.674999952316284,3.2799999713897705,3.6649999618530273,3.6649999618530273,1235200
2004-04-22,3.700000047683716,4.014999866485596,3.5999999046325684,3.9000000953674316,3.9000000953674316,1094400
2004-04-23,3.9549999237060547,4.139999866485596,3.859999895095825,4.019999980926514,4.019999980926514,713800
2004-04-26,4.010000228881836,4.304999828338623,3.924999952316284,4.215000152587891,4.215000152587891,948600
2004-04-27,4.215000152587891,4.440000057220459,4.065000057220459,4.175000190734863,4.175000190734863,1911800
2004-04-28,4.090000152587891,4.21999979019165,3.875,3.994999885559082,3.994999885559082,447800
2004-04-29,3.9549999237060547,3.984999895095825,3.6050000190734863,3.809999942779541,3.809999942779541,631600
2004-04-30,3.75,3.9000000953674316,3.615000009536743,3.755000114440918,3.755000114440918,349000
2004-05-03,3.799999952316284,3.8949999809265137,3.5450000762939453,3.7049999237060547,3.7049999237060547,410600
2004-05-04,3.7300000190734863,3.8499999046325684,3.559999942779541,3.799999952316284,3.799999952316284,208000
2004-05-05,3.8499999046325684,4.019999980926514,3.8299999237060547,3.990000009536743,3.990000009536743,187200
2004-05-06,3.934999942779541,3.934999942779541,3.765000104904175,3.819999933242798,3.819999933242798,218400
2004-05-07,3.75,3.9100000858306885,3.740000009536743,3.819999933242798,3.819999933242798,183400
2004-05-10,3.7300000190734863,3.799999952316284,3.694999933242798,3.7699999809265137,3.7699999809265137,214600
2004-05-11,3.7200000286102295,3.7200000286102295,3.3350000381469727,3.3550000190734863,3.3550000190734863,708200
2004-05-12,3.4049999713897705,3.4049999713897705,3.0350000858306885,3.3499999046325684,3.3499999046325684,574000
2004-05-13,3.2950000762939453,3.365000009536743,3.2300000190734863,3.3299999237060547,3.3299999237060547,333800
2004-05-14,3.255000114440918,3.369999885559082,3.180000066757202,3.2300000190734863,3.2300000190734863,186200
2004-05-17,3.2699999809265137,3.2699999809265137,3.125,3.1600000858306885,3.1600000858306885,345600
2004-05-18,3.1050000190734863,3.2249999046325684,3.1050000190734863,3.2249999046325684,3.2249999046325684,303200
2004-05-19,3.2699999809265137,3.299999952316284,3.200000047683716,3.255000114440918,3.255000114440918,464000
2004-05-20,3.2300000190734863,3.259999990463257,3.2300000190734863,3.240000009536743,3.240000009536743,204400
2004-05-21,3.234999895095825,3.3499999046325684,3.2249999046325684,3.259999990463257,3.259999990463257,478000
2004-05-24,3.2799999713897705,3.369999885559082,3.240000009536743,3.315000057220459,3.315000057220459,298800
2004-05-25,3.3450000286102295,3.3499999046325684,3.2249999046325684,3.244999885559082,3.244999885559082,266000
2004-05-26,3.2249999046325684,3.2850000858306885,3.180000066757202,3.25,3.25,213400
2004-05-27,3.174999952316284,3.259999990463257,3.174999952316284,3.244999885559082,3.244999885559082,212800
2004-05-28,3.190000057220459,3.265000104904175,3.1700000762939453,3.1700000762939453,3.1700000762939453,172800
2004-06-01,3.25,3.4200000762939453,3.200000047683716,3.4000000953674316,3.4000000953674316,330000
2004-06-02,3.4000000953674316,3.5350000858306885,3.4000000953674316,3.490000009536743,3.490000009536743,448600
2004-06-03,3.5,3.5,3.375,3.450000047683716,3.450000047683716,583000
2004-06-04,3.4000000953674316,3.5,3.4000000953674316,3.490000009536743,3.490000009536743,229600
2004-06-07,3.5199999809265137,3.5250000953674316,3.4600000381469727,3.5250000953674316,3.5250000953674316,271000
2004-06-08,3.5250000953674316,3.5999999046325684,3.5,3.5250000953674316,3.5250000953674316,480000
2004-06-09,3.5250000953674316,3.559999942779541,3.2300000190734863,3.259999990463257,3.259999990463257,440000
2004-06-10,3.4000000953674316,3.4100000858306885,3.190000057220459,3.255000114440918,3.255000114440918,299800
2004-06-14,3.244999885559082,3.25,3.125,3.2100000381469727,3.2100000381469727,275400
2004-06-15,3.2049999237060547,3.244999885559082,3.174999952316284,3.200000047683716,3.200000047683716,185800
2004-06-16,3.25,3.2950000762939453,3.200000047683716,3.2899999618530273,3.2899999618530273,171400
2004-06-17,3.2950000762939453,3.3949999809265137,3.2100000381469727,3.3450000286102295,3.3450000286102295,314600
2004-06-18,3.3550000190734863,3.390000104904175,3.174999952316284,3.375,3.375,227000
2004-06-21,3.3949999809265137,3.3949999809265137,3.2750000953674316,3.2750000953674316,3.2750000953674316,154200
2004-06-22,3.2149999141693115,3.424999952316284,3.200000047683716,3.424999952316284,3.424999952316284,306400
2004-06-23,3.444999933242798,3.5,3.299999952316284,3.484999895095825,3.484999895095825,440000
2004-06-24,3.5,3.5,3.4049999713897705,3.424999952316284,3.424999952316284,354200
2004-06-25,3.3949999809265137,3.440000057220459,1.9950000047683716,3.2249999046325684,3.2249999046325684,2538000
2004-06-28,3.174999952316284,3.2149999141693115,3.0799999237060547,3.0950000286102295,3.0950000286102295,441800
2004-06-29,3.299999952316284,3.4649999141693115,3.059999942779541,3.2049999237060547,3.2049999237060547,582600
2004-06-30,3.234999895095825,3.2750000953674316,3.140000104904175,3.1649999618530273,3.1649999618530273,237200
2004-07-01,3.125,3.2100000381469727,3.0999999046325684,3.115000009536743,3.115000009536743,305600
2004-07-02,3.1050000190734863,3.125,3.0,3.0899999141693115,3.0899999141693115,210200
2004-07-06,3.0399999618530273,3.0950000286102295,2.759999990463257,2.865000009536743,2.865000009536743,891800
2004-07-07,2.9149999618530273,2.9149999618530273,2.809999942779541,2.859999895095825,2.859999895095825,327200
2004-07-08,2.8949999809265137,2.8949999809265137,2.815000057220459,2.825000047683716,2.825000047683716,562600
2004-07-09,2.8299999237060547,2.944999933242798,2.825000047683716,2.869999885559082,2.869999885559082,302200
2004-07-12,2.859999895095825,2.890000104904175,2.8399999141693115,2.8550000190734863,2.8550000190734863,345600
2004-07-13,2.924999952316284,2.924999952316284,2.865000009536743,2.8949999809265137,2.8949999809265137,296800
2004-07-14,2.9049999713897705,2.9200000762939453,2.8499999046325684,2.8499999046325684,2.8499999046325684,291600
2004-07-15,3.055000066757202,3.1600000858306885,2.7100000381469727,2.740000009536743,2.740000009536743,601000
2004-07-16,2.700000047683716,2.799999952316284,2.505000114440918,2.5199999809265137,2.5199999809265137,264600
2004-07-19,2.549999952316284,2.6600000858306885,2.450000047683716,2.5250000953674316,2.5250000953674316,612400
2004-07-20,2.5250000953674316,2.6600000858306885,2.5250000953674316,2.5950000286102295,2.5950000286102295,409200
2004-07-21,2.5450000762939453,2.640000104904175,2.5299999713897705,2.5399999618530273,2.5399999618530273,212200
2004-07-22,2.5250000953674316,2.759999990463257,2.5199999809265137,2.7100000381469727,2.7100000381469727,327400
2004-07-23,2.744999885559082,2.744999885559082,2.5,2.565000057220459,2.565000057220459,370200
2004-07-26,2.619999885559082,2.634999990463257,2.5,2.555000066757202,2.555000066757202,313200
2004-07-27,2.5950000286102295,2.7049999237060547,2.5350000858306885,2.700000047683716,2.700000047683716,279400
2004-07-28,2.609999895095825,2.640000104904175,2.2750000953674316,2.325000047683716,2.325000047683716,671000
2004-07-29,2.315000057220459,2.5799999237060547,2.299999952316284,2.5199999809265137,2.5199999809265137,277800
2004-07-30,2.575000047683716,2.5999999046325684,2.494999885559082,2.575000047683716,2.575000047683716,192400
2004-08-02,2.549999952316284,2.5799999237060547,2.4000000953674316,2.444999933242798,2.444999933242798,428000
2004-08-03,2.4000000953674316,2.4000000953674316,2.190000057220459,2.2899999618530273,2.2899999618530273,554000
2004-08-04,2.255000114440918,2.3550000190734863,2.240000009536743,2.2899999618530273,2.2899999618530273,379400
2004-08-05,2.255000114440918,2.3550000190734863,2.115000009536743,2.1549999713897705,2.1549999713897705,405800
2004-08-06,2.125,2.184999942779541,2.119999885559082,2.140000104904175,2.140000104904175,256800
2004-08-09,2.1449999809265137,2.174999952316284,2.134999990463257,2.1549999713897705,2.1549999713897705,196200
2004-08-10,2.1500000953674316,2.5,2.1500000953674316,2.494999885559082,2.494999885559082,571400
2004-08-11,2.424999952316284,2.5350000858306885,2.384999990463257,2.4549999237060547,2.4549999237060547,639600
2004-08-12,2.4100000858306885,2.430000066757202,2.2899999618530273,2.2899999618530273,2.2899999618530273,409400
2004-08-13,2.440000057220459,2.450000047683716,2.2799999713897705,2.325000047683716,2.325000047683716,358200
2004-08-16,2.380000114440918,2.4749999046325684,2.3450000286102295,2.434999942779541,2.434999942779541,386400
2004-08-17,2.4000000953674316,2.5,2.4000000953674316,2.444999933242798,2.444999933242798,327600
2004-08-18,2.450000047683716,2.5950000286102295,2.450000047683716,2.5950000286102295,2.5950000286102295,357600
2004-08-19,2.5999999046325684,2.6050000190734863,2.4649999141693115,2.484999895095825,2.484999895095825,661600
2004-08-20,2.9049999713897705,2.9549999237060547,2.5850000381469727,2.7049999237060547,2.7049999237060547,943000
2004-08-23,2.7750000953674316,2.7750000953674316,2.640000104904175,2.684999942779541,2.684999942779541,400200
2004-08-24,2.7699999809265137,2.7950000762939453,2.700000047683716,2.7300000190734863,2.7300000190734863,529800
2004-08-25,2.700000047683716,2.7799999713897705,2.700000047683716,2.7699999809265137,2.7699999809265137,387200
2004-08-26,2.7049999237060547,2.75,2.700000047683716,2.7249999046325684,2.7249999046325684,574600
2004-08-27,2.7049999237060547,2.7899999618530273,2.6500000953674316,2.75,2.75,811600
2004-08-30,2.7249999046325684,2.8350000381469727,2.7249999046325684,2.825000047683716,2.825000047683716,263200
2004-08-31,2.799999952316284,2.875,2.799999952316284,2.875,2.875,282000
2004-09-01,2.9000000953674316,3.174999952316284,2.875,3.0299999713897705,3.0299999713897705,513000
2004-09-02,3.1050000190734863,3.200000047683716,2.934999942779541,3.184999942779541,3.184999942779541,308800
2004-09-03,3.200000047683716,3.299999952316284,3.049999952316284,3.190000057220459,3.190000057220459,335400
2004-09-07,3.194999933242798,3.3550000190734863,3.1500000953674316,3.305000066757202,3.305000066757202,335800
2004-09-08,3.325000047683716,3.4200000762939453,3.255000114440918,3.2750000953674316,3.2750000953674316,426200
2004-09-09,3.2249999046325684,3.369999885559082,3.200000047683716,3.25,3.25,420000
2004-09-10,3.2950000762939453,3.2950000762939453,3.2049999237060547,3.234999895095825,3.234999895095825,87400
2004-09-13,3.25,3.4100000858306885,3.2200000286102295,3.369999885559082,3.369999885559082,171800
2004-09-14,3.299999952316284,3.309999942779541,3.2249999046325684,3.265000104904175,3.265000104904175,112200
2004-09-15,3.265000104904175,3.2950000762939453,3.244999885559082,3.244999885559082,3.244999885559082,74400
2004-09-16,3.244999885559082,3.4600000381469727,3.244999885559082,3.434999942779541,3.434999942779541,180400
2004-09-17,3.505000114440918,3.609999895095825,3.319999933242798,3.4149999618530273,3.4149999618530273,215400
2004-09-20,3.494999885559082,3.494999885559082,3.375,3.4100000858306885,3.4100000858306885,79600
2004-09-21,3.490000009536743,3.5,3.4200000762939453,3.5,3.5,78400
2004-09-22,3.434999942779541,3.5,3.200000047683716,3.309999942779541,3.309999942779541,328600
2004-09-23,3.3499999046325684,3.359999895095825,3.174999952316284,3.265000104904175,3.265000104904175,183200
2004-09-24,3.234999895095825,3.3499999046325684,3.174999952316284,3.200000047683716,3.200000047683716,92000
2004-09-27,3.2799999713897705,3.3450000286102295,2.9749999046325684,2.9800000190734863,2.9800000190734863,296000
2004-09-28,2.9600000381469727,2.9700000286102295,2.7899999618530273,2.9649999141693115,2.9649999141693115,758600
2004-09-29,2.9000000953674316,2.994999885559082,2.869999885559082,2.944999933242798,2.944999933242798,350800
2004-09-30,2.875,2.9600000381469727,2.8299999237060547,2.9549999237060547,2.9549999237060547,713000
2004-10-01,2.9000000953674316,3.134999990463257,2.9000000953674316,3.0950000286102295,3.0950000286102295,588400
2004-10-04,3.1500000953674316,3.315000057220459,3.0799999237060547,3.2799999713897705,3.2799999713897705,552600
2004-10-05,3.200000047683716,3.305000066757202,3.200000047683716,3.299999952316284,3.299999952316284,324800
2004-10-06,3.2249999046325684,3.2699999809265137,3.1449999809265137,3.255000114440918,3.255000114440918,1964000
2004-10-07,3.2750000953674316,3.2750000953674316,3.174999952316284,3.25,3.25,410200
2004-10-08,3.299999952316284,3.305000066757202,3.180000066757202,3.25,3.25,656200
2004-10-11,3.2300000190734863,3.325000047683716,3.2300000190734863,3.325000047683716,3.325000047683716,493200
2004-10-12,3.375,3.375,3.25,3.305000066757202,3.305000066757202,316600
2004-10-13,3.315000057220459,3.3499999046325684,3.244999885559082,3.265000104904175,3.265000104904175,421200
2004-10-14,3.319999933242798,3.3550000190734863,3.255000114440918,3.315000057220459,3.315000057220459,783400
2004-10-15,3.325000047683716,3.494999885559082,3.2750000953674316,3.444999933242798,3.444999933242798,519400
2004-10-18,3.4049999713897705,3.565000057220459,3.4049999713897705,3.4749999046325684,3.4749999046325684,192800
2004-10-19,3.509999990463257,3.6449999809265137,3.375,3.5299999713897705,3.5299999713897705,462000
2004-10-20,3.505000114440918,3.5950000286102295,3.1649999618530273,3.3399999141693115,3.3399999141693115,772600
2004-10-21,3.369999885559082,3.369999885559082,3.2149999141693115,3.299999952316284,3.299999952316284,558000
2004-10-22,3.2950000762939453,3.3299999237060547,3.200000047683716,3.265000104904175,3.265000104904175,405000
2004-10-25,3.2750000953674316,3.299999952316284,3.1600000858306885,3.265000104904175,3.265000104904175,332400
2004-10-26,3.244999885559082,3.319999933242798,3.1600000858306885,3.319999933242798,3.319999933242798,166200
2004-10-27,3.305000066757202,3.305000066757202,3.2049999237060547,3.2850000858306885,3.2850000858306885,336600
2004-10-28,3.309999942779541,3.309999942779541,3.1500000953674316,3.1700000762939453,3.1700000762939453,435800
2004-10-29,3.2249999046325684,3.265000104904175,3.200000047683716,3.2249999046325684,3.2249999046325684,472600
2004-11-01,3.125,3.184999942779541,3.125,3.174999952316284,3.174999952316284,264600
2004-11-02,3.125,3.240000009536743,3.125,3.180000066757202,3.180000066757202,166600
2004-11-03,3.194999933242798,3.25,3.1700000762939453,3.2249999046325684,3.2249999046325684,251400
2004-11-04,3.200000047683716,3.2249999046325684,3.1549999713897705,3.2249999046325684,3.2249999046325684,346000
2004-11-05,3.2249999046325684,3.299999952316284,3.1500000953674316,3.2249999046325684,3.2249999046325684,214200
2004-11-08,3.2799999713897705,3.2799999713897705,3.174999952316284,3.2249999046325684,3.2249999046325684,568000
2004-11-09,3.2799999713897705,3.3350000381469727,3.2149999141693115,3.244999885559082,3.244999885559082,434400
2004-11-10,3.234999895095825,3.2899999618530273,3.2249999046325684,3.25,3.25,419200
2004-11-11,3.200000047683716,3.4749999046325684,3.200000047683716,3.4700000286102295,3.4700000286102295,775800
2004-11-12,3.5,3.505000114440918,3.424999952316284,3.4800000190734863,3.4800000190734863,511600
2004-11-15,3.375,3.690000057220459,3.375,3.674999952316284,3.674999952316284,582000
2004-11-16,3.694999933242798,3.755000114440918,3.615000009536743,3.7300000190734863,3.7300000190734863,443600
2004-11-17,3.75,3.9000000953674316,3.634999990463257,3.690000057220459,3.690000057220459,562600
2004-11-18,3.734999895095825,3.744999885559082,3.6050000190734863,3.700000047683716,3.700000047683716,214000
2004-11-19,3.700000047683716,3.7249999046325684,3.609999895095825,3.680000066757202,3.680000066757202,211800
2004-11-22,3.734999895095825,3.869999885559082,3.634999990463257,3.859999895095825,3.859999895095825,351800
2004-11-23,3.884999990463257,3.9649999141693115,3.744999885559082,3.940000057220459,3.940000057220459,388000
2004-11-24,3.8450000286102295,4.005000114440918,3.8299999237060547,4.0,4.0,569400
2004-11-26,3.8550000190734863,3.950000047683716,3.819999933242798,3.9000000953674316,3.9000000953674316,110200
2004-11-29,3.994999885559082,3.994999885559082,3.7699999809265137,3.875,3.875,233200
2004-11-30,3.765000104904175,3.875,3.759999990463257,3.799999952316284,3.799999952316284,187200
2004-12-01,3.875,4.005000114440918,3.819999933242798,3.9749999046325684,3.9749999046325684,187600
2004-12-02,3.940000057220459,4.045000076293945,3.8499999046325684,3.8550000190734863,3.8550000190734863,347800
2004-12-03,3.8299999237060547,3.880000114440918,3.75,3.809999942779541,3.809999942779541,135200
2004-12-06,3.869999885559082,3.875,3.759999990463257,3.8299999237060547,3.8299999237060547,245400
2004-12-07,3.869999885559082,3.869999885559082,3.700000047683716,3.815000057220459,3.815000057220459,336600
2004-12-08,3.825000047683716,3.9000000953674316,3.7750000953674316,3.9000000953674316,3.9000000953674316,239800
2004-12-09,3.9000000953674316,3.9000000953674316,3.694999933242798,3.809999942779541,3.809999942779541,288200
2004-12-10,3.865000009536743,3.940000057220459,3.7100000381469727,3.9149999618530273,3.9149999618530273,246200
2004-12-13,3.984999895095825,4.010000228881836,3.9049999713897705,3.9700000286102295,3.9700000286102295,341800
2004-12-14,4.034999847412109,4.034999847412109,3.9100000858306885,3.9700000286102295,3.9700000286102295,279200
2004-12-15,3.9049999713897705,4.114999771118164,3.9049999713897705,4.050000190734863,4.050000190734863,468600
2004-12-16,4.005000114440918,4.059999942779541,3.950000047683716,4.0,4.0,318800
2004-12-17,4.059999942779541,4.059999942779541,3.809999942779541,3.809999942779541,3.809999942779541,253600
2004-12-20,3.8350000381469727,3.930000066757202,3.75,3.924999952316284,3.924999952316284,310400
2004-12-21,4.355000019073486,4.364999771118164,4.074999809265137,4.264999866485596,4.264999866485596,1230800
2004-12-22,4.315000057220459,4.465000152587891,4.175000190734863,4.375,4.375,722200
2004-12-23,4.255000114440918,4.675000190734863,4.255000114440918,4.675000190734863,4.675000190734863,928200
2004-12-27,4.699999809265137,4.75,4.53000020980835,4.690000057220459,4.690000057220459,434200
2004-12-28,4.639999866485596,4.699999809265137,4.619999885559082,4.635000228881836,4.635000228881836,286800
2004-12-29,4.625,4.699999809265137,4.570000171661377,4.614999771118164,4.614999771118164,235000
2004-12-30,4.574999809265137,4.755000114440918,4.534999847412109,4.699999809265137,4.699999809265137,295000
2004-12-31,4.730000019073486,4.824999809265137,4.625,4.739999771118164,4.739999771118164,267800
2005-01-03,4.710000038146973,4.840000152587891,4.534999847412109,4.635000228881836,4.635000228881836,612000
2005-01-04,4.684999942779541,4.684999942779541,4.485000133514404,4.489999771118164,4.489999771118164,529400
2005-01-05,4.460000038146973,4.489999771118164,4.179999828338623,4.25,4.25,719800
2005-01-06,4.199999809265137,4.369999885559082,4.199999809265137,4.295000076293945,4.295000076293945,183200
2005-01-07,4.335000038146973,4.364999771118164,4.15500020980835,4.255000114440918,4.255000114440918,183600
2005-01-10,4.190000057220459,4.429999828338623,4.179999828338623,4.360000133514404,4.360000133514404,565000
2005-01-11,4.380000114440918,4.465000152587891,4.239999771118164,4.289999961853027,4.289999961853027,214400
2005-01-12,4.400000095367432,4.400000095367432,4.25,4.34499979019165,4.34499979019165,368600
2005-01-13,4.264999866485596,4.389999866485596,4.264999866485596,4.34499979019165,4.34499979019165,344800
2005-01-14,4.369999885559082,4.454999923706055,4.25,4.434999942779541,4.434999942779541,513000
2005-01-18,4.465000152587891,4.625,4.369999885559082,4.545000076293945,4.545000076293945,622400
2005-01-19,4.599999904632568,4.619999885559082,4.494999885559082,4.579999923706055,4.579999923706055,656800
2005-01-20,4.574999809265137,4.590000152587891,4.494999885559082,4.539999961853027,4.539999961853027,589000
2005-01-21,4.5,4.639999866485596,4.5,4.590000152587891,4.590000152587891,527000
2005-01-24,4.599999904632568,4.809999942779541,4.505000114440918,4.760000228881836,4.760000228881836,987200
2005-01-25,4.775000095367432,4.980000019073486,4.735000133514404,4.885000228881836,4.885000228881836,1012800
2005-01-26,4.949999809265137,4.980000019073486,4.835000038146973,4.894999980926514,4.894999980926514,1081800
2005-01-27,4.934999942779541,4.980000019073486,4.875,4.894999980926514,4.894999980926514,901600
2005-01-28,4.954999923706055,4.954999923706055,4.795000076293945,4.84499979019165,4.84499979019165,614200
2005-01-31,4.875,4.934999942779541,4.755000114440918,4.84499979019165,4.84499979019165,680000
2005-02-01,4.885000228881836,4.940000057220459,4.809999942779541,4.940000057220459,4.940000057220459,633800
2005-02-02,4.949999809265137,5.349999904632568,4.875,5.230000019073486,5.230000019073486,2236600
2005-02-03,5.244999885559082,5.460000038146973,5.215000152587891,5.260000228881836,5.260000228881836,549200
2005-02-04,5.28000020980835,5.340000152587891,5.25,5.324999809265137,5.324999809265137,436600
2005-02-07,5.304999828338623,5.5,5.284999847412109,5.355000019073486,5.355000019073486,391400
2005-02-08,5.409999847412109,5.675000190734863,5.380000114440918,5.570000171661377,5.570000171661377,799600
2005-02-09,5.514999866485596,5.574999809265137,5.269999980926514,5.375,5.375,1081400
2005-02-10,5.25,5.375,4.804999828338623,4.954999923706055,4.954999923706055,1513000
2005-02-11,4.954999923706055,5.320000171661377,4.949999809265137,5.239999771118164,5.239999771118164,571200
2005-02-14,5.25,5.375,4.875,4.985000133514404,4.985000133514404,625400
2005-02-15,4.974999904632568,5.099999904632568,4.925000190734863,4.960000038146973,4.960000038146973,386800
2005-02-16,4.914999961853027,4.960000038146973,4.809999942779541,4.900000095367432,4.900000095367432,443400
2005-02-17,4.900000095367432,4.925000190734863,4.840000152587891,4.855000019073486,4.855000019073486,413400
2005-02-18,4.900000095367432,4.920000076293945,4.775000095367432,4.809999942779541,4.809999942779541,606000
2005-02-22,4.769999980926514,4.929999828338623,4.755000114440918,4.815000057220459,4.815000057220459,414600
2005-02-23,4.800000190734863,4.800000190734863,4.349999904632568,4.385000228881836,4.385000228881836,1422000
2005-02-24,4.329999923706055,4.40500020980835,4.130000114440918,4.385000228881836,4.385000228881836,961800
2005-02-25,4.255000114440918,4.329999923706055,4.224999904632568,4.300000190734863,4.300000190734863,690000
2005-02-28,4.21999979019165,4.28000020980835,4.054999828338623,4.135000228881836,4.135000228881836,783400
2005-03-01,4.215000152587891,4.215000152587891,4.03000020980835,4.119999885559082,4.119999885559082,364800
2005-03-02,4.079999923706055,4.269999980926514,4.074999809265137,4.119999885559082,4.119999885559082,229400
2005-03-03,4.099999904632568,4.275000095367432,4.010000228881836,4.139999866485596,4.139999866485596,595400
2005-03-04,4.125,4.15500020980835,3.8949999809265137,3.9200000762939453,3.9200000762939453,431400
2005-03-07,3.875,4.070000171661377,3.765000104904175,3.924999952316284,3.924999952316284,563200
2005-03-08,3.9600000381469727,4.0,3.875,3.9000000953674316,3.9000000953674316,356000
2005-03-09,3.890000104904175,4.0,3.799999952316284,3.799999952316284,3.799999952316284,300000
2005-03-10,3.865000009536743,3.865000009536743,3.6500000953674316,3.734999895095825,3.734999895095825,412000
2005-03-11,3.694999933242798,3.700000047683716,3.359999895095825,3.384999990463257,3.384999990463257,1268000
2005-03-14,3.424999952316284,3.7699999809265137,3.4000000953674316,3.7699999809265137,3.7699999809265137,695400
2005-03-15,3.7200000286102295,4.019999980926514,3.625,4.0,4.0,755400
2005-03-16,3.990000009536743,3.990000009536743,3.819999933242798,3.819999933242798,3.819999933242798,420800
2005-03-17,3.869999885559082,3.9000000953674316,3.7300000190734863,3.7850000858306885,3.7850000858306885,420200
2005-03-18,3.825000047683716,3.825000047683716,3.6549999713897705,3.765000104904175,3.765000104904175,660000
2005-03-21,3.815000057220459,3.815000057220459,3.690000057220459,3.7100000381469727,3.7100000381469727,298800
2005-03-22,3.7149999141693115,3.740000009536743,3.549999952316284,3.569999933242798,3.569999933242798,404000
2005-03-23,3.494999885559082,3.5199999809265137,3.4600000381469727,3.4800000190734863,3.4800000190734863,409200
2005-03-24,3.5999999046325684,3.880000114440918,3.5450000762939453,3.6500000953674316,3.6500000953674316,558800
2005-03-28,3.625,3.7100000381469727,3.494999885559082,3.5250000953674316,3.5250000953674316,367400
2005-03-29,3.5399999618530273,3.549999952316284,3.4549999237060547,3.490000009536743,3.490000009536743,475000
2005-03-30,3.930000066757202,4.09499979019165,3.75,3.9749999046325684,3.9749999046325684,1444600
2005-03-31,4.054999828338623,4.074999809265137,3.950000047683716,4.039999961853027,4.039999961853027,583400
2005-04-01,4.079999923706055,4.25,3.990000009536743,4.034999847412109,4.034999847412109,753200
2005-04-04,4.105000019073486,4.135000228881836,3.9800000190734863,4.005000114440918,4.005000114440918,692000
2005-04-05,4.005000114440918,4.059999942779541,3.950000047683716,4.010000228881836,4.010000228881836,549200
2005-04-06,4.014999866485596,4.215000152587891,4.0,4.199999809265137,4.199999809265137,462800
2005-04-07,4.230000019073486,4.434999942779541,4.210000038146973,4.425000190734863,4.425000190734863,324400
2005-04-08,4.434999942779541,4.449999809265137,4.190000057220459,4.260000228881836,4.260000228881836,309000
2005-04-11,4.300000190734863,4.510000228881836,4.300000190734863,4.460000038146973,4.460000038146973,510800
2005-04-12,4.480000019073486,4.480000019073486,4.130000114440918,4.355000019073486,4.355000019073486,677600
2005-04-13,4.369999885559082,4.394999980926514,4.03000020980835,4.059999942779541,4.059999942779541,511600
2005-04-14,4.03000020980835,4.255000114440918,4.03000020980835,4.119999885559082,4.119999885559082,672400
2005-04-15,4.099999904632568,4.269999980926514,4.074999809265137,4.159999847412109,4.159999847412109,799200
2005-04-18,4.204999923706055,4.309999942779541,4.125,4.125,4.125,526800
2005-04-19,4.139999866485596,4.349999904632568,4.135000228881836,4.324999809265137,4.324999809265137,651400
2005-04-20,4.34499979019165,4.925000190734863,4.275000095367432,4.46999979019165,4.46999979019165,922400
2005-04-21,4.474999904632568,4.65500020980835,4.474999904632568,4.599999904632568,4.599999904632568,390200
2005-04-22,4.610000133514404,4.610000133514404,4.449999809265137,4.570000171661377,4.570000171661377,428400
2005-04-25,4.559999942779541,4.644999980926514,4.5,4.550000190734863,4.550000190734863,223800
2005-04-26,4.5,4.565000057220459,4.400000095367432,4.440000057220459,4.440000057220459,599800
2005-04-27,4.474999904632568,4.5,4.235000133514404,4.434999942779541,4.434999942779541,510400
2005-04-28,4.460000038146973,4.769999980926514,4.460000038146973,4.625,4.625,842000
2005-04-29,4.650000095367432,4.925000190734863,4.585000038146973,4.909999847412109,4.909999847412109,986600
2005-05-02,4.710000038146973,4.965000152587891,4.545000076293945,4.934999942779541,4.934999942779541,869800
2005-05-03,4.885000228881836,4.974999904632568,4.75,4.90500020980835,4.90500020980835,464400
2005-05-04,4.934999942779541,4.949999809265137,4.840000152587891,4.860000133514404,4.860000133514404,430400
2005-05-05,4.849999904632568,4.929999828338623,4.75,4.925000190734863,4.925000190734863,390000
2005-05-06,4.925000190734863,5.0,4.775000095367432,5.0,5.0,527800
2005-05-09,5.0,5.21999979019165,4.945000171661377,5.21999979019165,5.21999979019165,385400
2005-05-10,5.175000190734863,5.25,5.074999809265137,5.224999904632568,5.224999904632568,1009600
2005-05-11,5.255000114440918,5.260000228881836,5.034999847412109,5.244999885559082,5.244999885559082,697000
2005-05-12,5.260000228881836,5.349999904632568,5.190000057220459,5.235000133514404,5.235000133514404,490000
2005-05-13,5.204999923706055,5.315000057220459,4.894999980926514,4.925000190734863,4.925000190734863,611800
2005-05-16,4.829999923706055,5.0,4.675000190734863,5.0,5.0,452200
2005-05-17,5.0,5.125,4.929999828338623,5.079999923706055,5.079999923706055,296000
2005-05-18,5.105000019073486,5.295000076293945,5.034999847412109,5.175000190734863,5.175000190734863,508600
2005-05-19,5.199999809265137,5.199999809265137,5.085000038146973,5.130000114440918,5.130000114440918,393000
2005-05-20,5.150000095367432,5.199999809265137,5.010000228881836,5.09499979019165,5.09499979019165,342400
2005-05-23,5.090000152587891,5.239999771118164,5.010000228881836,5.150000095367432,5.150000095367432,379800
2005-05-24,5.130000114440918,5.179999828338623,5.085000038146973,5.144999980926514,5.144999980926514,309800
2005-05-25,5.150000095367432,5.150000095367432,4.889999866485596,5.050000190734863,5.050000190734863,529600
2005-05-26,5.059999942779541,5.264999866485596,5.0,5.244999885559082,5.244999885559082,333800
2005-05-27,5.195000171661377,5.434999942779541,5.159999847412109,5.224999904632568,5.224999904632568,852800
2005-05-31,5.25,5.289999961853027,5.130000114440918,5.25,5.25,653200
2005-06-01,5.275000095367432,5.380000114440918,5.15500020980835,5.375,5.375,502600
2005-06-02,5.315000057220459,5.375,5.255000114440918,5.34499979019165,5.34499979019165,212800
2005-06-03,5.210000038146973,5.324999809265137,5.110000133514404,5.21999979019165,5.21999979019165,374000
2005-06-06,5.244999885559082,5.275000095367432,5.150000095367432,5.230000019073486,5.230000019073486,272400
2005-06-07,5.264999866485596,5.40500020980835,5.21999979019165,5.260000228881836,5.260000228881836,528000
2005-06-08,5.315000057220459,5.385000228881836,5.199999809265137,5.300000190734863,5.300000190734863,603400
2005-06-09,5.300000190734863,6.110000133514404,5.255000114440918,6.059999942779541,6.059999942779541,1932000
2005-06-10,5.809999942779541,6.025000095367432,5.650000095367432,5.824999809265137,5.824999809265137,1034200
2005-06-13,5.699999809265137,5.869999885559082,5.650000095367432,5.699999809265137,5.699999809265137,599800
2005-06-14,5.755000114440918,6.034999847412109,5.675000190734863,5.920000076293945,5.920000076293945,583000
2005-06-15,5.934999942779541,6.25,5.885000228881836,6.099999904632568,6.099999904632568,1707800
2005-06-16,6.110000133514404,6.110000133514404,5.989999771118164,6.074999809265137,6.074999809265137,1495600
2005-06-17,6.039999961853027,6.269999980926514,6.03000020980835,6.255000114440918,6.255000114440918,1083000
2005-06-20,6.260000228881836,6.349999904632568,6.110000133514404,6.324999809265137,6.324999809265137,562400
2005-06-21,6.400000095367432,6.474999904632568,6.335000038146973,6.400000095367432,6.400000095367432,588600
2005-06-22,6.414999961853027,6.449999809265137,6.090000152587891,6.25,6.25,614400
2005-06-23,6.235000133514404,6.315000057220459,5.849999904632568,5.864999771118164,5.864999771118164,533200
2005-06-24,5.760000228881836,6.15500020980835,5.760000228881836,6.15500020980835,6.15500020980835,1085400
2005-06-27,6.184999942779541,6.21999979019165,5.800000190734863,5.829999923706055,5.829999923706055,497800
2005-06-28,5.829999923706055,6.224999904632568,5.809999942779541,6.224999904632568,6.224999904632568,735200
2005-06-29,6.255000114440918,6.315000057220459,6.090000152587891,6.139999866485596,6.139999866485596,591400
2005-06-30,6.164999961853027,6.184999942779541,5.96999979019165,6.034999847412109,6.034999847412109,586800
2005-07-01,6.079999923706055,6.175000190734863,5.949999809265137,6.150000095367432,6.150000095367432,553400
2005-07-05,6.190000057220459,6.190000057220459,5.980000019073486,6.139999866485596,6.139999866485596,448600
2005-07-06,6.130000114440918,6.195000171661377,6.014999866485596,6.03000020980835,6.03000020980835,386200
2005-07-07,5.954999923706055,6.025000095367432,5.800000190734863,5.949999809265137,5.949999809265137,609000
2005-07-08,5.900000095367432,5.96999979019165,5.769999980926514,5.949999809265137,5.949999809265137,1647600
2005-07-11,6.0,6.034999847412109,5.869999885559082,5.949999809265137,5.949999809265137,482000
2005-07-12,5.945000171661377,6.239999771118164,5.925000190734863,6.230000019073486,6.230000019073486,1304800
2005-07-13,6.264999866485596,6.880000114440918,6.264999866485596,6.875,6.875,2138000
2005-07-14,6.900000095367432,7.014999866485596,6.75,6.929999828338623,6.929999828338623,1156600
2005-07-15,6.880000114440918,7.414999961853027,6.880000114440918,7.099999904632568,7.099999904632568,1922000
2005-07-18,7.170000076293945,7.320000171661377,6.824999809265137,7.050000190734863,7.050000190734863,1083000
2005-07-19,7.039999961853027,7.199999809265137,6.945000171661377,7.179999828338623,7.179999828338623,744000
2005-07-20,7.190000057220459,7.230000019073486,7.0,7.199999809265137,7.199999809265137,620800
2005-07-21,7.239999771118164,7.300000190734863,6.894999980926514,7.164999961853027,7.164999961853027,612600
2005-07-22,7.114999771118164,7.125,6.75,6.894999980926514,6.894999980926514,1388400
2005-07-25,6.914999961853027,7.059999942779541,6.815000057220459,6.869999885559082,6.869999885559082,428800
2005-07-26,6.920000076293945,6.929999828338623,6.400000095367432,6.505000114440918,6.505000114440918,1086800
2005-07-27,5.949999809265137,6.175000190734863,5.5,5.585000038146973,5.585000038146973,4826200
2005-07-28,5.559999942779541,5.579999923706055,5.409999847412109,5.550000190734863,5.550000190734863,2745400
2005-07-29,5.550000190734863,5.730000019073486,5.425000190734863,5.599999904632568,5.599999904632568,1120800
2005-08-01,5.605000019073486,5.724999904632568,5.550000190734863,5.599999904632568,5.599999904632568,687400
2005-08-02,5.474999904632568,5.585000038146973,5.454999923706055,5.5,5.5,715000
2005-08-03,5.449999809265137,5.625,5.440000057220459,5.614999771118164,5.614999771118164,575000
2005-08-04,5.585000038146973,5.71999979019165,5.445000171661377,5.65500020980835,5.65500020980835,805200
2005-08-05,5.659999847412109,5.735000133514404,5.514999866485596,5.684999942779541,5.684999942779541,648400
2005-08-08,5.670000076293945,5.769999980926514,5.545000076293945,5.554999828338623,5.554999828338623,872800
2005-08-09,5.539999961853027,5.855000019073486,5.539999961853027,5.815000057220459,5.815000057220459,531000
2005-08-10,5.75,6.025000095367432,5.744999885559082,5.900000095367432,5.900000095367432,935600
2005-08-11,5.900000095367432,6.039999961853027,5.800000190734863,5.934999942779541,5.934999942779541,403200
2005-08-12,5.934999942779541,6.0,5.559999942779541,5.934999942779541,5.934999942779541,1415800
2005-08-15,5.90500020980835,6.159999847412109,5.835000038146973,6.09499979019165,6.09499979019165,512400
2005-08-16,6.079999923706055,6.110000133514404,5.875,5.925000190734863,5.925000190734863,453800
2005-08-17,5.880000114440918,5.994999885559082,5.824999809265137,5.925000190734863,5.925000190734863,325200
2005-08-18,5.909999847412109,6.085000038146973,5.909999847412109,6.0,6.0,224800
2005-08-19,5.985000133514404,6.0,5.880000114440918,5.980000019073486,5.980000019073486,399200
2005-08-22,5.949999809265137,6.210000038146973,5.949999809265137,6.175000190734863,6.175000190734863,464600
2005-08-23,6.150000095367432,6.21999979019165,6.045000076293945,6.099999904632568,6.099999904632568,404800
2005-08-24,6.059999942779541,6.164999961853027,6.0,6.099999904632568,6.099999904632568,751000
2005-08-25,6.070000171661377,6.175000190734863,6.034999847412109,6.139999866485596,6.139999866485596,729600
2005-08-26,6.054999828338623,6.150000095367432,5.980000019073486,6.034999847412109,6.034999847412109,740200
2005-08-29,6.005000114440918,6.039999961853027,5.940000057220459,6.03000020980835,6.03000020980835,401400
2005-08-30,5.920000076293945,6.014999866485596,5.914999961853027,5.985000133514404,5.985000133514404,702200
2005-08-31,5.989999771118164,6.105000019073486,5.945000171661377,6.099999904632568,6.099999904632568,641400
2005-09-01,6.099999904632568,6.269999980926514,6.099999904632568,6.255000114440918,6.255000114440918,569400
2005-09-02,6.25,6.284999847412109,6.114999771118164,6.284999847412109,6.284999847412109,508400
2005-09-06,6.275000095367432,6.675000190734863,6.179999828338623,6.639999866485596,6.639999866485596,729200
2005-09-07,6.625,6.835000038146973,6.59499979019165,6.795000076293945,6.795000076293945,507600
2005-09-08,6.71999979019165,6.744999885559082,6.534999847412109,6.610000133514404,6.610000133514404,315800
2005-09-09,6.574999809265137,6.730000019073486,6.545000076293945,6.730000019073486,6.730000019073486,426200
2005-09-12,6.690000057220459,6.849999904632568,6.570000171661377,6.835000038146973,6.835000038146973,255000
2005-09-13,6.869999885559082,6.869999885559082,6.664999961853027,6.679999828338623,6.679999828338623,311800
2005-09-14,6.715000152587891,6.715000152587891,6.420000076293945,6.505000114440918,6.505000114440918,610000
2005-09-15,6.474999904632568,6.565000057220459,6.429999828338623,6.519999980926514,6.519999980926514,223400
2005-09-16,6.565000057220459,6.739999771118164,6.539999961853027,6.715000152587891,6.715000152587891,590800
2005-09-19,6.764999866485596,6.784999847412109,6.375,6.474999904632568,6.474999904632568,351800
2005-09-20,6.454999923706055,6.625,6.400000095367432,6.414999961853027,6.414999961853027,435200
2005-09-21,6.385000228881836,6.489999771118164,6.150000095367432,6.150000095367432,6.150000095367432,542400
2005-09-22,6.125,6.40500020980835,6.019999980926514,6.355000019073486,6.355000019073486,276200
2005-09-23,6.335000038146973,6.545000076293945,6.215000152587891,6.445000171661377,6.445000171661377,190800
2005-09-26,6.429999828338623,6.5,6.400000095367432,6.460000038146973,6.460000038146973,274000
2005-09-27,6.425000190734863,6.434999942779541,6.300000190734863,6.329999923706055,6.329999923706055,656600
2005-09-28,6.300000190734863,6.375,6.25,6.329999923706055,6.329999923706055,555200
2005-09-29,6.329999923706055,6.394999980926514,6.289999961853027,6.360000133514404,6.360000133514404,444800
2005-09-30,6.375,6.414999961853027,6.349999904632568,6.40500020980835,6.40500020980835,883400
2005-10-03,6.414999961853027,6.585000038146973,6.400000095367432,6.559999942779541,6.559999942779541,555000
2005-10-04,6.565000057220459,6.695000171661377,6.445000171661377,6.550000190734863,6.550000190734863,461600
2005-10-05,6.525000095367432,6.690000057220459,6.414999961853027,6.460000038146973,6.460000038146973,530800
2005-10-06,6.40500020980835,6.849999904632568,6.40500020980835,6.664999961853027,6.664999961853027,981000
2005-10-07,6.690000057220459,7.164999961853027,6.644999980926514,6.96999979019165,6.96999979019165,1090800
2005-10-10,6.960000038146973,7.025000095367432,6.429999828338623,6.5,6.5,1010000
2005-10-11,6.534999847412109,6.695000171661377,6.474999904632568,6.550000190734863,6.550000190734863,1013600
2005-10-12,6.525000095367432,6.585000038146973,6.380000114440918,6.514999866485596,6.514999866485596,990400
2005-10-13,6.5,6.800000190734863,6.425000190734863,6.789999961853027,6.789999961853027,566800
2005-10-14,6.804999828338623,6.954999923706055,6.784999847412109,6.820000171661377,6.820000171661377,539800
2005-10-17,6.875,6.954999923706055,6.659999847412109,6.940000057220459,6.940000057220459,527200
2005-10-18,6.940000057220459,6.980000019073486,6.789999961853027,6.84499979019165,6.84499979019165,497400
2005-10-19,6.815000057220459,6.885000228881836,6.539999961853027,6.875,6.875,623400
2005-10-20,6.849999904632568,6.934999942779541,6.795000076293945,6.889999866485596,6.889999866485596,1009600
2005-10-21,6.875,7.090000152587891,6.875,7.0,7.0,1121400
2005-10-24,7.025000095367432,7.039999961853027,6.760000228881836,6.800000190734863,6.800000190734863,853200
2005-10-25,6.849999904632568,7.369999885559082,6.739999771118164,7.349999904632568,7.349999904632568,2037400
2005-10-26,7.349999904632568,7.675000190734863,7.349999904632568,7.550000190734863,7.550000190734863,1242600
2005-10-27,7.449999809265137,7.550000190734863,7.244999885559082,7.40500020980835,7.40500020980835,913400
2005-10-28,7.349999904632568,7.53000020980835,7.349999904632568,7.510000228881836,7.510000228881836,652800
2005-10-31,7.53000020980835,7.994999885559082,7.510000228881836,7.784999847412109,7.784999847412109,1104800
2005-11-01,7.724999904632568,7.775000095367432,7.650000095367432,7.679999828338623,7.679999828338623,528200
2005-11-02,7.650000095367432,7.945000171661377,7.650000095367432,7.829999923706055,7.829999923706055,472600
2005-11-03,7.889999866485596,7.985000133514404,7.784999847412109,7.880000114440918,7.880000114440918,494200
2005-11-04,7.875,7.934999942779541,7.590000152587891,7.675000190734863,7.675000190734863,547600
2005-11-07,7.715000152587891,7.925000190734863,7.715000152587891,7.855000019073486,7.855000019073486,511800
2005-11-08,7.820000171661377,8.125,7.815000057220459,8.015000343322754,8.015000343322754,812600
2005-11-09,7.974999904632568,8.234999656677246,7.869999885559082,7.980000019073486,7.980000019073486,1173000
2005-11-10,7.989999771118164,8.0,7.800000190734863,7.945000171661377,7.945000171661377,352000
2005-11-11,7.875,8.03499984741211,7.849999904632568,8.005000114440918,8.005000114440918,333800
2005-11-14,8.020000457763672,8.194999694824219,8.0,8.015000343322754,8.015000343322754,467800
2005-11-15,8.024999618530273,8.119999885559082,7.949999809265137,7.994999885559082,7.994999885559082,364000
2005-11-16,8.055000305175781,8.055000305175781,7.75,8.015000343322754,8.015000343322754,365800
2005-11-17,8.0,8.175000190734863,8.0,8.170000076293945,8.170000076293945,201400
2005-11-18,8.234999656677246,8.375,8.175000190734863,8.25,8.25,502800
2005-11-21,8.25,8.274999618530273,8.114999771118164,8.225000381469727,8.225000381469727,292000
2005-11-22,8.104999542236328,8.399999618530273,8.079999923706055,8.34000015258789,8.34000015258789,563800
2005-11-23,8.329999923706055,8.335000038146973,7.925000190734863,7.994999885559082,7.994999885559082,427800
2005-11-25,8.010000228881836,8.010000228881836,7.829999923706055,7.894999980926514,7.894999980926514,96800
2005-11-28,7.800000190734863,7.855000019073486,7.449999809265137,7.494999885559082,7.494999885559082,509800
2005-11-29,7.494999885559082,7.659999847412109,7.449999809265137,7.625,7.625,777600
2005-11-30,7.554999828338623,7.974999904632568,7.539999961853027,7.875,7.875,737200
2005-12-01,7.974999904632568,7.980000019073486,7.670000076293945,7.715000152587891,7.715000152587891,796800
2005-12-02,7.650000095367432,8.0649995803833,7.650000095367432,7.965000152587891,7.965000152587891,542800
2005-12-05,7.909999847412109,7.929999828338623,7.715000152587891,7.829999923706055,7.829999923706055,289800
2005-12-06,7.875,8.029999732971191,7.860000133514404,7.934999942779541,7.934999942779541,401800
2005-12-07,7.880000114440918,7.980000019073486,7.820000171661377,7.920000076293945,7.920000076293945,337200
2005-12-08,7.900000095367432,7.974999904632568,7.795000076293945,7.820000171661377,7.820000171661377,404400
2005-12-09,7.875,7.875,7.65500020980835,7.775000095367432,7.775000095367432,297800
2005-12-12,7.739999771118164,7.855000019073486,7.550000190734863,7.684999942779541,7.684999942779541,350600
2005-12-13,7.744999885559082,7.869999885559082,7.635000228881836,7.739999771118164,7.739999771118164,557200
2005-12-14,7.809999942779541,7.84499979019165,7.239999771118164,7.304999828338623,7.304999828338623,519200
2005-12-15,7.304999828338623,7.565000057220459,7.25,7.364999771118164,7.364999771118164,521400
2005-12-16,7.335000038146973,7.400000095367432,7.034999847412109,7.065000057220459,7.065000057220459,723000
2005-12-19,7.065000057220459,7.170000076293945,6.925000190734863,6.960000038146973,6.960000038146973,452800
2005-12-20,6.925000190734863,7.349999904632568,6.710000038146973,7.304999828338623,7.304999828338623,1184000
2005-12-21,7.264999866485596,7.505000114440918,7.264999866485596,7.425000190734863,7.425000190734863,575000
2005-12-22,7.474999904632568,7.635000228881836,7.420000076293945,7.635000228881836,7.635000228881836,354000
2005-12-23,7.710000038146973,7.735000133514404,7.625,7.684999942779541,7.684999942779541,371600
2005-12-27,7.75,7.764999866485596,7.284999847412109,7.300000190734863,7.300000190734863,622600
2005-12-28,7.369999885559082,7.454999923706055,7.184999942779541,7.269999980926514,7.269999980926514,368400
2005-12-29,7.25,7.300000190734863,7.230000019073486,7.244999885559082,7.244999885559082,277000
2005-12-30,7.25,7.25,6.980000019073486,7.050000190734863,7.050000190734863,359800
2006-01-03,7.125,7.40500020980835,6.875,7.40500020980835,7.40500020980835,887800
2006-01-04,7.40500020980835,7.795000076293945,7.28000020980835,7.650000095367432,7.650000095367432,912000
2006-01-05,7.639999866485596,7.800000190734863,7.630000114440918,7.739999771118164,7.739999771118164,360000
2006-01-06,7.78000020980835,8.270000457763672,7.635000228881836,8.229999542236328,8.229999542236328,1215800
2006-01-09,8.180000305175781,8.369999885559082,8.0649995803833,8.114999771118164,8.114999771118164,343400
2006-01-10,8.074999809265137,8.475000381469727,8.050000190734863,8.359999656677246,8.359999656677246,735200
2006-01-11,8.444999694824219,8.869999885559082,8.399999618530273,8.864999771118164,8.864999771118164,1409600
2006-01-12,8.795000076293945,9.699999809265137,8.795000076293945,9.5600004196167,9.5600004196167,1989400
2006-01-13,9.494999885559082,9.5649995803833,9.175000190734863,9.484999656677246,9.484999656677246,913200
2006-01-17,9.404999732971191,9.640000343322754,9.274999618530273,9.640000343322754,9.640000343322754,785400
2006-01-18,9.600000381469727,9.789999961853027,9.444999694824219,9.755000114440918,9.755000114440918,1467800
2006-01-19,9.899999618530273,10.0,9.755000114440918,9.880000114440918,9.880000114440918,1267800
2006-01-20,9.9350004196167,10.045000076293945,9.824999809265137,9.920000076293945,9.920000076293945,976600
2006-01-23,9.845000267028809,10.050000190734863,9.78499984741211,10.015000343322754,10.015000343322754,966600
2006-01-24,10.03499984741211,10.100000381469727,9.904999732971191,10.074999809265137,10.074999809265137,843800
2006-01-25,10.074999809265137,10.194999694824219,9.8149995803833,9.96500015258789,9.96500015258789,686800
2006-01-26,9.954999923706055,10.079999923706055,9.795000076293945,9.975000381469727,9.975000381469727,804600
2006-01-27,10.0,10.300000190734863,9.920000076293945,10.21500015258789,10.21500015258789,989200
2006-01-30,10.289999961853027,10.510000228881836,10.255000114440918,10.484999656677246,10.484999656677246,1002400
2006-01-31,10.475000381469727,11.020000457763672,10.444999694824219,10.720000267028809,10.720000267028809,2636400
2006-02-01,10.625,10.744999885559082,10.425000190734863,10.71500015258789,10.71500015258789,2286200
2006-02-02,10.555000305175781,11.21500015258789,10.555000305175781,11.045000076293945,11.045000076293945,1058200
2006-02-03,11.039999961853027,11.529999732971191,11.0,11.329999923706055,11.329999923706055,981800
2006-02-06,11.100000381469727,11.225000381469727,10.399999618530273,11.050000190734863,11.050000190734863,1289000
2006-02-07,11.015000343322754,11.210000038146973,10.680000305175781,10.944999694824219,10.944999694824219,658000
2006-02-08,10.920000076293945,10.975000381469727,10.324999809265137,10.430000305175781,10.430000305175781,1435600
2006-02-09,10.4350004196167,10.649999618530273,10.395000457763672,10.454999923706055,10.454999923706055,656600
2006-02-10,10.484999656677246,10.625,9.949999809265137,10.59000015258789,10.59000015258789,1180000
2006-02-13,10.375,10.6899995803833,10.375,10.654999732971191,10.654999732971191,775800
2006-02-14,10.675000190734863,11.25,10.649999618530273,11.100000381469727,11.100000381469727,1474600
2006-02-15,11.109999656677246,11.510000228881836,10.96500015258789,11.510000228881836,11.510000228881836,908800
2006-02-16,11.574999809265137,12.1899995803833,11.515000343322754,12.104999542236328,12.104999542236328,1567800
2006-02-17,12.0600004196167,12.28499984741211,11.975000381469727,12.170000076293945,12.170000076293945,926600
2006-02-21,11.4399995803833,12.25,11.0600004196167,12.045000076293945,12.045000076293945,1082200
2006-02-22,12.0,12.479999542236328,12.0,12.4399995803833,12.4399995803833,765200
2006-02-23,12.475000381469727,12.569999694824219,12.135000228881836,12.404999732971191,12.404999732971191,938000
2006-02-24,12.4350004196167,12.625,12.329999923706055,12.53499984741211,12.53499984741211,1569200
2006-02-27,12.53499984741211,12.699999809265137,12.444999694824219,12.600000381469727,12.600000381469727,1366000
2006-02-28,12.524999618530273,12.890000343322754,11.824999809265137,12.71500015258789,12.71500015258789,2263800
2006-03-01,12.789999961853027,13.220000267028809,12.739999771118164,13.0,13.0,944200
2006-03-02,13.0,13.09000015258789,12.505000114440918,13.079999923706055,13.079999923706055,839200
2006-03-03,13.050000190734863,13.255000114440918,12.880000114440918,12.930000305175781,12.930000305175781,477400
2006-03-06,12.90999984741211,13.029999732971191,12.630000114440918,12.789999961853027,12.789999961853027,587800
2006-03-07,12.739999771118164,12.824999809265137,12.1850004196167,12.229999542236328,12.229999542236328,1112400
2006-03-08,12.024999618530273,12.595000267028809,11.774999618530273,12.494999885559082,12.494999885559082,1031400
2006-03-09,12.479999542236328,12.670000076293945,12.479999542236328,12.5,12.5,788000
2006-03-10,12.5,12.859999656677246,12.375,12.675000190734863,12.675000190734863,555200
2006-03-13,12.739999771118164,13.175000190734863,12.704999923706055,12.774999618530273,12.774999618530273,843000
2006-03-14,12.800000190734863,13.140000343322754,12.649999618530273,13.119999885559082,13.119999885559082,1483600
2006-03-15,13.170000076293945,13.279999732971191,12.9399995803833,13.100000381469727,13.100000381469727,513600
2006-03-16,13.03499984741211,13.100000381469727,12.645000457763672,12.755000114440918,12.755000114440918,1081200
2006-03-17,12.760000228881836,12.90999984741211,12.649999618530273,12.675000190734863,12.675000190734863,1119400
2006-03-20,12.760000228881836,12.8100004196167,12.289999961853027,12.524999618530273,12.524999618530273,1010600
2006-03-21,12.529999732971191,12.875,12.329999923706055,12.529999732971191,12.529999732971191,1192200
2006-03-22,12.484999656677246,12.930000305175781,12.125,12.904999732971191,12.904999732971191,723200
2006-03-23,12.930000305175781,12.970000267028809,12.345000267028809,12.9399995803833,12.9399995803833,734200
2006-03-24,12.96500015258789,13.449999809265137,12.944999694824219,13.425000190734863,13.425000190734863,945800
2006-03-27,13.449999809265137,13.545000076293945,13.279999732971191,13.460000038146973,13.460000038146973,616400
2006-03-28,13.399999618530273,13.59000015258789,13.364999771118164,13.520000457763672,13.520000457763672,451600
2006-03-29,13.5,13.989999771118164,13.470000267028809,13.800000190734863,13.800000190734863,1661000
2006-03-30,13.5649995803833,13.800000190734863,13.0649995803833,13.239999771118164,13.239999771118164,795200
2006-03-31,13.15999984741211,13.239999771118164,11.84000015258789,11.875,11.875,3175200
2006-04-03,11.850000381469727,12.1850004196167,11.329999923706055,11.6899995803833,11.6899995803833,1882200
2006-04-04,11.710000038146973,11.975000381469727,11.710000038146973,11.914999961853027,11.914999961853027,715400
2006-04-05,11.904999732971191,12.125,11.46500015258789,11.8100004196167,11.8100004196167,646600
2006-04-06,11.8149995803833,11.854999542236328,10.800000190734863,11.039999961853027,11.039999961853027,1506200
2006-04-07,12.0,13.119999885559082,11.925000190734863,12.975000381469727,12.975000381469727,5997800
2006-04-10,12.944999694824219,13.210000038146973,12.505000114440918,12.899999618530273,12.899999618530273,2667200
2006-04-11,12.880000114440918,12.960000038146973,12.149999618530273,12.470000267028809,12.470000267028809,1677800
2006-04-12,12.524999618530273,12.704999923706055,12.425000190734863,12.515000343322754,12.515000343322754,703400
2006-04-13,12.414999961853027,12.539999961853027,12.15999984741211,12.390000343322754,12.390000343322754,553800
2006-04-17,12.5,12.755000114440918,12.404999732971191,12.529999732971191,12.529999732971191,637400
2006-04-18,12.625,12.920000076293945,12.585000038146973,12.875,12.875,1297200
2006-04-19,14.524999618530273,15.039999961853027,13.864999771118164,14.880000114440918,14.880000114440918,6816600
2006-04-20,14.850000381469727,14.954999923706055,14.395000457763672,14.649999618530273,14.649999618530273,1358000
2006-04-21,14.75,16.0,14.654999732971191,15.4350004196167,15.4350004196167,3801200
2006-04-24,15.305000305175781,15.305000305175781,14.649999618530273,15.274999618530273,15.274999618530273,1059800
2006-04-25,15.239999771118164,15.25,14.680000305175781,14.760000228881836,14.760000228881836,633600
2006-04-26,14.5600004196167,15.399999618530273,14.220000267028809,15.345000267028809,15.345000267028809,1260400
2006-04-27,15.319999694824219,15.989999771118164,15.199999809265137,15.609999656677246,15.609999656677246,1398000
2006-04-28,15.75,16.0,15.359999656677246,15.8149995803833,15.8149995803833,1437800
2006-05-01,15.90999984741211,15.975000381469727,15.140000343322754,15.204999923706055,15.204999923706055,1141400
2006-05-02,15.364999771118164,15.609999656677246,14.920000076293945,15.255000114440918,15.255000114440918,911400
2006-05-03,15.375,15.5,14.8100004196167,14.954999923706055,14.954999923706055,740400
2006-05-04,15.005000114440918,15.005000114440918,14.664999961853027,14.8149995803833,14.8149995803833,726800
2006-05-05,14.944999694824219,15.4350004196167,14.875,15.225000381469727,15.225000381469727,781000
2006-05-08,15.260000228881836,15.5,14.680000305175781,14.774999618530273,14.774999618530273,590000
2006-05-09,14.8100004196167,14.949999809265137,14.34000015258789,14.454999923706055,14.454999923706055,621800
2006-05-10,14.859999656677246,15.619999885559082,14.699999809265137,14.75,14.75,1780400
2006-05-11,14.835000038146973,14.984999656677246,14.09000015258789,14.204999923706055,14.204999923706055,1349000
2006-05-12,13.925000190734863,14.039999961853027,13.385000228881836,13.430000305175781,13.430000305175781,1725400
2006-05-15,13.385000228881836,14.0,13.34000015258789,13.954999923706055,13.954999923706055,1821600
2006-05-16,14.125,14.364999771118164,13.920000076293945,14.005000114440918,14.005000114440918,767600
2006-05-17,13.824999809265137,13.949999809265137,13.399999618530273,13.470000267028809,13.470000267028809,1052800
2006-05-18,13.4399995803833,13.71500015258789,12.885000228881836,12.949999809265137,12.949999809265137,1144600
2006-05-19,12.755000114440918,13.875,12.694999694824219,13.345000267028809,13.345000267028809,4077000
2006-05-22,13.210000038146973,13.335000038146973,12.694999694824219,13.135000228881836,13.135000228881836,1128600
2006-05-23,13.100000381469727,13.53499984741211,12.989999771118164,13.0649995803833,13.0649995803833,1645600
2006-05-24,12.975000381469727,13.125,12.180000305175781,13.045000076293945,13.045000076293945,2411000
2006-05-25,13.125,13.630000114440918,13.03499984741211,13.625,13.625,1076200
2006-05-26,13.71500015258789,14.239999771118164,13.65999984741211,14.229999542236328,14.229999542236328,1146200
2006-05-30,14.229999542236328,14.229999542236328,13.574999809265137,13.699999809265137,13.699999809265137,791200
2006-05-31,13.795000076293945,14.074999809265137,13.505000114440918,13.664999961853027,13.664999961853027,662400
2006-06-01,13.734999656677246,13.9399995803833,13.489999771118164,13.9399995803833,13.9399995803833,608600
2006-06-02,14.0,14.180000305175781,13.649999618530273,13.895000457763672,13.895000457763672,649800
2006-06-05,13.9350004196167,14.069999694824219,13.100000381469727,13.135000228881836,13.135000228881836,698200
2006-06-06,13.074999809265137,13.425000190734863,12.510000228881836,13.3100004196167,13.3100004196167,966000
2006-06-07,13.755000114440918,13.850000381469727,12.90999984741211,13.380000114440918,13.380000114440918,1130600
2006-06-08,13.359999656677246,13.420000076293945,12.75,13.300000190734863,13.300000190734863,1135800
2006-06-09,13.40999984741211,13.885000228881836,13.255000114440918,13.324999809265137,13.324999809265137,927200
2006-06-12,13.34000015258789,13.630000114440918,13.005000114440918,13.289999961853027,13.289999961853027,1427600
2006-06-13,13.199999809265137,13.430000305175781,11.975000381469727,12.0,12.0,2014000
2006-06-14,11.989999771118164,12.460000038146973,11.979999542236328,12.369999885559082,12.369999885559082,1471800
2006-06-15,12.404999732971191,13.25,12.34000015258789,13.100000381469727,13.100000381469727,1236600
2006-06-16,13.0649995803833,13.125,12.510000228881836,12.739999771118164,12.739999771118164,1530200
2006-06-19,12.699999809265137,12.699999809265137,12.225000381469727,12.46500015258789,12.46500015258789,831000
2006-06-20,12.5,12.744999885559082,12.425000190734863,12.555000305175781,12.555000305175781,1033000
2006-06-21,12.539999961853027,13.350000381469727,12.529999732971191,13.335000038146973,13.335000038146973,1134200
2006-06-22,13.369999885559082,14.789999961853027,13.244999885559082,14.670000076293945,14.670000076293945,2749000
2006-06-23,14.595000267028809,15.324999809265137,14.444999694824219,15.0,15.0,1922600
2006-06-26,15.069999694824219,15.069999694824219,14.569999694824219,14.800000190734863,14.800000190734863,815600
2006-06-27,14.800000190734863,15.074999809265137,14.225000381469727,14.484999656677246,14.484999656677246,675200
2006-06-28,14.484999656677246,14.484999656677246,13.9399995803833,14.145000457763672,14.145000457763672,856800
2006-06-29,14.300000190734863,14.670000076293945,14.085000038146973,14.489999771118164,14.489999771118164,1617000
2006-06-30,14.635000228881836,15.029999732971191,14.545000076293945,14.829999923706055,14.829999923706055,2300000
2006-07-03,14.949999809265137,15.239999771118164,14.524999618530273,15.239999771118164,15.239999771118164,559600
2006-07-05,15.175000190734863,15.920000076293945,14.6850004196167,15.270000457763672,15.270000457763672,2125800
2006-07-06,15.4399995803833,16.299999237060547,15.300000190734863,15.824999809265137,15.824999809265137,2176800
2006-07-07,15.75,15.765000343322754,14.640000343322754,14.979999542236328,14.979999542236328,1943400
2006-07-10,14.880000114440918,15.145000457763672,14.210000038146973,14.274999618530273,14.274999618530273,1968800
2006-07-11,14.175000190734863,14.614999771118164,13.960000038146973,14.4350004196167,14.4350004196167,1994800
2006-07-12,14.470000267028809,14.664999961853027,14.380000114440918,14.475000381469727,14.475000381469727,1204800
2006-07-13,14.430000305175781,15.095000267028809,14.289999961853027,14.654999732971191,14.654999732971191,1861800
2006-07-14,14.654999732971191,14.734999656677246,13.510000228881836,14.380000114440918,14.380000114440918,2287400
2006-07-17,14.265000343322754,14.430000305175781,13.774999618530273,14.15999984741211,14.15999984741211,1705800
2006-07-18,14.300000190734863,14.569999694824219,13.805000305175781,14.430000305175781,14.430000305175781,3080200
2006-07-19,17.125,18.934999465942383,16.920000076293945,18.549999237060547,18.549999237060547,28691600
2006-07-20,18.520000457763672,18.899999618530273,17.969999313354492,18.2549991607666,18.2549991607666,6023600
2006-07-21,18.06999969482422,18.25,17.889999389648438,18.155000686645508,18.155000686645508,3602600
2006-07-24,18.0,18.9950008392334,17.969999313354492,18.899999618530273,18.899999618530273,3570200
2006-07-25,18.844999313354492,19.575000762939453,18.770000457763672,19.190000534057617,19.190000534057617,4467000
2006-07-26,19.059999465942383,19.975000381469727,19.045000076293945,19.899999618530273,19.899999618530273,3441000
2006-07-27,19.93000030517578,20.0,18.924999237060547,19.114999771118164,19.114999771118164,2143200
2006-07-28,19.290000915527344,19.614999771118164,19.1299991607666,19.479999542236328,19.479999542236328,1332600
2006-07-31,19.325000762939453,19.475000381469727,19.075000762939453,19.114999771118164,19.114999771118164,2552200
2006-08-01,19.114999771118164,19.114999771118164,18.25,18.549999237060547,18.549999237060547,3652200
2006-08-02,18.530000686645508,18.875,18.1200008392334,18.375,18.375,2445600
2006-08-03,18.200000762939453,18.9950008392334,18.014999389648438,18.75,18.75,2475000
2006-08-04,19.0,19.454999923706055,18.18000030517578,18.4950008392334,18.4950008392334,2728800
2006-08-07,18.375,18.739999771118164,18.174999237060547,18.450000762939453,18.450000762939453,1260200
2006-08-08,18.450000762939453,18.704999923706055,18.05500030517578,18.229999542236328,18.229999542236328,1039600
2006-08-09,18.25,18.799999237060547,17.825000762939453,17.834999084472656,17.834999084472656,1799800
2006-08-10,17.75,17.799999237060547,17.2549991607666,17.524999618530273,17.524999618530273,3304600
2006-08-11,17.600000381469727,17.635000228881836,16.975000381469727,17.03499984741211,17.03499984741211,2228200
2006-08-14,17.094999313354492,17.524999618530273,17.020000457763672,17.045000076293945,17.045000076293945,2044200
2006-08-15,17.299999237060547,17.625,17.104999542236328,17.21500015258789,17.21500015258789,1957200
2006-08-16,17.225000381469727,17.440000534057617,15.949999809265137,16.450000762939453,16.450000762939453,6943600
2006-08-17,16.5,16.625,15.21500015258789,15.904999732971191,15.904999732971191,7752000
2006-08-18,16.375,17.100000381469727,16.059999465942383,17.09000015258789,17.09000015258789,4883200
2006-08-21,16.959999084472656,17.78499984741211,16.665000915527344,17.4950008392334,17.4950008392334,3526000
2006-08-22,17.424999237060547,17.934999465942383,17.25,17.875,17.875,3091800
2006-08-23,17.049999237060547,17.145000457763672,15.555000305175781,15.704999923706055,15.704999923706055,6127000
2006-08-24,15.704999923706055,16.71500015258789,15.585000038146973,16.584999084472656,16.584999084472656,3041800
2006-08-25,16.485000610351562,16.854999542236328,16.0,16.09000015258789,16.09000015258789,2235400
2006-08-28,16.024999618530273,16.274999618530273,15.6850004196167,16.139999389648438,16.139999389648438,1875200
2006-08-29,16.040000915527344,16.549999237060547,15.899999618530273,16.5,16.5,1815200
2006-08-30,16.395000457763672,17.020000457763672,16.375,16.9950008392334,16.9950008392334,1996200
2006-08-31,16.9950008392334,17.21500015258789,16.834999084472656,16.84000015258789,16.84000015258789,1906400
2006-09-01,17.065000534057617,17.229999542236328,16.46500015258789,17.100000381469727,17.100000381469727,1442800
2006-09-05,17.100000381469727,17.6200008392334,16.885000228881836,17.459999084472656,17.459999084472656,2442800
2006-09-06,17.299999237060547,17.329999923706055,16.604999542236328,16.725000381469727,16.725000381469727,1746600
2006-09-07,16.610000610351562,16.969999313354492,16.200000762939453,16.584999084472656,16.584999084472656,1424800
2006-09-08,16.625,16.834999084472656,16.299999237060547,16.360000610351562,16.360000610351562,1136400
2006-09-11,16.19499969482422,16.8700008392334,15.975000381469727,16.3799991607666,16.3799991607666,1501600
2006-09-12,16.329999923706055,16.959999084472656,16.239999771118164,16.625,16.625,1247000
2006-09-13,16.704999923706055,17.44499969482422,16.55500030517578,17.30500030517578,17.30500030517578,2073600
2006-09-14,17.2549991607666,17.489999771118164,17.0049991607666,17.475000381469727,17.475000381469727,1203800
2006-09-15,17.69499969482422,18.059999465942383,17.5049991607666,17.915000915527344,17.915000915527344,4696600
2006-09-18,17.075000762939453,18.065000534057617,16.704999923706055,17.84000015258789,17.84000015258789,2658600
2006-09-19,17.940000534057617,17.94499969482422,17.15999984741211,17.649999618530273,17.649999618530273,1306400
2006-09-20,17.809999465942383,17.8700008392334,17.059999465942383,17.219999313354492,17.219999313354492,1715800
2006-09-21,17.19499969482422,17.799999237060547,17.170000076293945,17.309999465942383,17.309999465942383,1192800
2006-09-22,17.309999465942383,17.360000610351562,16.71500015258789,16.795000076293945,16.795000076293945,1267400
2006-09-25,16.895000457763672,17.139999389648438,16.809999465942383,16.8799991607666,16.8799991607666,1415400
2006-09-26,16.954999923706055,17.475000381469727,16.889999389648438,17.375,17.375,1913400
2006-09-27,17.225000381469727,18.360000610351562,17.200000762939453,18.334999084472656,18.334999084472656,2467400
2006-09-28,18.3799991607666,18.450000762939453,16.604999542236328,16.80500030517578,16.80500030517578,7977000
2006-09-29,16.799999237060547,16.9950008392334,15.295000076293945,16.520000457763672,16.520000457763672,8733400
2006-10-02,16.389999389648438,16.670000076293945,16.100000381469727,16.475000381469727,16.475000381469727,1693800
2006-10-03,16.389999389648438,17.06999969482422,16.385000228881836,16.704999923706055,16.704999923706055,1656400
2006-10-04,16.719999313354492,17.3700008392334,16.549999237060547,17.25,17.25,2191800
2006-10-05,17.329999923706055,17.959999084472656,17.110000610351562,17.485000610351562,17.485000610351562,1868600
2006-10-06,17.399999618530273,17.670000076293945,17.114999771118164,17.479999542236328,17.479999542236328,999200
2006-10-09,17.399999618530273,17.690000534057617,17.174999237060547,17.645000457763672,17.645000457763672,810800
2006-10-10,17.625,17.81999969482422,16.9950008392334,17.219999313354492,17.219999313354492,1275800
2006-10-11,17.219999313354492,17.559999465942383,16.799999237060547,16.899999618530273,16.899999618530273,2528800
2006-10-12,16.889999389648438,17.479999542236328,16.875,17.354999542236328,17.354999542236328,1950000
2006-10-13,17.315000534057617,17.920000076293945,17.125,17.75,17.75,1794400
2006-10-16,17.815000534057617,18.09000015258789,17.510000228881836,17.940000534057617,17.940000534057617,2252600
2006-10-17,17.934999465942383,21.450000762939453,17.614999771118164,18.31999969482422,18.31999969482422,7707000
2006-10-18,21.760000228881836,21.96500015258789,21.024999618530273,21.889999389648438,21.889999389648438,19322000
2006-10-19,21.774999618530273,21.889999389648438,21.325000762939453,21.420000076293945,21.420000076293945,3859200
2006-10-20,21.1299991607666,21.860000610351562,20.5,21.799999237060547,21.799999237060547,3382400
2006-10-23,21.774999618530273,21.875,21.260000228881836,21.645000457763672,21.645000457763672,2361600
2006-10-24,21.59000015258789,22.645000457763672,21.264999389648438,22.360000610351562,22.360000610351562,4123000
2006-10-25,22.405000686645508,22.469999313354492,21.84000015258789,22.43000030517578,22.43000030517578,2952200
2006-10-26,22.5,22.934999465942383,22.21500015258789,22.844999313354492,22.844999313354492,2449400
2006-10-27,22.68000030517578,22.75,21.985000610351562,22.15999984741211,22.15999984741211,2369200
2006-10-30,22.045000076293945,22.299999237060547,21.5049991607666,22.209999084472656,22.209999084472656,1203400
2006-10-31,22.399999618530273,22.614999771118164,21.795000076293945,21.979999542236328,21.979999542236328,1219400
2006-11-01,22.010000228881836,22.139999389648438,21.399999618530273,21.405000686645508,21.405000686645508,2109400
2006-11-02,21.190000534057617,21.454999923706055,20.985000610351562,21.114999771118164,21.114999771118164,1711600
2006-11-03,21.040000915527344,21.389999389648438,20.959999084472656,21.225000381469727,21.225000381469727,1867000
2006-11-06,21.344999313354492,22.0,21.190000534057617,21.90999984741211,21.90999984741211,1648000
2006-11-07,22.0049991607666,22.395000457763672,21.950000762939453,22.235000610351562,22.235000610351562,1340200
2006-11-08,22.030000686645508,22.46500015258789,21.875,22.1299991607666,22.1299991607666,1632600
2006-11-09,22.145000457763672,22.334999084472656,21.6299991607666,21.709999084472656,21.709999084472656,1806800
2006-11-10,21.725000381469727,22.040000915527344,21.385000228881836,22.024999618530273,22.024999618530273,859400
2006-11-13,20.139999389648438,20.6200008392334,18.815000534057617,19.454999923706055,19.454999923706055,11321000
2006-11-14,19.530000686645508,19.860000610351562,19.075000762939453,19.834999084472656,19.834999084472656,4501800
2006-11-15,19.864999771118164,20.520000457763672,19.78499984741211,20.219999313354492,20.219999313354492,3855200
2006-11-16,20.3799991607666,20.53499984741211,20.094999313354492,20.170000076293945,20.170000076293945,1678600
2006-11-17,20.170000076293945,20.28499984741211,19.875,20.165000915527344,20.165000915527344,1444000
2006-11-20,20.165000915527344,20.270000457763672,19.93000030517578,20.0,20.0,1166600
2006-11-21,20.0,20.05500030517578,19.524999618530273,19.565000534057617,19.565000534057617,1143800
2006-11-22,19.614999771118164,19.739999771118164,19.459999084472656,19.575000762939453,19.575000762939453,1082000
2006-11-24,19.415000915527344,19.940000534057617,19.360000610351562,19.55500030517578,19.55500030517578,411600
2006-11-27,19.5,19.670000076293945,18.684999465942383,18.924999237060547,18.924999237060547,1706000
2006-11-28,18.815000534057617,19.600000381469727,18.56999969482422,19.485000610351562,19.485000610351562,1893400
2006-11-29,19.579999923706055,19.600000381469727,19.040000915527344,19.145000457763672,19.145000457763672,2413400
2006-11-30,19.19499969482422,19.56999969482422,19.1200008392334,19.219999313354492,19.219999313354492,1396400
2006-12-01,19.19499969482422,19.270000457763672,18.825000762939453,19.110000610351562,19.110000610351562,1304800
2006-12-04,19.059999465942383,19.6299991607666,18.94499969482422,19.3700008392334,19.3700008392334,1369800
2006-12-05,19.579999923706055,19.604999542236328,19.139999389648438,19.514999389648438,19.514999389648438,1334800
2006-12-06,19.530000686645508,20.454999923706055,19.524999618530273,20.43000030517578,20.43000030517578,2428200
2006-12-07,20.5,20.7450008392334,19.969999313354492,20.05500030517578,20.05500030517578,1673600
2006-12-08,20.125,20.399999618530273,19.764999389648438,20.375,20.375,1197000
2006-12-11,20.415000915527344,20.6200008392334,20.229999542236328,20.610000610351562,20.610000610351562,1578000
2006-12-12,20.6200008392334,20.709999084472656,19.989999771118164,20.225000381469727,20.225000381469727,1586000
2006-12-13,20.415000915527344,20.46500015258789,19.795000076293945,19.975000381469727,19.975000381469727,1114800
2006-12-14,20.09000015258789,20.325000762939453,20.010000228881836,20.19499969482422,20.19499969482422,1499200
2006-12-15,20.274999618530273,20.28499984741211,19.860000610351562,19.975000381469727,19.975000381469727,1778000
2006-12-18,20.014999389648438,20.145000457763672,19.875,19.975000381469727,19.975000381469727,1284600
2006-12-19,20.229999542236328,20.235000610351562,19.524999618530273,19.684999465942383,19.684999465942383,1160600
2006-12-20,19.704999923706055,19.8799991607666,19.354999542236328,19.485000610351562,19.485000610351562,1135600
2006-12-21,19.46500015258789,19.940000534057617,19.354999542236328,19.844999313354492,19.844999313354492,1569000
2006-12-22,19.889999389648438,19.950000762939453,19.55500030517578,19.934999465942383,19.934999465942383,758000
2006-12-26,19.96500015258789,20.334999084472656,19.610000610351562,19.725000381469727,19.725000381469727,1117000
2006-12-27,19.655000686645508,20.049999237060547,19.5,19.975000381469727,19.975000381469727,916600
2006-12-28,19.895000457763672,19.940000534057617,19.774999618530273,19.850000381469727,19.850000381469727,1027200
2006-12-29,19.850000381469727,19.850000381469727,19.454999923706055,19.655000686645508,19.655000686645508,1131800
2007-01-03,19.6299991607666,19.684999465942383,18.485000610351562,19.204999923706055,19.204999923706055,2681600
2007-01-04,19.170000076293945,19.614999771118164,18.825000762939453,19.545000076293945,19.545000076293945,1429400
2007-01-05,19.354999542236328,19.4950008392334,19.05500030517578,19.30500030517578,19.30500030517578,2479400
2007-01-08,19.25,19.344999313354492,18.899999618530273,19.274999618530273,19.274999618530273,1711800
2007-01-09,19.450000762939453,19.75,19.184999465942383,19.7450008392334,19.7450008392334,2494000
2007-01-10,19.584999084472656,19.690000534057617,19.25,19.65999984741211,19.65999984741211,2479000
2007-01-11,19.649999618530273,20.149999618530273,19.55500030517578,19.78499984741211,19.78499984741211,1375600
2007-01-12,19.735000610351562,19.895000457763672,19.575000762939453,19.7450008392334,19.7450008392334,1108800
2007-01-16,19.709999084472656,19.844999313354492,19.274999618530273,19.389999389648438,19.389999389648438,876200
2007-01-17,19.350000381469727,19.625,19.170000076293945,19.44499969482422,19.44499969482422,710600
2007-01-18,19.5,19.690000534057617,19.395000457763672,19.450000762939453,19.450000762939453,1286800
2007-01-19,19.395000457763672,19.770000457763672,19.100000381469727,19.75,19.75,1565000
2007-01-22,19.75,20.295000076293945,19.700000762939453,20.274999618530273,20.274999618530273,3468400
2007-01-23,20.479999542236328,20.8700008392334,20.295000076293945,20.489999771118164,20.489999771118164,3086800
2007-01-24,20.475000381469727,20.655000686645508,20.385000228881836,20.475000381469727,20.475000381469727,1742000
2007-01-25,20.434999465942383,20.5049991607666,19.895000457763672,20.040000915527344,20.040000915527344,1444000
2007-01-26,19.959999084472656,20.03499984741211,19.434999465942383,19.610000610351562,19.610000610351562,2512600
2007-01-29,19.530000686645508,19.950000762939453,19.424999237060547,19.709999084472656,19.709999084472656,1555400
2007-01-30,19.665000915527344,20.014999389648438,19.604999542236328,19.75,19.75,2176400
2007-01-31,19.8799991607666,20.735000610351562,19.6299991607666,20.424999237060547,20.424999237060547,2759800
2007-02-01,20.469999313354492,21.094999313354492,20.43000030517578,20.780000686645508,20.780000686645508,5535200
2007-02-02,18.850000381469727,19.190000534057617,17.934999465942383,18.584999084472656,18.584999084472656,12616800
2007-02-05,18.094999313354492,18.125,17.270000457763672,17.594999313354492,17.594999313354492,8476000
2007-02-06,17.510000228881836,18.040000915527344,17.510000228881836,17.78499984741211,17.78499984741211,3874200
2007-02-07,18.309999465942383,18.309999465942383,17.790000915527344,18.18000030517578,18.18000030517578,3106400
2007-02-08,18.049999237060547,18.075000762939453,17.594999313354492,17.594999313354492,17.594999313354492,3695200
2007-02-09,17.530000686645508,17.584999084472656,17.0,17.040000915527344,17.040000915527344,3999000
2007-02-12,17.19499969482422,17.520000457763672,16.844999313354492,17.46500015258789,17.46500015258789,4427400
2007-02-13,17.56999969482422,18.6200008392334,17.56999969482422,18.594999313354492,18.594999313354492,31625200
2007-02-14,18.645000457763672,18.674999237060547,18.235000610351562,18.610000610351562,18.610000610351562,3765600
2007-02-15,18.489999771118164,18.545000076293945,18.2450008392334,18.440000534057617,18.440000534057617,5223600
2007-02-16,18.434999465942383,18.454999923706055,18.209999084472656,18.405000686645508,18.405000686645508,2869800
2007-02-20,18.28499984741211,18.625,17.885000228881836,18.53499984741211,18.53499984741211,4368200
2007-02-21,18.549999237060547,18.549999237060547,18.149999618530273,18.270000457763672,18.270000457763672,2511600
2007-02-22,18.200000762939453,18.395000457763672,17.854999542236328,18.03499984741211,18.03499984741211,3253600
2007-02-23,17.940000534057617,18.014999389648438,17.760000228881836,17.90999984741211,17.90999984741211,2759200
2007-02-26,17.90999984741211,18.010000228881836,17.524999618530273,17.625,17.625,2227000
2007-02-27,17.084999084472656,17.575000762939453,16.700000762939453,16.81999969482422,16.81999969482422,4063000
2007-02-28,16.75,17.100000381469727,16.434999465942383,16.795000076293945,16.795000076293945,4418800
2007-03-01,16.475000381469727,16.56999969482422,16.024999618530273,16.299999237060547,16.299999237060547,4963400
2007-03-02,16.05500030517578,16.290000915527344,15.880000114440918,15.899999618530273,15.899999618530273,3914800
2007-03-05,15.710000038146973,15.739999771118164,14.875,14.890000343322754,14.890000343322754,5558400
2007-03-06,15.164999961853027,15.664999961853027,15.109999656677246,15.600000381469727,15.600000381469727,6622400
2007-03-07,15.75,16.280000686645508,15.725000381469727,16.014999389648438,16.014999389648438,5099200
2007-03-08,16.079999923706055,16.155000686645508,15.395000457763672,15.78499984741211,15.78499984741211,3860400
2007-03-09,15.800000190734863,16.075000762939453,15.75,15.869999885559082,15.869999885559082,2333600
2007-03-12,15.725000381469727,16.0,15.524999618530273,15.649999618530273,15.649999618530273,1915800
2007-03-13,15.604999542236328,16.46500015258789,14.055000305175781,14.430000305175781,14.430000305175781,19811200
2007-03-14,14.300000190734863,14.970000267028809,14.274999618530273,14.770000457763672,14.770000457763672,7967200
2007-03-15,14.795000076293945,14.899999618530273,14.539999961853027,14.609999656677246,14.609999656677246,3182800
2007-03-16,14.645000457763672,15.194999694824219,14.550000190734863,14.5649995803833,14.5649995803833,2631400
2007-03-19,14.6899995803833,14.890000343322754,14.46500015258789,14.6899995803833,14.6899995803833,2723400
2007-03-20,14.654999732971191,14.875,14.585000038146973,14.8149995803833,14.8149995803833,2666400
2007-03-21,14.8149995803833,15.199999809265137,14.725000381469727,15.149999618530273,15.149999618530273,3019000
2007-03-22,15.229999542236328,15.244999885559082,14.979999542236328,15.140000343322754,15.140000343322754,2883000
2007-03-23,15.0600004196167,15.244999885559082,14.979999542236328,14.989999771118164,14.989999771118164,2347000
2007-03-26,14.96500015258789,15.024999618530273,14.625,14.774999618530273,14.774999618530273,2406200
2007-03-27,14.760000228881836,14.819999694824219,14.539999961853027,14.640000343322754,14.640000343322754,1547000
2007-03-28,14.569999694824219,14.760000228881836,14.550000190734863,14.729999542236328,14.729999542236328,2062000
2007-03-29,14.795000076293945,14.819999694824219,14.515000343322754,14.6850004196167,14.6850004196167,2778000
2007-03-30,14.65999984741211,14.739999771118164,14.414999961853027,14.649999618530273,14.649999618530273,1646000
2007-04-02,14.710000038146973,14.75,14.470000267028809,14.614999771118164,14.614999771118164,5314000
2007-04-03,14.640000343322754,15.0,14.550000190734863,14.75,14.75,1919800
2007-04-04,14.829999923706055,14.944999694824219,14.574999809265137,14.890000343322754,14.890000343322754,2033600
2007-04-05,14.9399995803833,15.479999542236328,14.9399995803833,15.345000267028809,15.345000267028809,2388800
2007-04-09,15.305000305175781,15.34000015258789,15.164999961853027,15.239999771118164,15.239999771118164,1266800
2007-04-10,15.21500015258789,15.875,15.204999923706055,15.779999732971191,15.779999732971191,4401600
2007-04-11,15.819999694824219,15.859999656677246,15.324999809265137,15.555000305175781,15.555000305175781,3352600
2007-04-12,15.46500015258789,15.725000381469727,15.404999732971191,15.640000343322754,15.640000343322754,1349400
2007-04-13,15.675000190734863,15.795000076293945,15.510000228881836,15.6850004196167,15.6850004196167,1472000
2007-04-16,15.704999923706055,16.2450008392334,15.6850004196167,16.190000534057617,16.190000534057617,1953400
2007-04-17,16.170000076293945,16.235000610351562,15.949999809265137,16.110000610351562,16.110000610351562,1595800
2007-04-18,16.06999969482422,16.114999771118164,15.625,15.920000076293945,15.920000076293945,1670400
2007-04-19,15.800000190734863,15.975000381469727,15.600000381469727,15.899999618530273,15.899999618530273,2915600
2007-04-20,15.850000381469727,16.25,15.850000381469727,16.020000457763672,16.020000457763672,1480000
2007-04-23,15.989999771118164,16.44499969482422,15.875,16.049999237060547,16.049999237060547,1401200
2007-04-24,16.165000915527344,16.450000762939453,16.0049991607666,16.385000228881836,16.385000228881836,2133200
2007-04-25,17.145000457763672,17.190000534057617,15.895000457763672,16.479999542236328,16.479999542236328,4992200
2007-04-26,16.385000228881836,17.190000534057617,16.315000534057617,16.864999771118164,16.864999771118164,2945000
2007-04-27,16.735000610351562,16.985000610351562,16.735000610351562,16.795000076293945,16.795000076293945,1525000
2007-04-30,16.760000228881836,16.924999237060547,16.274999618530273,16.315000534057617,16.315000534057617,2949600
2007-05-01,16.315000534057617,16.395000457763672,16.010000228881836,16.344999313354492,16.344999313354492,2356400
2007-05-02,16.3700008392334,16.719999313354492,16.360000610351562,16.584999084472656,16.584999084472656,1287200
2007-05-03,16.5,16.81999969482422,16.145000457763672,16.719999313354492,16.719999313354492,1967200
2007-05-04,16.774999618530273,16.90999984741211,16.6299991607666,16.864999771118164,16.864999771118164,1807000
2007-05-07,16.81999969482422,16.854999542236328,16.65999984741211,16.764999389648438,16.764999389648438,1239600
2007-05-08,16.670000076293945,16.709999084472656,16.229999542236328,16.65999984741211,16.65999984741211,1388000
2007-05-09,16.6200008392334,16.954999923706055,16.434999465942383,16.844999313354492,16.844999313354492,1439200
2007-05-10,16.700000762939453,16.709999084472656,16.280000686645508,16.299999237060547,16.299999237060547,1793600
2007-05-11,16.135000228881836,16.415000915527344,16.135000228881836,16.315000534057617,16.315000534057617,1110200
2007-05-14,16.260000228881836,16.684999465942383,16.260000228881836,16.5049991607666,16.5049991607666,1130400
2007-05-15,16.5,16.665000915527344,16.084999084472656,16.149999618530273,16.149999618530273,1829200
2007-05-16,16.18000030517578,16.325000762939453,15.960000038146973,16.325000762939453,16.325000762939453,2467200
2007-05-17,16.25,16.34000015258789,16.014999389648438,16.135000228881836,16.135000228881836,1026000
2007-05-18,16.204999923706055,16.375,16.125,16.264999389648438,16.264999389648438,1026200
2007-05-21,16.2450008392334,16.454999923706055,16.135000228881836,16.299999237060547,16.299999237060547,1088800
2007-05-22,16.235000610351562,16.670000076293945,16.1200008392334,16.329999923706055,16.329999923706055,1417600
2007-05-23,16.399999618530273,17.030000686645508,16.375,16.665000915527344,16.665000915527344,1682600
2007-05-24,16.639999389648438,16.84000015258789,16.125,16.344999313354492,16.344999313354492,1428200
2007-05-25,16.290000915527344,16.565000534057617,16.200000762939453,16.290000915527344,16.290000915527344,813200
2007-05-29,16.344999313354492,16.735000610351562,16.280000686645508,16.315000534057617,16.315000534057617,1288800
2007-05-30,16.15999984741211,16.15999984741211,15.829999923706055,15.975000381469727,15.975000381469727,1859400
2007-05-31,15.975000381469727,16.31999969482422,15.890000343322754,16.315000534057617,16.315000534057617,2592200
2007-06-01,16.3700008392334,16.614999771118164,16.290000915527344,16.5049991607666,16.5049991607666,1119400
2007-06-04,16.434999465942383,16.9950008392334,16.354999542236328,16.9950008392334,16.9950008392334,1942400
2007-06-05,16.895000457763672,17.875,16.844999313354492,17.7549991607666,17.7549991607666,3564600
2007-06-06,17.614999771118164,17.670000076293945,17.25,17.469999313354492,17.469999313354492,2898000
2007-06-07,17.420000076293945,17.700000762939453,17.290000915527344,17.575000762939453,17.575000762939453,2443400
2007-06-08,17.5,17.739999771118164,17.21500015258789,17.674999237060547,17.674999237060547,1391200
2007-06-11,18.5,18.844999313354492,18.375,18.59000015258789,18.59000015258789,5548000
2007-06-12,18.520000457763672,18.65999984741211,18.149999618530273,18.479999542236328,18.479999542236328,2329000
2007-06-13,19.290000915527344,19.959999084472656,19.0,19.165000915527344,19.165000915527344,4971800
2007-06-14,19.690000534057617,19.924999237060547,19.475000381469727,19.725000381469727,19.725000381469727,3843600
2007-06-15,19.985000610351562,20.18000030517578,19.850000381469727,20.084999084472656,20.084999084472656,4034600
2007-06-18,20.149999618530273,20.44499969482422,20.110000610351562,20.280000686645508,20.280000686645508,4193400
2007-06-19,20.270000457763672,20.315000534057617,19.920000076293945,20.270000457763672,20.270000457763672,2747600
2007-06-20,20.364999771118164,20.520000457763672,20.145000457763672,20.270000457763672,20.270000457763672,1970800
2007-06-21,20.209999084472656,20.229999542236328,19.625,19.790000915527344,19.790000915527344,1374800
2007-06-22,19.829999923706055,19.905000686645508,19.55500030517578,19.80500030517578,19.80500030517578,2029600
2007-06-25,19.735000610351562,20.25,19.5,19.93000030517578,19.93000030517578,1686800
2007-06-26,20.0,20.114999771118164,19.30500030517578,19.735000610351562,19.735000610351562,2590600
2007-06-27,19.594999313354492,21.040000915527344,19.579999923706055,20.940000534057617,20.940000534057617,3954800
2007-06-28,20.969999313354492,21.0,20.469999313354492,20.725000381469727,20.725000381469727,3128000
2007-06-29,20.84000015258789,20.940000534057617,20.145000457763672,20.295000076293945,20.295000076293945,1651400
2007-07-02,20.299999237060547,20.790000915527344,20.299999237060547,20.700000762939453,20.700000762939453,2251800
2007-07-03,20.760000228881836,20.860000610351562,20.56999969482422,20.780000686645508,20.780000686645508,604600
2007-07-05,20.84000015258789,20.959999084472656,20.440000534057617,20.93000030517578,20.93000030517578,1034800
2007-07-06,20.9950008392334,21.0,20.834999084472656,20.895000457763672,20.895000457763672,719800
2007-07-09,20.875,20.90999984741211,20.514999389648438,20.674999237060547,20.674999237060547,1505400
2007-07-10,20.5049991607666,20.704999923706055,20.280000686645508,20.40999984741211,20.40999984741211,1400200
2007-07-11,20.399999618530273,20.510000228881836,20.1299991607666,20.225000381469727,20.225000381469727,1420400
2007-07-12,20.204999923706055,21.084999084472656,20.204999923706055,21.045000076293945,21.045000076293945,2824200
2007-07-13,20.950000762939453,20.979999542236328,20.625,20.81999969482422,20.81999969482422,1648200
2007-07-16,20.799999237060547,20.815000534057617,20.325000762939453,20.530000686645508,20.530000686645508,1079200
2007-07-17,20.545000076293945,21.114999771118164,20.540000915527344,20.934999465942383,20.934999465942383,1691000
2007-07-18,20.735000610351562,21.145000457763672,20.489999771118164,20.815000534057617,20.815000534057617,1321000
2007-07-19,20.799999237060547,21.0049991607666,20.4950008392334,20.674999237060547,20.674999237060547,1180600
2007-07-20,20.6299991607666,20.684999465942383,20.020000457763672,20.209999084472656,20.209999084472656,1326600
2007-07-23,20.329999923706055,21.110000610351562,20.040000915527344,21.0,21.0,2664400
2007-07-24,21.19499969482422,21.764999389648438,20.809999465942383,20.915000915527344,20.915000915527344,4601000
2007-07-25,22.75,24.0,22.0,22.959999084472656,22.959999084472656,13205600
2007-07-26,22.614999771118164,23.875,22.260000228881836,23.725000381469727,23.725000381469727,4613000
2007-07-27,22.9950008392334,23.864999771118164,22.975000381469727,23.350000381469727,23.350000381469727,5937600
2007-07-30,23.34000015258789,23.4950008392334,22.8799991607666,23.1299991607666,23.1299991607666,5920200
2007-07-31,23.125,23.299999237060547,22.75,22.78499984741211,22.78499984741211,2772400
2007-08-01,22.700000762939453,23.489999771118164,22.415000915527344,23.389999389648438,23.389999389648438,3213200
2007-08-02,23.15999984741211,23.475000381469727,23.030000686645508,23.170000076293945,23.170000076293945,1680200
2007-08-03,23.204999923706055,23.43000030517578,22.264999389648438,22.264999389648438,22.264999389648438,3231600
2007-08-06,22.364999771118164,23.81999969482422,22.295000076293945,23.6299991607666,23.6299991607666,4311600
2007-08-07,23.489999771118164,25.0,23.489999771118164,24.719999313354492,24.719999313354492,4672400
2007-08-08,25.0,25.475000381469727,24.739999771118164,25.09000015258789,25.09000015258789,4519000
2007-08-09,24.844999313354492,25.024999618530273,24.184999465942383,24.46500015258789,24.46500015258789,2769400
2007-08-10,24.1299991607666,24.4950008392334,23.274999618530273,23.420000076293945,23.420000076293945,2964800
2007-08-13,23.44499969482422,23.920000076293945,23.43000030517578,23.5,23.5,1474800
2007-08-14,23.434999465942383,23.68000030517578,22.71500015258789,22.7450008392334,22.7450008392334,1560400
2007-08-15,22.725000381469727,23.334999084472656,22.375,22.395000457763672,22.395000457763672,1642200
2007-08-16,22.264999389648438,22.704999923706055,21.514999389648438,22.440000534057617,22.440000534057617,3406200
2007-08-17,24.045000076293945,24.30500030517578,23.014999389648438,23.325000762939453,23.325000762939453,2504800
2007-08-20,23.3799991607666,23.934999465942383,23.114999771118164,23.834999084472656,23.834999084472656,1514000
2007-08-21,23.674999237060547,24.420000076293945,23.674999237060547,24.25,24.25,1275200
2007-08-22,24.469999313354492,24.600000381469727,23.735000610351562,23.844999313354492,23.844999313354492,1260800
2007-08-23,24.014999389648438,24.014999389648438,23.290000915527344,23.40999984741211,23.40999984741211,1313600
2007-08-24,23.395000457763672,23.895000457763672,23.059999465942383,23.895000457763672,23.895000457763672,920600
2007-08-27,23.770000457763672,23.940000534057617,23.5049991607666,23.520000457763672,23.520000457763672,728000
2007-08-28,23.34000015258789,23.489999771118164,23.040000915527344,23.190000534057617,23.190000534057617,923000
2007-08-29,23.274999618530273,23.80500030517578,23.165000915527344,23.614999771118164,23.614999771118164,1277400
2007-08-30,23.424999237060547,24.084999084472656,23.315000534057617,23.690000534057617,23.690000534057617,849200
2007-08-31,24.0,24.690000534057617,23.905000686645508,24.145000457763672,24.145000457763672,1823600
2007-09-04,24.059999465942383,24.834999084472656,24.049999237060547,24.389999389648438,24.389999389648438,2276400
2007-09-05,24.190000534057617,24.549999237060547,23.959999084472656,23.9950008392334,23.9950008392334,3014600
2007-09-06,24.0,24.084999084472656,23.600000381469727,23.7450008392334,23.7450008392334,1719600
2007-09-07,23.5,23.520000457763672,23.0,23.5,23.5,1644800
2007-09-10,23.55500030517578,25.020000457763672,23.459999084472656,24.65999984741211,24.65999984741211,2926600
2007-09-11,24.600000381469727,25.760000228881836,24.540000915527344,25.71500015258789,25.71500015258789,3895000
2007-09-12,25.895000457763672,26.735000610351562,25.420000076293945,25.889999389648438,25.889999389648438,3605000
2007-09-13,26.2549991607666,26.260000228881836,25.725000381469727,26.065000534057617,26.065000534057617,1642200
2007-09-14,25.96500015258789,26.625,25.729999542236328,26.485000610351562,26.485000610351562,1287400
2007-09-17,26.489999771118164,26.829999923706055,26.184999465942383,26.565000534057617,26.565000534057617,1416600
2007-09-18,26.719999313354492,26.81999969482422,26.209999084472656,26.735000610351562,26.735000610351562,1778400
2007-09-19,26.25,26.940000534057617,26.0,26.59000015258789,26.59000015258789,1763000
2007-09-20,26.290000915527344,26.5,26.05500030517578,26.139999389648438,26.139999389648438,2002000
2007-09-21,26.3700008392334,26.454999923706055,25.875,26.389999389648438,26.389999389648438,1599000
2007-09-24,26.454999923706055,26.704999923706055,26.084999084472656,26.235000610351562,26.235000610351562,885800
2007-09-25,26.094999313354492,26.700000762939453,26.05500030517578,26.229999542236328,26.229999542236328,618000
2007-09-26,26.354999542236328,26.815000534057617,26.065000534057617,26.325000762939453,26.325000762939453,968200
2007-09-27,26.325000762939453,26.524999618530273,25.770000457763672,26.434999465942383,26.434999465942383,1003400
2007-09-28,26.364999771118164,26.725000381469727,25.584999084472656,25.940000534057617,25.940000534057617,1449400
2007-10-01,26.040000915527344,26.100000381469727,25.6200008392334,25.934999465942383,25.934999465942383,1954000
2007-10-02,25.96500015258789,26.55500030517578,25.924999237060547,26.469999313354492,26.469999313354492,1419800
2007-10-03,26.264999389648438,27.604999542236328,26.264999389648438,27.239999771118164,27.239999771118164,3819800
2007-10-04,27.274999618530273,27.75,26.844999313354492,27.350000381469727,27.350000381469727,3497800
2007-10-05,27.594999313354492,28.549999237060547,27.395000457763672,28.530000686645508,28.530000686645508,2240000
2007-10-08,28.354999542236328,28.989999771118164,28.145000457763672,28.524999618530273,28.524999618530273,2478200
2007-10-09,28.5,29.260000228881836,28.079999923706055,28.9950008392334,28.9950008392334,1996800
2007-10-10,28.885000228881836,30.559999465942383,28.665000915527344,30.424999237060547,30.424999237060547,4491000
2007-10-11,30.454999923706055,31.690000534057617,29.71500015258789,30.90999984741211,30.90999984741211,7011200
2007-10-12,31.114999771118164,31.239999771118164,30.110000610351562,30.469999313354492,30.469999313354492,2703400
2007-10-15,30.559999465942383,30.780000686645508,29.655000686645508,30.084999084472656,30.084999084472656,2875000
2007-10-16,30.065000534057617,30.235000610351562,29.700000762939453,30.15999984741211,30.15999984741211,1455600
2007-10-17,30.524999618530273,30.735000610351562,29.170000076293945,29.399999618530273,29.399999618530273,2892400
2007-10-18,29.280000686645508,29.875,29.174999237060547,29.489999771118164,29.489999771118164,1575800
2007-10-19,29.4950008392334,29.59000015258789,28.93000030517578,29.0,29.0,1099200
2007-10-22,28.760000228881836,30.075000762939453,28.729999542236328,29.760000228881836,29.760000228881836,2233000
2007-10-23,30.200000762939453,31.204999923706055,29.895000457763672,31.190000534057617,31.190000534057617,3393000
2007-10-24,29.149999618530273,29.93000030517578,28.0,28.905000686645508,28.905000686645508,7932200
2007-10-25,28.0,28.200000762939453,26.40999984741211,27.385000228881836,27.385000228881836,5604000
2007-10-26,27.469999313354492,27.625,26.40999984741211,27.0049991607666,27.0049991607666,2851400
2007-10-29,26.895000457763672,28.4950008392334,26.844999313354492,28.40999984741211,28.40999984741211,6105000
2007-10-30,28.25,28.399999618530273,27.5,27.96500015258789,27.96500015258789,1458200
2007-10-31,28.18000030517578,28.28499984741211,27.5,28.075000762939453,28.075000762939453,1315400
2007-11-01,28.03499984741211,28.7450008392334,27.360000610351562,28.125,28.125,1867600
2007-11-02,28.235000610351562,28.625,27.969999313354492,28.55500030517578,28.55500030517578,1459000
2007-11-05,28.065000534057617,29.2450008392334,27.8700008392334,28.84000015258789,28.84000015258789,2246000
2007-11-06,28.975000381469727,29.125,28.325000762939453,28.625,28.625,1232200
2007-11-07,27.799999237060547,28.329999923706055,27.28499984741211,27.325000762939453,27.325000762939453,2028400
2007-11-08,27.329999923706055,27.625,25.704999923706055,27.2549991607666,27.2549991607666,3503000
2007-11-09,27.020000457763672,27.655000686645508,26.729999542236328,27.424999237060547,27.424999237060547,1794200
2007-11-12,27.264999389648438,27.290000915527344,26.295000076293945,26.44499969482422,26.44499969482422,1474000
2007-11-13,26.524999618530273,26.920000076293945,25.774999618530273,26.530000686645508,26.530000686645508,1886000
2007-11-14,26.565000534057617,26.795000076293945,26.059999465942383,26.170000076293945,26.170000076293945,1269200
2007-11-15,26.094999313354492,26.2450008392334,25.454999923706055,25.7450008392334,25.7450008392334,1479200
2007-11-16,25.809999465942383,26.799999237060547,25.584999084472656,26.5049991607666,26.5049991607666,1671600
2007-11-19,26.65999984741211,26.65999984741211,25.575000762939453,26.020000457763672,26.020000457763672,996600
2007-11-20,26.065000534057617,26.219999313354492,25.200000762939453,25.625,25.625,1450600
2007-11-21,25.579999923706055,26.174999237060547,25.170000076293945,25.770000457763672,25.770000457763672,1128800
2007-11-23,25.78499984741211,26.225000381469727,25.520000457763672,26.1200008392334,26.1200008392334,345400
2007-11-26,26.09000015258789,26.5,25.545000076293945,25.614999771118164,25.614999771118164,767400
2007-11-27,25.614999771118164,26.21500015258789,25.614999771118164,26.09000015258789,26.09000015258789,698800
2007-11-28,26.43000030517578,28.094999313354492,26.28499984741211,28.030000686645508,28.030000686645508,2486800
2007-11-29,27.940000534057617,29.2450008392334,27.850000381469727,28.889999389648438,28.889999389648438,2042400
2007-11-30,28.975000381469727,29.25,28.684999465942383,28.895000457763672,28.895000457763672,1977400
2007-12-03,28.854999542236328,29.229999542236328,28.704999923706055,28.770000457763672,28.770000457763672,1108600
2007-12-04,28.579999923706055,28.90999984741211,28.204999923706055,28.329999923706055,28.329999923706055,1258600
2007-12-05,28.674999237060547,29.3700008392334,28.6200008392334,28.9950008392334,28.9950008392334,1999800
2007-12-06,28.9950008392334,29.3700008392334,28.7549991607666,29.325000762939453,29.325000762939453,990600
2007-12-07,29.399999618530273,29.4950008392334,28.875,29.030000686645508,29.030000686645508,765400
2007-12-10,29.155000686645508,29.399999618530273,28.795000076293945,29.19499969482422,29.19499969482422,955400
2007-12-11,29.360000610351562,29.46500015258789,28.170000076293945,28.225000381469727,28.225000381469727,1267000
2007-12-12,28.56999969482422,29.239999771118164,27.954999923706055,28.225000381469727,28.225000381469727,1244000
2007-12-13,27.9950008392334,28.184999465942383,27.524999618530273,27.920000076293945,27.920000076293945,1112000
2007-12-14,27.78499984741211,28.385000228881836,27.55500030517578,28.0049991607666,28.0049991607666,1230000
2007-12-17,27.8799991607666,28.084999084472656,26.940000534057617,27.19499969482422,27.19499969482422,1639400
2007-12-18,27.25,27.649999618530273,27.200000762939453,27.469999313354492,27.469999313354492,2280000
2007-12-19,27.475000381469727,28.18000030517578,27.405000686645508,28.165000915527344,28.165000915527344,1681600
2007-12-20,28.5,28.979999542236328,28.364999771118164,28.979999542236328,28.979999542236328,1186000
2007-12-21,29.440000534057617,30.905000686645508,29.280000686645508,30.825000762939453,30.825000762939453,4244600
2007-12-24,30.8700008392334,31.239999771118164,30.0,30.1200008392334,30.1200008392334,745200
2007-12-26,30.010000228881836,30.895000457763672,30.010000228881836,30.575000762939453,30.575000762939453,1806400
2007-12-27,30.325000762939453,30.389999389648438,29.614999771118164,29.795000076293945,29.795000076293945,1479000
2007-12-28,29.96500015258789,30.450000762939453,29.815000534057617,30.045000076293945,30.045000076293945,866200
2007-12-31,29.825000762939453,30.31999969482422,29.55500030517578,29.6299991607666,29.6299991607666,1167800
2008-01-02,29.905000686645508,30.325000762939453,29.450000762939453,29.780000686645508,29.780000686645508,1770000
2008-01-03,29.875,29.93000030517578,29.030000686645508,29.55500030517578,29.55500030517578,2147400
2008-01-04,28.950000762939453,29.565000534057617,28.0,28.55500030517578,28.55500030517578,3203600
2008-01-07,28.649999618530273,28.71500015258789,27.885000228881836,28.405000686645508,28.405000686645508,3689800
2008-01-08,28.420000076293945,29.0,28.334999084472656,28.375,28.375,1705200
2008-01-09,28.360000610351562,30.270000457763672,28.30500030517578,30.225000381469727,30.225000381469727,2468200
2008-01-10,35.814998626708984,37.599998474121094,34.994998931884766,35.0099983215332,35.0099983215332,20388800
2008-01-11,35.97999954223633,36.869998931884766,34.755001068115234,35.255001068115234,35.255001068115234,5233400
2008-01-14,35.25,35.92499923706055,34.38999938964844,35.084999084472656,35.084999084472656,2468800
2008-01-15,34.505001068115234,35.625,34.39500045776367,35.005001068115234,35.005001068115234,2196800
2008-01-16,35.11000061035156,35.19499969482422,33.5,34.57500076293945,34.57500076293945,2579200
2008-01-17,34.625,34.904998779296875,33.67499923706055,34.0,34.0,2489400
2008-01-18,34.060001373291016,35.165000915527344,33.57500076293945,33.8849983215332,33.8849983215332,2602400
2008-01-22,32.505001068115234,33.69499969482422,32.505001068115234,32.66999816894531,32.66999816894531,2498400
2008-01-23,32.16999816894531,33.08000183105469,31.295000076293945,32.880001068115234,32.880001068115234,3010600
2008-01-24,33.11000061035156,33.209999084472656,32.36000061035156,32.744998931884766,32.744998931884766,2019400
2008-01-25,33.11000061035156,33.11000061035156,31.790000915527344,32.11000061035156,32.11000061035156,1666000
2008-01-28,31.975000381469727,32.75,31.469999313354492,32.58000183105469,32.58000183105469,2186400
2008-01-29,32.71500015258789,33.185001373291016,32.05500030517578,32.48500061035156,32.48500061035156,1698800
2008-01-30,32.5,32.79499816894531,31.764999389648438,31.889999389648438,31.889999389648438,1678800
2008-01-31,31.75,32.154998779296875,30.834999084472656,31.850000381469727,31.850000381469727,4033400
2008-02-01,31.959999084472656,34.279998779296875,31.899999618530273,33.79499816894531,33.79499816894531,4683800
2008-02-04,34.02000045776367,34.119998931884766,32.290000915527344,32.44499969482422,32.44499969482422,5587200
2008-02-05,34.7400016784668,35.900001525878906,34.10499954223633,35.75,35.75,11656600
2008-02-06,35.5099983215332,35.97999954223633,34.35499954223633,34.375,34.375,3973000
2008-02-07,34.0,34.380001068115234,32.76499938964844,33.29999923706055,33.29999923706055,4581000
2008-02-08,32.77000045776367,34.0,32.70500183105469,33.709999084472656,33.709999084472656,2714600
2008-02-11,33.75,34.52000045776367,33.709999084472656,34.43000030517578,34.43000030517578,1699800
2008-02-12,34.470001220703125,35.78499984741211,34.39500045776367,34.98500061035156,34.98500061035156,3217600
2008-02-13,35.279998779296875,35.78499984741211,35.05500030517578,35.564998626708984,35.564998626708984,2550800
2008-02-14,35.38999938964844,36.880001068115234,35.345001220703125,35.42499923706055,35.42499923706055,2398000
2008-02-15,35.2400016784668,36.6349983215332,34.790000915527344,35.974998474121094,35.974998474121094,3376400
2008-02-19,36.380001068115234,36.994998931884766,36.02000045776367,36.65999984741211,36.65999984741211,3077400
2008-02-20,36.33000183105469,36.64500045776367,35.41999816894531,36.41999816894531,36.41999816894531,2268600
2008-02-21,36.755001068115234,36.8650016784668,35.79499816894531,35.88999938964844,35.88999938964844,1470200
2008-02-22,35.994998931884766,36.21500015258789,35.08000183105469,36.0099983215332,36.0099983215332,1853800
2008-02-25,36.2400016784668,38.125,36.23500061035156,37.78499984741211,37.78499984741211,4150600
2008-02-26,37.5,38.29499816894531,36.9900016784668,37.224998474121094,37.224998474121094,1868200
2008-02-27,37.95500183105469,37.95500183105469,36.880001068115234,37.2400016784668,37.2400016784668,1438800
2008-02-28,37.220001220703125,37.40999984741211,36.525001525878906,36.974998474121094,36.974998474121094,1257200
2008-02-29,36.45500183105469,36.95500183105469,35.95000076293945,36.20500183105469,36.20500183105469,1638400
2008-03-03,36.0,36.720001220703125,35.900001525878906,36.439998626708984,36.439998626708984,1222200
2008-03-04,36.01499938964844,36.345001220703125,35.27000045776367,36.06999969482422,36.06999969482422,2080000
2008-03-05,36.25,36.369998931884766,35.34000015258789,35.70000076293945,35.70000076293945,1392000
2008-03-06,35.43000030517578,35.900001525878906,33.7599983215332,33.82500076293945,33.82500076293945,2205000
2008-03-07,33.5,34.38999938964844,32.96500015258789,33.57500076293945,33.57500076293945,2552200
2008-03-10,33.5,33.5,30.934999465942383,31.065000534057617,31.065000534057617,3291800
2008-03-11,31.375,33.095001220703125,31.375,33.040000915527344,33.040000915527344,3253800
2008-03-12,32.82500076293945,33.52000045776367,32.11000061035156,32.28499984741211,32.28499984741211,2051000
2008-03-13,31.780000686645508,33.724998474121094,31.450000762939453,33.48500061035156,33.48500061035156,1788400
2008-03-14,33.70500183105469,34.6150016784668,32.29999923706055,33.29999923706055,33.29999923706055,2279600
2008-03-17,32.79999923706055,33.11000061035156,32.20000076293945,32.7400016784668,32.7400016784668,1897400
2008-03-18,33.474998474121094,35.04999923706055,33.279998779296875,34.939998626708984,34.939998626708984,2833200
2008-03-19,35.0,36.47999954223633,34.86000061035156,35.095001220703125,35.095001220703125,2796000
2008-03-20,35.93000030517578,36.0,34.5,35.6150016784668,35.6150016784668,3003400
2008-03-24,35.6150016784668,37.28499984741211,35.095001220703125,37.165000915527344,37.165000915527344,2316600
2008-03-25,37.25,37.720001220703125,36.90999984741211,37.380001068115234,37.380001068115234,2018600
2008-03-26,37.18000030517578,37.540000915527344,36.7599983215332,37.22999954223633,37.22999954223633,1534800
2008-03-27,37.20000076293945,37.46500015258789,36.849998474121094,37.17499923706055,37.17499923706055,1588600
2008-03-28,37.25,37.5,36.994998931884766,37.150001525878906,37.150001525878906,2429400
2008-03-31,37.0,38.650001525878906,36.5,37.95000076293945,37.95000076293945,3288800
2008-04-01,38.4900016784668,39.29999923706055,37.86000061035156,38.96500015258789,38.96500015258789,2096600
2008-04-02,38.904998779296875,39.45500183105469,38.119998931884766,38.5099983215332,38.5099983215332,1217000
2008-04-03,38.470001220703125,39.334999084472656,37.82500076293945,39.03499984741211,39.03499984741211,3233800
2008-04-04,39.4900016784668,39.92499923706055,38.970001220703125,39.41999816894531,39.41999816894531,1328800
2008-04-07,39.470001220703125,39.900001525878906,39.35499954223633,39.44499969482422,39.44499969482422,1298400
2008-04-08,39.209999084472656,39.400001525878906,38.22999954223633,39.1150016784668,39.1150016784668,1356000
2008-04-09,39.09000015258789,39.540000915527344,38.68000030517578,39.060001373291016,39.060001373291016,1176400
2008-04-10,39.130001068115234,39.95000076293945,38.66999816894531,39.439998626708984,39.439998626708984,958200
2008-04-11,38.95500183105469,39.1150016784668,38.02000045776367,38.130001068115234,38.130001068115234,1119600
2008-04-14,38.209999084472656,38.68000030517578,37.52000045776367,38.08000183105469,38.08000183105469,1257000
2008-04-15,37.154998779296875,37.53499984741211,34.900001525878906,35.67499923706055,35.67499923706055,6956400
2008-04-16,35.8849983215332,36.939998626708984,35.5,36.57500076293945,36.57500076293945,1912000
2008-04-17,36.369998931884766,36.5,35.66999816894531,36.0,36.0,1549600
2008-04-18,36.595001220703125,37.334999084472656,36.025001525878906,36.64500045776367,36.64500045776367,1420400
2008-04-21,36.4900016784668,37.68000030517578,36.29999923706055,36.9900016784668,36.9900016784668,2109600
2008-04-22,37.029998779296875,37.65999984741211,35.44499969482422,36.23500061035156,36.23500061035156,4809800
2008-04-23,38.29999923706055,40.95000076293945,38.0,39.92499923706055,39.92499923706055,6553800
2008-04-24,39.845001220703125,40.19499969482422,39.10499954223633,39.90999984741211,39.90999984741211,2798000
2008-04-25,39.525001525878906,39.88999938964844,39.209999084472656,39.505001068115234,39.505001068115234,1552400
2008-04-28,38.119998931884766,39.150001525878906,38.05500030517578,38.595001220703125,38.595001220703125,1972200
2008-04-29,38.75,39.25,38.26499938964844,39.0,39.0,1766200
2008-04-30,39.20000076293945,39.86000061035156,38.775001525878906,38.94499969482422,38.94499969482422,1538800
2008-05-01,38.994998931884766,39.43000030517578,38.474998474121094,39.09000015258789,39.09000015258789,1675800
2008-05-02,39.560001373291016,40.0,39.03499984741211,39.375,39.375,1309800
2008-05-05,39.26499938964844,40.599998474121094,39.26499938964844,40.400001525878906,40.400001525878906,1952400
2008-05-06,40.02000045776367,40.345001220703125,39.56999969482422,39.915000915527344,39.915000915527344,1951400
2008-05-07,39.95000076293945,39.994998931884766,38.775001525878906,38.98500061035156,38.98500061035156,1562600
2008-05-08,39.005001068115234,39.5,38.584999084472656,39.244998931884766,39.244998931884766,1238000
2008-05-09,38.814998626708984,39.44499969482422,38.814998626708984,39.28499984741211,39.28499984741211,840000
2008-05-12,39.415000915527344,39.89500045776367,38.95000076293945,39.810001373291016,39.810001373291016,1306200
2008-05-13,39.91999816894531,39.91999816894531,38.8849983215332,39.185001373291016,39.185001373291016,948600
2008-05-14,39.31999969482422,40.0,39.0,39.470001220703125,39.470001220703125,1071600
2008-05-15,39.255001068115234,39.51499938964844,38.875,39.040000915527344,39.040000915527344,947400
2008-05-16,39.23500061035156,39.23500061035156,38.35499954223633,39.13999938964844,39.13999938964844,1061800
2008-05-19,39.0,39.81999969482422,38.869998931884766,39.52000045776367,39.52000045776367,1932400
2008-05-20,39.25,39.775001525878906,39.09000015258789,39.375,39.375,1540200
2008-05-21,39.54499816894531,39.810001373291016,38.369998931884766,38.67499923706055,38.67499923706055,1124800
2008-05-22,38.744998931884766,39.04499816894531,38.20000076293945,38.67499923706055,38.67499923706055,1225200
2008-05-23,38.334999084472656,38.77000045776367,37.92499923706055,38.11000061035156,38.11000061035156,2208000
2008-05-27,38.11000061035156,38.404998779296875,37.810001373291016,38.25,38.25,1029600
2008-05-28,38.20000076293945,38.5,38.0,38.439998626708984,38.439998626708984,623600
2008-05-29,38.39500045776367,39.525001525878906,38.189998626708984,39.150001525878906,39.150001525878906,2308600
2008-05-30,39.09000015258789,39.375,38.915000915527344,39.2400016784668,39.2400016784668,2434200
2008-06-02,39.19499969482422,39.790000915527344,38.92499923706055,39.36000061035156,39.36000061035156,1143200
2008-06-03,39.595001220703125,39.845001220703125,38.97999954223633,39.32500076293945,39.32500076293945,907800
2008-06-04,39.09000015258789,39.974998474121094,38.900001525878906,39.58000183105469,39.58000183105469,1041600
2008-06-05,39.65999984741211,39.959999084472656,39.165000915527344,39.8650016784668,39.8650016784668,1055000
2008-06-06,39.64500045776367,39.845001220703125,39.165000915527344,39.349998474121094,39.349998474121094,1263200
2008-06-09,39.56999969482422,39.88999938964844,39.03499984741211,39.459999084472656,39.459999084472656,1939400
2008-06-10,39.09000015258789,39.334999084472656,38.595001220703125,39.02000045776367,39.02000045776367,1826000
2008-06-11,39.029998779296875,39.2400016784668,37.45000076293945,37.540000915527344,37.540000915527344,2731000
2008-06-12,37.38999938964844,38.724998474121094,36.685001373291016,37.98500061035156,37.98500061035156,2382600
2008-06-13,38.43000030517578,39.45000076293945,38.0099983215332,39.275001525878906,39.275001525878906,1767800
2008-06-16,39.154998779296875,40.875,39.10499954223633,40.375,40.375,1904800
2008-06-17,40.41999816894531,41.14500045776367,39.939998626708984,40.665000915527344,40.665000915527344,1526200
2008-06-18,40.5,41.349998474121094,40.01499938964844,40.65999984741211,40.65999984741211,1538800
2008-06-19,40.689998626708984,42.165000915527344,40.595001220703125,41.970001220703125,41.970001220703125,1933800
2008-06-20,41.7599983215332,42.44499969482422,41.58000183105469,42.30500030517578,42.30500030517578,2190200
2008-06-23,42.46500015258789,42.47999954223633,41.334999084472656,41.369998931884766,41.369998931884766,1608200
2008-06-24,41.349998474121094,41.959999084472656,41.25,41.345001220703125,41.345001220703125,1431000
2008-06-25,41.994998931884766,42.66999816894531,41.130001068115234,42.439998626708984,42.439998626708984,2266200
2008-06-26,41.834999084472656,42.209999084472656,41.25,41.75,41.75,1728400
2008-06-27,41.439998626708984,43.5,41.13999938964844,43.39500045776367,43.39500045776367,11522600
2008-06-30,43.3849983215332,45.189998626708984,43.349998474121094,43.55500030517578,43.55500030517578,4334600
2008-07-01,43.529998779296875,44.43000030517578,43.35499954223633,44.275001525878906,44.275001525878906,2398200
2008-07-02,45.04999923706055,45.70500183105469,44.540000915527344,45.04999923706055,45.04999923706055,2869600
2008-07-03,44.83000183105469,45.06999969482422,43.71500015258789,44.54999923706055,44.54999923706055,1027000
2008-07-07,44.44499969482422,44.59000015258789,42.529998779296875,43.05500030517578,43.05500030517578,2986600
2008-07-08,43.35499954223633,44.8650016784668,42.54999923706055,44.77000045776367,44.77000045776367,2856600
2008-07-09,44.1150016784668,45.040000915527344,43.709999084472656,44.0,44.0,2154400
2008-07-10,44.474998474121094,44.70000076293945,43.18000030517578,44.20000076293945,44.20000076293945,2195000
2008-07-11,43.619998931884766,43.875,42.209999084472656,42.5099983215332,42.5099983215332,2948600
2008-07-14,42.70500183105469,43.18000030517578,41.474998474121094,41.90999984741211,41.90999984741211,1899000
2008-07-15,41.46500015258789,42.61000061035156,41.439998626708984,41.95000076293945,41.95000076293945,2496400
2008-07-16,41.79499816894531,42.18000030517578,41.529998779296875,42.125,42.125,1282200
2008-07-17,42.48500061035156,43.3849983215332,42.084999084472656,42.345001220703125,42.345001220703125,1710600
2008-07-18,42.2400016784668,43.23500061035156,41.76499938964844,43.125,43.125,1839800
2008-07-21,43.36000061035156,43.88999938964844,41.959999084472656,42.02000045776367,42.02000045776367,1813200
2008-07-22,41.90999984741211,42.810001373291016,41.33000183105469,42.04999923706055,42.04999923706055,2983600
2008-07-23,45.27000045776367,46.25,43.849998474121094,45.974998474121094,45.974998474121094,7389000
2008-07-24,45.970001220703125,46.435001373291016,45.56999969482422,46.04499816894531,46.04499816894531,2842200
2008-07-25,45.22999954223633,46.92499923706055,45.04999923706055,46.584999084472656,46.584999084472656,2244200
2008-07-28,46.939998626708984,47.875,46.560001373291016,46.67499923706055,46.67499923706055,2274600
2008-07-29,46.53499984741211,47.39500045776367,46.15999984741211,47.02000045776367,47.02000045776367,1539800
2008-07-30,47.439998626708984,47.5,46.025001525878906,46.51499938964844,46.51499938964844,1556000
2008-07-31,46.51499938964844,47.75,46.1150016784668,46.619998931884766,46.619998931884766,2383000
2008-08-01,46.60499954223633,47.349998474121094,46.01499938964844,46.369998931884766,46.369998931884766,1270200
2008-08-04,45.415000915527344,45.91999816894531,43.72999954223633,44.380001068115234,44.380001068115234,2444800
2008-08-05,44.92499923706055,44.92499923706055,43.48500061035156,43.970001220703125,43.970001220703125,2256800
2008-08-06,43.7599983215332,45.21500015258789,43.7599983215332,44.625,44.625,1543000
2008-08-07,44.05500030517578,45.54999923706055,43.92499923706055,44.0099983215332,44.0099983215332,5517200
2008-08-08,43.775001525878906,45.064998626708984,43.45500183105469,44.68000030517578,44.68000030517578,2175800
2008-08-11,44.70000076293945,44.994998931884766,44.029998779296875,44.41999816894531,44.41999816894531,1742600
2008-08-12,44.97999954223633,45.400001525878906,44.2599983215332,45.185001373291016,45.185001373291016,2145600
2008-08-13,44.939998626708984,45.5,44.36000061035156,45.43000030517578,45.43000030517578,2706000
2008-08-14,45.005001068115234,47.29499816894531,44.76499938964844,46.875,46.875,7001600
2008-08-15,47.13999938964844,47.5,46.6150016784668,47.04499816894531,47.04499816894531,1957800
2008-08-18,47.314998626708984,47.349998474121094,45.91999816894531,46.34000015258789,46.34000015258789,1657200
2008-08-19,45.76499938964844,46.96500015258789,45.16999816894531,46.28499984741211,46.28499984741211,1495600
2008-08-20,46.13999938964844,47.20500183105469,45.959999084472656,47.0099983215332,47.0099983215332,1228200
2008-08-21,47.005001068115234,47.005001068115234,45.7599983215332,46.0,46.0,1878000
2008-08-22,45.994998931884766,45.994998931884766,45.064998626708984,45.665000915527344,45.665000915527344,1286000
2008-08-25,45.64500045776367,45.64500045776367,44.54499816894531,44.98500061035156,44.98500061035156,836200
2008-08-26,44.80500030517578,45.380001068115234,42.404998779296875,42.8650016784668,42.8650016784668,2898200
2008-08-27,42.8650016784668,43.334999084472656,42.439998626708984,42.584999084472656,42.584999084472656,1620400
2008-08-28,42.75,43.10499954223633,42.10499954223633,42.79499816894531,42.79499816894531,1802600
2008-08-29,42.290000915527344,43.57500076293945,42.27000045776367,43.064998626708984,43.064998626708984,1400200
2008-09-02,44.005001068115234,44.94499969482422,43.21500015258789,43.540000915527344,43.540000915527344,1617000
2008-09-03,44.060001373291016,44.2400016784668,41.525001525878906,42.36000061035156,42.36000061035156,3223400
2008-09-04,41.814998626708984,41.8849983215332,40.470001220703125,41.275001525878906,41.275001525878906,2835800
2008-09-05,40.54499816894531,42.005001068115234,40.130001068115234,41.904998779296875,41.904998779296875,2937400
2008-09-08,42.29499816894531,42.845001220703125,41.279998779296875,41.790000915527344,41.790000915527344,1505800
2008-09-09,41.53499984741211,42.46500015258789,40.650001525878906,41.10499954223633,41.10499954223633,1918600
2008-09-10,40.79999923706055,41.38999938964844,40.560001373291016,41.290000915527344,41.290000915527344,1492400
2008-09-11,40.845001220703125,41.65999984741211,40.17499923706055,41.619998931884766,41.619998931884766,1424200
2008-09-12,41.65999984741211,41.65999984741211,40.25,40.744998931884766,40.744998931884766,1593600
2008-09-15,40.154998779296875,40.7400016784668,39.18000030517578,40.400001525878906,40.400001525878906,1494000
2008-09-16,39.505001068115234,41.779998779296875,39.0,41.70500183105469,41.70500183105469,1980600
2008-09-17,41.35499954223633,42.03499984741211,39.77000045776367,39.939998626708984,39.939998626708984,2192600
2008-09-18,38.57500076293945,40.66999816894531,36.96500015258789,40.099998474121094,40.099998474121094,4944200
2008-09-19,43.0,44.625,41.29999923706055,42.04499816894531,42.04499816894531,4210200
2008-09-22,42.0,42.11000061035156,40.380001068115234,41.5099983215332,41.5099983215332,3319800
2008-09-23,41.540000915527344,42.2400016784668,40.4900016784668,40.689998626708984,40.689998626708984,1269200
2008-09-24,40.939998626708984,41.650001525878906,40.119998931884766,40.970001220703125,40.970001220703125,2192900
2008-09-25,40.97999954223633,41.470001220703125,40.0,40.779998779296875,40.779998779296875,1085200
2008-09-26,40.0,42.650001525878906,40.0,42.400001525878906,42.400001525878906,1573700
2008-09-29,42.0,42.31999969482422,39.72999954223633,40.380001068115234,40.380001068115234,1892500
2008-09-30,40.0099983215332,40.65999984741211,39.130001068115234,40.529998779296875,40.529998779296875,1710900
2008-10-01,40.5,40.5,38.52000045776367,38.91999816894531,38.91999816894531,1993100
2008-10-02,39.0,39.0,35.63999938964844,36.529998779296875,36.529998779296875,3539800
2008-10-03,36.529998779296875,37.459999084472656,35.91999816894531,36.0099983215332,36.0099983215332,1115900
2008-10-06,35.099998474121094,35.20000076293945,29.700000762939453,32.09000015258789,32.09000015258789,4929400
2008-10-07,32.2599983215332,33.29999923706055,31.299999237060547,31.579999923706055,31.579999923706055,1663800
2008-10-08,30.010000228881836,31.549999237060547,29.65999984741211,30.399999618530273,30.399999618530273,2822600
2008-10-09,32.47999954223633,32.47999954223633,28.559999465942383,29.0,29.0,1748000
2008-10-10,27.420000076293945,28.90999984741211,25.84000015258789,27.979999542236328,27.979999542236328,2457000
2008-10-13,28.68000030517578,31.229999542236328,28.68000030517578,30.639999389648438,30.639999389648438,1728300
2008-10-14,32.439998626708984,32.439998626708984,30.65999984741211,30.90999984741211,30.90999984741211,2292000
2008-10-15,30.010000228881836,30.649999618530273,28.469999313354492,28.600000381469727,28.600000381469727,2141700
2008-10-16,28.600000381469727,30.1299991607666,27.5,29.969999313354492,29.969999313354492,1983800
2008-10-17,29.469999313354492,30.739999771118164,28.549999237060547,30.149999618530273,30.149999618530273,1354700
2008-10-20,30.84000015258789,32.40999984741211,30.0,32.189998626708984,32.189998626708984,1139200
2008-10-21,32.0,33.47999954223633,31.780000686645508,32.31999969482422,32.31999969482422,2196700
2008-10-22,28.260000228881836,29.1200008392334,23.899999618530273,25.139999389648438,25.139999389648438,9401700
2008-10-23,25.950000762939453,25.950000762939453,22.479999542236328,23.329999923706055,23.329999923706055,5458600
2008-10-24,22.889999389648438,25.559999465942383,21.899999618530273,25.1299991607666,25.1299991607666,3399800
2008-10-27,24.030000686645508,25.170000076293945,23.989999771118164,24.059999465942383,24.059999465942383,2306800
2008-10-28,24.899999618530273,26.299999237060547,24.329999923706055,26.25,26.25,2457300
2008-10-29,26.09000015258789,28.989999771118164,25.729999542236328,28.09000015258789,28.09000015258789,2383400
2008-10-30,28.479999542236328,31.290000915527344,28.25,31.190000534057617,31.190000534057617,2025800
2008-10-31,31.190000534057617,31.969999313354492,29.979999542236328,30.829999923706055,30.829999923706055,1579400
2008-11-03,31.219999313354492,31.540000915527344,30.170000076293945,30.81999969482422,30.81999969482422,948100
2008-11-04,30.040000915527344,31.610000610351562,30.030000686645508,31.260000228881836,31.260000228881836,1402800
2008-11-05,32.09000015258789,32.09000015258789,29.219999313354492,29.290000915527344,29.290000915527344,1628000
2008-11-06,29.18000030517578,29.700000762939453,27.579999923706055,27.709999084472656,27.709999084472656,3163900
2008-11-07,27.719999313354492,28.600000381469727,26.670000076293945,27.399999618530273,27.399999618530273,5028200
2008-11-10,29.489999771118164,29.489999771118164,26.700000762939453,27.010000228881836,27.010000228881836,1582100
2008-11-11,26.780000686645508,26.850000381469727,25.75,26.389999389648438,26.389999389648438,1573800
2008-11-12,25.8700008392334,26.31999969482422,23.90999984741211,24.25,24.25,2890700
2008-11-13,23.940000534057617,25.299999237060547,23.809999465942383,25.219999313354492,25.219999313354492,2813900
2008-11-14,24.8700008392334,25.579999923706055,23.790000915527344,23.860000610351562,23.860000610351562,2193600
2008-11-17,23.5,25.030000686645508,23.1299991607666,24.399999618530273,24.399999618530273,1797600
2008-11-18,24.700000762939453,24.969999313354492,22.459999084472656,23.3700008392334,23.3700008392334,3449100
2008-11-19,23.049999237060547,23.889999389648438,22.600000381469727,22.799999237060547,22.799999237060547,2156400
2008-11-20,22.34000015258789,22.3799991607666,20.889999389648438,21.030000686645508,21.030000686645508,3282100
2008-11-21,21.0,21.260000228881836,18.81999969482422,19.829999923706055,19.829999923706055,4175500
2008-11-24,19.989999771118164,20.760000228881836,19.68000030517578,20.59000015258789,20.59000015258789,3396900
2008-11-25,21.81999969482422,22.010000228881836,20.459999084472656,21.969999313354492,21.969999313354492,6169900
2008-11-26,21.239999771118164,21.850000381469727,20.5,21.709999084472656,21.709999084472656,2443000
2008-11-28,21.0,22.059999465942383,20.8799991607666,22.010000228881836,22.010000228881836,877000
2008-12-01,21.850000381469727,21.989999771118164,19.8700008392334,19.90999984741211,19.90999984741211,1608300
2008-12-02,20.6200008392334,20.860000610351562,19.75,20.6299991607666,20.6299991607666,1960200
2008-12-03,20.030000686645508,21.200000762939453,20.030000686645508,21.139999389648438,21.139999389648438,1653200
2008-12-04,20.979999542236328,21.350000381469727,20.049999237060547,20.25,20.25,1082900
2008-12-05,20.0,21.399999618530273,19.489999771118164,20.690000534057617,20.690000534057617,1178900
2008-12-08,21.049999237060547,21.81999969482422,20.770000457763672,21.110000610351562,21.110000610351562,1660000
2008-12-09,20.719999313354492,21.43000030517578,19.899999618530273,20.860000610351562,20.860000610351562,1918900
2008-12-10,21.059999465942383,22.139999389648438,20.889999389648438,22.040000915527344,22.040000915527344,1764600
2008-12-11,21.799999237060547,22.399999618530273,21.200000762939453,21.360000610351562,21.360000610351562,2245400
2008-12-12,20.829999923706055,21.979999542236328,20.290000915527344,21.979999542236328,21.979999542236328,2452300
2008-12-15,21.030000686645508,22.1200008392334,20.860000610351562,21.3700008392334,21.3700008392334,1032600
2008-12-16,21.8799991607666,22.290000915527344,21.059999465942383,22.290000915527344,22.290000915527344,1176200
2008-12-17,22.100000381469727,24.0,21.8700008392334,23.639999389648438,23.639999389648438,1577700
2008-12-18,24.0,25.479999542236328,23.65999984741211,24.8700008392334,24.8700008392334,2664500
2008-12-19,24.329999923706055,25.780000686645508,24.329999923706055,25.079999923706055,25.079999923706055,3595800
2008-12-22,25.030000686645508,25.40999984741211,24.350000381469727,24.809999465942383,24.809999465942383,1043300
2008-12-23,24.809999465942383,25.770000457763672,24.510000228881836,25.149999618530273,25.149999618530273,1352700
2008-12-24,25.010000228881836,25.149999618530273,24.440000534057617,25.049999237060547,25.049999237060547,289500
2008-12-26,24.950000762939453,25.3700008392334,24.510000228881836,25.360000610351562,25.360000610351562,320800
2008-12-29,26.0,26.010000228881836,24.280000686645508,24.84000015258789,24.84000015258789,818600
2008-12-30,25.110000610351562,25.68000030517578,24.459999084472656,25.0,25.0,1081900
2008-12-31,24.280000686645508,26.079999923706055,24.15999984741211,26.049999237060547,26.049999237060547,1076300
2009-01-02,26.049999237060547,26.8700008392334,25.549999237060547,26.850000381469727,26.850000381469727,944600
2009-01-05,26.799999237060547,27.860000610351562,26.25,27.479999542236328,27.479999542236328,1716100
2009-01-06,27.59000015258789,28.0,26.329999923706055,27.0,27.0,1954100
2009-01-07,26.540000915527344,26.700000762939453,25.049999237060547,25.610000610351562,25.610000610351562,1052900
2009-01-08,25.469999313354492,25.6299991607666,24.1299991607666,24.649999618530273,24.649999618530273,1642600
2009-01-09,24.969999313354492,25.049999237060547,23.290000915527344,23.43000030517578,23.43000030517578,2635600
2009-01-12,23.34000015258789,24.5,23.34000015258789,24.329999923706055,24.329999923706055,1834300
2009-01-13,24.329999923706055,26.1200008392334,24.010000228881836,25.729999542236328,25.729999542236328,2113600
2009-01-14,25.520000457763672,25.649999618530273,24.829999923706055,25.0,25.0,2294900
2009-01-15,24.93000030517578,29.079999923706055,24.75,28.170000076293945,28.170000076293945,4477700
2009-01-16,28.459999084472656,30.34000015258789,28.260000228881836,30.329999923706055,30.329999923706055,4476900
2009-01-20,30.25,30.299999237060547,27.209999084472656,27.34000015258789,27.34000015258789,3265200
2009-01-21,27.780000686645508,28.729999542236328,27.15999984741211,28.700000762939453,28.700000762939453,1894500
2009-01-22,28.100000381469727,28.100000381469727,26.790000915527344,27.440000534057617,27.440000534057617,2362700
2009-01-23,28.100000381469727,28.780000686645508,27.209999084472656,27.75,27.75,2829400
2009-01-26,27.809999465942383,28.780000686645508,27.229999542236328,27.56999969482422,27.56999969482422,1533600
2009-01-27,28.059999465942383,28.3799991607666,26.989999771118164,27.520000457763672,27.520000457763672,2280700
2009-01-28,27.850000381469727,29.0,27.809999465942383,28.450000762939453,28.450000762939453,2224900
2009-01-29,28.209999084472656,28.649999618530273,27.8700008392334,27.969999313354492,27.969999313354492,1630300
2009-01-30,28.0,28.209999084472656,26.68000030517578,27.360000610351562,27.360000610351562,1998500
2009-02-02,27.190000534057617,27.93000030517578,26.829999923706055,27.40999984741211,27.40999984741211,2604900
2009-02-03,28.920000076293945,28.920000076293945,27.209999084472656,27.989999771118164,27.989999771118164,3291500
2009-02-04,31.790000915527344,34.560001373291016,31.18000030517578,33.90999984741211,33.90999984741211,13703200
2009-02-05,33.58000183105469,35.2400016784668,33.290000915527344,34.58000183105469,34.58000183105469,3795000
2009-02-06,33.619998931884766,35.0,33.47999954223633,34.2400016784668,34.2400016784668,3365200
2009-02-09,34.2400016784668,35.5,34.0099983215332,35.130001068115234,35.130001068115234,2742800
2009-02-10,35.41999816894531,35.93000030517578,34.25,34.54999923706055,34.54999923706055,3075900
2009-02-11,34.619998931884766,35.5,34.5,34.849998474121094,34.849998474121094,1807200
2009-02-12,34.470001220703125,35.5,34.130001068115234,35.5,35.5,2073800
2009-02-13,35.4900016784668,36.61000061035156,35.099998474121094,35.90999984741211,35.90999984741211,1902300
2009-02-17,34.61000061035156,35.9900016784668,34.38999938964844,35.540000915527344,35.540000915527344,1855400
2009-02-18,35.59000015258789,35.63999938964844,33.59000015258789,33.869998931884766,33.869998931884766,2558400
2009-02-19,34.38999938964844,34.38999938964844,32.4900016784668,32.70000076293945,32.70000076293945,2484300
2009-02-20,32.279998779296875,33.38999938964844,31.739999771118164,33.08000183105469,33.08000183105469,2125600
2009-02-23,33.310001373291016,33.5,32.04999923706055,32.20000076293945,32.20000076293945,1125400
2009-02-24,32.13999938964844,33.560001373291016,32.04999923706055,33.38999938964844,33.38999938964844,1547000
2009-02-25,33.439998626708984,34.470001220703125,32.900001525878906,33.970001220703125,33.970001220703125,1976100
2009-02-26,33.970001220703125,34.34000015258789,32.06999969482422,32.15999984741211,32.15999984741211,1729500
2009-02-27,31.729999542236328,32.34000015258789,31.079999923706055,31.329999923706055,31.329999923706055,2065300
2009-03-02,30.920000076293945,31.139999389648438,29.670000076293945,30.190000534057617,30.190000534057617,2133200
2009-03-03,30.34000015258789,31.25,30.020000457763672,30.799999237060547,30.799999237060547,2261500
2009-03-04,31.549999237060547,32.84000015258789,31.190000534057617,32.310001373291016,32.310001373291016,1733200
2009-03-05,32.560001373291016,33.41999816894531,31.809999465942383,32.0,32.0,1771200
2009-03-06,32.43000030517578,32.9900016784668,31.299999237060547,31.979999542236328,31.979999542236328,1864400
2009-03-09,32.0099983215332,33.95000076293945,32.0099983215332,32.369998931884766,32.369998931884766,2541100
2009-03-10,32.75,34.5099983215332,32.380001068115234,34.0,34.0,2092100
2009-03-11,33.560001373291016,34.84000015258789,33.560001373291016,33.849998474121094,33.849998474121094,1955800
2009-03-12,34.15999984741211,36.470001220703125,33.81999969482422,36.349998474121094,36.349998474121094,3293200
2009-03-13,36.220001220703125,36.90999984741211,34.77000045776367,35.720001220703125,35.720001220703125,2361800
2009-03-16,36.95000076293945,36.95000076293945,34.439998626708984,34.54999923706055,34.54999923706055,1990300
2009-03-17,34.650001525878906,36.099998474121094,34.209999084472656,36.06999969482422,36.06999969482422,2196300
2009-03-18,35.689998626708984,36.81999969482422,35.619998931884766,36.349998474121094,36.349998474121094,1291700
2009-03-19,36.56999969482422,37.189998626708984,35.959999084472656,36.400001525878906,36.400001525878906,1777600
2009-03-20,36.4900016784668,36.4900016784668,35.400001525878906,35.40999984741211,35.40999984741211,1460000
2009-03-23,36.45000076293945,38.95000076293945,36.16999816894531,38.869998931884766,38.869998931884766,3131300
2009-03-24,38.540000915527344,38.540000915527344,37.540000915527344,37.70000076293945,37.70000076293945,1581300
2009-03-25,37.70000076293945,38.86000061035156,36.52000045776367,38.060001373291016,38.060001373291016,1306300
2009-03-26,38.2599983215332,38.2599983215332,37.04999923706055,38.06999969482422,38.06999969482422,1629600
2009-03-27,37.29999923706055,38.11000061035156,37.0099983215332,37.220001220703125,37.220001220703125,1010500
2009-03-30,36.939998626708984,37.0,35.470001220703125,36.86000061035156,36.86000061035156,939500
2009-03-31,36.869998931884766,37.72999954223633,36.0099983215332,37.2400016784668,37.2400016784668,1243700
2009-04-01,36.689998626708984,36.689998626708984,35.2599983215332,35.68000030517578,35.68000030517578,1678100
2009-04-02,36.0,37.16999816894531,35.779998779296875,36.4900016784668,36.4900016784668,1684200
2009-04-03,36.45000076293945,36.599998474121094,34.540000915527344,35.02000045776367,35.02000045776367,1899000
2009-04-06,35.09000015258789,35.09000015258789,34.25,34.83000183105469,34.83000183105469,1171000
2009-04-07,34.470001220703125,34.880001068115234,33.61000061035156,34.310001373291016,34.310001373291016,1296900
2009-04-08,34.25,34.61000061035156,33.31999969482422,34.61000061035156,34.61000061035156,2017500
2009-04-09,34.939998626708984,35.290000915527344,34.41999816894531,35.0,35.0,1858300
2009-04-13,34.54999923706055,35.060001373291016,34.52000045776367,34.81999969482422,34.81999969482422,857600
2009-04-14,34.650001525878906,35.5,34.119998931884766,34.630001068115234,34.630001068115234,802000
2009-04-15,34.52000045776367,34.61000061035156,33.16999816894531,34.27000045776367,34.27000045776367,1223400
2009-04-16,34.75,36.75,34.75,36.18000030517578,36.18000030517578,2006400
2009-04-17,38.18000030517578,38.56999969482422,36.52000045776367,37.45000076293945,37.45000076293945,3350100
2009-04-20,38.5,38.5,36.119998931884766,36.36000061035156,36.36000061035156,2145100
2009-04-21,36.54999923706055,37.16999816894531,36.0,37.15999984741211,37.15999984741211,2270500
2009-04-22,35.0,36.68000030517578,34.599998474121094,35.47999954223633,35.47999954223633,6072400
2009-04-23,35.349998474121094,35.349998474121094,33.91999816894531,34.279998779296875,34.279998779296875,3236500
2009-04-24,34.08000183105469,35.7400016784668,34.08000183105469,35.540000915527344,35.540000915527344,2282300
2009-04-27,35.02000045776367,36.29999923706055,35.0,35.459999084472656,35.459999084472656,1296500
2009-04-28,35.029998779296875,36.060001373291016,34.47999954223633,35.77000045776367,35.77000045776367,1624700
2009-04-29,35.880001068115234,38.25,35.65999984741211,37.869998931884766,37.869998931884766,3056200
2009-04-30,37.75,38.5,37.130001068115234,37.349998474121094,37.349998474121094,1684200
2009-05-01,37.060001373291016,38.779998779296875,37.040000915527344,38.13999938964844,38.13999938964844,1748500
2009-05-04,38.29999923706055,38.470001220703125,37.400001525878906,38.040000915527344,38.040000915527344,1317200
2009-05-05,37.91999816894531,38.0,36.470001220703125,36.869998931884766,36.869998931884766,1713600
2009-05-06,36.9900016784668,37.31999969482422,35.150001525878906,36.040000915527344,36.040000915527344,1475800
2009-05-07,36.04999923706055,37.380001068115234,36.04999923706055,36.43000030517578,36.43000030517578,1248800
2009-05-08,36.5099983215332,37.34000015258789,35.63999938964844,36.290000915527344,36.290000915527344,934200
2009-05-11,35.970001220703125,37.13999938964844,35.61000061035156,37.09000015258789,37.09000015258789,1092600
2009-05-12,37.279998779296875,37.290000915527344,35.95000076293945,36.52000045776367,36.52000045776367,947100
2009-05-13,35.95000076293945,36.459999084472656,35.119998931884766,35.27000045776367,35.27000045776367,1137300
2009-05-14,35.189998626708984,35.65999984741211,34.439998626708984,35.45000076293945,35.45000076293945,1495100
2009-05-15,35.13999938964844,35.75,34.72999954223633,35.63999938964844,35.63999938964844,923000
2009-05-18,35.47999954223633,36.880001068115234,35.09000015258789,36.75,36.75,1531000
2009-05-19,36.709999084472656,37.29999923706055,36.04999923706055,37.22999954223633,37.22999954223633,1392700
2009-05-20,37.11000061035156,37.25,36.400001525878906,36.54999923706055,36.54999923706055,899800
2009-05-21,36.2599983215332,36.70000076293945,35.31999969482422,35.63999938964844,35.63999938964844,732200
2009-05-22,36.86000061035156,36.86000061035156,35.380001068115234,35.630001068115234,35.630001068115234,731600
2009-05-26,35.08000183105469,36.189998626708984,35.04999923706055,35.90999984741211,35.90999984741211,851300
2009-05-27,35.7599983215332,36.869998931884766,35.25,35.650001525878906,35.650001525878906,2072900
2009-05-28,35.650001525878906,35.93000030517578,35.189998626708984,35.83000183105469,35.83000183105469,1364800
2009-05-29,35.54999923706055,36.77000045776367,35.290000915527344,36.709999084472656,36.709999084472656,1293100
2009-06-01,37.529998779296875,38.06999969482422,37.15999984741211,37.88999938964844,37.88999938964844,1361500
2009-06-02,37.59000015258789,38.529998779296875,37.54999923706055,38.04999923706055,38.04999923706055,1791600
2009-06-03,37.5,39.66999816894531,37.5,38.75,38.75,1697900
2009-06-04,38.75,39.099998474121094,38.529998779296875,38.84000015258789,38.84000015258789,1151600
2009-06-05,38.93000030517578,38.9900016784668,38.11000061035156,38.720001220703125,38.720001220703125,813300
2009-06-08,38.310001373291016,38.59000015258789,37.619998931884766,37.93000030517578,37.93000030517578,808500
2009-06-09,38.380001068115234,38.70000076293945,38.119998931884766,38.31999969482422,38.31999969482422,1622500
2009-06-10,38.91999816894531,38.970001220703125,37.08000183105469,37.849998474121094,37.849998474121094,1569800
2009-06-11,38.0,39.91999816894531,37.7599983215332,39.529998779296875,39.529998779296875,1485700
2009-06-12,38.459999084472656,39.349998474121094,37.459999084472656,38.08000183105469,38.08000183105469,2041500
2009-06-15,38.0,38.0,37.0,37.18000030517578,37.18000030517578,684900
2009-06-16,37.689998626708984,37.84000015258789,36.22999954223633,36.369998931884766,36.369998931884766,1481100
2009-06-17,36.650001525878906,36.779998779296875,36.06999969482422,36.220001220703125,36.220001220703125,1768600
2009-06-18,36.279998779296875,36.63999938964844,35.70000076293945,36.349998474121094,36.349998474121094,1378700
2009-06-19,36.41999816894531,37.099998474121094,36.189998626708984,36.869998931884766,36.869998931884766,1383500
2009-06-22,36.04999923706055,36.84000015258789,35.70000076293945,35.93000030517578,35.93000030517578,1839800
2009-06-23,36.0,36.52000045776367,35.41999816894531,35.93000030517578,35.93000030517578,916300
2009-06-24,36.2599983215332,36.880001068115234,35.720001220703125,36.630001068115234,36.630001068115234,892600
2009-06-25,36.369998931884766,38.16999816894531,36.119998931884766,37.790000915527344,37.790000915527344,1749000
2009-06-26,37.5,38.2599983215332,37.099998474121094,38.15999984741211,38.15999984741211,1446900
2009-06-29,38.15999984741211,39.040000915527344,37.470001220703125,38.72999954223633,38.72999954223633,1738000
2009-06-30,38.869998931884766,39.25,38.5,38.939998626708984,38.939998626708984,1069500
2009-07-01,38.9900016784668,39.15999984741211,38.029998779296875,38.13999938964844,38.13999938964844,4199600
2009-07-02,32.86000061035156,34.290000915527344,32.5,33.459999084472656,33.459999084472656,10741300
2009-07-06,32.75,33.29999923706055,32.33000183105469,32.939998626708984,32.939998626708984,3808300
2009-07-07,32.959999084472656,33.150001525878906,31.559999465942383,31.6200008392334,31.6200008392334,2745400
2009-07-08,31.5,31.950000762939453,30.729999542236328,31.100000381469727,31.100000381469727,2981800
2009-07-09,32.459999084472656,32.619998931884766,31.860000610351562,32.5,32.5,3387200
2009-07-10,32.43000030517578,32.72999954223633,32.040000915527344,32.150001525878906,32.150001525878906,2572900
2009-07-13,31.940000534057617,32.16999816894531,31.459999084472656,31.950000762939453,31.950000762939453,1667300
2009-07-14,31.780000686645508,32.369998931884766,31.739999771118164,31.950000762939453,31.950000762939453,1601700
2009-07-15,32.099998474121094,32.220001220703125,31.649999618530273,32.09000015258789,32.09000015258789,1838300
2009-07-16,32.099998474121094,32.54999923706055,31.829999923706055,32.25,32.25,1479600
2009-07-17,32.0,32.5,31.700000762939453,31.8700008392334,31.8700008392334,1736200
2009-07-20,31.850000381469727,32.2400016784668,31.600000381469727,32.040000915527344,32.040000915527344,2088600
2009-07-21,32.040000915527344,33.0099983215332,31.860000610351562,32.939998626708984,32.939998626708984,3104400
2009-07-22,35.5,36.2400016784668,34.880001068115234,35.380001068115234,35.380001068115234,6259900
2009-07-23,35.189998626708984,36.279998779296875,35.09000015258789,35.150001525878906,35.150001525878906,1849900
2009-07-24,34.790000915527344,35.709999084472656,34.790000915527344,35.52000045776367,35.52000045776367,1023200
2009-07-27,35.0099983215332,36.099998474121094,35.0099983215332,36.0,36.0,1186800
2009-07-28,35.709999084472656,36.86000061035156,35.54999923706055,36.65999984741211,36.65999984741211,2300600
2009-07-29,35.849998474121094,37.150001525878906,35.790000915527344,36.9900016784668,36.9900016784668,2186100
2009-07-30,37.25,37.400001525878906,36.40999984741211,36.560001373291016,36.560001373291016,928100
2009-07-31,36.619998931884766,36.86000061035156,36.0,36.13999938964844,36.13999938964844,745400
2009-08-03,36.22999954223633,37.11000061035156,36.02000045776367,37.060001373291016,37.060001373291016,1096500
2009-08-04,36.56999969482422,37.5,36.56999969482422,37.47999954223633,37.47999954223633,1124100
2009-08-05,37.15999984741211,37.20000076293945,36.470001220703125,36.81999969482422,36.81999969482422,648600
2009-08-06,36.7400016784668,36.7400016784668,35.52000045776367,36.099998474121094,36.099998474121094,900800
2009-08-07,37.060001373291016,37.15999984741211,36.20000076293945,36.61000061035156,36.61000061035156,1004200
2009-08-10,36.130001068115234,36.560001373291016,35.880001068115234,36.11000061035156,36.11000061035156,627000
2009-08-11,36.0,36.220001220703125,35.380001068115234,35.720001220703125,35.720001220703125,681800
2009-08-12,35.58000183105469,36.86000061035156,35.5,36.369998931884766,36.369998931884766,926400
2009-08-13,36.34000015258789,37.189998626708984,35.95000076293945,37.13999938964844,37.13999938964844,1333100
2009-08-14,37.0099983215332,37.029998779296875,35.880001068115234,36.349998474121094,36.349998474121094,1128400
2009-08-17,35.849998474121094,36.16999816894531,35.36000061035156,35.52000045776367,35.52000045776367,1253300
2009-08-18,35.529998779296875,35.7599983215332,35.15999984741211,35.279998779296875,35.279998779296875,1031400
2009-08-19,35.0,35.86000061035156,34.81999969482422,35.720001220703125,35.720001220703125,615300
2009-08-20,35.34000015258789,36.0,35.209999084472656,35.779998779296875,35.779998779296875,416400
2009-08-21,35.31999969482422,36.09000015258789,35.0,35.560001373291016,35.560001373291016,1423000
2009-08-24,35.5,35.54999923706055,35.02000045776367,35.279998779296875,35.279998779296875,707100
2009-08-25,35.349998474121094,35.79999923706055,34.970001220703125,35.13999938964844,35.13999938964844,1145600
2009-08-26,35.02000045776367,35.66999816894531,34.9900016784668,35.2400016784668,35.2400016784668,862300
2009-08-27,35.209999084472656,35.33000183105469,34.43000030517578,35.060001373291016,35.060001373291016,979800
2009-08-28,35.38999938964844,35.38999938964844,34.599998474121094,35.25,35.25,795000
2009-08-31,34.959999084472656,35.4900016784668,34.7599983215332,35.27000045776367,35.27000045776367,1213700
2009-09-01,35.09000015258789,36.43000030517578,35.09000015258789,35.689998626708984,35.689998626708984,1344600
2009-09-02,35.43000030517578,35.59000015258789,35.0,35.33000183105469,35.33000183105469,1777500
2009-09-03,35.599998474121094,35.72999954223633,35.0099983215332,35.38999938964844,35.38999938964844,840700
2009-09-04,35.279998779296875,35.959999084472656,35.220001220703125,35.959999084472656,35.959999084472656,866800
2009-09-08,36.0,37.380001068115234,35.900001525878906,37.279998779296875,37.279998779296875,1785900
2009-09-09,37.4900016784668,38.790000915527344,37.36000061035156,38.709999084472656,38.709999084472656,1728800
2009-09-10,38.540000915527344,38.65999984741211,37.93000030517578,38.150001525878906,38.150001525878906,1913200
2009-09-11,38.29999923706055,38.349998474121094,37.310001373291016,37.5099983215332,37.5099983215332,1206300
2009-09-14,37.349998474121094,37.72999954223633,37.18000030517578,37.290000915527344,37.290000915527344,1294900
2009-09-15,37.15999984741211,37.56999969482422,36.540000915527344,37.290000915527344,37.290000915527344,1219300
2009-09-16,37.29999923706055,38.13999938964844,37.2400016784668,38.11000061035156,38.11000061035156,1555000
2009-09-17,38.11000061035156,40.689998626708984,37.900001525878906,40.349998474121094,40.349998474121094,3224700
2009-09-18,40.5,41.560001373291016,40.02000045776367,41.220001220703125,41.220001220703125,2375400
2009-09-21,41.11000061035156,41.52000045776367,40.5,41.22999954223633,41.22999954223633,1148800
2009-09-22,41.06999969482422,41.150001525878906,39.68000030517578,40.279998779296875,40.279998779296875,1833900
2009-09-23,40.63999938964844,40.63999938964844,39.61000061035156,40.02000045776367,40.02000045776367,3460000
2009-09-24,39.88999938964844,40.40999984741211,39.0099983215332,40.36000061035156,40.36000061035156,2383500
2009-09-25,40.459999084472656,41.0,40.27000045776367,40.65999984741211,40.65999984741211,1321200
2009-09-28,40.959999084472656,41.66999816894531,40.47999954223633,41.279998779296875,41.279998779296875,914900
2009-09-29,41.45000076293945,42.68000030517578,41.43000030517578,42.099998474121094,42.099998474121094,1556100
2009-09-30,42.0099983215332,43.04999923706055,41.54999923706055,42.5,42.5,2798800
2009-10-01,42.75,43.27000045776367,41.22999954223633,41.310001373291016,41.310001373291016,2256100
2009-10-02,41.939998626708984,42.400001525878906,41.40999984741211,42.02000045776367,42.02000045776367,2713300
2009-10-05,42.349998474121094,43.099998474121094,41.279998779296875,42.90999984741211,42.90999984741211,1335100
2009-10-06,42.970001220703125,44.06999969482422,42.369998931884766,43.13999938964844,43.13999938964844,2917000
2009-10-07,43.290000915527344,43.5,42.15999984741211,42.45000076293945,42.45000076293945,1172400
2009-10-08,42.849998474121094,43.09000015258789,42.099998474121094,42.220001220703125,42.220001220703125,1596500
2009-10-09,42.09000015258789,43.119998931884766,42.04999923706055,43.09000015258789,43.09000015258789,1185600
2009-10-12,43.09000015258789,43.61000061035156,41.90999984741211,41.959999084472656,41.959999084472656,1216600
2009-10-13,41.959999084472656,42.970001220703125,41.88999938964844,42.02000045776367,42.02000045776367,1460400
2009-10-14,42.20000076293945,43.81999969482422,42.150001525878906,43.38999938964844,43.38999938964844,2160600
2009-10-15,43.11000061035156,43.56999969482422,43.040000915527344,43.43000030517578,43.43000030517578,1147500
2009-10-16,43.40999984741211,43.869998931884766,43.04999923706055,43.630001068115234,43.630001068115234,1362900
2009-10-19,43.790000915527344,44.060001373291016,43.33000183105469,43.7400016784668,43.7400016784668,1269300
2009-10-20,43.349998474121094,43.560001373291016,42.18000030517578,42.22999954223633,42.22999954223633,2010100
2009-10-21,42.22999954223633,42.59000015258789,41.58000183105469,41.77000045776367,41.77000045776367,2276700
2009-10-22,41.459999084472656,41.81999969482422,41.0,41.72999954223633,41.72999954223633,1902000
2009-10-23,41.56999969482422,41.9900016784668,40.779998779296875,40.869998931884766,40.869998931884766,1729800
2009-10-26,40.900001525878906,42.279998779296875,40.599998474121094,41.02000045776367,41.02000045776367,1727600
2009-10-27,41.029998779296875,42.130001068115234,41.0,41.65999984741211,41.65999984741211,5651900
2009-10-28,34.40999984741211,35.439998626708984,33.2400016784668,33.369998931884766,33.369998931884766,16251000
2009-10-29,33.75,34.0,32.66999816894531,32.81999969482422,32.81999969482422,4345700
2009-10-30,32.970001220703125,33.470001220703125,31.979999542236328,32.099998474121094,32.099998474121094,2432000
2009-11-02,32.290000915527344,33.22999954223633,32.119998931884766,32.279998779296875,32.279998779296875,2804200
2009-11-03,32.29999923706055,32.93000030517578,32.29999923706055,32.84000015258789,32.84000015258789,1681600
2009-11-04,32.900001525878906,32.97999954223633,32.09000015258789,32.150001525878906,32.150001525878906,1869600
2009-11-05,32.52000045776367,33.529998779296875,32.5,33.040000915527344,33.040000915527344,1824300
2009-11-06,32.75,32.83000183105469,32.0099983215332,32.63999938964844,32.63999938964844,1540800
2009-11-09,32.7599983215332,33.040000915527344,32.63999938964844,32.880001068115234,32.880001068115234,2016900
2009-11-10,32.97999954223633,33.349998474121094,32.83000183105469,32.9900016784668,32.9900016784668,1937700
2009-11-11,33.15999984741211,33.54999923706055,32.939998626708984,33.27000045776367,33.27000045776367,990500
2009-11-12,33.380001068115234,33.45000076293945,32.689998626708984,32.93000030517578,32.93000030517578,2007300
2009-11-13,32.79999923706055,33.0099983215332,32.529998779296875,32.619998931884766,32.619998931884766,1177800
2009-11-16,32.68000030517578,33.0,32.209999084472656,32.25,32.25,2488400
2009-11-17,32.099998474121094,32.16999816894531,31.190000534057617,31.260000228881836,31.260000228881836,2654800
2009-11-18,31.059999465942383,31.190000534057617,28.139999389648438,29.18000030517578,29.18000030517578,12777500
2009-11-19,29.020000457763672,29.09000015258789,28.049999237060547,28.209999084472656,28.209999084472656,4060400
2009-11-20,28.170000076293945,28.280000686645508,26.65999984741211,26.809999465942383,26.809999465942383,5036400
2009-11-23,26.959999084472656,26.969999313354492,25.59000015258789,26.5,26.5,7018500
2009-11-24,26.399999618530273,28.149999618530273,26.200000762939453,27.989999771118164,27.989999771118164,6685200
2009-11-25,28.170000076293945,29.170000076293945,28.100000381469727,28.700000762939453,28.700000762939453,4810800
2009-11-27,27.84000015258789,29.079999923706055,27.31999969482422,28.6200008392334,28.6200008392334,2540500
2009-11-30,28.5,29.1299991607666,28.0,28.920000076293945,28.920000076293945,3761500
2009-12-01,28.84000015258789,30.1200008392334,28.549999237060547,29.729999542236328,29.729999542236328,4737100
2009-12-02,29.829999923706055,29.829999923706055,28.979999542236328,29.18000030517578,29.18000030517578,3228500
2009-12-03,29.31999969482422,29.549999237060547,28.649999618530273,28.979999542236328,28.979999542236328,3458800
2009-12-04,29.18000030517578,29.18000030517578,27.6299991607666,28.31999969482422,28.31999969482422,4837800
2009-12-07,28.0,28.84000015258789,28.0,28.34000015258789,28.34000015258789,2370200
2009-12-08,28.09000015258789,28.100000381469727,27.600000381469727,27.709999084472656,27.709999084472656,3581700
2009-12-09,27.530000686645508,27.59000015258789,26.8700008392334,27.229999542236328,27.229999542236328,3094600
2009-12-10,27.270000457763672,27.739999771118164,27.149999618530273,27.579999923706055,27.579999923706055,2000400
2009-12-11,27.68000030517578,27.889999389648438,27.030000686645508,27.09000015258789,27.09000015258789,2197300
2009-12-14,27.489999771118164,28.459999084472656,27.489999771118164,28.399999618530273,28.399999618530273,2504100
2009-12-15,28.43000030517578,28.450000762939453,28.06999969482422,28.229999542236328,28.229999542236328,1526100
2009-12-16,28.5,28.5,27.889999389648438,27.90999984741211,27.90999984741211,1764600
2009-12-17,28.020000457763672,28.020000457763672,27.149999618530273,27.260000228881836,27.260000228881836,2786100
2009-12-18,27.420000076293945,27.989999771118164,27.389999389648438,27.8799991607666,27.8799991607666,1638400
2009-12-21,28.010000228881836,28.43000030517578,27.75,28.360000610351562,28.360000610351562,1274200
2009-12-22,28.459999084472656,29.190000534057617,28.229999542236328,29.149999618530273,29.149999618530273,1774400
2009-12-23,29.209999084472656,29.829999923706055,29.209999084472656,29.709999084472656,29.709999084472656,1492400
2009-12-24,29.75,30.280000686645508,29.579999923706055,30.139999389648438,30.139999389648438,591300
2009-12-28,30.1299991607666,30.670000076293945,30.1299991607666,30.469999313354492,30.469999313354492,1072400
2009-12-29,30.68000030517578,30.81999969482422,30.420000076293945,30.68000030517578,30.68000030517578,1252000
2009-12-30,30.600000381469727,30.959999084472656,30.5,30.670000076293945,30.670000076293945,827800
2009-12-31,30.889999389648438,30.93000030517578,30.649999618530273,30.68000030517578,30.68000030517578,652600
2010-01-04,31.1200008392334,31.229999542236328,30.420000076293945,30.549999237060547,30.549999237060547,1793700
2010-01-05,30.3700008392334,30.5,29.760000228881836,30.350000381469727,30.350000381469727,3039700
2010-01-06,30.239999771118164,32.43000030517578,30.239999771118164,32.220001220703125,32.220001220703125,4065700
2010-01-07,32.2400016784668,33.209999084472656,32.0,32.77000045776367,32.77000045776367,9060000
2010-01-08,32.599998474121094,33.279998779296875,32.08000183105469,33.150001525878906,33.150001525878906,2681600
2010-01-11,33.29999923706055,34.029998779296875,33.04999923706055,33.81999969482422,33.81999969482422,2215000
2010-01-12,33.72999954223633,39.2400016784668,33.09000015258789,39.16999816894531,39.16999816894531,16032000
2010-01-13,39.65999984741211,40.900001525878906,38.790000915527344,40.5099983215332,40.5099983215332,12337900
2010-01-14,40.150001525878906,40.33000183105469,38.439998626708984,39.029998779296875,39.029998779296875,3640600
2010-01-15,39.29999923706055,39.93000030517578,38.4900016784668,39.02000045776367,39.02000045776367,2911200
2010-01-19,38.93000030517578,39.2599983215332,37.22999954223633,38.09000015258789,38.09000015258789,3804900
2010-01-20,37.91999816894531,38.25,37.029998779296875,37.689998626708984,37.689998626708984,3315900
2010-01-21,37.77000045776367,38.380001068115234,37.4900016784668,37.540000915527344,37.540000915527344,3133400
2010-01-22,37.40999984741211,38.16999816894531,36.400001525878906,36.5,36.5,2562600
2010-01-25,36.720001220703125,37.0,36.25,36.45000076293945,36.45000076293945,1559000
2010-01-26,36.130001068115234,36.84000015258789,35.70000076293945,36.279998779296875,36.279998779296875,1793400
2010-01-27,36.0099983215332,37.09000015258789,35.84000015258789,37.040000915527344,37.040000915527344,2426900
2010-01-28,37.25,38.33000183105469,35.90999984741211,36.29999923706055,36.29999923706055,2480400
2010-01-29,36.33000183105469,37.56999969482422,36.33000183105469,36.689998626708984,36.689998626708984,1943200
2010-02-01,36.70000076293945,37.529998779296875,36.540000915527344,37.2400016784668,37.2400016784668,1644800
2010-02-02,37.119998931884766,37.91999816894531,36.75,37.83000183105469,37.83000183105469,1057400
2010-02-03,37.810001373291016,38.33000183105469,37.130001068115234,37.849998474121094,37.849998474121094,2749800
2010-02-04,37.41999816894531,37.4900016784668,36.38999938964844,36.619998931884766,36.619998931884766,2198600
2010-02-05,35.18000030517578,36.810001373291016,34.25,35.47999954223633,35.47999954223633,4533700
2010-02-08,35.529998779296875,36.04999923706055,35.0,35.66999816894531,35.66999816894531,1208000
2010-02-09,35.5,36.0,35.34000015258789,35.83000183105469,35.83000183105469,1638500
2010-02-10,35.29999923706055,35.810001373291016,34.939998626708984,35.59000015258789,35.59000015258789,1102700
2010-02-11,35.599998474121094,37.0,35.5,36.630001068115234,36.630001068115234,1394600
2010-02-12,36.45000076293945,37.029998779296875,36.25,37.0099983215332,37.0099983215332,1325200
2010-02-16,37.02000045776367,37.209999084472656,36.40999984741211,37.18000030517578,37.18000030517578,1116200
2010-02-17,36.95000076293945,37.290000915527344,36.61000061035156,36.72999954223633,36.72999954223633,1199800
2010-02-18,36.84000015258789,37.06999969482422,36.41999816894531,36.63999938964844,36.63999938964844,1281000
2010-02-19,36.689998626708984,36.83000183105469,36.380001068115234,36.599998474121094,36.599998474121094,1106500
2010-02-22,36.529998779296875,36.75,36.060001373291016,36.369998931884766,36.369998931884766,1158300
2010-02-23,36.369998931884766,36.45000076293945,35.95000076293945,36.0099983215332,36.0099983215332,871700
2010-02-24,36.209999084472656,36.470001220703125,35.959999084472656,36.13999938964844,36.13999938964844,921100
2010-02-25,35.9900016784668,36.5,35.400001525878906,36.470001220703125,36.470001220703125,2246200
2010-02-26,35.88999938964844,36.459999084472656,35.810001373291016,36.31999969482422,36.31999969482422,1089000
2010-03-01,36.59000015258789,37.9900016784668,36.310001373291016,37.9900016784668,37.9900016784668,2570200
2010-03-02,37.84000015258789,38.41999816894531,37.59000015258789,38.02000045776367,38.02000045776367,1356500
2010-03-03,38.27000045776367,38.9900016784668,38.099998474121094,38.880001068115234,38.880001068115234,1579900
2010-03-04,38.900001525878906,38.91999816894531,38.13999938964844,38.27000045776367,38.27000045776367,656000
2010-03-05,38.290000915527344,39.0,38.15999984741211,38.81999969482422,38.81999969482422,1050900
2010-03-08,38.68000030517578,38.95000076293945,38.2599983215332,38.66999816894531,38.66999816894531,1042800
2010-03-09,38.689998626708984,39.41999816894531,38.2599983215332,39.0,39.0,1167400
2010-03-10,38.88999938964844,39.439998626708984,38.689998626708984,39.439998626708984,39.439998626708984,1213100
2010-03-11,39.41999816894531,40.40999984741211,38.9900016784668,40.29999923706055,40.29999923706055,3483500
2010-03-12,40.36000061035156,40.720001220703125,39.939998626708984,40.5099983215332,40.5099983215332,1153000
2010-03-15,40.529998779296875,40.599998474121094,39.68000030517578,39.97999954223633,39.97999954223633,982700
2010-03-16,40.0,40.34000015258789,39.75,40.150001525878906,40.150001525878906,1629700
2010-03-17,39.849998474121094,40.43000030517578,39.709999084472656,39.849998474121094,39.849998474121094,800500
2010-03-18,39.7400016784668,40.0,39.459999084472656,39.650001525878906,39.650001525878906,647600
2010-03-19,39.75,40.119998931884766,39.630001068115234,39.849998474121094,39.849998474121094,1077300
2010-03-22,39.84000015258789,40.43000030517578,39.79999923706055,40.189998626708984,40.189998626708984,935000
2010-03-23,40.13999938964844,40.20000076293945,39.470001220703125,40.02000045776367,40.02000045776367,878900
2010-03-24,40.0,40.119998931884766,39.209999084472656,39.29999923706055,39.29999923706055,1345300
2010-03-25,39.369998931884766,39.459999084472656,38.630001068115234,39.02000045776367,39.02000045776367,1016000
2010-03-26,39.0,39.41999816894531,38.290000915527344,39.16999816894531,39.16999816894531,649400
2010-03-29,39.11000061035156,39.47999954223633,38.93000030517578,39.20000076293945,39.20000076293945,760100
2010-03-30,39.09000015258789,39.31999969482422,38.709999084472656,39.16999816894531,39.16999816894531,746900
2010-03-31,39.08000183105469,39.220001220703125,38.810001373291016,38.900001525878906,38.900001525878906,748900
2010-04-01,39.540000915527344,39.63999938964844,39.029998779296875,39.29999923706055,39.29999923706055,1521800
2010-04-05,39.29999923706055,39.52000045776367,39.06999969482422,39.2599983215332,39.2599983215332,686900
2010-04-06,39.0099983215332,39.33000183105469,38.970001220703125,39.20000076293945,39.20000076293945,672200
2010-04-07,39.029998779296875,39.11000061035156,38.75,38.939998626708984,38.939998626708984,877600
2010-04-08,38.77000045776367,38.79999923706055,37.95000076293945,38.25,38.25,1388900
2010-04-09,38.13999938964844,38.540000915527344,38.0,38.5099983215332,38.5099983215332,835300
2010-04-12,38.540000915527344,38.720001220703125,37.95000076293945,38.11000061035156,38.11000061035156,809600
2010-04-13,38.0,38.220001220703125,37.5,38.220001220703125,38.220001220703125,1557400
2010-04-14,38.310001373291016,38.790000915527344,38.25,38.56999969482422,38.56999969482422,1965300
2010-04-15,38.5099983215332,38.63999938964844,38.220001220703125,38.4900016784668,38.4900016784668,623000
2010-04-16,38.29999923706055,38.66999816894531,38.08000183105469,38.380001068115234,38.380001068115234,1009300
2010-04-19,38.209999084472656,38.459999084472656,37.060001373291016,37.349998474121094,37.349998474121094,1730300
2010-04-20,37.52000045776367,37.66999816894531,37.029998779296875,37.4900016784668,37.4900016784668,2478500
2010-04-21,37.369998931884766,37.470001220703125,37.02000045776367,37.16999816894531,37.16999816894531,1490500
2010-04-22,37.040000915527344,37.52000045776367,36.70000076293945,37.22999954223633,37.22999954223633,2436800
2010-04-23,37.0099983215332,37.290000915527344,36.72999954223633,37.119998931884766,37.119998931884766,997600
2010-04-26,37.11000061035156,37.150001525878906,36.75,36.90999984741211,36.90999984741211,2006200
2010-04-27,36.97999954223633,38.11000061035156,36.849998474121094,36.93000030517578,36.93000030517578,1207300
2010-04-28,37.0,38.459999084472656,36.869998931884766,37.63999938964844,37.63999938964844,3168900
2010-04-29,41.0,43.11000061035156,40.869998931884766,42.52000045776367,42.52000045776367,8166900
2010-04-30,42.81999969482422,43.11000061035156,41.540000915527344,41.83000183105469,41.83000183105469,2507900
2010-05-03,40.91999816894531,41.970001220703125,40.849998474121094,41.790000915527344,41.790000915527344,1642800
2010-05-04,41.0,41.79999923706055,40.560001373291016,41.540000915527344,41.540000915527344,1836900
2010-05-05,41.52000045776367,42.5099983215332,41.119998931884766,42.02000045776367,42.02000045776367,1899300
2010-05-06,41.58000183105469,41.7400016784668,39.540000915527344,40.709999084472656,40.709999084472656,2105100
2010-05-07,40.439998626708984,40.810001373291016,39.22999954223633,39.91999816894531,39.91999816894531,2447900
2010-05-10,41.560001373291016,42.38999938964844,41.029998779296875,41.88999938964844,41.88999938964844,1721900
2010-05-11,41.15999984741211,42.47999954223633,41.02000045776367,42.15999984741211,42.15999984741211,1172900
2010-05-12,42.20000076293945,42.939998626708984,42.02000045776367,42.81999969482422,42.81999969482422,1299800
2010-05-13,42.61000061035156,42.810001373291016,42.16999816894531,42.16999816894531,42.16999816894531,1038100
2010-05-14,41.91999816894531,41.9900016784668,41.099998474121094,41.939998626708984,41.939998626708984,1288400
2010-05-17,42.0,42.150001525878906,40.65999984741211,41.4900016784668,41.4900016784668,591700
2010-05-18,41.66999816894531,42.029998779296875,41.11000061035156,41.34000015258789,41.34000015258789,1190500
2010-05-19,41.310001373291016,41.43000030517578,40.400001525878906,40.58000183105469,40.58000183105469,863600
2010-05-20,39.70000076293945,40.52000045776367,39.25,39.470001220703125,39.470001220703125,1319000
2010-05-21,39.029998779296875,39.79999923706055,38.900001525878906,39.29999923706055,39.29999923706055,1746800
2010-05-24,39.20000076293945,39.38999938964844,38.84000015258789,39.029998779296875,39.029998779296875,2300300
2010-05-25,38.349998474121094,39.95000076293945,38.09000015258789,39.630001068115234,39.630001068115234,3467100
2010-05-26,39.93000030517578,41.06999969482422,39.36000061035156,40.5099983215332,40.5099983215332,2873800
2010-05-27,41.0099983215332,42.2599983215332,41.0099983215332,42.25,42.25,1311700
2010-05-28,42.25,42.709999084472656,41.75,42.040000915527344,42.040000915527344,1061100
2010-06-01,42.0,42.45000076293945,41.439998626708984,41.4900016784668,41.4900016784668,954600
2010-06-02,41.619998931884766,43.0,41.31999969482422,42.93000030517578,42.93000030517578,1443100
2010-06-03,42.83000183105469,43.61000061035156,42.619998931884766,43.40999984741211,43.40999984741211,1012200
2010-06-04,41.63999938964844,43.040000915527344,41.2400016784668,41.599998474121094,41.599998474121094,1217100
2010-06-07,42.02000045776367,43.599998474121094,42.0099983215332,42.45000076293945,42.45000076293945,1279600
2010-06-08,42.310001373291016,42.38999938964844,41.08000183105469,42.13999938964844,42.13999938964844,2208000
2010-06-09,42.560001373291016,44.470001220703125,42.5,42.66999816894531,42.66999816894531,2390100
2010-06-10,43.18000030517578,44.310001373291016,43.0099983215332,43.95000076293945,43.95000076293945,1303800
2010-06-11,43.70000076293945,45.040000915527344,43.61000061035156,44.9900016784668,44.9900016784668,1875300
2010-06-14,45.09000015258789,45.599998474121094,44.380001068115234,44.45000076293945,44.45000076293945,1147900
2010-06-15,44.63999938964844,45.0,44.2599983215332,44.79999923706055,44.79999923706055,1167100
2010-06-16,44.47999954223633,45.15999984741211,44.47999954223633,45.0099983215332,45.0099983215332,1551100
2010-06-17,44.959999084472656,45.31999969482422,44.43000030517578,44.84000015258789,44.84000015258789,786500
2010-06-18,44.630001068115234,44.939998626708984,44.220001220703125,44.5099983215332,44.5099983215332,996000
2010-06-21,44.900001525878906,45.2599983215332,44.439998626708984,44.58000183105469,44.58000183105469,675900
2010-06-22,44.540000915527344,44.9900016784668,43.86000061035156,43.90999984741211,43.90999984741211,852600
2010-06-23,44.189998626708984,44.79999923706055,43.599998474121094,43.7400016784668,43.7400016784668,1234000
2010-06-24,43.619998931884766,44.349998474121094,43.540000915527344,43.619998931884766,43.619998931884766,770400
2010-06-25,43.65999984741211,44.97999954223633,43.38999938964844,44.619998931884766,44.619998931884766,999000
2010-06-28,44.75,45.720001220703125,44.13999938964844,45.060001373291016,45.060001373291016,1035900
2010-06-29,44.689998626708984,44.689998626708984,43.310001373291016,43.369998931884766,43.369998931884766,1613400
2010-06-30,43.400001525878906,44.599998474121094,42.86000061035156,43.529998779296875,43.529998779296875,1723300
2010-07-01,44.099998474121094,44.099998474121094,41.41999816894531,42.810001373291016,42.810001373291016,2294200
2010-07-02,42.81999969482422,43.400001525878906,42.369998931884766,43.09000015258789,43.09000015258789,896600
2010-07-06,43.38999938964844,43.779998779296875,42.15999984741211,42.470001220703125,42.470001220703125,838900
2010-07-07,41.599998474121094,43.849998474121094,41.369998931884766,43.81999969482422,43.81999969482422,1886000
2010-07-08,43.84000015258789,44.7400016784668,43.650001525878906,44.439998626708984,44.439998626708984,942200
2010-07-09,44.27000045776367,44.849998474121094,44.119998931884766,44.720001220703125,44.720001220703125,764300
2010-07-12,44.43000030517578,44.630001068115234,43.2599983215332,43.599998474121094,43.599998474121094,874900
2010-07-13,43.900001525878906,45.08000183105469,43.779998779296875,44.650001525878906,44.650001525878906,692400
2010-07-14,44.529998779296875,44.7599983215332,43.63999938964844,44.25,44.25,1136500
2010-07-15,44.09000015258789,45.619998931884766,43.79999923706055,44.81999969482422,44.81999969482422,1372100
2010-07-16,44.97999954223633,44.97999954223633,43.15999984741211,43.630001068115234,43.630001068115234,1061200
2010-07-19,43.849998474121094,44.400001525878906,43.38999938964844,43.88999938964844,43.88999938964844,594900
2010-07-20,42.5,43.52000045776367,42.5,43.349998474121094,43.349998474121094,1072600
2010-07-21,43.38999938964844,43.38999938964844,42.2400016784668,42.5099983215332,42.5099983215332,563200
2010-07-22,42.79999923706055,43.720001220703125,42.599998474121094,43.040000915527344,43.040000915527344,737700
2010-07-23,42.4900016784668,42.790000915527344,41.810001373291016,42.5,42.5,1363600
2010-07-26,42.5,43.970001220703125,42.369998931884766,42.75,42.75,1289700
2010-07-27,42.86000061035156,43.04999923706055,41.150001525878906,41.2599983215332,41.2599983215332,2154000
2010-07-28,44.47999954223633,45.4900016784668,43.11000061035156,44.04999923706055,44.04999923706055,4523800
2010-07-29,44.209999084472656,44.54999923706055,42.95000076293945,44.04999923706055,44.04999923706055,1799200
2010-07-30,43.43000030517578,44.91999816894531,43.220001220703125,44.83000183105469,44.83000183105469,1133200
2010-08-02,45.0,46.099998474121094,44.83000183105469,45.400001525878906,45.400001525878906,942200
2010-08-03,45.06999969482422,45.279998779296875,44.150001525878906,44.91999816894531,44.91999816894531,648500
2010-08-04,43.88999938964844,46.060001373291016,43.88999938964844,46.040000915527344,46.040000915527344,971100
2010-08-05,45.66999816894531,46.68000030517578,45.66999816894531,46.5099983215332,46.5099983215332,1014900
2010-08-06,46.400001525878906,47.279998779296875,46.2599983215332,47.209999084472656,47.209999084472656,1358300
2010-08-09,47.20000076293945,47.439998626708984,46.599998474121094,47.220001220703125,47.220001220703125,726400
2010-08-10,46.91999816894531,47.25,46.099998474121094,46.40999984741211,46.40999984741211,805100
2010-08-11,45.72999954223633,46.06999969482422,44.970001220703125,45.93000030517578,45.93000030517578,1071500
2010-08-12,45.22999954223633,46.099998474121094,45.220001220703125,45.43000030517578,45.43000030517578,868600
2010-08-13,45.45000076293945,46.400001525878906,45.41999816894531,45.7599983215332,45.7599983215332,982100
2010-08-16,45.7599983215332,45.90999984741211,45.150001525878906,45.43000030517578,45.43000030517578,787300
2010-08-17,45.56999969482422,46.279998779296875,45.380001068115234,45.84000015258789,45.84000015258789,526700
2010-08-18,45.58000183105469,46.400001525878906,44.7599983215332,46.0,46.0,701500
2010-08-19,46.08000183105469,46.08000183105469,44.400001525878906,44.900001525878906,44.900001525878906,985600
2010-08-20,44.959999084472656,45.36000061035156,44.349998474121094,45.0,45.0,610500
2010-08-23,45.099998474121094,45.7400016784668,44.5099983215332,44.709999084472656,44.709999084472656,570600
2010-08-24,44.400001525878906,44.5,43.47999954223633,43.5099983215332,43.5099983215332,1032800
2010-08-25,43.52000045776367,44.0,42.7400016784668,43.900001525878906,43.900001525878906,1495000
2010-08-26,43.95000076293945,44.16999816894531,43.43000030517578,43.5099983215332,43.5099983215332,922800
2010-08-27,43.59000015258789,44.18000030517578,42.91999816894531,44.029998779296875,44.029998779296875,1007300
2010-08-30,43.810001373291016,44.20000076293945,43.369998931884766,43.369998931884766,43.369998931884766,573200
2010-08-31,43.029998779296875,43.7599983215332,42.599998474121094,42.88999938964844,42.88999938964844,1762600
2010-09-01,43.20000076293945,44.25,42.900001525878906,43.88999938964844,43.88999938964844,812600
2010-09-02,43.77000045776367,44.7599983215332,43.63999938964844,44.7599983215332,44.7599983215332,750200
2010-09-03,44.79999923706055,45.0,44.470001220703125,44.61000061035156,44.61000061035156,463600
2010-09-07,44.61000061035156,44.66999816894531,44.2400016784668,44.58000183105469,44.58000183105469,447100
2010-09-08,44.709999084472656,45.349998474121094,44.70000076293945,45.0,45.0,919300
2010-09-09,45.209999084472656,45.2400016784668,44.70000076293945,45.0099983215332,45.0099983215332,886300
2010-09-10,45.189998626708984,45.220001220703125,43.880001068115234,45.040000915527344,45.040000915527344,1655200
2010-09-13,45.08000183105469,45.189998626708984,44.290000915527344,44.540000915527344,44.540000915527344,762300
2010-09-14,44.279998779296875,46.349998474121094,44.20000076293945,46.02000045776367,46.02000045776367,1140900
2010-09-15,45.400001525878906,46.9900016784668,45.400001525878906,46.97999954223633,46.97999954223633,849300
2010-09-16,46.52000045776367,49.18000030517578,46.130001068115234,48.95000076293945,48.95000076293945,2923000
2010-09-17,49.0,49.40999984741211,48.099998474121094,48.29999923706055,48.29999923706055,1434600
2010-09-20,48.91999816894531,49.400001525878906,47.720001220703125,49.22999954223633,49.22999954223633,851500
2010-09-21,49.06999969482422,49.93000030517578,48.900001525878906,49.650001525878906,49.650001525878906,1746500
2010-09-22,49.790000915527344,50.540000915527344,49.290000915527344,49.40999984741211,49.40999984741211,1542700
2010-09-23,49.2599983215332,50.93000030517578,48.880001068115234,49.59000015258789,49.59000015258789,990400
2010-09-24,50.150001525878906,50.220001220703125,49.52000045776367,50.16999816894531,50.16999816894531,984300
2010-09-27,50.0099983215332,50.16999816894531,49.5,49.52000045776367,49.52000045776367,673600
2010-09-28,49.380001068115234,50.540000915527344,48.65999984741211,49.95000076293945,49.95000076293945,692000
2010-09-29,49.93000030517578,50.5099983215332,49.540000915527344,50.0,50.0,1049900
2010-09-30,50.029998779296875,50.63999938964844,48.93000030517578,49.20000076293945,49.20000076293945,1325000
2010-10-01,49.43000030517578,49.59000015258789,48.849998474121094,49.09000015258789,49.09000015258789,897400
2010-10-04,49.040000915527344,50.060001373291016,49.0,49.77000045776367,49.77000045776367,1008000
2010-10-05,50.43000030517578,51.9900016784668,50.43000030517578,51.15999984741211,51.15999984741211,2246800
2010-10-06,50.9900016784668,51.33000183105469,50.52000045776367,50.779998779296875,50.779998779296875,875600
2010-10-07,50.790000915527344,50.97999954223633,49.150001525878906,49.38999938964844,49.38999938964844,1594000
2010-10-08,49.5,49.77000045776367,48.90999984741211,49.130001068115234,49.130001068115234,858100
2010-10-11,48.9900016784668,49.400001525878906,48.79999923706055,48.880001068115234,48.880001068115234,960000
2010-10-12,48.619998931884766,49.81999969482422,48.099998474121094,49.7599983215332,49.7599983215332,1189600
2010-10-13,50.0,50.0,49.439998626708984,49.4900016784668,49.4900016784668,845600
2010-10-14,49.7400016784668,50.0,48.119998931884766,48.540000915527344,48.540000915527344,1579400
2010-10-15,48.97999954223633,49.189998626708984,47.70000076293945,48.7400016784668,48.7400016784668,1498000
2010-10-18,48.540000915527344,49.630001068115234,48.22999954223633,49.5,49.5,1423200
2010-10-19,49.189998626708984,50.72999954223633,49.11000061035156,49.83000183105469,49.83000183105469,1638400
2010-10-20,49.70000076293945,51.029998779296875,49.70000076293945,50.79999923706055,50.79999923706055,1091600
2010-10-21,50.79999923706055,51.220001220703125,49.7400016784668,50.279998779296875,50.279998779296875,684900
2010-10-22,51.18000030517578,51.279998779296875,48.779998779296875,50.900001525878906,50.900001525878906,1087100
2010-10-25,51.220001220703125,51.779998779296875,51.029998779296875,51.220001220703125,51.220001220703125,1258200
2010-10-26,50.65999984741211,51.720001220703125,49.880001068115234,51.650001525878906,51.650001525878906,1960400
2010-10-27,54.52000045776367,57.189998626708984,54.52000045776367,54.90999984741211,54.90999984741211,4049400
2010-10-28,55.16999816894531,55.5,54.11000061035156,54.52000045776367,54.52000045776367,2236900
2010-10-29,54.22999954223633,54.939998626708984,53.9900016784668,54.310001373291016,54.310001373291016,2929300
2010-11-01,54.45000076293945,55.040000915527344,53.7599983215332,54.119998931884766,54.119998931884766,727700
2010-11-02,54.16999816894531,54.810001373291016,53.91999816894531,54.7599983215332,54.7599983215332,775800
2010-11-03,54.34000015258789,56.099998474121094,54.29999923706055,55.88999938964844,55.88999938964844,1612000
2010-11-04,56.060001373291016,56.27000045776367,55.68000030517578,55.970001220703125,55.970001220703125,1840400
2010-11-05,55.810001373291016,56.52000045776367,55.72999954223633,56.290000915527344,56.290000915527344,1035200
2010-11-08,56.06999969482422,57.33000183105469,56.06999969482422,57.18000030517578,57.18000030517578,1351700
2010-11-09,57.06999969482422,57.56999969482422,56.41999816894531,56.75,56.75,1256000
2010-11-10,56.54999923706055,57.209999084472656,56.31999969482422,56.72999954223633,56.72999954223633,1055000
2010-11-11,56.09000015258789,57.25,56.06999969482422,56.900001525878906,56.900001525878906,690700
2010-11-12,56.560001373291016,57.040000915527344,55.75,56.52000045776367,56.52000045776367,693000
2010-11-15,56.7400016784668,58.08000183105469,56.7400016784668,57.68000030517578,57.68000030517578,1313100
2010-11-16,57.47999954223633,57.70000076293945,56.52000045776367,56.959999084472656,56.959999084472656,1121400
2010-11-17,56.810001373291016,58.130001068115234,56.650001525878906,57.900001525878906,57.900001525878906,1106500
2010-11-18,58.45000076293945,59.119998931884766,58.099998474121094,58.77000045776367,58.77000045776367,1194100
2010-11-19,59.040000915527344,60.25,58.810001373291016,59.90999984741211,59.90999984741211,1464400
2010-11-22,59.90999984741211,60.959999084472656,59.599998474121094,60.869998931884766,60.869998931884766,2643100
2010-11-23,60.56999969482422,60.720001220703125,59.40999984741211,60.20000076293945,60.20000076293945,1194400
2010-11-24,60.189998626708984,61.77000045776367,60.189998626708984,61.209999084472656,61.209999084472656,786900
2010-11-26,61.0099983215332,61.25,60.31999969482422,61.0,61.0,360000
2010-11-29,60.63999938964844,61.279998779296875,59.869998931884766,60.66999816894531,60.66999816894531,1125000
2010-11-30,60.13999938964844,60.97999954223633,59.779998779296875,60.119998931884766,60.119998931884766,1586500
2010-12-01,60.79999923706055,62.33000183105469,60.70000076293945,61.790000915527344,61.790000915527344,1436700
2010-12-02,59.9900016784668,62.290000915527344,59.9900016784668,62.18000030517578,62.18000030517578,881900
2010-12-03,62.029998779296875,62.9900016784668,61.790000915527344,62.86000061035156,62.86000061035156,619300
2010-12-06,62.61000061035156,63.25,62.54999923706055,62.900001525878906,62.900001525878906,963000
2010-12-07,63.220001220703125,63.40999984741211,62.09000015258789,62.22999954223633,62.22999954223633,742300
2010-12-08,62.41999816894531,62.91999816894531,61.880001068115234,62.099998474121094,62.099998474121094,522000
2010-12-09,62.189998626708984,63.2599983215332,61.849998474121094,62.95000076293945,62.95000076293945,1020900
2010-12-10,63.0,63.47999954223633,62.88999938964844,63.130001068115234,63.130001068115234,864800
2010-12-13,63.75,64.91000366210938,63.5,64.70999908447266,64.70999908447266,1011400
2010-12-14,64.51000213623047,66.2300033569336,64.37999725341797,65.5,65.5,1426100
2010-12-15,65.7300033569336,66.58999633789062,63.88999938964844,64.36000061035156,64.36000061035156,1877000
2010-12-16,64.16999816894531,64.36000061035156,62.58000183105469,63.2599983215332,63.2599983215332,1724600
2010-12-17,62.33000183105469,64.22000122070312,62.31999969482422,63.7599983215332,63.7599983215332,2647300
2010-12-20,65.5,65.5,63.79999923706055,64.56999969482422,64.56999969482422,1065100
2010-12-21,65.01000213623047,65.3499984741211,63.939998626708984,64.30000305175781,64.30000305175781,1130900
2010-12-22,64.88999938964844,65.29000091552734,63.849998474121094,64.0,64.0,695500
2010-12-23,64.33000183105469,64.33000183105469,63.34000015258789,63.61000061035156,63.61000061035156,386900
2010-12-27,63.970001220703125,64.2300033569336,63.06999969482422,63.95000076293945,63.95000076293945,342500
2010-12-28,63.91999816894531,64.20999908447266,63.439998626708984,63.59000015258789,63.59000015258789,458500
2010-12-29,63.75,64.94000244140625,63.4900016784668,64.04000091552734,64.04000091552734,637300
2010-12-30,64.0,64.20999908447266,63.81999969482422,63.97999954223633,63.97999954223633,496900
2010-12-31,64.02999877929688,64.02999877929688,63.02000045776367,63.34000015258789,63.34000015258789,758800
2011-01-03,64.05000305175781,66.16000366210938,64.02999877929688,64.33999633789062,64.33999633789062,1202900
2011-01-04,64.25,64.81999969482422,63.61000061035156,64.2300033569336,64.2300033569336,816200
2011-01-05,63.900001525878906,66.0999984741211,63.689998626708984,66.0,66.0,1200400
2011-01-06,66.19000244140625,67.69999694824219,65.16000366210938,67.0,67.0,1435100
2011-01-07,67.0,67.54000091552734,65.1500015258789,65.66000366210938,65.66000366210938,1123100
2011-01-10,65.75,66.18000030517578,65.19000244140625,65.94999694824219,65.94999694824219,832700
2011-01-11,66.25,67.33999633789062,66.08000183105469,67.33999633789062,67.33999633789062,771700
2011-01-12,66.87999725341797,67.4000015258789,65.25,66.94999694824219,66.94999694824219,5588000
2011-01-13,67.1500015258789,69.7699966430664,67.06999969482422,69.55000305175781,69.55000305175781,2368300
2011-01-14,68.55000305175781,69.41999816894531,68.0,69.05000305175781,69.05000305175781,2188100
2011-01-18,69.08000183105469,71.05000305175781,69.06999969482422,70.97000122070312,70.97000122070312,1655600
2011-01-19,70.83999633789062,71.06999969482422,69.19000244140625,69.4800033569336,69.4800033569336,981400
2011-01-20,69.88999938964844,70.33999633789062,68.20999908447266,68.81999969482422,68.81999969482422,1161800
2011-01-21,68.9800033569336,69.55000305175781,68.69000244140625,68.75,68.75,1047000
2011-01-24,69.0,71.36000061035156,68.88999938964844,69.75,69.75,921800
2011-01-25,69.47000122070312,69.7699966430664,68.61000061035156,69.7699966430664,69.7699966430664,1190600
2011-01-26,70.04000091552734,70.83000183105469,69.9000015258789,70.63999938964844,70.63999938964844,966900
2011-01-27,70.9800033569336,71.33000183105469,69.9000015258789,70.62000274658203,70.62000274658203,973900
2011-01-28,70.5199966430664,71.0999984741211,68.88999938964844,69.05000305175781,69.05000305175781,1493900
2011-01-31,69.36000061035156,69.79000091552734,68.47000122070312,69.33999633789062,69.33999633789062,1232800
2011-02-01,69.3499984741211,71.51000213623047,69.3499984741211,70.81999969482422,70.81999969482422,843000
2011-02-02,70.80000305175781,71.4800033569336,70.73999786376953,71.30999755859375,71.30999755859375,1065900
2011-02-03,71.45999908447266,71.69000244140625,69.7300033569336,70.66000366210938,70.66000366210938,818900
2011-02-04,70.91000366210938,71.33999633789062,69.83000183105469,71.12000274658203,71.12000274658203,1226800
2011-02-07,71.79000091552734,72.12000274658203,70.8499984741211,71.2300033569336,71.2300033569336,939100
2011-02-08,71.43000030517578,72.2300033569336,70.19999694824219,70.25,70.25,1606500
2011-02-09,68.52999877929688,70.11000061035156,67.52999877929688,69.44000244140625,69.44000244140625,2420100
2011-02-10,69.30000305175781,71.41999816894531,68.83000183105469,71.27999877929688,71.27999877929688,1140600
2011-02-11,70.63999938964844,73.69000244140625,70.58999633789062,73.66000366210938,73.66000366210938,3888600
2011-02-14,73.27999877929688,73.95999908447266,73.0,73.76000213623047,73.76000213623047,6993900
2011-02-15,73.36000061035156,74.12000274658203,71.63999938964844,71.87999725341797,71.87999725341797,3291200
2011-02-16,71.91000366210938,72.30999755859375,71.4000015258789,72.13999938964844,72.13999938964844,2721500
2011-02-17,72.27999877929688,73.0,72.02999877929688,72.2300033569336,72.2300033569336,974800
2011-02-18,72.1500015258789,72.52999877929688,71.75,72.2699966430664,72.2699966430664,954600
2011-02-22,71.97000122070312,72.18000030517578,70.25,70.80999755859375,70.80999755859375,1109400
2011-02-23,70.6500015258789,70.6500015258789,67.01000213623047,67.12000274658203,67.12000274658203,2143100
2011-02-24,67.12999725341797,68.5,67.0,68.0999984741211,68.0999984741211,1846600
2011-02-25,68.2699966430664,69.9000015258789,68.20999908447266,69.54000091552734,69.54000091552734,1409000
2011-02-28,69.94999694824219,70.19999694824219,69.12999725341797,69.4000015258789,69.4000015258789,1486300
2011-03-01,69.69999694824219,69.70999908447266,66.31999969482422,66.72000122070312,66.72000122070312,1877000
2011-03-02,66.33999633789062,68.26000213623047,65.54000091552734,67.45999908447266,67.45999908447266,2244700
2011-03-03,67.80000305175781,69.43000030517578,67.73999786376953,68.7300033569336,68.7300033569336,1114700
2011-03-04,68.5999984741211,68.6500015258789,67.9000015258789,68.30999755859375,68.30999755859375,1172600
2011-03-07,68.4000015258789,68.76000213623047,66.2300033569336,67.43000030517578,67.43000030517578,1290400
2011-03-08,67.30999755859375,67.62000274658203,66.3499984741211,67.0999984741211,67.0999984741211,1764500
2011-03-09,66.87999725341797,67.19000244140625,65.36000061035156,65.80999755859375,65.80999755859375,1502200
2011-03-10,64.63999938964844,64.72000122070312,63.130001068115234,63.7599983215332,63.7599983215332,2848200
2011-03-11,63.540000915527344,64.83000183105469,62.72999954223633,64.55000305175781,64.55000305175781,2311800
2011-03-14,64.01000213623047,64.81999969482422,63.97999954223633,64.2699966430664,64.2699966430664,2169000
2011-03-15,62.279998779296875,65.69999694824219,62.16999816894531,64.19000244140625,64.19000244140625,3718800
2011-03-16,63.9900016784668,64.76000213623047,63.470001220703125,63.65999984741211,63.65999984741211,2801800
2011-03-17,64.5,64.76000213623047,62.36000061035156,62.65999984741211,62.65999984741211,2063200
2011-03-18,63.33000183105469,63.810001373291016,61.869998931884766,62.11000061035156,62.11000061035156,2394000
2011-03-21,62.880001068115234,63.220001220703125,62.59000015258789,63.04999923706055,63.04999923706055,4050500
2011-03-22,63.310001373291016,63.650001525878906,63.04999923706055,63.18000030517578,63.18000030517578,1779400
2011-03-23,62.939998626708984,63.70000076293945,62.33000183105469,63.209999084472656,63.209999084472656,1825400
2011-03-24,63.63999938964844,66.38999938964844,63.209999084472656,65.91000366210938,65.91000366210938,3064600
2011-03-25,66.2300033569336,66.54000091552734,65.41999816894531,65.44999694824219,65.44999694824219,1638400
2011-03-28,66.9000015258789,66.9000015258789,65.55999755859375,65.94999694824219,65.94999694824219,1291300
2011-03-29,65.75,68.41999816894531,65.52999877929688,67.86000061035156,67.86000061035156,2330300
2011-03-30,68.2699966430664,70.3499984741211,67.44999694824219,69.91999816894531,69.91999816894531,3268200
2011-03-31,69.94999694824219,70.23999786376953,69.3499984741211,70.06999969482422,70.06999969482422,1572800
2011-04-01,70.16999816894531,71.05999755859375,69.80999755859375,70.76000213623047,70.76000213623047,1591700
2011-04-04,70.93000030517578,70.94999694824219,69.94999694824219,70.37000274658203,70.37000274658203,1471700
2011-04-05,70.0199966430664,70.4000015258789,68.87999725341797,69.02999877929688,69.02999877929688,2054800
2011-04-06,69.58000183105469,70.12999725341797,68.20999908447266,69.05000305175781,69.05000305175781,1476300
2011-04-07,68.87999725341797,69.12999725341797,67.27999877929688,67.87999725341797,67.87999725341797,1256900
2011-04-08,68.31999969482422,69.62000274658203,67.9000015258789,68.33999633789062,68.33999633789062,1220800
2011-04-11,68.55000305175781,69.25,68.3499984741211,68.73999786376953,68.73999786376953,1083100
2011-04-12,68.3499984741211,68.58999633789062,66.56999969482422,67.30999755859375,67.30999755859375,1751300
2011-04-13,67.69000244140625,69.1500015258789,67.69000244140625,67.95999908447266,67.95999908447266,1641700
2011-04-14,67.5199966430664,67.80000305175781,66.86000061035156,67.27999877929688,67.27999877929688,1414300
2011-04-15,67.37999725341797,67.58999633789062,66.83000183105469,67.58999633789062,67.58999633789062,2247000
2011-04-18,66.98999786376953,66.98999786376953,65.41000366210938,66.62000274658203,66.62000274658203,1633400
2011-04-19,66.7300033569336,67.0,65.68000030517578,66.93000030517578,66.93000030517578,1015000
2011-04-20,67.70999908447266,69.01000213623047,67.69000244140625,68.58999633789062,68.58999633789062,2500500
2011-04-21,69.1500015258789,70.16999816894531,68.62000274658203,69.80000305175781,69.80000305175781,1995800
2011-04-25,70.70999908447266,70.83999633789062,69.55000305175781,69.94000244140625,69.94000244140625,1735200
2011-04-26,70.41000366210938,71.63999938964844,69.9800033569336,70.06999969482422,70.06999969482422,2800000
2011-04-27,72.79000091552734,72.79000091552734,67.5,70.6500015258789,70.6500015258789,4596500
2011-04-28,70.80999755859375,71.95999908447266,70.5,71.47000122070312,71.47000122070312,1702200
2011-04-29,71.51000213623047,72.0,70.91000366210938,70.9800033569336,70.9800033569336,2042900
2011-05-02,70.77999877929688,72.5,70.75,71.20999908447266,71.20999908447266,1356200
2011-05-03,71.16000366210938,72.0,70.76000213623047,71.94000244140625,71.94000244140625,1600000
2011-05-04,71.61000061035156,73.12000274658203,69.55999755859375,70.4800033569336,70.4800033569336,1883400
2011-05-05,70.01000213623047,70.29000091552734,69.0199966430664,69.43000030517578,69.43000030517578,1100000
2011-05-06,70.2300033569336,71.95999908447266,70.2300033569336,71.18000030517578,71.18000030517578,1657800
2011-05-09,71.43000030517578,73.79000091552734,71.19000244140625,73.2699966430664,73.2699966430664,1723900
2011-05-10,73.79000091552734,76.08000183105469,73.16999816894531,75.66000366210938,75.66000366210938,2011400
2011-05-11,75.01000213623047,76.02999877929688,74.22000122070312,74.73999786376953,74.73999786376953,1600000
2011-05-12,74.23999786376953,75.7699966430664,73.63999938964844,75.2300033569336,75.2300033569336,1600000
2011-05-13,75.41000366210938,76.80999755859375,75.41000366210938,76.26000213623047,76.26000213623047,1628700
2011-05-16,75.77999877929688,76.77999877929688,74.73999786376953,74.87999725341797,74.87999725341797,1135600
2011-05-17,74.19000244140625,74.27999877929688,72.44999694824219,72.66000366210938,72.66000366210938,1958200
2011-05-18,72.58000183105469,73.80999755859375,71.80000305175781,73.47000122070312,73.47000122070312,1539900
2011-05-19,73.97000122070312,74.31999969482422,72.55000305175781,72.88999938964844,72.88999938964844,1305300
2011-05-20,72.70999908447266,73.0999984741211,71.55999755859375,72.86000061035156,72.86000061035156,1113100
2011-05-23,72.0,72.04000091552734,71.0,71.75,71.75,1000000
2011-05-24,71.8499984741211,71.97000122070312,70.61000061035156,71.19999694824219,71.19999694824219,833600
2011-05-25,69.69999694824219,72.61000061035156,69.41999816894531,72.2300033569336,72.2300033569336,1338900
2011-05-26,71.8499984741211,72.73999786376953,71.70999908447266,72.68000030517578,72.68000030517578,857000
2011-05-27,72.61000061035156,73.12999725341797,72.11000061035156,72.12999725341797,72.12999725341797,828200
2011-05-31,72.44999694824219,72.7699966430664,70.73999786376953,72.08000183105469,72.08000183105469,1474300
2011-06-01,71.8499984741211,72.81999969482422,70.88999938964844,72.62999725341797,72.62999725341797,2957400
2011-06-02,72.1500015258789,73.45999908447266,72.1500015258789,72.79000091552734,72.79000091552734,1160000
2011-06-03,71.75,72.9000015258789,70.87000274658203,72.12999725341797,72.12999725341797,845200
2011-06-06,71.16000366210938,72.51000213623047,71.0199966430664,71.94999694824219,71.94999694824219,1152000
2011-06-07,72.12000274658203,73.08999633789062,71.8499984741211,72.70999908447266,72.70999908447266,712800
2011-06-08,72.45999908447266,74.19999694824219,72.06999969482422,73.2699966430664,73.2699966430664,1779500
2011-06-09,73.04000091552734,74.36000061035156,72.9800033569336,73.69000244140625,73.69000244140625,1130800
2011-06-10,73.55000305175781,73.55000305175781,72.70999908447266,72.72000122070312,72.72000122070312,1780900
2011-06-13,72.98999786376953,73.0199966430664,71.0199966430664,71.16000366210938,71.16000366210938,1105200
2011-06-14,71.30999755859375,72.41999816894531,70.56999969482422,72.25,72.25,1410000
2011-06-15,71.62000274658203,72.45999908447266,70.79000091552734,70.88999938964844,70.88999938964844,1724500
2011-06-16,70.56999969482422,71.62999725341797,70.31999969482422,71.0199966430664,71.0199966430664,1569100
2011-06-17,72.0,72.91999816894531,71.19000244140625,71.41999816894531,71.41999816894531,1828700
2011-06-20,71.13999938964844,72.88999938964844,71.0199966430664,72.4000015258789,72.4000015258789,730400
2011-06-21,73.01000213623047,74.30999755859375,72.11000061035156,73.80000305175781,73.80000305175781,890000
2011-06-22,73.79000091552734,75.1500015258789,73.43000030517578,74.5999984741211,74.5999984741211,1531400
2011-06-23,73.68000030517578,74.37999725341797,72.87999725341797,74.12999725341797,74.12999725341797,949200
2011-06-24,74.13999938964844,74.13999938964844,72.73999786376953,73.0,73.0,1232900
2011-06-27,72.98999786376953,74.63999938964844,72.18000030517578,74.1500015258789,74.1500015258789,2260900
2011-06-28,74.05999755859375,76.27999877929688,73.94000244140625,75.73999786376953,75.73999786376953,1311100
2011-06-29,76.30999755859375,76.68000030517578,75.2300033569336,75.30000305175781,75.30000305175781,1522900
2011-06-30,75.75,75.75,75.0,75.1500015258789,75.1500015258789,1913700
2011-07-01,75.16000366210938,76.38999938964844,74.8499984741211,76.01000213623047,76.01000213623047,1140100
2011-07-05,76.25,78.43000030517578,75.36000061035156,77.83000183105469,77.83000183105469,2355800
2011-07-06,78.37999725341797,79.4000015258789,77.55999755859375,77.87999725341797,77.87999725341797,1795900
2011-07-07,77.5,77.9000015258789,75.95999908447266,76.04000091552734,76.04000091552734,2084400
2011-07-08,75.05999755859375,76.37000274658203,74.69000244140625,76.12000274658203,76.12000274658203,1414500
2011-07-11,75.58999633789062,75.58999633789062,73.62999725341797,73.79000091552734,73.79000091552734,1722000
2011-07-12,73.41000366210938,74.30000305175781,73.4000015258789,73.5999984741211,73.5999984741211,1578900
2011-07-13,74.27999877929688,75.33999633789062,73.5999984741211,74.01000213623047,74.01000213623047,1279000
2011-07-14,74.08999633789062,74.7699966430664,72.6500015258789,73.68000030517578,73.68000030517578,1442100
2011-07-15,73.69000244140625,74.16999816894531,72.43000030517578,72.81999969482422,72.81999969482422,1002900
2011-07-18,72.5,72.66999816894531,70.20999908447266,71.12999725341797,71.12999725341797,1834000
2011-07-19,71.33000183105469,72.66000366210938,71.1500015258789,72.19999694824219,72.19999694824219,1045300
2011-07-20,72.1500015258789,73.33000183105469,71.25,73.0,73.0,1657000
2011-07-21,73.69999694824219,74.68000030517578,73.4000015258789,74.12999725341797,74.12999725341797,1615900
2011-07-22,74.19999694824219,74.61000061035156,73.30000305175781,74.47000122070312,74.47000122070312,918300
2011-07-25,74.0999984741211,74.16000366210938,72.18000030517578,72.2699966430664,72.2699966430664,1096300
2011-07-26,71.52999877929688,71.8499984741211,68.3499984741211,69.6500015258789,69.6500015258789,3528400
2011-07-27,63.25,63.5,57.0,57.33000183105469,57.33000183105469,10788800
2011-07-28,57.7599983215332,60.54999923706055,57.709999084472656,60.25,60.25,6507100
2011-07-29,59.880001068115234,63.209999084472656,59.279998779296875,62.45000076293945,62.45000076293945,5172100
2011-08-01,62.7599983215332,63.689998626708984,60.709999084472656,60.880001068115234,60.880001068115234,3836500
2011-08-02,60.02000045776367,60.77000045776367,58.61000061035156,58.650001525878906,58.650001525878906,2701600
2011-08-03,58.84000015258789,59.439998626708984,57.47999954223633,58.720001220703125,58.720001220703125,2466600
2011-08-04,58.029998779296875,58.029998779296875,54.47999954223633,54.5,54.5,3175900
2011-08-05,53.810001373291016,54.380001068115234,49.81999969482422,53.58000183105469,53.58000183105469,5750200
2011-08-08,52.099998474121094,52.939998626708984,50.5099983215332,51.0,51.0,3713200
2011-08-09,52.029998779296875,55.11000061035156,51.630001068115234,55.0,55.0,3309000
2011-08-10,54.15999984741211,54.15999984741211,51.630001068115234,51.689998626708984,51.689998626708984,2474600
2011-08-11,51.86000061035156,53.470001220703125,50.349998474121094,52.470001220703125,52.470001220703125,2937200
2011-08-12,52.83000183105469,53.290000915527344,51.290000915527344,51.95000076293945,51.95000076293945,3071700
2011-08-15,52.47999954223633,54.189998626708984,52.310001373291016,54.099998474121094,54.099998474121094,2726100
2011-08-16,53.599998474121094,53.849998474121094,52.060001373291016,52.45000076293945,52.45000076293945,1505100
2011-08-17,52.40999984741211,53.43000030517578,51.0099983215332,51.349998474121094,51.349998474121094,1710800
2011-08-18,50.189998626708984,50.849998474121094,46.47999954223633,47.099998474121094,47.099998474121094,2803600
2011-08-19,46.54999923706055,48.5,46.11000061035156,46.790000915527344,46.790000915527344,2225500
2011-08-22,47.22999954223633,47.91999816894531,45.86000061035156,46.2400016784668,46.2400016784668,1032400
2011-08-23,45.5099983215332,48.63999938964844,45.5099983215332,48.599998474121094,48.599998474121094,1489300
2011-08-24,47.29999923706055,49.119998931884766,47.04999923706055,48.189998626708984,48.189998626708984,2258600
2011-08-25,48.290000915527344,48.380001068115234,46.869998931884766,46.9900016784668,46.9900016784668,1737000
2011-08-26,46.939998626708984,49.97999954223633,46.15999984741211,49.630001068115234,49.630001068115234,1844300
2011-08-29,49.9900016784668,51.849998474121094,49.790000915527344,51.66999816894531,51.66999816894531,1618700
2011-08-30,51.65999984741211,52.5,50.88999938964844,51.65999984741211,51.65999984741211,1637600
2011-08-31,52.06999969482422,52.5,51.79999923706055,52.099998474121094,52.099998474121094,1843700
2011-09-01,52.279998779296875,52.439998626708984,50.529998779296875,50.630001068115234,50.630001068115234,1263500
2011-09-02,49.79999923706055,50.470001220703125,49.22999954223633,49.77000045776367,49.77000045776367,1160600
2011-09-06,48.41999816894531,49.689998626708984,48.0,49.47999954223633,49.47999954223633,987800
2011-09-07,49.790000915527344,50.81999969482422,49.4900016784668,50.810001373291016,50.810001373291016,996400
2011-09-08,50.650001525878906,51.959999084472656,49.7599983215332,50.220001220703125,50.220001220703125,2005600
2011-09-09,50.130001068115234,50.33000183105469,48.279998779296875,48.540000915527344,48.540000915527344,1976500
2011-09-12,47.54999923706055,48.63999938964844,47.0,48.29999923706055,48.29999923706055,1658500
2011-09-13,48.4900016784668,50.5,48.08000183105469,50.15999984741211,50.15999984741211,1890100
2011-09-14,50.54999923706055,52.34000015258789,49.900001525878906,51.59000015258789,51.59000015258789,2063100
2011-09-15,51.0,51.31999969482422,49.130001068115234,49.290000915527344,49.290000915527344,3380800
2011-09-16,49.380001068115234,49.9900016784668,47.66999816894531,47.880001068115234,47.880001068115234,3294200
2011-09-19,47.16999816894531,47.869998931884766,46.5,47.43000030517578,47.43000030517578,2036600
2011-09-20,47.58000183105469,47.95000076293945,43.75,44.97999954223633,44.97999954223633,4850500
2011-09-21,45.599998474121094,45.959999084472656,40.060001373291016,41.66999816894531,41.66999816894531,6255000
2011-09-22,40.38999938964844,42.810001373291016,39.81999969482422,42.439998626708984,42.439998626708984,3621400
2011-09-23,42.20000076293945,42.27000045776367,40.900001525878906,41.66999816894531,41.66999816894531,3278500
2011-09-26,41.650001525878906,41.95000076293945,40.06999969482422,41.63999938964844,41.63999938964844,2225800
2011-09-27,42.43000030517578,43.68000030517578,42.279998779296875,42.70000076293945,42.70000076293945,2078200
2011-09-28,42.90999984741211,42.91999816894531,41.310001373291016,41.31999969482422,41.31999969482422,1023800
2011-09-29,42.02000045776367,42.560001373291016,40.59000015258789,41.540000915527344,41.540000915527344,1644000
2011-09-30,40.86000061035156,41.84000015258789,40.2599983215332,40.91999816894531,40.91999816894531,1284300
2011-10-03,40.43000030517578,40.43000030517578,38.11000061035156,38.189998626708984,38.189998626708984,2921800
2011-10-04,37.599998474121094,39.279998779296875,37.119998931884766,39.220001220703125,39.220001220703125,3089400
2011-10-05,39.209999084472656,40.529998779296875,38.77000045776367,40.0099983215332,40.0099983215332,2536000
2011-10-06,39.459999084472656,40.33000183105469,38.91999816894531,39.93000030517578,39.93000030517578,3795500
2011-10-07,25.739999771118164,28.18000030517578,25.709999084472656,27.18000030517578,27.18000030517578,30852600
2011-10-10,27.510000228881836,28.200000762939453,26.110000610351562,26.489999771118164,26.489999771118164,6603500
2011-10-11,26.270000457763672,26.920000076293945,25.739999771118164,26.209999084472656,26.209999084472656,4048900
2011-10-12,26.34000015258789,26.780000686645508,26.010000228881836,26.040000915527344,26.040000915527344,2627000
2011-10-13,26.149999618530273,27.459999084472656,25.56999969482422,27.149999618530273,27.149999618530273,5361900
2011-10-14,27.260000228881836,27.43000030517578,26.579999923706055,26.90999984741211,26.90999984741211,2151100
2011-10-17,26.6200008392334,26.989999771118164,26.190000534057617,26.969999313354492,26.969999313354492,2107200
2011-10-18,26.940000534057617,27.110000610351562,26.15999984741211,26.6299991607666,26.6299991607666,1642800
2011-10-19,26.530000686645508,26.780000686645508,26.149999618530273,26.209999084472656,26.209999084472656,1321900
2011-10-20,26.219999313354492,27.059999465942383,25.920000076293945,26.899999618530273,26.899999618530273,2761200
2011-10-21,27.15999984741211,27.34000015258789,26.489999771118164,27.309999465942383,27.309999465942383,2918600
2011-10-24,27.43000030517578,30.600000381469727,27.31999969482422,28.719999313354492,28.719999313354492,4611900
2011-10-25,27.469999313354492,32.56999969482422,27.200000762939453,30.799999237060547,30.799999237060547,7909000
2011-10-26,30.75,31.850000381469727,29.700000762939453,30.0,30.0,4382500
2011-10-27,30.989999771118164,32.810001373291016,30.31999969482422,31.489999771118164,31.489999771118164,3961300
2011-10-28,31.459999084472656,32.36000061035156,31.43000030517578,32.150001525878906,32.150001525878906,1687700
2011-10-31,31.790000915527344,31.899999618530273,30.489999771118164,30.6200008392334,30.6200008392334,1696500
2011-11-01,29.860000610351562,30.690000534057617,29.329999923706055,30.360000610351562,30.360000610351562,1885300
2011-11-02,30.5,30.889999389648438,29.760000228881836,30.219999313354492,30.219999313354492,1585700
2011-11-03,30.5,30.969999313354492,29.489999771118164,30.690000534057617,30.690000534057617,1079600
2011-11-04,31.020000457763672,33.939998626708984,30.899999618530273,32.77000045776367,32.77000045776367,3599900
2011-11-07,33.16999816894531,33.5,32.119998931884766,32.7400016784668,32.7400016784668,1506700
2011-11-08,32.83000183105469,33.4900016784668,32.209999084472656,33.34000015258789,33.34000015258789,1839800
2011-11-09,32.720001220703125,32.880001068115234,31.75,32.060001373291016,32.060001373291016,1836200
2011-11-10,32.369998931884766,32.470001220703125,30.889999389648438,31.389999389648438,31.389999389648438,1984900
2011-11-11,31.81999969482422,32.380001068115234,31.540000915527344,31.790000915527344,31.790000915527344,1383100
2011-11-14,31.75,32.119998931884766,31.3799991607666,31.8700008392334,31.8700008392334,1005000
2011-11-15,31.860000610351562,32.11000061035156,30.979999542236328,31.959999084472656,31.959999084472656,1262800
2011-11-16,31.399999618530273,31.559999465942383,30.540000915527344,30.6299991607666,30.6299991607666,1627800
2011-11-17,30.579999923706055,30.780000686645508,29.219999313354492,30.079999923706055,30.079999923706055,2092100
2011-11-18,30.059999465942383,30.18000030517578,28.889999389648438,29.139999389648438,29.139999389648438,2315300
2011-11-21,28.81999969482422,28.899999618530273,27.540000915527344,28.399999618530273,28.399999618530273,2181600
2011-11-22,28.420000076293945,28.489999771118164,27.229999542236328,27.709999084472656,27.709999084472656,2647400
2011-11-23,27.530000686645508,27.700000762939453,26.989999771118164,27.149999618530273,27.149999618530273,1996100
2011-11-25,26.940000534057617,27.690000534057617,26.920000076293945,27.299999237060547,27.299999237060547,587500
2011-11-28,27.309999465942383,28.440000534057617,26.8700008392334,27.09000015258789,27.09000015258789,2074400
2011-11-29,27.139999389648438,27.739999771118164,26.84000015258789,26.959999084472656,26.959999084472656,1717500
2011-11-30,27.290000915527344,28.309999465942383,27.290000915527344,27.81999969482422,27.81999969482422,2505500
2011-12-01,27.739999771118164,28.6200008392334,27.6299991607666,27.940000534057617,27.940000534057617,1490100
2011-12-02,28.1200008392334,28.59000015258789,27.670000076293945,27.780000686645508,27.780000686645508,1099500
2011-12-05,28.139999389648438,32.0,28.079999923706055,29.440000534057617,29.440000534057617,7577500
2011-12-06,29.770000457763672,30.190000534057617,29.139999389648438,29.729999542236328,29.729999542236328,2578600
2011-12-07,29.690000534057617,29.950000762939453,28.260000228881836,29.75,29.75,2984000
2011-12-08,29.40999984741211,29.93000030517578,28.75,28.81999969482422,28.81999969482422,2346300
2011-12-09,28.850000381469727,29.06999969482422,28.260000228881836,28.3700008392334,28.3700008392334,2643300
2011-12-12,28.040000915527344,28.079999923706055,26.760000228881836,26.899999618530273,26.899999618530273,4981100
2011-12-13,27.079999923706055,27.229999542236328,25.860000610351562,25.959999084472656,25.959999084472656,3572600
2011-12-14,25.969999313354492,27.459999084472656,25.649999618530273,27.209999084472656,27.209999084472656,3846900
2011-12-15,27.489999771118164,27.6299991607666,26.889999389648438,27.010000228881836,27.010000228881836,2944500
2011-12-16,27.219999313354492,27.579999923706055,26.579999923706055,26.90999984741211,26.90999984741211,5622600
2011-12-19,27.15999984741211,27.280000686645508,26.09000015258789,26.170000076293945,26.170000076293945,1691300
2011-12-20,26.670000076293945,27.059999465942383,26.440000534057617,26.709999084472656,26.709999084472656,2134400
2011-12-21,26.760000228881836,27.309999465942383,26.520000457763672,27.170000076293945,27.170000076293945,1611200
2011-12-22,27.360000610351562,29.739999771118164,27.25,29.06999969482422,29.06999969482422,2885400
2011-12-23,29.489999771118164,30.239999771118164,28.950000762939453,29.100000381469727,29.100000381469727,1889600
2011-12-27,28.93000030517578,30.399999618530273,28.739999771118164,29.799999237060547,29.799999237060547,1798200
2011-12-28,29.739999771118164,29.950000762939453,29.040000915527344,29.43000030517578,29.43000030517578,2349000
2011-12-29,29.34000015258789,30.299999237060547,29.15999984741211,30.170000076293945,30.170000076293945,1741000
2011-12-30,30.030000686645508,30.6299991607666,29.969999313354492,30.479999542236328,30.479999542236328,1052500
2012-01-03,31.0,31.90999984741211,30.829999923706055,31.729999542236328,31.729999542236328,2862700
2012-01-04,31.90999984741211,32.77000045776367,31.110000610351562,31.43000030517578,31.43000030517578,5421300
2012-01-05,31.940000534057617,32.5,31.309999465942383,31.5,31.5,2258700
2012-01-06,31.75,32.0099983215332,31.239999771118164,31.770000457763672,31.770000457763672,2165100
2012-01-09,31.93000030517578,32.439998626708984,31.079999923706055,31.81999969482422,31.81999969482422,2455700
2012-01-10,29.56999969482422,33.84000015258789,28.719999313354492,33.0099983215332,33.0099983215332,12969300
2012-01-11,33.11000061035156,35.15999984741211,33.0099983215332,34.0099983215332,34.0099983215332,4386500
2012-01-12,34.25,36.68000030517578,34.150001525878906,36.22999954223633,36.22999954223633,5384400
2012-01-13,36.349998474121094,36.7599983215332,35.220001220703125,35.709999084472656,35.709999084472656,3130000
2012-01-17,36.2599983215332,36.779998779296875,35.849998474121094,36.0,36.0,2899800
2012-01-18,35.720001220703125,36.47999954223633,35.31999969482422,36.29999923706055,36.29999923706055,2191100
2012-01-19,36.40999984741211,37.380001068115234,36.18000030517578,36.75,36.75,2070600
2012-01-20,37.0,37.18000030517578,35.86000061035156,36.29999923706055,36.29999923706055,1547800
2012-01-23,36.630001068115234,37.189998626708984,36.06999969482422,36.310001373291016,36.310001373291016,2313400
2012-01-24,36.380001068115234,37.849998474121094,35.93000030517578,37.689998626708984,37.689998626708984,3031400
2012-01-25,52.630001068115234,55.38999938964844,51.9900016784668,55.150001525878906,55.150001525878906,33852200
2012-01-26,54.130001068115234,54.630001068115234,52.0,52.650001525878906,52.650001525878906,12223800
2012-01-27,52.459999084472656,52.880001068115234,51.630001068115234,51.689998626708984,51.689998626708984,5052900
2012-01-30,51.349998474121094,51.959999084472656,50.790000915527344,50.959999084472656,50.959999084472656,6997800
2012-01-31,51.0099983215332,51.95000076293945,50.79999923706055,51.86000061035156,51.86000061035156,3745200
2012-02-01,51.63999938964844,52.25,51.279998779296875,51.970001220703125,51.970001220703125,2656400
2012-02-02,51.58000183105469,52.02000045776367,51.400001525878906,51.869998931884766,51.869998931884766,2095000
2012-02-03,51.720001220703125,52.529998779296875,51.65999984741211,51.84000015258789,51.84000015258789,1680000
2012-02-06,51.779998779296875,52.20000076293945,51.720001220703125,51.970001220703125,51.970001220703125,1565700
2012-02-07,51.47999954223633,52.25,51.47999954223633,51.79999923706055,51.79999923706055,1534500
2012-02-08,52.040000915527344,53.20000076293945,51.93000030517578,52.150001525878906,52.150001525878906,2012200
2012-02-09,52.18000030517578,53.599998474121094,52.04999923706055,53.16999816894531,53.16999816894531,2566000
2012-02-10,52.41999816894531,53.95000076293945,52.349998474121094,53.88999938964844,53.88999938964844,2253000
2012-02-13,53.95000076293945,54.20000076293945,53.599998474121094,54.04999923706055,54.04999923706055,1264100
2012-02-14,53.83000183105469,54.75,53.70000076293945,54.34000015258789,54.34000015258789,1298300
2012-02-15,54.31999969482422,54.689998626708984,53.86000061035156,54.58000183105469,54.58000183105469,1199300
2012-02-16,54.470001220703125,54.79999923706055,53.63999938964844,53.939998626708984,53.939998626708984,2582400
2012-02-17,54.04999923706055,54.34000015258789,51.52000045776367,51.81999969482422,51.81999969482422,5596600
2012-02-21,51.77000045776367,51.9900016784668,51.130001068115234,51.45000076293945,51.45000076293945,3495900
2012-02-22,51.04999923706055,51.63999938964844,50.560001373291016,51.11000061035156,51.11000061035156,3089300
2012-02-23,50.91999816894531,51.45000076293945,50.529998779296875,51.290000915527344,51.290000915527344,1970900
2012-02-24,51.02000045776367,51.630001068115234,50.86000061035156,51.220001220703125,51.220001220703125,1491500
2012-02-27,51.0,51.52000045776367,50.75,51.400001525878906,51.400001525878906,1077700
2012-02-28,50.95000076293945,51.939998626708984,50.81999969482422,51.45000076293945,51.45000076293945,1238200
2012-02-29,51.34000015258789,51.75,51.150001525878906,51.25,51.25,1591000
2012-03-01,51.09000015258789,51.91999816894531,50.54999923706055,51.099998474121094,51.099998474121094,1845600
2012-03-02,50.959999084472656,51.68000030517578,50.90999984741211,51.349998474121094,51.349998474121094,2498600
2012-03-05,51.150001525878906,51.29999923706055,50.119998931884766,50.880001068115234,50.880001068115234,1848900
2012-03-06,50.599998474121094,50.709999084472656,49.93000030517578,50.349998474121094,50.349998474121094,1930800
2012-03-07,50.41999816894531,50.88999938964844,50.31999969482422,50.459999084472656,50.459999084472656,943100
2012-03-08,50.5099983215332,50.849998474121094,50.25,50.540000915527344,50.540000915527344,994900
2012-03-09,50.52000045776367,50.97999954223633,50.0,50.119998931884766,50.119998931884766,998500
2012-03-12,50.04999923706055,50.5,50.02000045776367,50.18000030517578,50.18000030517578,695800
2012-03-13,50.380001068115234,50.380001068115234,49.54999923706055,50.34000015258789,50.34000015258789,2088100
2012-03-14,49.970001220703125,50.400001525878906,49.959999084472656,50.18000030517578,50.18000030517578,1263500
2012-03-15,50.04999923706055,50.45000076293945,49.880001068115234,49.970001220703125,49.970001220703125,1394000
2012-03-16,49.720001220703125,50.06999969482422,49.599998474121094,49.93000030517578,49.93000030517578,3107600
2012-03-19,50.060001373291016,50.7599983215332,49.5,49.630001068115234,49.630001068115234,2363900
2012-03-20,49.2400016784668,50.619998931884766,49.040000915527344,50.45000076293945,50.45000076293945,2782400
2012-03-21,50.380001068115234,50.560001373291016,50.040000915527344,50.11000061035156,50.11000061035156,1384700
2012-03-22,49.77000045776367,50.54999923706055,49.290000915527344,50.220001220703125,50.220001220703125,941000
2012-03-23,50.189998626708984,50.54999923706055,49.43000030517578,50.459999084472656,50.459999084472656,1472800
2012-03-26,50.189998626708984,50.75,49.81999969482422,50.689998626708984,50.689998626708984,1148500
2012-03-27,50.689998626708984,50.70000076293945,50.099998474121094,50.20000076293945,50.20000076293945,669900
2012-03-28,50.2599983215332,50.369998931884766,49.540000915527344,49.880001068115234,49.880001068115234,769800
2012-03-29,52.04999923706055,52.650001525878906,51.650001525878906,52.400001525878906,52.400001525878906,14745000
2012-03-30,52.63999938964844,53.209999084472656,52.4900016784668,52.61000061035156,52.61000061035156,3883000
2012-04-02,52.0099983215332,52.619998931884766,51.36000061035156,51.369998931884766,51.369998931884766,4949300
2012-04-03,51.2599983215332,52.0,51.2599983215332,52.0,52.0,2982200
2012-04-04,51.970001220703125,52.349998474121094,51.43000030517578,52.279998779296875,52.279998779296875,1653800
2012-04-05,51.849998474121094,52.599998474121094,51.849998474121094,52.33000183105469,52.33000183105469,937200
2012-04-09,52.66999816894531,53.0,52.349998474121094,52.619998931884766,52.619998931884766,1302400
2012-04-10,52.86000061035156,52.970001220703125,51.9900016784668,52.43000030517578,52.43000030517578,1819400
2012-04-11,52.58000183105469,52.79999923706055,52.15999984741211,52.56999969482422,52.56999969482422,1318300
2012-04-12,51.939998626708984,52.08000183105469,49.2599983215332,49.5099983215332,49.5099983215332,10282300
2012-04-13,49.95000076293945,49.970001220703125,46.59000015258789,47.16999816894531,47.16999816894531,9581600
2012-04-16,47.0,47.0,43.900001525878906,44.970001220703125,44.970001220703125,9054400
2012-04-17,45.15999984741211,45.2400016784668,43.36000061035156,44.0,44.0,7294700
2012-04-18,40.439998626708984,44.9900016784668,40.349998474121094,44.5099983215332,44.5099983215332,26312900
2012-04-19,44.63999938964844,45.0,43.79999923706055,44.060001373291016,44.060001373291016,5372900
2012-04-20,44.25,44.369998931884766,43.439998626708984,44.36000061035156,44.36000061035156,3162900
2012-04-23,43.91999816894531,43.939998626708984,43.31999969482422,43.900001525878906,43.900001525878906,3102100
2012-04-24,43.130001068115234,44.099998474121094,43.04999923706055,43.5,43.5,4090900
2012-04-25,43.709999084472656,44.349998474121094,43.560001373291016,44.279998779296875,44.279998779296875,2508800
2012-04-26,44.02000045776367,44.81999969482422,44.02000045776367,44.77000045776367,44.77000045776367,1283800
2012-04-27,44.83000183105469,44.849998474121094,44.22999954223633,44.47999954223633,44.47999954223633,1320000
2012-04-30,44.5,44.810001373291016,44.220001220703125,44.529998779296875,44.529998779296875,1252400
2012-05-01,44.54999923706055,46.119998931884766,44.52000045776367,45.91999816894531,45.91999816894531,2462700
2012-05-02,45.59000015258789,46.650001525878906,45.43000030517578,46.5099983215332,46.5099983215332,2203000
2012-05-03,46.47999954223633,46.689998626708984,45.33000183105469,45.83000183105469,45.83000183105469,2104500
2012-05-04,45.560001373291016,45.939998626708984,44.869998931884766,44.91999816894531,44.91999816894531,1772600
2012-05-07,45.470001220703125,46.0099983215332,45.060001373291016,45.95000076293945,45.95000076293945,1528000
2012-05-08,45.63999938964844,45.68000030517578,44.349998474121094,45.27000045776367,45.27000045776367,1549000
2012-05-09,44.720001220703125,45.099998474121094,44.47999954223633,44.709999084472656,44.709999084472656,2033300
2012-05-10,44.900001525878906,45.599998474121094,44.88999938964844,45.11000061035156,45.11000061035156,1587800
2012-05-11,44.86000061035156,45.52000045776367,44.59000015258789,44.65999984741211,44.65999984741211,2141200
2012-05-14,44.43000030517578,45.22999954223633,44.2400016784668,45.040000915527344,45.040000915527344,802600
2012-05-15,45.130001068115234,45.459999084472656,44.4900016784668,44.56999969482422,44.56999969482422,1003000
2012-05-16,44.77000045776367,45.20000076293945,44.31999969482422,44.630001068115234,44.630001068115234,848300
2012-05-17,44.7400016784668,44.88999938964844,43.08000183105469,43.2400016784668,43.2400016784668,2431300
2012-05-18,43.349998474121094,43.4900016784668,42.290000915527344,42.849998474121094,42.849998474121094,2478800
2012-05-21,42.720001220703125,43.91999816894531,42.66999816894531,43.849998474121094,43.849998474121094,1233600
2012-05-22,43.709999084472656,43.9900016784668,42.959999084472656,43.029998779296875,43.029998779296875,1204800
2012-05-23,42.9900016784668,43.529998779296875,42.27000045776367,43.459999084472656,43.459999084472656,1184600
2012-05-24,43.45000076293945,43.849998474121094,42.880001068115234,43.459999084472656,43.459999084472656,1284100
2012-05-25,43.38999938964844,44.06999969482422,43.36000061035156,43.84000015258789,43.84000015258789,1515200
2012-05-29,43.880001068115234,44.209999084472656,43.79999923706055,44.20000076293945,44.20000076293945,1597300
2012-05-30,43.790000915527344,44.34000015258789,43.38999938964844,44.33000183105469,44.33000183105469,1236100
2012-05-31,44.15999984741211,44.189998626708984,42.900001525878906,43.060001373291016,43.060001373291016,1122500
2012-06-01,42.58000183105469,42.95000076293945,41.5,41.90999984741211,41.90999984741211,1048200
2012-06-04,42.09000015258789,42.400001525878906,40.0,40.5,40.5,1802600
2012-06-05,40.43000030517578,41.060001373291016,40.43000030517578,40.97999954223633,40.97999954223633,1248700
2012-06-06,41.25,41.52000045776367,40.220001220703125,40.5,40.5,1054800
2012-06-07,40.900001525878906,41.18000030517578,39.06999969482422,39.33000183105469,39.33000183105469,1402900
2012-06-08,39.04999923706055,40.029998779296875,37.77000045776367,39.540000915527344,39.540000915527344,3793200
2012-06-11,39.72999954223633,39.900001525878906,38.779998779296875,38.81999969482422,38.81999969482422,986800
2012-06-12,38.7400016784668,39.439998626708984,38.2400016784668,39.31999969482422,39.31999969482422,1296400
2012-06-13,39.099998474121094,39.720001220703125,39.029998779296875,39.560001373291016,39.560001373291016,1001400
2012-06-14,39.4900016784668,40.02000045776367,38.9900016784668,39.2599983215332,39.2599983215332,933600
2012-06-15,39.25,40.0099983215332,39.04999923706055,39.810001373291016,39.810001373291016,932500
2012-06-18,39.619998931884766,40.47999954223633,39.25,40.38999938964844,40.38999938964844,1116100
2012-06-19,40.56999969482422,41.34000015258789,40.43000030517578,41.2599983215332,41.2599983215332,1525700
2012-06-20,41.20000076293945,41.4900016784668,40.599998474121094,41.06999969482422,41.06999969482422,659800
2012-06-21,41.209999084472656,41.47999954223633,38.65999984741211,38.90999984741211,38.90999984741211,1169600
2012-06-22,39.68000030517578,40.880001068115234,39.4900016784668,40.58000183105469,40.58000183105469,979400
2012-06-25,40.31999969482422,40.33000183105469,39.470001220703125,39.84000015258789,39.84000015258789,612200
2012-06-26,39.970001220703125,39.97999954223633,38.900001525878906,39.18000030517578,39.18000030517578,662900
2012-06-27,39.439998626708984,40.0,39.11000061035156,39.93000030517578,39.93000030517578,601000
2012-06-28,39.630001068115234,40.18000030517578,38.33000183105469,39.189998626708984,39.189998626708984,790300
2012-06-29,39.86000061035156,40.650001525878906,39.380001068115234,40.38999938964844,40.38999938964844,994000
2012-07-02,40.40999984741211,41.29999923706055,40.349998474121094,41.16999816894531,41.16999816894531,882800
2012-07-03,41.189998626708984,41.4900016784668,40.93000030517578,41.099998474121094,41.099998474121094,308400
2012-07-05,41.29999923706055,41.5,40.619998931884766,40.880001068115234,40.880001068115234,780500
2012-07-06,40.619998931884766,40.79999923706055,39.61000061035156,40.20000076293945,40.20000076293945,648200
2012-07-09,40.0099983215332,40.7599983215332,39.599998474121094,40.599998474121094,40.599998474121094,1096300
2012-07-10,40.849998474121094,41.029998779296875,39.77000045776367,39.900001525878906,39.900001525878906,793300
2012-07-11,39.7400016784668,40.16999816894531,39.29999923706055,39.40999984741211,39.40999984741211,836000
2012-07-12,39.150001525878906,40.15999984741211,38.91999816894531,39.93000030517578,39.93000030517578,772700
2012-07-13,39.9900016784668,40.5,39.970001220703125,40.4900016784668,40.4900016784668,534700
2012-07-16,40.45000076293945,40.9900016784668,40.27000045776367,40.849998474121094,40.849998474121094,672000
2012-07-17,40.970001220703125,41.72999954223633,40.599998474121094,41.709999084472656,41.709999084472656,908300
2012-07-18,41.720001220703125,43.08000183105469,41.47999954223633,42.540000915527344,42.540000915527344,1616900
2012-07-19,42.650001525878906,43.11000061035156,41.84000015258789,43.02000045776367,43.02000045776367,760700
2012-07-20,42.7400016784668,42.79999923706055,41.91999816894531,42.709999084472656,42.709999084472656,1255000
2012-07-23,42.720001220703125,43.130001068115234,41.72999954223633,42.869998931884766,42.869998931884766,1447700
2012-07-24,42.63999938964844,43.150001525878906,41.290000915527344,41.52000045776367,41.52000045776367,2240300
2012-07-25,43.189998626708984,43.20000076293945,41.5,41.70000076293945,41.70000076293945,2723000
2012-07-26,42.18000030517578,42.380001068115234,41.029998779296875,41.099998474121094,41.099998474121094,1436400
2012-07-27,41.22999954223633,42.52000045776367,41.13999938964844,42.29999923706055,42.29999923706055,1213100
2012-07-30,41.97999954223633,42.560001373291016,41.7400016784668,42.36000061035156,42.36000061035156,769800
2012-07-31,42.029998779296875,42.459999084472656,41.310001373291016,41.470001220703125,41.470001220703125,923600
2012-08-01,41.529998779296875,42.400001525878906,41.279998779296875,41.90999984741211,41.90999984741211,721500
2012-08-02,41.20000076293945,41.95000076293945,41.13999938964844,41.4900016784668,41.4900016784668,992700
2012-08-03,41.779998779296875,42.86000061035156,41.66999816894531,42.130001068115234,42.130001068115234,793000
2012-08-06,42.029998779296875,42.79999923706055,42.029998779296875,42.54999923706055,42.54999923706055,711000
2012-08-07,42.40999984741211,44.619998931884766,42.40999984741211,43.630001068115234,43.630001068115234,1328800
2012-08-08,43.810001373291016,44.02000045776367,43.060001373291016,43.61000061035156,43.61000061035156,789800
2012-08-09,43.4900016784668,43.790000915527344,42.72999954223633,42.959999084472656,42.959999084472656,784700
2012-08-10,42.810001373291016,43.599998474121094,42.58000183105469,43.599998474121094,43.599998474121094,911900
2012-08-13,43.43000030517578,43.599998474121094,41.779998779296875,42.0,42.0,1164300
2012-08-14,42.36000061035156,42.36000061035156,41.5,41.59000015258789,41.59000015258789,773500
2012-08-15,41.599998474121094,41.90999984741211,41.369998931884766,41.650001525878906,41.650001525878906,542700
2012-08-16,41.61000061035156,41.72999954223633,41.119998931884766,41.2599983215332,41.2599983215332,1152200
2012-08-17,41.47999954223633,41.54999923706055,40.43000030517578,40.7400016784668,40.7400016784668,1025600
2012-08-20,40.79999923706055,41.599998474121094,40.79999923706055,41.220001220703125,41.220001220703125,1049700
2012-08-21,41.16999816894531,42.13999938964844,41.16999816894531,41.7400016784668,41.7400016784668,1096300
2012-08-22,41.5099983215332,42.189998626708984,41.25,41.63999938964844,41.63999938964844,1319100
2012-08-23,41.650001525878906,42.04999923706055,41.310001373291016,41.66999816894531,41.66999816894531,1045300
2012-08-24,41.84000015258789,42.09000015258789,41.15999984741211,41.63999938964844,41.63999938964844,768800
2012-08-27,41.650001525878906,42.08000183105469,41.459999084472656,41.7599983215332,41.7599983215332,734000
2012-08-28,41.61000061035156,41.81999969482422,41.0099983215332,41.599998474121094,41.599998474121094,864000
2012-08-29,41.689998626708984,42.400001525878906,41.59000015258789,42.290000915527344,42.290000915527344,1347600
2012-08-30,41.9900016784668,42.2599983215332,41.63999938964844,42.0,42.0,588400
2012-08-31,42.11000061035156,42.439998626708984,41.689998626708984,42.08000183105469,42.08000183105469,972500
2012-09-04,41.970001220703125,42.5,40.709999084472656,42.43000030517578,42.43000030517578,1453400
2012-09-05,42.459999084472656,42.77000045776367,41.7400016784668,42.16999816894531,42.16999816894531,914700
2012-09-06,42.40999984741211,43.13999938964844,42.029998779296875,42.95000076293945,42.95000076293945,1254100
2012-09-07,42.970001220703125,45.630001068115234,42.939998626708984,45.369998931884766,45.369998931884766,2316300
2012-09-10,45.209999084472656,45.369998931884766,44.22999954223633,44.70000076293945,44.70000076293945,971300
2012-09-11,44.68000030517578,45.0,43.95000076293945,44.91999816894531,44.91999816894531,1932700
2012-09-12,44.790000915527344,45.86000061035156,44.77000045776367,45.060001373291016,45.060001373291016,1454900
2012-09-13,45.0,47.099998474121094,44.95000076293945,46.47999954223633,46.47999954223633,2785000
2012-09-14,46.88999938964844,48.29999923706055,46.5099983215332,47.790000915527344,47.790000915527344,1543300
2012-09-17,47.66999816894531,48.83000183105469,46.95000076293945,47.70000076293945,47.70000076293945,2261300
2012-09-18,47.70000076293945,49.27000045776367,47.189998626708984,47.900001525878906,47.900001525878906,2820200
2012-09-19,47.470001220703125,48.25,47.380001068115234,47.68000030517578,47.68000030517578,1497000
2012-09-20,47.720001220703125,48.29999923706055,47.2400016784668,48.130001068115234,48.130001068115234,1515900
2012-09-21,48.209999084472656,48.75,47.93000030517578,48.47999954223633,48.47999954223633,1515900
2012-09-24,48.150001525878906,48.459999084472656,47.31999969482422,48.119998931884766,48.119998931884766,833400
2012-09-25,48.18000030517578,48.36000061035156,47.38999938964844,47.47999954223633,47.47999954223633,1220600
2012-09-26,47.689998626708984,47.75,46.84000015258789,46.849998474121094,46.849998474121094,1502000
2012-09-27,46.959999084472656,47.380001068115234,46.58000183105469,46.97999954223633,46.97999954223633,657500
2012-09-28,46.849998474121094,48.5,46.5,48.189998626708984,48.189998626708984,2114400
2012-10-01,48.220001220703125,50.08000183105469,48.20000076293945,49.029998779296875,49.029998779296875,2612500
2012-10-02,52.279998779296875,52.959999084472656,50.5099983215332,51.0,51.0,8846600
2012-10-03,51.439998626708984,52.189998626708984,50.0,51.41999816894531,51.41999816894531,1641600
2012-10-04,51.58000183105469,52.880001068115234,51.119998931884766,52.25,52.25,1789200
2012-10-05,52.779998779296875,52.970001220703125,51.45000076293945,51.790000915527344,51.790000915527344,2007700
2012-10-08,51.619998931884766,52.470001220703125,51.25,51.95000076293945,51.95000076293945,1494500
2012-10-09,52.060001373291016,52.060001373291016,50.79999923706055,50.869998931884766,50.869998931884766,1503400
2012-10-10,51.029998779296875,52.40999984741211,50.630001068115234,51.09000015258789,51.09000015258789,1991400
2012-10-11,51.72999954223633,52.58000183105469,51.25,52.22999954223633,52.22999954223633,1471300
2012-10-12,52.15999984741211,52.459999084472656,50.97999954223633,51.15999984741211,51.15999984741211,2586100
2012-10-15,51.29999923706055,51.29999923706055,46.5,48.06999969482422,48.06999969482422,7103300
2012-10-16,49.0,49.470001220703125,47.84000015258789,48.189998626708984,48.189998626708984,2219500
2012-10-17,48.349998474121094,48.54999923706055,47.709999084472656,47.90999984741211,47.90999984741211,1109300
2012-10-18,47.68000030517578,48.04999923706055,46.93000030517578,47.130001068115234,47.130001068115234,1032000
2012-10-19,47.13999938964844,47.380001068115234,46.47999954223633,46.68000030517578,46.68000030517578,1430200
2012-10-22,46.88999938964844,47.31999969482422,45.900001525878906,46.619998931884766,46.619998931884766,1584400
2012-10-23,46.279998779296875,46.630001068115234,44.849998474121094,45.189998626708984,45.189998626708984,1511800
2012-10-24,45.0,47.31999969482422,44.779998779296875,46.119998931884766,46.119998931884766,2113000
2012-10-25,46.81999969482422,49.369998931884766,46.220001220703125,47.599998474121094,47.599998474121094,2848400
2012-10-26,47.97999954223633,48.25,46.38999938964844,47.93000030517578,47.93000030517578,1878700
2012-10-31,47.72999954223633,47.72999954223633,46.650001525878906,47.5,47.5,1338000
2012-11-01,48.060001373291016,49.20000076293945,47.75,49.040000915527344,49.040000915527344,1907700
2012-11-02,48.88999938964844,48.9900016784668,47.52000045776367,47.93000030517578,47.93000030517578,1339600
2012-11-05,47.59000015258789,48.40999984741211,47.59000015258789,48.279998779296875,48.279998779296875,1239500
2012-11-06,48.220001220703125,48.2400016784668,47.59000015258789,47.68000030517578,47.68000030517578,1120900
2012-11-07,47.54999923706055,52.220001220703125,47.02000045776367,48.209999084472656,48.209999084472656,3611100
2012-11-08,48.029998779296875,49.02000045776367,47.79999923706055,48.209999084472656,48.209999084472656,1283300
2012-11-09,48.099998474121094,49.7400016784668,47.7599983215332,48.83000183105469,48.83000183105469,1973800
2012-11-12,48.810001373291016,49.20000076293945,47.95000076293945,48.220001220703125,48.220001220703125,893500
2012-11-13,48.04999923706055,49.540000915527344,47.68000030517578,48.70000076293945,48.70000076293945,1093600
2012-11-14,48.560001373291016,48.849998474121094,48.099998474121094,48.439998626708984,48.439998626708984,984100
2012-11-15,48.459999084472656,48.75,47.91999816894531,48.2599983215332,48.2599983215332,1030000
2012-11-16,48.619998931884766,49.4900016784668,48.290000915527344,49.43000030517578,49.43000030517578,1213800
2012-11-19,49.29999923706055,50.45000076293945,48.869998931884766,50.06999969482422,50.06999969482422,1280500
2012-11-20,49.7400016784668,50.7599983215332,49.56999969482422,50.52000045776367,50.52000045776367,1003300
2012-11-21,50.54999923706055,52.0,50.400001525878906,51.689998626708984,51.689998626708984,1124900
2012-11-23,53.209999084472656,53.54999923706055,52.66999816894531,52.93000030517578,52.93000030517578,1859300
2012-11-26,52.099998474121094,52.29999923706055,49.2400016784668,51.16999816894531,51.16999816894531,1897500
2012-11-27,51.529998779296875,52.22999954223633,51.150001525878906,51.189998626708984,51.189998626708984,1227100
2012-11-28,50.84000015258789,51.349998474121094,50.25,51.18000030517578,51.18000030517578,1026600
2012-11-29,51.25,53.90999984741211,51.16999816894531,52.2400016784668,52.2400016784668,2507900
2012-11-30,52.22999954223633,53.75,51.95000076293945,53.709999084472656,53.709999084472656,2749200
2012-12-03,53.11000061035156,53.290000915527344,51.2400016784668,52.15999984741211,52.15999984741211,1075900
2012-12-04,52.27000045776367,52.45000076293945,51.41999816894531,51.7599983215332,51.7599983215332,1639000
2012-12-05,51.7599983215332,52.25,51.459999084472656,51.689998626708984,51.689998626708984,759800
2012-12-06,51.63999938964844,52.599998474121094,51.08000183105469,51.88999938964844,51.88999938964844,703900
2012-12-07,51.77000045776367,52.11000061035156,51.5,51.58000183105469,51.58000183105469,1290900
2012-12-10,51.88999938964844,52.529998779296875,51.75,52.150001525878906,52.150001525878906,964900
2012-12-11,52.04999923706055,53.400001525878906,51.9900016784668,52.36000061035156,52.36000061035156,1103700
2012-12-12,52.59000015258789,53.43000030517578,52.29999923706055,53.220001220703125,53.220001220703125,1089000
2012-12-13,53.18000030517578,53.7599983215332,52.630001068115234,53.209999084472656,53.209999084472656,994200
2012-12-14,52.97999954223633,53.11000061035156,51.08000183105469,51.220001220703125,51.220001220703125,1734700
2012-12-17,51.5,51.97999954223633,50.810001373291016,51.86000061035156,51.86000061035156,1392000
2012-12-18,52.029998779296875,52.41999816894531,51.459999084472656,51.849998474121094,51.849998474121094,902300
2012-12-19,51.77000045776367,52.540000915527344,51.290000915527344,52.16999816894531,52.16999816894531,1164100
2012-12-20,56.27000045776367,57.0,54.310001373291016,56.220001220703125,56.220001220703125,9069500
2012-12-21,55.279998779296875,56.880001068115234,55.150001525878906,56.38999938964844,56.38999938964844,2648300
2012-12-24,56.15999984741211,56.18000030517578,55.5,56.099998474121094,56.099998474121094,599100
2012-12-26,56.25,56.25,55.54999923706055,55.720001220703125,55.720001220703125,907900
2012-12-27,55.88999938964844,56.06999969482422,55.0,55.40999984741211,55.40999984741211,758100
2012-12-28,54.79999923706055,55.47999954223633,54.56999969482422,54.75,54.75,661700
2012-12-31,54.709999084472656,56.060001373291016,54.5099983215332,55.59000015258789,55.59000015258789,1341800
2013-01-02,56.099998474121094,56.58000183105469,54.7599983215332,55.41999816894531,55.41999816894531,1043700
2013-01-03,55.68000030517578,56.58000183105469,55.349998474121094,55.54999923706055,55.54999923706055,1345200
2013-01-04,55.9900016784668,56.0,54.65999984741211,54.7599983215332,54.7599983215332,2547500
2013-01-07,49.88999938964844,51.7599983215332,49.15999984741211,50.900001525878906,50.900001525878906,7788100
2013-01-08,50.77000045776367,52.869998931884766,50.27000045776367,52.38999938964844,52.38999938964844,3339000
2013-01-09,52.11000061035156,52.59000015258789,51.61000061035156,52.529998779296875,52.529998779296875,1339200
2013-01-10,52.9900016784668,54.099998474121094,52.689998626708984,53.63999938964844,53.63999938964844,1582400
2013-01-11,52.880001068115234,53.279998779296875,52.279998779296875,52.68000030517578,52.68000030517578,1296700
2013-01-14,53.0099983215332,53.2400016784668,52.369998931884766,52.619998931884766,52.619998931884766,703000
2013-01-15,52.22999954223633,52.5099983215332,51.52000045776367,51.619998931884766,51.619998931884766,856900
2013-01-16,51.43000030517578,51.599998474121094,50.459999084472656,50.59000015258789,50.59000015258789,1174400
2013-01-17,51.0,51.97999954223633,50.459999084472656,51.59000015258789,51.59000015258789,1548600
2013-01-18,52.470001220703125,52.5,50.75,51.029998779296875,51.029998779296875,1047500
2013-01-22,50.95000076293945,51.13999938964844,50.40999984741211,50.75,50.75,889000
2013-01-23,51.0,51.9900016784668,50.25,50.599998474121094,50.599998474121094,1010200
2013-01-24,50.599998474121094,51.41999816894531,50.20000076293945,50.95000076293945,50.95000076293945,1192400
2013-01-25,50.95000076293945,52.25,50.91999816894531,52.060001373291016,52.060001373291016,1021300
2013-01-28,51.939998626708984,52.7599983215332,51.40999984741211,51.619998931884766,51.619998931884766,1752500
2013-01-29,50.95000076293945,51.79999923706055,50.20000076293945,50.20000076293945,50.20000076293945,1967100
2013-01-30,50.61000061035156,51.060001373291016,50.2400016784668,50.869998931884766,50.869998931884766,1193800
2013-01-31,50.75,51.060001373291016,50.06999969482422,50.630001068115234,50.630001068115234,1951600
2013-02-01,50.619998931884766,51.70000076293945,50.59000015258789,51.5,51.5,1374900
2013-02-04,50.779998779296875,51.5,50.43000030517578,50.599998474121094,50.599998474121094,1243400
2013-02-05,50.540000915527344,51.2599983215332,50.540000915527344,51.0,51.0,954200
2013-02-06,50.630001068115234,52.290000915527344,50.54999923706055,51.81999969482422,51.81999969482422,1327500
2013-02-07,51.70000076293945,52.02000045776367,51.189998626708984,51.29999923706055,51.29999923706055,839000
2013-02-08,51.54999923706055,51.619998931884766,50.650001525878906,50.880001068115234,50.880001068115234,671600
2013-02-11,50.790000915527344,51.060001373291016,50.08000183105469,50.25,50.25,1212900
2013-02-12,50.290000915527344,50.58000183105469,49.689998626708984,50.27000045776367,50.27000045776367,1002200
2013-02-13,50.470001220703125,50.79999923706055,49.70000076293945,49.7599983215332,49.7599983215332,1194400
2013-02-14,49.7599983215332,49.79999923706055,48.38999938964844,48.790000915527344,48.790000915527344,1748500
2013-02-15,48.77000045776367,48.849998474121094,48.33000183105469,48.72999954223633,48.72999954223633,852400
2013-02-19,48.709999084472656,50.20000076293945,48.63999938964844,49.02000045776367,49.02000045776367,1242500
2013-02-20,48.97999954223633,49.7400016784668,48.349998474121094,48.810001373291016,48.810001373291016,1144700
2013-02-21,48.45000076293945,49.27000045776367,48.0,48.36000061035156,48.36000061035156,1125700
2013-02-22,48.400001525878906,49.119998931884766,48.0,49.029998779296875,49.029998779296875,895800
2013-02-25,49.029998779296875,49.27000045776367,48.58000183105469,48.7599983215332,48.7599983215332,1154300
2013-02-26,48.65999984741211,49.20000076293945,48.34000015258789,48.790000915527344,48.790000915527344,1076200
2013-02-27,48.810001373291016,49.20000076293945,48.619998931884766,49.02000045776367,49.02000045776367,860100
2013-02-28,49.18000030517578,50.470001220703125,48.90999984741211,50.130001068115234,50.130001068115234,2237200
2013-03-01,50.650001525878906,52.5,50.459999084472656,52.220001220703125,52.220001220703125,2465500
2013-03-04,51.849998474121094,52.66999816894531,51.689998626708984,52.650001525878906,52.650001525878906,1855100
2013-03-05,52.599998474121094,53.349998474121094,52.40999984741211,53.0,53.0,1269500
2013-03-06,52.880001068115234,53.86000061035156,52.68000030517578,53.2400016784668,53.2400016784668,1115000
2013-03-07,53.38999938964844,53.75,53.04999923706055,53.33000183105469,53.33000183105469,646300
2013-03-08,53.5,53.869998931884766,53.16999816894531,53.77000045776367,53.77000045776367,550500
2013-03-11,53.2400016784668,53.88999938964844,53.2400016784668,53.790000915527344,53.790000915527344,769600
2013-03-12,53.38999938964844,53.59000015258789,52.79999923706055,53.27000045776367,53.27000045776367,847900
2013-03-13,53.349998474121094,53.689998626708984,52.470001220703125,52.56999969482422,52.56999969482422,944000
2013-03-14,52.70000076293945,52.84000015258789,52.470001220703125,52.7400016784668,52.7400016784668,541300
2013-03-15,52.70000076293945,52.790000915527344,52.279998779296875,52.279998779296875,52.279998779296875,851500
2013-03-18,52.099998474121094,52.2599983215332,51.34000015258789,52.18000030517578,52.18000030517578,841800
2013-03-19,52.04999923706055,52.15999984741211,50.29999923706055,51.72999954223633,51.72999954223633,1525800
2013-03-20,52.099998474121094,53.09000015258789,51.7400016784668,52.88999938964844,52.88999938964844,970100
2013-03-21,52.61000061035156,53.41999816894531,52.5,53.130001068115234,53.130001068115234,726600
2013-03-22,53.349998474121094,53.45000076293945,52.810001373291016,52.97999954223633,52.97999954223633,422100
2013-03-25,52.880001068115234,53.400001525878906,52.790000915527344,52.880001068115234,52.880001068115234,460600
2013-03-26,52.939998626708984,53.939998626708984,52.75,53.880001068115234,53.880001068115234,643500
2013-03-27,53.5099983215332,54.060001373291016,52.9900016784668,53.97999954223633,53.97999954223633,733000
2013-03-28,53.86000061035156,54.31999969482422,53.70000076293945,54.0,54.0,1716600
2013-04-01,54.18000030517578,54.36000061035156,53.77000045776367,54.2400016784668,54.2400016784668,782500
2013-04-02,54.20000076293945,54.869998931884766,53.84000015258789,54.529998779296875,54.529998779296875,1073800
2013-04-03,54.349998474121094,54.84000015258789,53.869998931884766,54.279998779296875,54.279998779296875,1447500
2013-04-04,54.66999816894531,54.939998626708984,54.380001068115234,54.93000030517578,54.93000030517578,690600
2013-04-05,54.15999984741211,54.59000015258789,53.93000030517578,54.43000030517578,54.43000030517578,501900
2013-04-08,54.31999969482422,55.2400016784668,54.16999816894531,55.22999954223633,55.22999954223633,898100
2013-04-09,55.13999938964844,55.95000076293945,54.63999938964844,55.529998779296875,55.529998779296875,1015600
2013-04-10,55.66999816894531,57.290000915527344,55.630001068115234,57.27000045776367,57.27000045776367,1419300
2013-04-11,56.91999816894531,58.22999954223633,56.810001373291016,57.95000076293945,57.95000076293945,1305500
2013-04-12,57.369998931884766,58.0,57.34000015258789,57.84000015258789,57.84000015258789,560300
2013-04-15,58.040000915527344,58.650001525878906,55.25,55.560001373291016,55.560001373291016,1397200
2013-04-16,55.9900016784668,57.900001525878906,55.65999984741211,57.86000061035156,57.86000061035156,1131400
2013-04-17,57.720001220703125,57.86000061035156,57.130001068115234,57.66999816894531,57.66999816894531,841900
2013-04-18,58.0,58.0,56.189998626708984,56.33000183105469,56.33000183105469,955000
2013-04-19,56.75,57.0,56.0,56.09000015258789,56.09000015258789,1178300
2013-04-22,55.93000030517578,56.22999954223633,54.84000015258789,55.119998931884766,55.119998931884766,1971100
2013-04-23,60.0,63.81999969482422,59.9900016784668,62.439998626708984,62.439998626708984,6998900
2013-04-24,61.9900016784668,63.06999969482422,61.790000915527344,62.65999984741211,62.65999984741211,2192200
2013-04-25,62.380001068115234,63.0,62.310001373291016,62.540000915527344,62.540000915527344,1847000
2013-04-26,62.060001373291016,62.79999923706055,61.95000076293945,62.61000061035156,62.61000061035156,1067400
2013-04-29,62.65999984741211,64.47000122070312,62.400001525878906,64.38999938964844,64.38999938964844,1146300
2013-04-30,64.05999755859375,65.0,63.2599983215332,64.69000244140625,64.69000244140625,1352700
2013-05-01,64.62999725341797,64.95999908447266,63.779998779296875,63.81999969482422,63.81999969482422,1018500
2013-05-02,63.810001373291016,65.16000366210938,63.810001373291016,64.94999694824219,64.94999694824219,757500
2013-05-03,65.5,65.98999786376953,64.55000305175781,64.91000366210938,64.91000366210938,1120300
2013-05-06,64.5,67.0,64.5,66.2300033569336,66.2300033569336,924200
2013-05-07,65.66000366210938,66.72000122070312,65.62000274658203,66.29000091552734,66.29000091552734,892800
2013-05-08,65.45999908447266,67.27999877929688,65.45999908447266,67.06999969482422,67.06999969482422,1242700
2013-05-09,67.0,67.80999755859375,66.33999633789062,67.16000366210938,67.16000366210938,1456900
2013-05-10,67.33999633789062,77.11000061035156,66.68000030517578,69.9800033569336,69.9800033569336,7192600
2013-05-13,69.68000030517578,70.25,68.22000122070312,68.80000305175781,68.80000305175781,2079900
2013-05-14,69.19000244140625,71.52999877929688,68.69000244140625,70.73999786376953,70.73999786376953,1797000
2013-05-15,70.72000122070312,71.5999984741211,70.08999633789062,70.37000274658203,70.37000274658203,1060000
2013-05-16,70.5,71.0,69.16000366210938,69.6500015258789,69.6500015258789,1195600
2013-05-17,70.12999725341797,72.41999816894531,69.6500015258789,72.0,72.0,1571900
2013-05-20,71.91999816894531,73.87999725341797,71.76000213623047,73.08000183105469,73.08000183105469,1937500
2013-05-21,73.33999633789062,74.51000213623047,72.58000183105469,72.58000183105469,72.58000183105469,2144200
2013-05-22,72.37999725341797,72.68000030517578,69.81999969482422,70.69000244140625,70.69000244140625,2153300
2013-05-23,69.4800033569336,71.19999694824219,67.9000015258789,71.08000183105469,71.08000183105469,1576800
2013-05-24,70.38999938964844,70.77999877929688,69.80999755859375,70.30999755859375,70.30999755859375,1112000
2013-05-28,71.86000061035156,72.80000305175781,70.4000015258789,71.62000274658203,71.62000274658203,890800
2013-05-29,71.19999694824219,71.56999969482422,70.33000183105469,71.08999633789062,71.08999633789062,615000
2013-05-30,70.80000305175781,71.80000305175781,70.61000061035156,71.48999786376953,71.48999786376953,516100
2013-05-31,71.13999938964844,72.77999877929688,70.2300033569336,70.31999969482422,70.31999969482422,1271700
2013-06-03,70.94000244140625,71.43000030517578,69.26000213623047,70.87999725341797,70.87999725341797,669600
2013-06-04,70.7699966430664,71.5999984741211,69.20999908447266,69.88999938964844,69.88999938964844,808500
2013-06-05,70.16999816894531,71.41999816894531,68.77999877929688,68.88999938964844,68.88999938964844,1382400
2013-06-06,69.0999984741211,69.3499984741211,67.69999694824219,69.2300033569336,69.2300033569336,1212400
2013-06-07,69.55999755859375,70.41000366210938,69.20999908447266,69.98999786376953,69.98999786376953,749600
2013-06-10,69.5199966430664,70.43000030517578,68.0999984741211,69.7300033569336,69.7300033569336,1768400
2013-06-11,69.51000213623047,69.63999938964844,68.25,68.5,68.5,779500
2013-06-12,69.04000091552734,69.08000183105469,66.86000061035156,67.47000122070312,67.47000122070312,842100
2013-06-13,66.55000305175781,68.41999816894531,66.11000061035156,67.88999938964844,67.88999938964844,1357900
2013-06-14,67.93000030517578,68.41000366210938,67.5,67.98999786376953,67.98999786376953,765600
2013-06-17,68.55999755859375,71.2699966430664,68.55999755859375,70.62000274658203,70.62000274658203,1130700
2013-06-18,70.81999969482422,72.04000091552734,70.55999755859375,71.69000244140625,71.69000244140625,815600
2013-06-19,71.69000244140625,72.3499984741211,70.2699966430664,70.4000015258789,70.4000015258789,660300
2013-06-20,69.68000030517578,70.06999969482422,68.83999633789062,69.26000213623047,69.26000213623047,1078100
2013-06-21,69.51000213623047,70.81999969482422,69.47000122070312,69.93000030517578,69.93000030517578,1602400
2013-06-24,69.06999969482422,72.6500015258789,68.83999633789062,72.16000366210938,72.16000366210938,1374900
2013-06-25,71.9800033569336,74.41999816894531,71.94000244140625,73.66000366210938,73.66000366210938,1499400
2013-06-26,74.75,76.08000183105469,74.44000244140625,74.69000244140625,74.69000244140625,2024500
2013-06-27,75.08999633789062,75.86000061035156,74.72000122070312,74.94999694824219,74.94999694824219,1137500
2013-06-28,74.98999786376953,76.0,74.70999908447266,74.83999633789062,74.83999633789062,1452300
2013-07-01,75.20999908447266,77.13999938964844,74.6500015258789,76.2699966430664,76.2699966430664,1183700
2013-07-02,75.83000183105469,76.25,72.68000030517578,73.44000244140625,73.44000244140625,2032100
2013-07-03,73.30999755859375,74.19000244140625,72.69999694824219,73.36000061035156,73.36000061035156,1031400
2013-07-05,73.87000274658203,75.27999877929688,73.87000274658203,75.27999877929688,75.27999877929688,658900
2013-07-08,75.77999877929688,75.8499984741211,73.69999694824219,74.33000183105469,74.33000183105469,943300
2013-07-09,74.19000244140625,74.58999633789062,72.9000015258789,74.04000091552734,74.04000091552734,1077300
2013-07-10,74.05000305175781,74.77999877929688,73.8499984741211,74.62000274658203,74.62000274658203,828300
2013-07-11,75.0,76.05000305175781,74.0,76.0,76.0,1030300
2013-07-12,76.36000061035156,78.23999786376953,72.12999725341797,74.9000015258789,74.9000015258789,2287800
2013-07-15,74.5,76.44999694824219,74.5,75.63999938964844,75.63999938964844,1041400
2013-07-16,75.70999908447266,75.8499984741211,73.44999694824219,73.88999938964844,73.88999938964844,999700
2013-07-17,74.54000091552734,75.0,73.62999725341797,74.37999725341797,74.37999725341797,611900
2013-07-18,74.81999969482422,75.30000305175781,74.22000122070312,74.9000015258789,74.9000015258789,460700
2013-07-19,74.6500015258789,75.16999816894531,74.12000274658203,74.30999755859375,74.30999755859375,1250600
2013-07-22,74.2300033569336,75.25,74.01000213623047,74.7300033569336,74.7300033569336,1090100
2013-07-23,74.76000213623047,74.76000213623047,73.11000061035156,73.7699966430664,73.7699966430664,1374700
2013-07-24,79.44999694824219,83.2300033569336,78.77999877929688,81.56999969482422,81.56999969482422,4697600
2013-07-25,81.0999984741211,81.94999694824219,80.48999786376953,80.86000061035156,80.86000061035156,1175400
2013-07-26,79.8499984741211,81.73999786376953,79.70999908447266,81.44000244140625,81.44000244140625,1075100
2013-07-29,80.83000183105469,81.30000305175781,80.33000183105469,80.9000015258789,80.9000015258789,598200
2013-07-30,80.94999694824219,81.87999725341797,80.3499984741211,80.88999938964844,80.88999938964844,870800
2013-07-31,81.06999969482422,81.41999816894531,79.76000213623047,79.81999969482422,79.81999969482422,819600
2013-08-01,80.48999786376953,81.9000015258789,79.27999877929688,79.44999694824219,79.44999694824219,1073700
2013-08-02,79.94000244140625,80.0,77.06999969482422,77.27999877929688,77.27999877929688,1314800
2013-08-05,77.3499984741211,78.94999694824219,77.0,78.37000274658203,78.37000274658203,892800
2013-08-06,78.36000061035156,79.3499984741211,77.91000366210938,79.0199966430664,79.0199966430664,1053700
2013-08-07,79.18000030517578,79.18000030517578,77.62000274658203,78.55000305175781,78.55000305175781,569500
2013-08-08,78.68000030517578,78.83999633789062,77.45999908447266,78.29000091552734,78.29000091552734,534800
2013-08-09,78.44999694824219,79.25,78.33999633789062,78.70999908447266,78.70999908447266,383100
2013-08-12,77.72000122070312,79.08000183105469,77.51000213623047,78.72000122070312,78.72000122070312,439900
2013-08-13,78.55999755859375,79.94999694824219,78.12000274658203,79.63999938964844,79.63999938964844,605900
2013-08-14,79.44000244140625,80.62000274658203,79.27999877929688,79.8499984741211,79.8499984741211,530100
2013-08-15,78.43000030517578,78.9000015258789,77.55000305175781,78.06999969482422,78.06999969482422,740200
2013-08-16,77.55999755859375,78.70999908447266,76.8499984741211,77.04000091552734,77.04000091552734,1166000
2013-08-19,77.02999877929688,78.25,76.3499984741211,77.69000244140625,77.69000244140625,720700
2013-08-20,77.41000366210938,78.8499984741211,77.06999969482422,78.54000091552734,78.54000091552734,536600
2013-08-21,78.37000274658203,79.0,77.91999816894531,78.2300033569336,78.2300033569336,677900
2013-08-22,78.7699966430664,80.43000030517578,78.29000091552734,79.7300033569336,79.7300033569336,675800
2013-08-23,79.83999633789062,79.93000030517578,79.0199966430664,79.30999755859375,79.30999755859375,521800
2013-08-26,79.37999725341797,80.73999786376953,79.18000030517578,79.7300033569336,79.7300033569336,721100
2013-08-27,78.27999877929688,78.79000091552734,76.56999969482422,76.6500015258789,76.6500015258789,1082500
2013-08-28,76.30000305175781,77.68000030517578,76.01000213623047,77.20999908447266,77.20999908447266,583500
2013-08-29,77.44999694824219,78.76000213623047,77.44999694824219,77.62999725341797,77.62999725341797,762000
2013-08-30,77.77999877929688,78.68000030517578,77.33999633789062,77.83999633789062,77.83999633789062,633300
2013-09-03,78.48999786376953,79.08999633789062,75.80000305175781,76.68000030517578,76.68000030517578,1087400
2013-09-04,76.81999969482422,77.9800033569336,75.98999786376953,77.69000244140625,77.69000244140625,780000
2013-09-05,77.62000274658203,80.2699966430664,77.04000091552734,79.47000122070312,79.47000122070312,758400
2013-09-06,79.77999877929688,80.0999984741211,78.36000061035156,79.13999938964844,79.13999938964844,765100
2013-09-09,79.02999877929688,80.55000305175781,78.94999694824219,79.58000183105469,79.58000183105469,501100
2013-09-10,80.9800033569336,82.0,80.30999755859375,80.91000366210938,80.91000366210938,697700
2013-09-11,81.01000213623047,84.5,80.79000091552734,83.93000030517578,83.93000030517578,1251600
2013-09-12,83.61000061035156,83.9800033569336,81.76000213623047,83.5199966430664,83.5199966430664,999200
2013-09-13,83.44000244140625,84.8499984741211,82.8499984741211,84.55000305175781,84.55000305175781,1333600
2013-09-16,85.0,85.80999755859375,84.4000015258789,85.33999633789062,85.33999633789062,875500
2013-09-17,85.19999694824219,85.44000244140625,83.5,84.43000030517578,84.43000030517578,1413400
2013-09-18,84.0,84.69000244140625,82.30999755859375,83.25,83.25,1090800
2013-09-19,83.0,83.58999633789062,81.51000213623047,81.66999816894531,81.66999816894531,810000
2013-09-20,81.62000274658203,82.55000305175781,80.66999816894531,80.94000244140625,80.94000244140625,1305000
2013-09-23,80.86000061035156,81.77999877929688,79.33000183105469,81.62000274658203,81.62000274658203,1176500
2013-09-24,82.16999816894531,82.20999908447266,79.48999786376953,80.95999908447266,80.95999908447266,692800
2013-09-25,79.75,80.63999938964844,78.47000122070312,80.30000305175781,80.30000305175781,757400
2013-09-26,80.91999816894531,82.41000366210938,80.37999725341797,82.2300033569336,82.2300033569336,483900
2013-09-27,81.54000091552734,82.75,80.56999969482422,81.01000213623047,81.01000213623047,586300
2013-09-30,80.33999633789062,81.47000122070312,79.55999755859375,80.83000183105469,80.83000183105469,718100
2013-10-01,81.05000305175781,81.63999938964844,80.12999725341797,81.19000244140625,81.19000244140625,960800
2013-10-02,80.94000244140625,81.06999969482422,79.76000213623047,80.70999908447266,80.70999908447266,865900
2013-10-03,80.69000244140625,81.16000366210938,77.62000274658203,78.83999633789062,78.83999633789062,1337800
2013-10-04,79.29000091552734,81.5,77.58000183105469,81.19000244140625,81.19000244140625,707800
2013-10-07,80.23999786376953,81.16999816894531,78.48999786376953,78.62999725341797,78.62999725341797,574500
2013-10-08,78.47000122070312,79.93000030517578,75.55000305175781,75.58000183105469,75.58000183105469,1008500
2013-10-09,75.33000183105469,76.08000183105469,72.7699966430664,75.94999694824219,75.94999694824219,2262000
2013-10-10,76.01000213623047,78.66000366210938,75.19000244140625,78.0,78.0,1240600
2013-10-11,78.91000366210938,82.20999908447266,78.77999877929688,81.0,81.0,1296300
2013-10-14,80.23999786376953,81.94000244140625,79.41000366210938,81.19999694824219,81.19999694824219,693800
2013-10-15,81.29000091552734,81.98999786376953,80.0,80.2300033569336,80.2300033569336,717500
2013-10-16,81.02999877929688,83.5,80.56999969482422,82.62000274658203,82.62000274658203,1210000
2013-10-17,82.08999633789062,82.62000274658203,81.66000366210938,82.0999984741211,82.0999984741211,848400
2013-10-18,82.62000274658203,83.11000061035156,81.0999984741211,81.43000030517578,81.43000030517578,956700
2013-10-21,82.18000030517578,82.66999816894531,80.87999725341797,81.76000213623047,81.76000213623047,2135400
2013-10-22,86.5,90.95999908447266,86.4000015258789,90.05000305175781,90.05000305175781,5116000
2013-10-23,88.80000305175781,94.86000061035156,87.80999755859375,92.51000213623047,92.51000213623047,2000000
2013-10-24,92.51000213623047,93.16999816894531,91.01000213623047,92.80999755859375,92.80999755859375,1264300
2013-10-25,92.48999786376953,93.30999755859375,92.0,93.29000091552734,93.29000091552734,853300
2013-10-28,93.68000030517578,93.83999633789062,91.55000305175781,92.76000213623047,92.76000213623047,1029300
2013-10-29,92.98999786376953,94.43000030517578,92.05000305175781,94.37000274658203,94.37000274658203,805400
2013-10-30,94.31999969482422,94.36000061035156,92.58000183105469,93.0199966430664,93.0199966430664,1373200
2013-10-31,93.13999938964844,94.43000030517578,92.77999877929688,93.51000213623047,93.51000213623047,1132900
2013-11-01,93.4800033569336,95.97000122070312,93.0,95.70999908447266,95.70999908447266,1592000
2013-11-04,95.69000244140625,97.19000244140625,94.6500015258789,96.81999969482422,96.81999969482422,1637900
2013-11-05,96.12999725341797,96.5999984741211,95.12000274658203,95.44000244140625,95.44000244140625,1022700
2013-11-06,95.20999908447266,95.5,93.19000244140625,94.41999816894531,94.41999816894531,1000900
2013-11-07,94.37999725341797,95.1500015258789,91.6500015258789,92.98999786376953,92.98999786376953,1143900
2013-11-08,93.12999725341797,96.20999908447266,93.12999725341797,96.05000305175781,96.05000305175781,834600
2013-11-11,96.2300033569336,96.69000244140625,94.86000061035156,96.19999694824219,96.19999694824219,612100
2013-11-12,95.61000061035156,96.7300033569336,95.12999725341797,96.5199966430664,96.5199966430664,539800
2013-11-13,95.94999694824219,96.0,95.0199966430664,95.30999755859375,95.30999755859375,646200
2013-11-14,95.61000061035156,95.91999816894531,93.56999969482422,94.0999984741211,94.0999984741211,1063300
2013-11-15,93.20999908447266,94.2699966430664,93.12999725341797,93.52999877929688,93.52999877929688,885100
2013-11-18,93.52999877929688,94.02999877929688,91.80000305175781,92.0999984741211,92.0999984741211,833300
2013-11-19,92.0,92.55999755859375,91.02999877929688,91.36000061035156,91.36000061035156,832100
2013-11-20,91.27999877929688,93.86000061035156,91.26000213623047,92.30000305175781,92.30000305175781,860600
2013-11-21,93.0,99.69999694824219,92.44999694824219,98.8499984741211,98.8499984741211,1249600
2013-11-22,98.8499984741211,100.0,98.0199966430664,99.83000183105469,99.83000183105469,973100
2013-11-25,100.0,100.98999786376953,97.58000183105469,98.3499984741211,98.3499984741211,1680800
2013-11-26,97.63999938964844,98.48999786376953,96.54000091552734,98.29000091552734,98.29000091552734,1292600
2013-11-27,98.93000030517578,99.69000244140625,97.61000061035156,99.37000274658203,99.37000274658203,706600
2013-11-29,99.45999908447266,100.0,97.0999984741211,98.0,98.0,530800
2013-12-02,97.87000274658203,98.63999938964844,96.75,98.4800033569336,98.4800033569336,574200
2013-12-03,97.80000305175781,98.91999816894531,96.87000274658203,97.29000091552734,97.29000091552734,1218700
2013-12-04,96.7699966430664,98.58000183105469,96.51000213623047,98.06999969482422,98.06999969482422,1157900
2013-12-05,97.4000015258789,98.7699966430664,96.7300033569336,97.6500015258789,97.6500015258789,896200
2013-12-06,98.25,99.2699966430664,97.6500015258789,99.25,99.25,1137400
2013-12-09,99.91000366210938,101.80000305175781,99.2699966430664,101.33000183105469,101.33000183105469,1047100
2013-12-10,100.7300033569336,101.37999725341797,98.51000213623047,99.97000122070312,99.97000122070312,1037700
2013-12-11,99.8499984741211,102.66999816894531,99.05000305175781,99.26000213623047,99.26000213623047,1079300
2013-12-12,99.37999725341797,101.41999816894531,99.05000305175781,101.0,101.0,1462600
2013-12-13,101.0999984741211,102.56999969482422,100.95999908447266,102.43000030517578,102.43000030517578,1010000
2013-12-16,102.69999694824219,104.26000213623047,102.30999755859375,102.5999984741211,102.5999984741211,909300
2013-12-17,102.68000030517578,103.7300033569336,101.26000213623047,102.0,102.0,1254100
2013-12-18,103.44000244140625,104.80999755859375,102.16000366210938,104.62000274658203,104.62000274658203,1192200
2013-12-19,105.41000366210938,105.51000213623047,103.0,103.51000213623047,103.51000213623047,922700
2013-12-20,103.93000030517578,106.20999908447266,102.30000305175781,104.91999816894531,104.91999816894531,5962200
2013-12-23,105.26000213623047,109.87999725341797,105.26000213623047,107.37999725341797,107.37999725341797,1211700
2013-12-24,107.16999816894531,108.12999725341797,105.95999908447266,108.12000274658203,108.12000274658203,441100
2013-12-26,108.36000061035156,109.41999816894531,107.5199966430664,108.66000366210938,108.66000366210938,654800
2013-12-27,109.69000244140625,110.54000091552734,108.37999725341797,110.37999725341797,110.37999725341797,613600
2013-12-30,110.37000274658203,115.0,108.98999786376953,110.19999694824219,110.19999694824219,587000
2013-12-31,110.66999816894531,110.98999786376953,109.62999725341797,110.58999633789062,110.58999633789062,520000
2014-01-02,110.4800033569336,110.5999984741211,108.91000366210938,110.33999633789062,110.33999633789062,654500
2014-01-03,109.12999725341797,109.87000274658203,106.79000091552734,108.61000061035156,108.61000061035156,1088200
2014-01-06,109.19000244140625,110.16999816894531,107.44000244140625,108.87000274658203,108.87000274658203,1185800
2014-01-07,109.72000122070312,112.76000213623047,109.30999755859375,112.51000213623047,112.51000213623047,1020500
2014-01-08,112.86000061035156,114.12000274658203,112.18000030517578,113.97000122070312,113.97000122070312,1418400
2014-01-09,115.05000305175781,115.75,114.26000213623047,114.80000305175781,114.80000305175781,1472800
2014-01-10,116.12999725341797,117.5,114.16000366210938,116.66999816894531,116.66999816894531,1429900
2014-01-13,117.04000091552734,117.04000091552734,113.1500015258789,113.93000030517578,113.93000030517578,1625800
2014-01-14,114.66999816894531,122.3499984741211,113.5,121.51000213623047,121.51000213623047,4173500
2014-01-15,121.77999877929688,123.13999938964844,120.1500015258789,121.12000274658203,121.12000274658203,2382900
2014-01-16,126.94000244140625,127.0,123.75,125.26000213623047,125.26000213623047,2874700
2014-01-17,135.36000061035156,141.0,134.0,136.33999633789062,136.33999633789062,7204100
2014-01-21,141.69000244140625,142.0,139.10000610351562,141.1999969482422,141.1999969482422,3561200
2014-01-22,142.60000610351562,148.47999572753906,140.0500030517578,144.72999572753906,144.72999572753906,3528400
2014-01-23,144.08999633789062,144.36000061035156,140.66000366210938,144.10000610351562,144.10000610351562,2336900
2014-01-24,142.63999938964844,143.5,136.50999450683594,138.6199951171875,138.6199951171875,2209300
2014-01-27,136.0,142.16000366210938,135.8699951171875,140.25,140.25,2747400
2014-01-28,139.3800048828125,145.32000732421875,139.00999450683594,144.52999877929688,144.52999877929688,3572300
2014-01-29,142.97999572753906,154.99000549316406,140.0500030517578,146.6699981689453,146.6699981689453,4406100
2014-01-30,147.02000427246094,151.58999633789062,147.02000427246094,150.82000732421875,150.82000732421875,1434900
2014-01-31,145.0,154.0,144.55999755859375,152.0,152.0,2275900
2014-02-03,151.52999877929688,153.99000549316406,149.38999938964844,151.00999450683594,151.00999450683594,1923500
2014-02-04,152.17999267578125,153.4499969482422,149.75,151.58999633789062,151.58999633789062,1458300
2014-02-05,150.8300018310547,151.63999938964844,148.52000427246094,150.77999877929688,150.77999877929688,1614600
2014-02-06,151.0,152.39999389648438,148.61000061035156,150.05999755859375,150.05999755859375,1897300
2014-02-07,149.41000366210938,157.24000549316406,149.0,156.89999389648438,156.89999389648438,1409800
2014-02-10,157.02999877929688,162.3800048828125,154.2100067138672,161.74000549316406,161.74000549316406,2476000
2014-02-11,162.17999267578125,163.4600067138672,159.2899932861328,161.10000610351562,161.10000610351562,1603100
2014-02-12,161.5800018310547,162.30999755859375,158.8300018310547,158.94000244140625,158.94000244140625,2680200
2014-02-13,160.1999969482422,164.4600067138672,159.47999572753906,163.77000427246094,163.77000427246094,1908000
2014-02-14,162.85000610351562,165.4499969482422,161.0,164.3300018310547,164.3300018310547,1392100
2014-02-18,167.52999877929688,173.0,166.6999969482422,170.39999389648438,170.39999389648438,1455800
2014-02-19,170.0,173.97999572753906,169.49000549316406,170.16000366210938,170.16000366210938,1698400
2014-02-20,173.72000122070312,173.8000030517578,171.00999450683594,173.6999969482422,173.6999969482422,1566400
2014-02-21,174.9499969482422,175.75,171.52999877929688,174.0500030517578,174.0500030517578,1408600
2014-02-24,175.25999450683594,180.74000549316406,174.22999572753906,178.52999877929688,178.52999877929688,2355400
2014-02-25,180.16000366210938,180.16000366210938,175.11000061035156,179.5399932861328,179.5399932861328,1469100
2014-02-26,179.55999755859375,180.86000061035156,176.36000061035156,176.69000244140625,176.69000244140625,1781700
2014-02-27,178.9199981689453,181.60000610351562,177.3000030517578,178.11000061035156,178.11000061035156,2307900
2014-02-28,178.55999755859375,179.97999572753906,168.88999938964844,171.49000549316406,171.49000549316406,2923100
2014-03-03,171.49000549316406,175.19000244140625,167.00999450683594,172.97999572753906,172.97999572753906,2027300
2014-03-04,175.42999267578125,183.3000030517578,175.32000732421875,178.8300018310547,178.8300018310547,2575200
2014-03-05,180.27999877929688,181.5800018310547,176.00999450683594,178.2100067138672,178.2100067138672,1357400
2014-03-06,178.88999938964844,180.3699951171875,170.64999389648438,171.3699951171875,171.3699951171875,2007900
2014-03-07,173.35000610351562,174.0,164.02000427246094,168.35000610351562,168.35000610351562,4500800
2014-03-10,167.67999267578125,168.5399932861328,163.08999633789062,166.5500030517578,166.5500030517578,2504600
2014-03-11,167.2100067138672,168.97999572753906,164.99000549316406,166.6699981689453,166.6699981689453,1336000
2014-03-12,165.19000244140625,169.05999755859375,163.74000549316406,168.82000732421875,168.82000732421875,1592000
2014-03-13,168.77999877929688,169.1199951171875,157.99000549316406,159.1999969482422,159.1999969482422,2584100
2014-03-14,157.97000122070312,165.7100067138672,157.75,164.72000122070312,164.72000122070312,2564800
2014-03-17,165.52000427246094,167.0,159.5800018310547,159.72000122070312,159.72000122070312,1555200
2014-03-18,159.6699981689453,164.0,159.27999877929688,161.9600067138672,161.9600067138672,1368800
2014-03-19,163.64999389648438,163.99000549316406,159.9199981689453,161.60000610351562,161.60000610351562,899100
2014-03-20,160.5500030517578,163.0,159.72999572753906,161.35000610351562,161.35000610351562,806600
2014-03-21,158.88999938964844,162.35000610351562,152.60000610351562,152.60000610351562,152.60000610351562,4519400
2014-03-24,152.60000610351562,154.50999450683594,139.6999969482422,150.94000244140625,150.94000244140625,4494300
2014-03-25,151.9499969482422,155.0,145.35000610351562,147.88999938964844,147.88999938964844,1935000
2014-03-26,147.57000732421875,148.99000549316406,139.75,139.99000549316406,139.99000549316406,3992000
2014-03-27,139.5,146.63999938964844,133.82000732421875,142.97000122070312,142.97000122070312,3341400
2014-03-28,143.47000122070312,147.67999267578125,141.3000030517578,142.02000427246094,142.02000427246094,1733800
2014-03-31,143.5,150.1699981689453,142.5,148.66000366210938,148.66000366210938,2409700
2014-04-01,150.6699981689453,157.8800048828125,150.11000061035156,155.86000061035156,155.86000061035156,2373500
2014-04-02,157.55999755859375,162.2100067138672,155.47999572753906,156.57000732421875,156.57000732421875,1987200
2014-04-03,155.64999389648438,156.5500030517578,146.55999755859375,148.44000244140625,148.44000244140625,2134500
2014-04-04,150.64999389648438,151.39999389648438,135.3000030517578,138.57000732421875,138.57000732421875,3235200
2014-04-07,141.33999633789062,144.1999969482422,136.00999450683594,140.4600067138672,140.4600067138672,2618100
2014-04-08,140.1300048828125,143.5,135.7100067138672,141.82000732421875,141.82000732421875,1929700
2014-04-09,141.8300018310547,146.35000610351562,141.24000549316406,145.83999633789062,145.83999633789062,1207000
2014-04-10,145.02999877929688,146.55999755859375,134.0,135.74000549316406,135.74000549316406,1974100
2014-04-11,133.1199951171875,141.0,129.11000061035156,135.24000549316406,135.24000549316406,3214500
2014-04-14,135.7100067138672,138.39999389648438,130.69000244140625,131.94000244140625,131.94000244140625,2275800
2014-04-15,132.7100067138672,135.99000549316406,127.69000244140625,131.0500030517578,131.0500030517578,2394100
2014-04-16,133.0500030517578,137.07000732421875,130.36000061035156,136.22000122070312,136.22000122070312,1906700
2014-04-17,136.92999267578125,138.3300018310547,133.66000366210938,135.4499969482422,135.4499969482422,1123000
2014-04-21,135.82000732421875,141.33999633789062,134.41000366210938,141.2100067138672,141.2100067138672,1567000
2014-04-22,145.91000366210938,149.42999267578125,142.88999938964844,147.97999572753906,147.97999572753906,3802200
2014-04-23,157.50999450683594,158.5,149.30999755859375,153.69000244140625,153.69000244140625,6333600
2014-04-24,154.07000732421875,155.0,146.7899932861328,151.67999267578125,151.67999267578125,2851200
2014-04-25,148.22000122070312,150.63999938964844,139.50999450683594,139.7100067138672,139.7100067138672,2602200
2014-04-28,139.58999633789062,140.41000366210938,131.07000732421875,133.75,133.75,2393200
2014-04-29,132.57000732421875,134.7899932861328,128.3800048828125,134.1199951171875,134.1199951171875,2602600
2014-04-30,132.8000030517578,135.94000244140625,131.07000732421875,135.85000610351562,135.85000610351562,1938500
2014-05-01,135.8800048828125,141.9199981689453,133.72000122070312,139.67999267578125,139.67999267578125,2064700
2014-05-02,140.72999572753906,141.72000122070312,137.36000061035156,139.16000366210938,139.16000366210938,996200
2014-05-05,138.02999877929688,142.24000549316406,136.1300048828125,141.66000366210938,141.66000366210938,1383400
2014-05-06,141.5,144.3800048828125,138.99000549316406,139.5399932861328,139.5399932861328,1031200
2014-05-07,140.6199951171875,142.1699981689453,136.4600067138672,141.6300048828125,141.6300048828125,1374400
2014-05-08,140.8699951171875,144.89999389648438,139.4199981689453,139.9199981689453,139.9199981689453,1095300
2014-05-09,139.44000244140625,143.6300048828125,138.05999755859375,143.3300018310547,143.3300018310547,800100
2014-05-12,144.64999389648438,149.75,143.5,148.22999572753906,148.22999572753906,1717900
2014-05-13,147.8000030517578,150.3000030517578,146.52000427246094,148.8800048828125,148.8800048828125,1455800
2014-05-14,148.47999572753906,150.5,144.0,144.72999572753906,144.72999572753906,913000
2014-05-15,143.7100067138672,145.3800048828125,139.8000030517578,144.75,144.75,1069200
2014-05-16,145.74000549316406,146.0,140.60000610351562,144.02000427246094,144.02000427246094,894300
2014-05-19,145.49000549316406,153.24000549316406,144.72999572753906,152.11000061035156,152.11000061035156,1531400
2014-05-20,151.64999389648438,151.97999572753906,147.50999450683594,148.3300018310547,148.3300018310547,1015800
2014-05-21,148.52000427246094,154.57000732421875,148.52000427246094,153.97000122070312,153.97000122070312,1412200
2014-05-22,153.47000122070312,157.99000549316406,152.00999450683594,157.3800048828125,157.3800048828125,1367300
2014-05-23,158.0,160.8000030517578,156.3699951171875,159.1999969482422,159.1999969482422,1725900
2014-05-27,160.86000061035156,161.0,157.85000610351562,159.6999969482422,159.6999969482422,1093100
2014-05-28,159.1999969482422,160.86000061035156,156.24000549316406,157.38999938964844,157.38999938964844,1448900
2014-05-29,158.99000549316406,160.88999938964844,158.00999450683594,159.8699951171875,159.8699951171875,924800
2014-05-30,160.5500030517578,160.89999389648438,156.58999633789062,158.25,158.25,1289200
2014-06-02,159.5800018310547,159.5800018310547,153.17999267578125,158.67999267578125,158.67999267578125,1048300
2014-06-03,157.5,160.57000732421875,155.33999633789062,159.5800018310547,159.5800018310547,1136400
2014-06-04,158.6300048828125,163.97999572753906,158.00999450683594,160.92999267578125,160.92999267578125,1938500
2014-06-05,160.0,168.47000122070312,159.5,164.08999633789062,164.08999633789062,5857800
2014-06-06,166.4499969482422,169.10000610351562,163.11000061035156,168.9499969482422,168.9499969482422,3633200
2014-06-09,168.9199981689453,172.55999755859375,168.89999389648438,171.35000610351562,171.35000610351562,2616900
2014-06-10,172.14999389648438,175.9600067138672,170.1300048828125,175.39999389648438,175.39999389648438,3289700
2014-06-11,173.67999267578125,178.19000244140625,173.5800018310547,177.39999389648438,177.39999389648438,2373600
2014-06-12,177.02999877929688,177.02999877929688,169.5,172.00999450683594,172.00999450683594,1951000
2014-06-13,172.0,172.5,169.52000427246094,170.52999877929688,170.52999877929688,1321300
2014-06-16,170.33999633789062,173.44000244140625,166.58999633789062,169.3800048828125,169.3800048828125,1485600
2014-06-17,169.2100067138672,172.80999755859375,168.38999938964844,169.85000610351562,169.85000610351562,783200
2014-06-18,169.36000061035156,171.97999572753906,166.63999938964844,171.00999450683594,171.00999450683594,1019500
2014-06-19,172.13999938964844,173.49000549316406,170.22999572753906,172.6999969482422,172.6999969482422,733600
2014-06-20,173.8000030517578,175.72000122070312,172.7100067138672,175.02000427246094,175.02000427246094,1569200
2014-06-23,174.89999389648438,175.6699981689453,169.8800048828125,170.6699981689453,170.6699981689453,1048800
2014-06-24,170.88999938964844,173.7899932861328,167.22999572753906,168.75,168.75,1076300
2014-06-25,168.8800048828125,171.75999450683594,168.25999450683594,170.86000061035156,170.86000061035156,1319300
2014-06-26,171.39999389648438,171.82000732421875,169.19000244140625,170.97999572753906,170.97999572753906,1285400
2014-06-27,171.44000244140625,173.85000610351562,170.1300048828125,172.6999969482422,172.6999969482422,957100
2014-06-30,174.33999633789062,180.8000030517578,172.5,178.5399932861328,178.5399932861328,2261400
2014-07-01,178.58999633789062,183.1199951171875,177.86000061035156,182.6999969482422,182.6999969482422,1276700
2014-07-02,182.25,184.49000549316406,179.1699981689453,180.4600067138672,180.4600067138672,994100
2014-07-03,181.8000030517578,183.35000610351562,179.22000122070312,182.86000061035156,182.86000061035156,598600
2014-07-07,182.55999755859375,182.86000061035156,177.4499969482422,178.0399932861328,178.0399932861328,1600300
2014-07-08,177.25999450683594,177.9499969482422,170.5800018310547,170.94000244140625,170.94000244140625,2161900
2014-07-09,172.08999633789062,176.33999633789062,170.3300018310547,175.22999572753906,175.22999572753906,1766300
2014-07-10,172.1999969482422,176.22999572753906,168.52000427246094,173.99000549316406,173.99000549316406,1538800
2014-07-11,174.6300048828125,176.83999633789062,172.5,176.63999938964844,176.63999938964844,701600
2014-07-14,178.99000549316406,179.99000549316406,176.0,177.8300018310547,177.8300018310547,816300
2014-07-15,177.2100067138672,178.80999755859375,168.8000030517578,171.74000549316406,171.74000549316406,1539600
2014-07-16,172.89999389648438,174.3699951171875,170.64999389648438,171.08999633789062,171.08999633789062,967100
2014-07-17,171.44000244140625,172.8699951171875,165.3699951171875,166.16000366210938,166.16000366210938,1162400
2014-07-18,167.47000122070312,174.77999877929688,166.5,174.0500030517578,174.0500030517578,1220200
2014-07-21,173.0,176.6199951171875,170.0500030517578,175.88999938964844,175.88999938964844,1132400
2014-07-22,175.7899932861328,178.97999572753906,174.50999450683594,176.30999755859375,176.30999755859375,870800
2014-07-23,177.82000732421875,180.74000549316406,175.80999755859375,180.63999938964844,180.63999938964844,1911800
2014-07-24,183.38999938964844,185.0,170.55999755859375,171.8000030517578,171.8000030517578,2829800
2014-07-25,171.41000366210938,175.3800048828125,168.57000732421875,171.02999877929688,171.02999877929688,1134800
2014-07-28,171.08999633789062,171.7100067138672,164.17999267578125,166.0800018310547,166.0800018310547,1382600
2014-07-29,165.6199951171875,169.38999938964844,165.36000061035156,166.72999572753906,166.72999572753906,884100
2014-07-30,167.66000366210938,168.86000061035156,164.5399932861328,165.0399932861328,165.0399932861328,1031800
2014-07-31,163.1699981689453,163.5,159.52000427246094,159.91000366210938,159.91000366210938,1175700
2014-08-01,160.4199981689453,161.32000732421875,157.52999877929688,160.8699951171875,160.8699951171875,1021800
2014-08-04,160.8699951171875,162.22999572753906,157.8000030517578,161.7100067138672,161.7100067138672,939500
2014-08-05,162.25999450683594,162.25999450683594,158.32000732421875,159.77999877929688,159.77999877929688,797600
2014-08-06,157.8000030517578,161.3300018310547,156.85000610351562,159.3000030517578,159.3000030517578,635000
2014-08-07,159.69000244140625,160.9499969482422,158.1199951171875,159.17999267578125,159.17999267578125,977100
2014-08-08,162.5,167.77999877929688,160.80999755859375,167.4499969482422,167.4499969482422,1438600
2014-08-11,167.69000244140625,167.97000122070312,161.8000030517578,164.13999938964844,164.13999938964844,1389900
2014-08-12,165.33999633789062,166.27000427246094,161.89999389648438,162.9199981689453,162.9199981689453,889800
2014-08-13,163.47000122070312,167.08999633789062,163.00999450683594,166.1300048828125,166.1300048828125,922800
2014-08-14,166.4499969482422,168.0399932861328,165.0,168.00999450683594,168.00999450683594,711400
2014-08-15,169.27999877929688,169.75999450683594,164.82000732421875,168.57000732421875,168.57000732421875,1230100
2014-08-18,169.8800048828125,173.16000366210938,169.1300048828125,172.27999877929688,172.27999877929688,788900
2014-08-19,172.24000549316406,174.0,170.25,170.49000549316406,170.49000549316406,796700
2014-08-20,171.17999267578125,175.67999267578125,171.17999267578125,172.9600067138672,172.9600067138672,1050700
2014-08-21,175.25999450683594,178.0,171.19000244140625,172.08999633789062,172.08999633789062,1064100
2014-08-22,171.67999267578125,173.24000549316406,171.1999969482422,172.0,172.0,710500
2014-08-25,173.8000030517578,178.3699951171875,173.00999450683594,177.91000366210938,177.91000366210938,1056000
2014-08-26,176.49000549316406,180.55999755859375,176.07000732421875,179.4499969482422,179.4499969482422,895800
2014-08-27,180.1199951171875,181.0,177.52000427246094,179.94000244140625,179.94000244140625,1363700
2014-08-28,179.82000732421875,180.14999389648438,178.02999877929688,179.0800018310547,179.0800018310547,993700
2014-08-29,180.1300048828125,180.22999572753906,178.9499969482422,179.36000061035156,179.36000061035156,1369300
2014-09-02,180.25999450683594,180.4499969482422,178.8300018310547,179.72999572753906,179.72999572753906,926000
2014-09-03,180.64999389648438,181.9600067138672,177.2899932861328,177.77999877929688,177.77999877929688,1178300
2014-09-04,182.27000427246094,182.27000427246094,176.80999755859375,177.1999969482422,177.1999969482422,861900
2014-09-05,177.75999450683594,179.27000427246094,173.5,178.75,178.75,747400
2014-09-08,178.10000610351562,180.8000030517578,177.1300048828125,180.19000244140625,180.19000244140625,993900
2014-09-09,179.6199951171875,179.6199951171875,174.3300018310547,175.14999389648438,175.14999389648438,1095800
2014-09-10,175.0,179.0,173.67999267578125,178.13999938964844,178.13999938964844,1082700
2014-09-11,177.19000244140625,177.89999389648438,175.16000366210938,177.13999938964844,177.13999938964844,820200
2014-09-12,176.92999267578125,176.92999267578125,171.8800048828125,172.75,172.75,1012800
2014-09-15,172.75,173.27999877929688,167.5500030517578,168.10000610351562,168.10000610351562,819900
2014-09-16,166.61000061035156,173.50999450683594,164.77999877929688,173.02000427246094,173.02000427246094,1437200
2014-09-17,174.75999450683594,177.10000610351562,173.2100067138672,177.0,177.0,1358300
2014-09-18,177.05999755859375,179.19000244140625,175.22000122070312,177.9199981689453,177.9199981689453,766800
2014-09-19,179.07000732421875,180.4499969482422,171.2899932861328,172.25999450683594,172.25999450683594,2878300
2014-09-22,171.0399932861328,172.67999267578125,167.5,170.47000122070312,170.47000122070312,972100
2014-09-23,170.8800048828125,172.0,166.82000732421875,167.27000427246094,167.27000427246094,1032300
2014-09-24,167.86000061035156,169.25,166.16000366210938,168.63999938964844,168.63999938964844,971000
2014-09-25,168.4499969482422,168.4499969482422,162.02999877929688,163.8800048828125,163.8800048828125,1280200
2014-09-26,163.75,166.77999877929688,163.52999877929688,165.44000244140625,165.44000244140625,681700
2014-09-29,164.52000427246094,166.61000061035156,162.5500030517578,165.22000122070312,165.22000122070312,554400
2014-09-30,164.97000122070312,165.52000427246094,162.77999877929688,163.9199981689453,163.9199981689453,910400
2014-10-01,164.36000061035156,164.3699951171875,157.52999877929688,158.6999969482422,158.6999969482422,1280300
2014-10-02,159.63999938964844,160.7899932861328,155.52000427246094,159.5399932861328,159.5399932861328,793600
2014-10-03,162.5,165.38999938964844,162.0,163.2899932861328,163.2899932861328,1045400
2014-10-06,164.97999572753906,166.42999267578125,161.5,163.1199951171875,163.1199951171875,569200
2014-10-07,161.63999938964844,162.97999572753906,157.8000030517578,157.97000122070312,157.97000122070312,974800
2014-10-08,158.1999969482422,163.55999755859375,156.52999877929688,163.3000030517578,163.3000030517578,1178600
2014-10-09,163.5399932861328,165.7899932861328,158.80999755859375,159.2100067138672,159.2100067138672,1295100
2014-10-10,158.0,161.17999267578125,153.8699951171875,153.9199981689453,153.9199981689453,1334400
2014-10-13,153.89999389648438,155.30999755859375,149.5500030517578,150.02000427246094,150.02000427246094,1612000
2014-10-14,151.85000610351562,154.07000732421875,148.64999389648438,149.1199951171875,149.1199951171875,1174300
2014-10-15,146.5,155.86000061035156,145.1199951171875,153.58999633789062,153.58999633789062,2231300
2014-10-16,154.72000122070312,165.3800048828125,152.8000030517578,160.22999572753906,160.22999572753906,1899400
2014-10-17,163.4199981689453,167.64999389648438,161.22999572753906,164.91000366210938,164.91000366210938,1638500
2014-10-20,165.5800018310547,166.0,161.0,164.47000122070312,164.47000122070312,1872900
2014-10-21,180.4499969482422,180.8000030517578,174.00999450683594,179.5500030517578,179.5500030517578,3662700
2014-10-22,180.8000030517578,188.97999572753906,178.11000061035156,184.82000732421875,184.82000732421875,2684400
2014-10-23,187.5500030517578,190.86000061035156,184.66000366210938,185.83999633789062,185.83999633789062,2121400
2014-10-24,185.83999633789062,189.4199981689453,185.83999633789062,189.1199951171875,189.1199951171875,1237500
2014-10-27,189.83999633789062,192.49000549316406,187.50999450683594,191.30999755859375,191.30999755859375,1343600
2014-10-28,192.02000427246094,192.8699951171875,189.05999755859375,190.64999389648438,190.64999389648438,1040600
2014-10-29,190.00999450683594,191.83999633789062,185.60000610351562,188.8800048828125,188.8800048828125,831400
2014-10-30,189.13999938964844,194.77000427246094,187.1999969482422,193.4199981689453,193.4199981689453,1277300
2014-10-31,195.0,197.3699951171875,190.52000427246094,192.5800018310547,192.5800018310547,1248100
2014-11-03,192.5800018310547,196.8300018310547,192.5800018310547,194.3300018310547,194.3300018310547,1048800
2014-11-04,192.27999877929688,194.5,189.63999938964844,191.41000366210938,191.41000366210938,792300
2014-11-05,194.1199951171875,194.1300048828125,184.8300018310547,186.3699951171875,186.3699951171875,1126000
2014-11-06,188.22000122070312,190.88999938964844,186.89999389648438,189.8699951171875,189.8699951171875,850800
2014-11-07,189.41000366210938,189.69000244140625,185.32000732421875,186.35000610351562,186.35000610351562,1179100
2014-11-10,186.35000610351562,190.17999267578125,186.30999755859375,188.27000427246094,188.27000427246094,1226900
2014-11-11,188.5,189.5,186.92999267578125,188.0399932861328,188.0399932861328,710200
2014-11-12,188.3000030517578,188.58999633789062,186.11000061035156,186.9199981689453,186.9199981689453,529800
2014-11-13,187.0,191.6199951171875,183.83999633789062,185.0,185.0,1197300
2014-11-14,185.0,186.0,178.1199951171875,180.5,180.5,1833900
2014-11-17,178.25999450683594,184.39999389648438,176.92999267578125,182.91000366210938,182.91000366210938,1301300
2014-11-18,183.0,191.9499969482422,182.9600067138672,189.85000610351562,189.85000610351562,1181000
2014-11-19,188.27999877929688,190.91000366210938,187.5,190.02999877929688,190.02999877929688,661800
2014-11-20,189.36000061035156,189.36000061035156,185.22999572753906,186.25999450683594,186.25999450683594,900700
2014-11-21,190.52000427246094,191.1999969482422,185.5399932861328,185.8300018310547,185.8300018310547,796400
2014-11-24,186.00999450683594,191.35000610351562,185.92999267578125,191.16000366210938,191.16000366210938,903100
2014-11-25,191.16000366210938,192.7899932861328,188.7899932861328,189.2100067138672,189.2100067138672,1604200
2014-11-26,189.1999969482422,192.1300048828125,187.00999450683594,191.89999389648438,191.89999389648438,656100
2014-11-28,192.75999450683594,192.8699951171875,188.16000366210938,190.88999938964844,190.88999938964844,626300
2014-12-01,189.89999389648438,190.88999938964844,186.5,189.6300048828125,189.6300048828125,799100
2014-12-02,189.32000732421875,190.88999938964844,185.80999755859375,188.1699981689453,188.1699981689453,1186400
2014-12-03,188.7100067138672,191.9600067138672,187.02999877929688,191.25,191.25,1121200
2014-12-04,191.0,195.07000732421875,189.66000366210938,190.8300018310547,190.8300018310547,1161800
2014-12-05,192.97999572753906,196.0,189.0,189.89999389648438,189.89999389648438,1184200
2014-12-08,189.35000610351562,192.58999633789062,187.72999572753906,189.88999938964844,189.88999938964844,890600
2014-12-09,187.08999633789062,188.4499969482422,183.64999389648438,187.30999755859375,187.30999755859375,736200
2014-12-10,187.30999755859375,188.8699951171875,183.16000366210938,183.86000061035156,183.86000061035156,947200
2014-12-11,183.58999633789062,188.19000244140625,183.5500030517578,186.8300018310547,186.8300018310547,819600
2014-12-12,184.16000366210938,187.27000427246094,183.39999389648438,184.3000030517578,184.3000030517578,660600
2014-12-15,185.7100067138672,185.7100067138672,178.16000366210938,178.30999755859375,178.30999755859375,1470500
2014-12-16,177.80999755859375,181.00999450683594,172.08999633789062,175.17999267578125,175.17999267578125,1241900
2014-12-17,174.6999969482422,181.3699951171875,174.00999450683594,181.2100067138672,181.2100067138672,1265500
2014-12-18,184.1300048828125,187.4600067138672,183.13999938964844,187.2899932861328,187.2899932861328,1405100
2014-12-19,187.8000030517578,190.39999389648438,184.6699981689453,189.97000122070312,189.97000122070312,1471800
2014-12-22,189.9600067138672,191.63999938964844,187.1699981689453,189.42999267578125,189.42999267578125,794900
2014-12-23,189.5,189.99000549316406,182.8800048828125,183.5,183.5,1060500
2014-12-24,183.22999572753906,188.8800048828125,182.66000366210938,186.22000122070312,186.22000122070312,378400
2014-12-26,186.22000122070312,189.4199981689453,184.92999267578125,188.1999969482422,188.1999969482422,533100
2014-12-29,188.1999969482422,189.8800048828125,185.16000366210938,189.52999877929688,189.52999877929688,621700
2014-12-30,188.5,190.3300018310547,185.6300048828125,186.2899932861328,186.2899932861328,583700
2014-12-31,186.47000122070312,189.64999389648438,184.16000366210938,184.5800018310547,184.5800018310547,510000
2015-01-02,186.1699981689453,189.99000549316406,183.9499969482422,185.4199981689453,185.4199981689453,1531700
2015-01-05,185.4199981689453,193.77000427246094,184.47999572753906,190.72000122070312,190.72000122070312,1548500
2015-01-06,190.4499969482422,192.89999389648438,185.80999755859375,188.30999755859375,188.30999755859375,1139700
2015-01-07,189.17999267578125,197.0,188.1300048828125,194.9199981689453,194.9199981689453,2363100
2015-01-08,197.82000732421875,199.47000122070312,194.88999938964844,196.82000732421875,196.82000732421875,1737600
2015-01-09,198.24000549316406,199.47999572753906,194.4499969482422,194.8000030517578,194.8000030517578,1256000
2015-01-12,195.9199981689453,198.75,180.02000427246094,190.10000610351562,190.10000610351562,3059200
2015-01-13,192.55999755859375,193.1699981689453,182.1999969482422,185.08999633789062,185.08999633789062,1877100
2015-01-14,181.9600067138672,184.35000610351562,179.3000030517578,182.41000366210938,182.41000366210938,1237400
2015-01-15,182.44000244140625,185.49000549316406,179.36000061035156,180.91000366210938,180.91000366210938,1702900
2015-01-16,181.19000244140625,184.25,179.60000610351562,183.82000732421875,183.82000732421875,1430300
2015-01-20,185.0,196.99000549316406,184.39999389648438,196.72999572753906,196.72999572753906,2364600
2015-01-21,193.49000549316406,194.2899932861328,189.0,191.77000427246094,191.77000427246094,2073700
2015-01-22,192.4499969482422,194.3800048828125,185.6999969482422,193.88999938964844,193.88999938964844,1430700
2015-01-23,194.2899932861328,199.4600067138672,194.10000610351562,197.16000366210938,197.16000366210938,1632600
2015-01-26,197.9499969482422,201.9499969482422,195.61000061035156,201.67999267578125,201.67999267578125,1316800
2015-01-27,198.89999389648438,206.0,197.02000427246094,203.25,203.25,1660700
2015-01-28,208.74000549316406,213.3300018310547,197.55999755859375,197.86000061035156,197.86000061035156,2261500
2015-01-29,198.0,201.6699981689453,193.4499969482422,200.0,200.0,1423500
2015-01-30,198.6199951171875,202.0,195.0,195.19000244140625,195.19000244140625,1471600
2015-02-02,195.3699951171875,196.75999450683594,190.24000549316406,194.77000427246094,194.77000427246094,1293200
2015-02-03,193.22999572753906,194.8000030517578,187.1999969482422,193.0,193.0,1593600
2015-02-04,191.47000122070312,193.75,188.91000366210938,192.02999877929688,192.02999877929688,899800
2015-02-05,193.0,194.77999877929688,192.16000366210938,194.50999450683594,194.50999450683594,1157900
2015-02-06,195.1699981689453,195.85000610351562,191.7899932861328,192.63999938964844,192.63999938964844,1297400
2015-02-09,192.0,194.6199951171875,190.5399932861328,192.27000427246094,192.27000427246094,1134900
2015-02-10,192.88999938964844,194.77999877929688,192.27999877929688,194.00999450683594,194.00999450683594,817800
2015-02-11,193.47999572753906,196.72000122070312,193.36000061035156,195.6699981689453,195.6699981689453,957000
2015-02-12,196.52000427246094,197.22000122070312,193.61000061035156,196.72999572753906,196.72999572753906,630400
2015-02-13,197.0399932861328,198.67999267578125,195.6199951171875,198.5399932861328,198.5399932861328,535400
2015-02-17,197.2899932861328,199.10000610351562,196.05999755859375,198.86000061035156,198.86000061035156,711100
2015-02-18,199.0,199.8000030517578,197.0,198.6199951171875,198.6199951171875,479300
2015-02-19,196.74000549316406,202.61000061035156,196.74000549316406,202.33999633789062,202.33999633789062,1099400
2015-02-20,203.2899932861328,203.8800048828125,200.07000732421875,203.13999938964844,203.13999938964844,750500
2015-02-23,203.44000244140625,203.75,200.1699981689453,200.9499969482422,200.9499969482422,652600
2015-02-24,200.0399932861328,200.8000030517578,197.25,199.6999969482422,199.6999969482422,625600
2015-02-25,198.10000610351562,199.6300048828125,194.5,196.22000122070312,196.22000122070312,928500
2015-02-26,196.44000244140625,198.88999938964844,193.17999267578125,198.4600067138672,198.4600067138672,714200
2015-02-27,196.63999938964844,199.39999389648438,195.35000610351562,195.4600067138672,195.4600067138672,537200
2015-03-02,194.11000061035156,196.83999633789062,192.5,194.05999755859375,194.05999755859375,965100
2015-03-03,194.1300048828125,196.3800048828125,190.77999877929688,196.02999877929688,196.02999877929688,1078400
2015-03-04,194.86000061035156,196.25,192.36000061035156,192.67999267578125,192.67999267578125,791100
2015-03-05,191.60000610351562,200.25999450683594,191.58999633789062,200.1300048828125,200.1300048828125,1493500
2015-03-06,198.6199951171875,199.49000549316406,192.69000244140625,193.13999938964844,193.13999938964844,1099100
2015-03-09,194.13999938964844,194.97999572753906,192.0,193.07000732421875,193.07000732421875,735900
2015-03-10,191.75,195.11000061035156,188.77000427246094,193.1199951171875,193.1199951171875,1077800
2015-03-11,193.55999755859375,193.55999755859375,190.0,190.24000549316406,190.24000549316406,819900
2015-03-12,189.89999389648438,190.11000061035156,187.7100067138672,188.11000061035156,188.11000061035156,1043700
2015-03-13,186.6699981689453,189.58999633789062,185.13999938964844,188.2100067138672,188.2100067138672,1023400
2015-03-16,189.66000366210938,196.99000549316406,189.05999755859375,196.72000122070312,196.72000122070312,1148000
2015-03-17,193.94000244140625,194.91000366210938,191.14999389648438,194.5,194.5,904000
2015-03-18,195.10000610351562,196.97999572753906,192.10000610351562,195.08999633789062,195.08999633789062,679200
2015-03-19,196.2899932861328,200.13999938964844,194.99000549316406,199.80999755859375,199.80999755859375,1115900
2015-03-20,201.52000427246094,202.85000610351562,195.11000061035156,196.02000427246094,196.02000427246094,1458700
2015-03-23,192.80999755859375,194.77999877929688,191.10000610351562,192.10000610351562,192.10000610351562,972100
2015-03-24,192.69000244140625,195.10000610351562,190.17999267578125,190.91000366210938,190.91000366210938,1019800
2015-03-25,191.4499969482422,192.44000244140625,183.1699981689453,183.27999877929688,183.27999877929688,1445400
2015-03-26,182.10000610351562,186.49000549316406,178.52000427246094,184.3699951171875,184.3699951171875,1146900
2015-03-27,184.6199951171875,187.39999389648438,184.22999572753906,187.1699981689453,187.1699981689453,693800
2015-03-30,188.8300018310547,191.14999389648438,186.39999389648438,187.6199951171875,187.6199951171875,784300
2015-03-31,186.52000427246094,187.33999633789062,184.9499969482422,185.63999938964844,185.63999938964844,1145600
2015-04-01,185.8699951171875,186.32000732421875,180.57000732421875,182.2100067138672,182.2100067138672,1164500
2015-04-02,182.8699951171875,183.8300018310547,181.24000549316406,183.00999450683594,183.00999450683594,950900
2015-04-06,181.32000732421875,184.36000061035156,181.27999877929688,182.7899932861328,182.7899932861328,969200
2015-04-07,182.75,188.61000061035156,182.22999572753906,182.75999450683594,182.75999450683594,1010500
2015-04-08,183.77000427246094,186.8800048828125,182.9600067138672,185.32000732421875,185.32000732421875,844100
2015-04-09,185.6300048828125,186.91000366210938,183.3000030517578,186.33999633789062,186.33999633789062,997300
2015-04-10,186.99000549316406,189.7100067138672,185.74000549316406,188.16000366210938,188.16000366210938,541700
2015-04-13,187.22000122070312,191.80999755859375,187.11000061035156,190.33999633789062,190.33999633789062,897200
2015-04-14,190.16000366210938,191.41000366210938,187.02000427246094,188.16000366210938,188.16000366210938,767900
2015-04-15,188.3699951171875,191.17999267578125,187.0500030517578,190.4600067138672,190.4600067138672,888000
2015-04-16,190.99000549316406,193.85000610351562,189.0800018310547,193.02000427246094,193.02000427246094,904700
2015-04-17,191.11000061035156,192.27000427246094,189.52000427246094,191.16000366210938,191.16000366210938,1083500
2015-04-20,192.41000366210938,195.92999267578125,190.83999633789062,193.17999267578125,193.17999267578125,1168900
2015-04-21,194.5399932861328,200.5800018310547,193.5,199.30999755859375,199.30999755859375,2286600
2015-04-22,198.77999877929688,199.47999572753906,187.4499969482422,190.0399932861328,190.0399932861328,4835600
2015-04-23,191.19000244140625,193.17999267578125,186.11000061035156,192.60000610351562,192.60000610351562,1970700
2015-04-24,192.4499969482422,192.97000122070312,188.9199981689453,189.58999633789062,189.58999633789062,840900
2015-04-27,190.0399932861328,193.55999755859375,183.3000030517578,183.7100067138672,183.7100067138672,1675000
2015-04-28,184.6999969482422,186.25999450683594,178.67999267578125,184.3800048828125,184.3800048828125,1448200
2015-04-29,184.86000061035156,186.67999267578125,181.85000610351562,186.5,186.5,1227500
2015-04-30,185.8800048828125,187.7899932861328,182.10000610351562,184.25,184.25,1610200
2015-05-01,185.8300018310547,191.4199981689453,185.50999450683594,191.22999572753906,191.22999572753906,1440200
2015-05-04,190.60000610351562,191.5,187.00999450683594,189.64999389648438,189.64999389648438,922900
2015-05-05,188.4199981689453,189.36000061035156,185.10000610351562,187.0399932861328,187.0399932861328,1263500
2015-05-06,187.7899932861328,189.0,186.00999450683594,188.5500030517578,188.5500030517578,1024500
2015-05-07,188.42999267578125,192.99000549316406,187.1999969482422,190.82000732421875,190.82000732421875,1642400
2015-05-08,192.77000427246094,196.75,191.1199951171875,195.80999755859375,195.80999755859375,1458900
2015-05-11,196.49000549316406,197.83999633789062,195.0,197.5399932861328,197.5399932861328,1033700
2015-05-12,195.72000122070312,197.41000366210938,194.61000061035156,196.97000122070312,196.97000122070312,1131200
2015-05-13,197.13999938964844,198.3000030517578,195.1300048828125,198.22999572753906,198.22999572753906,1465900
2015-05-14,198.10000610351562,200.0800018310547,196.72999572753906,198.9199981689453,198.9199981689453,1598000
2015-05-15,200.0,200.10000610351562,198.05999755859375,199.07000732421875,199.07000732421875,963700
2015-05-18,198.52999877929688,201.19000244140625,198.5,200.75999450683594,200.75999450683594,958800
2015-05-19,200.77000427246094,202.8800048828125,200.05999755859375,202.13999938964844,202.13999938964844,877200
2015-05-20,202.27999877929688,203.14999389648438,199.80999755859375,201.97000122070312,201.97000122070312,1311200
2015-05-21,202.2100067138672,203.66000366210938,202.0,203.1199951171875,203.1199951171875,766800
2015-05-22,203.39999389648438,205.72999572753906,203.0,205.0,205.0,1088400
2015-05-26,204.36000061035156,206.3300018310547,202.5800018310547,205.08999633789062,205.08999633789062,1296000
2015-05-27,206.6199951171875,210.4499969482422,205.75,209.47000122070312,209.47000122070312,1682300
2015-05-28,209.6999969482422,210.44000244140625,207.1300048828125,208.6199951171875,208.6199951171875,925700
2015-05-29,208.6199951171875,208.89999389648438,205.41000366210938,206.0800018310547,206.0800018310547,970200
2015-06-01,206.50999450683594,206.99000549316406,204.1999969482422,205.44000244140625,205.44000244140625,803900
2015-06-02,205.77999877929688,205.99000549316406,202.75,205.19000244140625,205.19000244140625,675100
2015-06-03,206.25,209.1300048828125,205.3000030517578,208.91000366210938,208.91000366210938,998400
2015-06-04,207.4600067138672,209.2899932861328,207.27000427246094,207.9600067138672,207.9600067138672,1042500
2015-06-05,207.49000549316406,211.5399932861328,206.39999389648438,210.2100067138672,210.2100067138672,1108700
2015-06-08,208.3800048828125,211.25,203.57000732421875,210.66000366210938,210.66000366210938,1958000
2015-06-09,210.0,215.74000549316406,209.0,215.58999633789062,215.58999633789062,2314600
2015-06-10,214.24000549316406,216.89999389648438,211.41000366210938,215.4499969482422,215.4499969482422,1381400
2015-06-11,216.75,219.08999633789062,214.92999267578125,217.80999755859375,217.80999755859375,967800
2015-06-12,216.11000061035156,217.0,213.3699951171875,215.27000427246094,215.27000427246094,1074600
2015-06-15,215.8300018310547,215.89999389648438,213.11000061035156,215.07000732421875,215.07000732421875,930500
2015-06-16,215.75999450683594,217.1300048828125,213.77000427246094,215.94000244140625,215.94000244140625,934700
2015-06-17,216.82000732421875,217.0800018310547,214.41000366210938,215.3699951171875,215.3699951171875,639200
2015-06-18,216.10000610351562,220.0,216.10000610351562,218.77000427246094,218.77000427246094,890200
2015-06-19,219.32000732421875,219.5800018310547,216.6699981689453,218.08999633789062,218.08999633789062,915900
2015-06-22,219.99000549316406,220.61000061035156,218.22000122070312,220.00999450683594,220.00999450683594,889100
2015-06-23,219.8699951171875,221.3300018310547,218.1300048828125,220.75,220.75,1444200
2015-06-24,220.0,223.0800018310547,219.02999877929688,220.1699981689453,220.1699981689453,1737800
2015-06-25,222.16000366210938,223.0,218.5,219.0,219.0,1460000
2015-06-26,218.2100067138672,220.16000366210938,215.02000427246094,218.05999755859375,218.05999755859375,3423600
2015-06-29,215.6300048828125,218.60000610351562,213.69000244140625,213.97999572753906,213.97999572753906,1568000
2015-06-30,216.47000122070312,218.8300018310547,215.39999389648438,218.36000061035156,218.36000061035156,1222300
2015-07-01,220.6999969482422,223.3800048828125,219.52999877929688,220.67999267578125,220.67999267578125,1664300
2015-07-02,222.16000366210938,222.1999969482422,219.25,220.07000732421875,220.07000732421875,933500
2015-07-06,218.6999969482422,221.8699951171875,217.60000610351562,220.50999450683594,220.50999450683594,1395600
2015-07-07,221.6199951171875,221.99000549316406,218.0,221.77000427246094,221.77000427246094,1235500
2015-07-08,220.5,221.05999755859375,213.30999755859375,213.89999389648438,213.89999389648438,1873700
2015-07-09,216.36000061035156,218.9499969482422,216.0,217.1699981689453,217.1699981689453,1293800
2015-07-10,219.80999755859375,220.17999267578125,216.4199981689453,219.4499969482422,219.4499969482422,898200
2015-07-13,222.75,222.75,220.50999450683594,221.47000122070312,221.47000122070312,818200
2015-07-14,222.0,230.3300018310547,220.67999267578125,229.25999450683594,229.25999450683594,1559100
2015-07-15,231.5800018310547,232.0,228.3000030517578,229.0800018310547,229.0800018310547,1092500
2015-07-16,231.1999969482422,231.5,228.0800018310547,230.86000061035156,230.86000061035156,778000
2015-07-17,232.52000427246094,240.0,230.0,239.75999450683594,239.75999450683594,1732500
2015-07-20,240.83999633789062,242.3699951171875,238.9499969482422,240.02000427246094,240.02000427246094,1660900
2015-07-21,240.1999969482422,240.77999877929688,232.0800018310547,237.5399932861328,237.5399932861328,2384400
2015-07-22,210.94000244140625,220.0,207.02000427246094,217.49000549316406,217.49000549316406,6825300
2015-07-23,219.4600067138672,220.19000244140625,212.32000732421875,219.94000244140625,219.94000244140625,2948200
2015-07-24,219.86000061035156,223.24000549316406,217.02999877929688,221.10000610351562,221.10000610351562,1831000
2015-07-27,218.9199981689453,219.39999389648438,214.00999450683594,217.27000427246094,217.27000427246094,1488800
2015-07-28,219.4499969482422,219.7899932861328,215.44000244140625,217.82000732421875,217.82000732421875,1270800
2015-07-29,217.92999267578125,219.66000366210938,214.72999572753906,217.19000244140625,217.19000244140625,953600
2015-07-30,216.75,219.60000610351562,215.11000061035156,218.8699951171875,218.8699951171875,722300
2015-07-31,218.9199981689453,220.86000061035156,218.11000061035156,219.3000030517578,219.3000030517578,707400
2015-08-03,219.97000122070312,220.52000427246094,214.02000427246094,216.6999969482422,216.6999969482422,726800
2015-08-04,216.2899932861328,217.9199981689453,213.3300018310547,214.30999755859375,214.30999755859375,800700
2015-08-05,217.5,219.36000061035156,215.1199951171875,215.86000061035156,215.86000061035156,798700
2015-08-06,216.77000427246094,217.4600067138672,208.02000427246094,209.66000366210938,209.66000366210938,1639900
2015-08-07,209.27999877929688,211.7100067138672,207.0,210.5,210.5,1210400
2015-08-10,212.08999633789062,213.0,209.3699951171875,211.77000427246094,211.77000427246094,2302500
2015-08-11,211.3699951171875,212.5500030517578,206.7100067138672,208.58999633789062,208.58999633789062,1161700
2015-08-12,205.0,208.0,201.75,207.36000061035156,207.36000061035156,1401700
2015-08-13,207.7100067138672,209.89999389648438,206.0,208.83999633789062,208.83999633789062,1344100
2015-08-14,207.5399932861328,209.22999572753906,207.00999450683594,208.07000732421875,208.07000732421875,683200
2015-08-17,206.0500030517578,209.36000061035156,206.0,207.91000366210938,207.91000366210938,1614700
2015-08-18,207.6999969482422,209.5,205.86000061035156,207.0,207.0,1024800
2015-08-19,206.89999389648438,207.4499969482422,204.5500030517578,205.64999389648438,205.64999389648438,1047200
2015-08-20,204.39999389648438,205.0,200.35000610351562,200.42999267578125,200.42999267578125,1129000
2015-08-21,198.75,202.5399932861328,197.82000732421875,199.9499969482422,199.9499969482422,1850100
2015-08-24,184.2899932861328,199.07000732421875,179.1999969482422,191.77000427246094,191.77000427246094,2143600
2015-08-25,196.1300048828125,198.47999572753906,189.6300048828125,189.63999938964844,189.63999938964844,1364900
2015-08-26,195.36000061035156,197.13999938964844,188.33999633789062,195.6999969482422,195.6999969482422,2796000
2015-08-27,198.80999755859375,202.39999389648438,198.0399932861328,201.94000244140625,201.94000244140625,1638200
2015-08-28,201.0,203.0,199.13999938964844,201.6999969482422,201.6999969482422,1392000
2015-08-31,201.5800018310547,203.99000549316406,196.94000244140625,197.61000061035156,197.61000061035156,1316700
2015-09-01,194.55999755859375,197.75,191.8699951171875,193.1300048828125,193.1300048828125,1365300
2015-09-02,196.0800018310547,198.11000061035156,193.6300048828125,198.11000061035156,198.11000061035156,637900
2015-09-03,199.11000061035156,200.0,194.6300048828125,195.4499969482422,195.4499969482422,1112600
2015-09-04,192.6300048828125,195.24000549316406,191.5,193.16000366210938,193.16000366210938,737900
2015-09-08,195.75999450683594,198.5500030517578,193.5500030517578,198.4199981689453,198.4199981689453,1163300
2015-09-09,199.32000732421875,199.47999572753906,195.9499969482422,196.74000549316406,196.74000549316406,944800
2015-09-10,197.0,200.47999572753906,196.1199951171875,199.9499969482422,199.9499969482422,1154900
2015-09-11,198.72999572753906,207.22999572753906,198.38999938964844,206.41000366210938,206.41000366210938,1846100
2015-09-14,205.1699981689453,206.69000244140625,202.63999938964844,206.02000427246094,206.02000427246094,1303900
2015-09-15,206.2899932861328,207.05999755859375,204.5,205.7100067138672,205.7100067138672,857900
2015-09-16,205.47000122070312,206.8000030517578,203.5500030517578,205.2899932861328,205.2899932861328,869900
2015-09-17,205.82000732421875,213.27000427246094,205.5500030517578,210.05999755859375,210.05999755859375,1220600
2015-09-18,209.6699981689453,210.38999938964844,206.63999938964844,208.8800048828125,208.8800048828125,1337600
2015-09-21,209.72999572753906,209.99000549316406,199.02000427246094,200.19000244140625,200.19000244140625,1266400
2015-09-22,197.0,198.11000061035156,190.61000061035156,193.08999633789062,193.08999633789062,1876700
2015-09-23,193.08999633789062,194.55999755859375,189.7100067138672,189.92999267578125,189.92999267578125,1183400
2015-09-24,189.6999969482422,190.6300048828125,184.27000427246094,188.27999877929688,188.27999877929688,1220600
2015-09-25,190.22000122070312,191.2100067138672,170.2899932861328,175.5399932861328,175.5399932861328,2896300
2015-09-28,173.1999969482422,174.5,161.2100067138672,167.50999450683594,167.50999450683594,3653300
2015-09-29,165.64999389648438,174.52000427246094,164.63999938964844,169.82000732421875,169.82000732421875,3248000
2015-09-30,173.60000610351562,177.2899932861328,171.89999389648438,175.82000732421875,175.82000732421875,2631200
2015-10-01,168.10000610351562,168.60000610351562,156.57000732421875,157.2100067138672,157.2100067138672,4702200
2015-10-02,154.99000549316406,163.86000061035156,153.4600067138672,163.61000061035156,163.61000061035156,3169300
2015-10-05,165.0,165.92999267578125,159.75999450683594,163.1699981689453,163.1699981689453,2994400
2015-10-06,133.42999267578125,148.38999938964844,130.0,145.80999755859375,145.80999755859375,17174300
2015-10-07,146.16000366210938,149.50999450683594,142.91000366210938,145.94000244140625,145.94000244140625,3378900
2015-10-08,144.6199951171875,144.8000030517578,139.22999572753906,140.3699951171875,140.3699951171875,3444400
2015-10-09,141.27999877929688,148.8000030517578,140.33999633789062,147.77000427246094,147.77000427246094,2130900
2015-10-12,148.1699981689453,148.5,145.4499969482422,146.60000610351562,146.60000610351562,1035100
2015-10-13,146.52999877929688,149.99000549316406,145.19000244140625,145.42999267578125,145.42999267578125,1318500
2015-10-14,145.74000549316406,148.0500030517578,144.0800018310547,144.5399932861328,144.5399932861328,1148900
2015-10-15,144.5,152.14999389648438,144.14999389648438,151.83999633789062,151.83999633789062,1852000
2015-10-16,152.0,152.8000030517578,148.44000244140625,150.22000122070312,150.22000122070312,1600800
2015-10-19,149.72999572753906,151.4499969482422,146.11000061035156,147.47999572753906,147.47999572753906,1844800
2015-10-20,147.33999633789062,148.4600067138672,143.44000244140625,145.10000610351562,145.10000610351562,3092200
2015-10-21,153.83999633789062,153.83999633789062,136.33999633789062,140.1699981689453,140.1699981689453,2671800
2015-10-22,140.6999969482422,144.32000732421875,137.74000549316406,142.0800018310547,142.0800018310547,2193500
2015-10-23,145.6999969482422,149.1199951171875,143.8000030517578,147.42999267578125,147.42999267578125,1847500
2015-10-26,147.0,149.1699981689453,145.0399932861328,147.64999389648438,147.64999389648438,1378600
2015-10-27,147.33999633789062,148.99000549316406,143.77999877929688,145.02999877929688,145.02999877929688,1507500
2015-10-28,144.77999877929688,147.3800048828125,143.0,146.9600067138672,146.9600067138672,1201000
2015-10-29,146.49000549316406,148.9600067138672,144.77999877929688,145.72000122070312,145.72000122070312,874400
2015-10-30,145.42999267578125,146.8000030517578,141.49000549316406,143.27999877929688,143.27999877929688,1403200
2015-11-02,144.4199981689453,149.22000122070312,142.92999267578125,148.83999633789062,148.83999633789062,1120200
2015-11-03,147.75,155.30999755859375,146.82000732421875,152.86000061035156,152.86000061035156,2143200
2015-11-04,152.63999938964844,159.16000366210938,151.0800018310547,159.05999755859375,159.05999755859375,2162100
2015-11-05,159.07000732421875,159.8699951171875,154.08999633789062,154.75,154.75,1689000
2015-11-06,154.99000549316406,157.3800048828125,153.61000061035156,155.83999633789062,155.83999633789062,1066800
2015-11-09,155.36000061035156,155.85000610351562,152.80999755859375,154.61000061035156,154.61000061035156,1587100
2015-11-10,154.63999938964844,155.7899932861328,152.36000061035156,153.3000030517578,153.3000030517578,1842200
2015-11-11,154.0,155.64999389648438,152.60000610351562,154.97000122070312,154.97000122070312,931600
2015-11-12,154.5,158.6699981689453,153.1999969482422,155.38999938964844,155.38999938964844,1092600
2015-11-13,163.52000427246094,168.24000549316406,161.7899932861328,165.64999389648438,165.64999389648438,4768200
2015-11-16,165.4600067138672,170.8699951171875,162.75999450683594,170.11000061035156,170.11000061035156,3160100
2015-11-17,170.42999267578125,175.94000244140625,170.36000061035156,173.47999572753906,173.47999572753906,2799200
2015-11-18,173.44000244140625,178.9499969482422,172.5500030517578,176.42999267578125,176.42999267578125,23572600
2015-11-19,176.47999572753906,176.5,172.5500030517578,173.77000427246094,173.77000427246094,3119100
2015-11-20,175.1999969482422,175.77999877929688,172.66000366210938,174.33999633789062,174.33999633789062,1730600
2015-11-23,174.5399932861328,175.99000549316406,171.4600067138672,174.6199951171875,174.6199951171875,1438300
2015-11-24,172.77999877929688,176.4499969482422,171.52000427246094,176.2899932861328,176.2899932861328,1791800
2015-11-25,177.25999450683594,181.4199981689453,175.42999267578125,180.4600067138672,180.4600067138672,1505100
2015-11-27,180.72000122070312,186.17999267578125,180.42999267578125,185.55999755859375,185.55999755859375,1136000
2015-11-30,186.25999450683594,186.25999450683594,181.75,183.89999389648438,183.89999389648438,1956100
2015-12-01,185.08999633789062,188.5800018310547,183.66000366210938,187.41000366210938,187.41000366210938,2203800
2015-12-02,187.72000122070312,188.0,181.22999572753906,181.60000610351562,181.60000610351562,1514600
2015-12-03,181.5,183.92999267578125,172.0,174.13999938964844,174.13999938964844,2593500
2015-12-04,175.36000061035156,179.6199951171875,173.7100067138672,178.8300018310547,178.8300018310547,2197300
2015-12-07,178.8000030517578,178.8000030517578,173.02999877929688,176.08999633789062,176.08999633789062,1315400
2015-12-08,175.14999389648438,182.22000122070312,173.55999755859375,181.74000549316406,181.74000549316406,1583400
2015-12-09,180.30999755859375,183.4199981689453,176.02000427246094,178.85000610351562,178.85000610351562,1296100
2015-12-10,179.2899932861328,185.1199951171875,178.47000122070312,182.64999389648438,182.64999389648438,1102900
2015-12-11,179.89999389648438,180.6699981689453,174.25999450683594,174.82000732421875,174.82000732421875,1867700
2015-12-14,175.07000732421875,177.0,171.75,174.66000366210938,174.66000366210938,1700700
2015-12-15,175.6699981689453,187.88999938964844,173.8300018310547,186.27999877929688,186.27999877929688,2008400
2015-12-16,186.9199981689453,187.6199951171875,184.16000366210938,186.9199981689453,186.9199981689453,2009600
2015-12-17,186.63999938964844,188.17999267578125,181.02000427246094,181.25,181.25,1330800
2015-12-18,179.99000549316406,186.0,178.72000122070312,181.94000244140625,181.94000244140625,2266200
2015-12-21,183.97999572753906,188.9499969482422,183.5,186.83999633789062,186.83999633789062,1018200
2015-12-22,188.0399932861328,188.14999389648438,183.2100067138672,186.97999572753906,186.97999572753906,1179800
2015-12-23,187.0500030517578,187.47999572753906,184.38999938964844,185.35000610351562,185.35000610351562,971700
2015-12-24,185.9600067138672,189.49000549316406,185.47000122070312,189.0,189.0,614200
2015-12-28,188.6300048828125,190.41000366210938,187.2899932861328,188.05999755859375,188.05999755859375,838500
2015-12-29,189.2899932861328,196.27000427246094,189.10000610351562,194.17999267578125,194.17999267578125,1487600
2015-12-30,194.89999389648438,196.47000122070312,190.38999938964844,191.07000732421875,191.07000732421875,810600
2015-12-31,190.02000427246094,194.22999572753906,189.49000549316406,191.9499969482422,191.9499969482422,892100
2016-01-04,187.64999389648438,188.25,179.8800048828125,181.27999877929688,181.27999877929688,2512200
2016-01-05,181.77999877929688,182.97999572753906,176.8300018310547,178.02000427246094,178.02000427246094,1871900
2016-01-06,176.1699981689453,180.07000732421875,175.0,177.55999755859375,177.55999755859375,1121500
2016-01-07,170.89999389648438,174.4199981689453,167.02999877929688,167.72000122070312,167.72000122070312,2455000
2016-01-08,168.74000549316406,172.36000061035156,164.89999389648438,165.1699981689453,165.1699981689453,1640300
2016-01-11,173.27000427246094,173.6300048828125,161.4600067138672,165.7100067138672,165.7100067138672,3111500
2016-01-12,167.16000366210938,169.9600067138672,163.0500030517578,168.63999938964844,168.63999938964844,1768700
2016-01-13,169.52000427246094,171.3699951171875,163.0800018310547,164.49000549316406,164.49000549316406,1804200
2016-01-14,165.4199981689453,176.5800018310547,161.00999450683594,175.11000061035156,175.11000061035156,2106400
2016-01-15,168.8800048828125,174.42999267578125,168.77999877929688,171.14999389648438,171.14999389648438,2678500
2016-01-19,173.7100067138672,174.35000610351562,165.39999389648438,169.5800018310547,169.5800018310547,1849900
2016-01-20,168.2100067138672,173.7899932861328,162.25999450683594,171.4600067138672,171.4600067138672,1882700
2016-01-21,172.32000732421875,172.5,168.0,169.17999267578125,169.17999267578125,992400
2016-01-22,172.7100067138672,177.55999755859375,170.77999877929688,176.7100067138672,176.7100067138672,1586500
2016-01-25,176.6199951171875,179.0399932861328,173.67999267578125,174.47999572753906,174.47999572753906,1028500
2016-01-26,173.89999389648438,175.2899932861328,168.67999267578125,172.89999389648438,172.89999389648438,1048500
2016-01-27,173.19000244140625,174.6999969482422,161.1300048828125,162.4199981689453,162.4199981689453,2310000
2016-01-28,164.35000610351562,165.25,152.4600067138672,154.25,154.25,3655400
2016-01-29,154.80999755859375,159.27999877929688,153.61000061035156,157.9499969482422,157.9499969482422,2859900
2016-02-01,156.72999572753906,160.25999450683594,154.75,158.94000244140625,158.94000244140625,1855600
2016-02-02,157.0,159.89999389648438,152.77999877929688,154.66000366210938,154.66000366210938,1519000
2016-02-03,147.16000366210938,152.77999877929688,140.1199951171875,149.4600067138672,149.4600067138672,3705600
2016-02-04,146.25999450683594,148.83999633789062,140.9199981689453,143.3800048828125,143.3800048828125,1694700
2016-02-05,142.66000366210938,143.1300048828125,134.5399932861328,136.0500030517578,136.0500030517578,2245200
2016-02-08,135.00999450683594,137.22999572753906,130.3699951171875,135.3699951171875,135.3699951171875,1913800
2016-02-09,133.5800018310547,143.14999389648438,131.63999938964844,139.49000549316406,139.49000549316406,2030600
2016-02-10,140.49000549316406,145.75,138.22999572753906,138.6999969482422,138.6999969482422,1364300
2016-02-11,136.64999389648438,140.08999633789062,135.0,138.4600067138672,138.4600067138672,1154400
2016-02-12,139.8800048828125,143.2100067138672,137.08999633789062,142.72000122070312,142.72000122070312,984300
2016-02-16,144.35000610351562,149.58999633789062,144.0,149.11000061035156,149.11000061035156,1477500
2016-02-17,148.8800048828125,156.3300018310547,148.8800048828125,155.6300048828125,155.6300048828125,1496800
2016-02-18,154.6300048828125,155.94000244140625,149.6999969482422,150.16000366210938,150.16000366210938,2050000
2016-02-19,149.22999572753906,152.7899932861328,148.50999450683594,151.30999755859375,151.30999755859375,1043400
2016-02-22,153.02000427246094,154.66000366210938,151.39999389648438,152.92999267578125,152.92999267578125,844700
2016-02-23,151.5399932861328,154.10000610351562,149.11000061035156,149.94000244140625,149.94000244140625,1351600
2016-02-24,148.38999938964844,149.83999633789062,143.02999877929688,149.4199981689453,149.4199981689453,1333600
2016-02-25,150.02999877929688,153.3000030517578,148.55999755859375,152.39999389648438,152.39999389648438,1268100
2016-02-26,153.0399932861328,156.5500030517578,151.64999389648438,155.30999755859375,155.30999755859375,979200
2016-02-29,154.52000427246094,156.8300018310547,150.24000549316406,150.24000549316406,150.24000549316406,1382400
2016-03-01,152.1999969482422,159.52000427246094,151.10000610351562,159.50999450683594,159.50999450683594,1323700
2016-03-02,158.66000366210938,161.86000061035156,155.8699951171875,157.1999969482422,157.1999969482422,958100
2016-03-03,156.83999633789062,158.33999633789062,155.11000061035156,157.4499969482422,157.4499969482422,715900
2016-03-04,158.6199951171875,159.1300048828125,155.00999450683594,156.13999938964844,156.13999938964844,862300
2016-03-07,155.0,163.14999389648438,153.47999572753906,161.6199951171875,161.6199951171875,1320300
2016-03-08,156.08999633789062,158.0,150.10000610351562,150.42999267578125,150.42999267578125,2050400
2016-03-09,150.32000732421875,153.77000427246094,147.58999633789062,153.0,153.0,1564800
2016-03-10,154.55999755859375,157.88999938964844,152.00999450683594,155.05999755859375,155.05999755859375,1256000
2016-03-11,156.47999572753906,159.0,154.22999572753906,158.58999633789062,158.58999633789062,1250700
2016-03-14,158.4600067138672,159.6699981689453,154.1300048828125,154.77000427246094,154.77000427246094,1031700
2016-03-15,153.85000610351562,155.55999755859375,147.75,149.97999572753906,149.97999572753906,1136900
2016-03-16,149.88999938964844,153.13999938964844,147.67999267578125,149.1999969482422,149.1999969482422,1040300
2016-03-17,148.47000122070312,149.47000122070312,142.41000366210938,147.22000122070312,147.22000122070312,1550500
2016-03-18,148.1300048828125,151.0,145.47000122070312,150.24000549316406,150.24000549316406,1849900
2016-03-21,154.25,157.11000061035156,152.75,155.1300048828125,155.1300048828125,1301300
2016-03-22,154.64999389648438,156.9600067138672,152.52000427246094,156.36000061035156,156.36000061035156,1076100
2016-03-23,156.22999572753906,158.22999572753906,152.10000610351562,152.5399932861328,152.5399932861328,858300
2016-03-24,151.89999389648438,155.94000244140625,149.50999450683594,155.33999633789062,155.33999633789062,955300
2016-03-28,156.57000732421875,156.89999389648438,151.10000610351562,152.1300048828125,152.1300048828125,849400
2016-03-29,152.4199981689453,157.4600067138672,150.57000732421875,157.1300048828125,157.1300048828125,984900
2016-03-30,158.9600067138672,162.9199981689453,155.55999755859375,157.42999267578125,157.42999267578125,1068600
2016-03-31,157.9499969482422,163.97999572753906,157.5,162.11000061035156,162.11000061035156,1191500
2016-04-01,161.72000122070312,169.5800018310547,160.69000244140625,166.86000061035156,166.86000061035156,1698200
2016-04-04,167.75,169.8300018310547,166.1300048828125,167.60000610351562,167.60000610351562,877900
2016-04-05,166.0,167.63999938964844,163.4499969482422,163.72999572753906,163.72999572753906,886400
2016-04-06,163.89999389648438,174.2100067138672,163.89999389648438,174.16000366210938,174.16000366210938,1157200
2016-04-07,173.4600067138672,173.4600067138672,166.8699951171875,168.2100067138672,168.2100067138672,1308800
2016-04-08,170.36000061035156,172.3000030517578,167.2100067138672,168.36000061035156,168.36000061035156,872200
2016-04-11,171.47999572753906,174.2100067138672,169.36000061035156,169.89999389648438,169.89999389648438,1011900
2016-04-12,170.0,172.41000366210938,167.5,171.44000244140625,171.44000244140625,722100
2016-04-13,172.60000610351562,176.5500030517578,170.75999450683594,174.00999450683594,174.00999450683594,1063100
2016-04-14,174.00999450683594,174.2100067138672,171.80999755859375,172.63999938964844,172.63999938964844,665700
2016-04-15,170.05999755859375,173.9499969482422,170.05999755859375,173.63999938964844,173.63999938964844,875000
2016-04-18,173.1699981689453,178.77000427246094,172.97000122070312,178.1300048828125,178.1300048828125,1381900
2016-04-19,142.5399932861328,144.0,132.50999450683594,136.8800048828125,136.8800048828125,11376500
2016-04-20,138.5,140.0,136.5,139.47999572753906,139.47999572753906,2900400
2016-04-21,140.0,145.10000610351562,139.85000610351562,144.9499969482422,144.9499969482422,2217500
2016-04-22,144.69000244140625,145.72000122070312,141.05999755859375,143.58999633789062,143.58999633789062,2202200
2016-04-25,144.0,144.47000122070312,142.47000122070312,143.07000732421875,143.07000732421875,1700000
2016-04-26,142.92999267578125,143.5,138.02000427246094,139.2100067138672,139.2100067138672,1846800
2016-04-27,139.0,139.7100067138672,137.3000030517578,138.58999633789062,138.58999633789062,1292300
2016-04-28,137.61000061035156,139.3000030517578,135.19000244140625,135.75,135.75,1499800
2016-04-29,135.0,135.88999938964844,132.0,134.99000549316406,134.99000549316406,2149500
2016-05-02,134.72000122070312,136.99000549316406,134.33999633789062,135.9199981689453,135.9199981689453,1960700
2016-05-03,134.3000030517578,135.3800048828125,132.0,133.64999389648438,133.64999389648438,2412200
2016-05-04,128.49000549316406,136.6999969482422,127.0999984741211,134.97000122070312,134.97000122070312,3283000
2016-05-05,134.58999633789062,140.0,134.11000061035156,138.89999389648438,138.89999389648438,2073700
2016-05-06,138.5800018310547,142.77999877929688,138.02999877929688,140.7100067138672,140.7100067138672,2223100
2016-05-09,140.2899932861328,142.97999572753906,140.2899932861328,141.75999450683594,141.75999450683594,1133700
2016-05-10,142.41000366210938,143.0,139.1999969482422,142.83999633789062,142.83999633789062,792100
2016-05-11,142.85000610351562,144.0800018310547,138.63999938964844,138.86000061035156,138.86000061035156,1109000
2016-05-12,139.8699951171875,140.14999389648438,135.97000122070312,136.94000244140625,136.94000244140625,1194500
2016-05-13,136.6300048828125,138.32000732421875,135.5500030517578,136.9199981689453,136.9199981689453,917000
2016-05-16,136.49000549316406,140.74000549316406,135.99000549316406,140.39999389648438,140.39999389648438,780000
2016-05-17,140.52999877929688,142.24000549316406,138.42999267578125,138.77000427246094,138.77000427246094,1180600
2016-05-18,138.4600067138672,141.83999633789062,137.75,140.22999572753906,140.22999572753906,805300
2016-05-19,139.19000244140625,139.97000122070312,136.33999633789062,138.02999877929688,138.02999877929688,567600
2016-05-20,138.77000427246094,141.57000732421875,137.47000122070312,140.50999450683594,140.50999450683594,766200
2016-05-23,140.6199951171875,141.92999267578125,139.6300048828125,139.8300018310547,139.8300018310547,453800
2016-05-24,140.63999938964844,143.64999389648438,139.0500030517578,143.47999572753906,143.47999572753906,801000
2016-05-25,143.99000549316406,145.8000030517578,143.0,143.5500030517578,143.5500030517578,879300
2016-05-26,143.17999267578125,144.92999267578125,142.0500030517578,143.1199951171875,143.1199951171875,563600
2016-05-27,143.47000122070312,144.5,141.6999969482422,143.85000610351562,143.85000610351562,659700
2016-05-31,144.0500030517578,145.1699981689453,143.52000427246094,144.8300018310547,144.8300018310547,951800
2016-06-01,144.4199981689453,146.4600067138672,143.07000732421875,145.77999877929688,145.77999877929688,787000
2016-06-02,146.0500030517578,147.3000030517578,144.86000061035156,147.10000610351562,147.10000610351562,878000
2016-06-03,146.2100067138672,147.0,143.32000732421875,145.5399932861328,145.5399932861328,684800
2016-06-06,145.6699981689453,148.83999633789062,144.0500030517578,147.60000610351562,147.60000610351562,750300
2016-06-07,147.1300048828125,147.50999450683594,144.02000427246094,144.9499969482422,144.9499969482422,847200
2016-06-08,144.9499969482422,145.85000610351562,143.52000427246094,145.25999450683594,145.25999450683594,627000
2016-06-09,144.38999938964844,146.11000061035156,142.72999572753906,143.4199981689453,143.4199981689453,736600
2016-06-10,142.13999938964844,142.7899932861328,140.10000610351562,141.6199951171875,141.6199951171875,933300
2016-06-13,140.44000244140625,143.77999877929688,139.4199981689453,139.7100067138672,139.7100067138672,913800
2016-06-14,139.58999633789062,140.77999877929688,136.22999572753906,137.77000427246094,137.77000427246094,1131300
2016-06-15,137.75999450683594,139.0,136.25999450683594,136.72999572753906,136.72999572753906,901300
2016-06-16,135.66000366210938,136.92999267578125,134.0800018310547,136.33999633789062,136.33999633789062,931900
2016-06-17,136.36000061035156,138.5800018310547,135.6199951171875,137.0500030517578,137.0500030517578,1780100
2016-06-20,139.14999389648438,141.64999389648438,138.00999450683594,140.10000610351562,140.10000610351562,1027400
2016-06-21,140.30999755859375,140.8699951171875,137.52999877929688,139.0500030517578,139.0500030517578,1007700
2016-06-22,139.67999267578125,143.22000122070312,138.11000061035156,140.88999938964844,140.88999938964844,1225600
2016-06-23,142.27999877929688,146.7899932861328,141.77000427246094,146.58999633789062,146.58999633789062,1343300
2016-06-24,139.5,143.19000244140625,138.36000061035156,138.91000366210938,138.91000366210938,5102400
2016-06-27,138.24000549316406,139.5,133.89999389648438,135.47999572753906,135.47999572753906,2142600
2016-06-28,136.41000366210938,138.89999389648438,133.5800018310547,135.00999450683594,135.00999450683594,1168400
2016-06-29,135.8800048828125,138.66000366210938,135.30999755859375,137.5800018310547,137.5800018310547,869200
2016-06-30,137.52000427246094,140.3800048828125,136.3800048828125,140.3800048828125,140.3800048828125,1116600
2016-07-01,140.0399932861328,142.0,138.89999389648438,140.72999572753906,140.72999572753906,911300
2016-07-05,134.8000030517578,139.0,132.64999389648438,138.6699981689453,138.6699981689453,2072300
2016-07-06,137.6699981689453,141.17999267578125,136.05999755859375,140.7899932861328,140.7899932861328,1098500
2016-07-07,140.5399932861328,140.9600067138672,139.11000061035156,140.05999755859375,140.05999755859375,1014400
2016-07-08,141.1199951171875,142.0800018310547,140.14999389648438,141.25,141.25,978200
2016-07-11,141.88999938964844,142.5,139.1300048828125,139.63999938964844,139.63999938964844,1071800
2016-07-12,141.05999755859375,149.41000366210938,141.05999755859375,148.99000549316406,148.99000549316406,1574200
2016-07-13,149.5,149.5,145.07000732421875,145.86000061035156,145.86000061035156,957100
2016-07-14,147.42999267578125,148.38999938964844,146.19000244140625,147.22999572753906,147.22999572753906,655400
2016-07-15,148.27000427246094,149.02000427246094,146.16000366210938,148.7100067138672,148.7100067138672,787700
2016-07-18,148.72000122070312,150.3000030517578,148.0800018310547,149.57000732421875,149.57000732421875,711800
2016-07-19,148.63999938964844,149.7899932861328,148.02000427246094,148.67999267578125,148.67999267578125,686400
2016-07-20,148.99000549316406,153.35000610351562,148.1300048828125,152.58999633789062,152.58999633789062,937300
2016-07-21,152.19000244140625,152.6699981689453,150.3000030517578,151.30999755859375,151.30999755859375,788500
2016-07-22,151.9600067138672,151.9600067138672,149.6699981689453,150.75999450683594,150.75999450683594,541600
2016-07-25,150.8300018310547,151.25999450683594,148.5399932861328,150.63999938964844,150.63999938964844,928000
2016-07-26,150.0,152.3300018310547,149.27999877929688,150.10000610351562,150.10000610351562,1656500
2016-07-27,149.6699981689453,164.1300048828125,145.27999877929688,162.25,162.25,3559700
2016-07-28,162.52999877929688,167.02999877929688,162.0500030517578,166.4199981689453,166.4199981689453,1501700
2016-07-29,165.97000122070312,166.6300048828125,163.11000061035156,166.35000610351562,166.35000610351562,1216600
2016-08-01,166.77000427246094,171.3300018310547,166.1300048828125,170.64999389648438,170.64999389648438,1087900
2016-08-02,170.50999450683594,170.50999450683594,163.72000122070312,166.9199981689453,166.9199981689453,1594900
2016-08-03,166.94000244140625,167.13999938964844,164.69000244140625,165.0500030517578,165.0500030517578,947000
2016-08-04,164.6300048828125,167.0,164.5399932861328,165.66000366210938,165.66000366210938,553700
2016-08-05,166.38999938964844,167.97000122070312,165.64999389648438,166.52999877929688,166.52999877929688,642800
2016-08-08,167.1699981689453,167.8800048828125,165.72000122070312,166.4600067138672,166.4600067138672,1058600
2016-08-09,166.4600067138672,166.75,165.1999969482422,165.58999633789062,165.58999633789062,767100
2016-08-10,165.8699951171875,166.27000427246094,164.6699981689453,165.97999572753906,165.97999572753906,853900
2016-08-11,166.60000610351562,168.47000122070312,165.3000030517578,168.02000427246094,168.02000427246094,993000
2016-08-12,167.27000427246094,167.85000610351562,166.1999969482422,166.99000549316406,166.99000549316406,568800
2016-08-15,167.39999389648438,174.47999572753906,167.25999450683594,173.36000061035156,173.36000061035156,1412700
2016-08-16,173.0800018310547,174.83999633789062,169.47999572753906,169.64999389648438,169.64999389648438,1321800
2016-08-17,171.47000122070312,171.86000061035156,166.97000122070312,169.14999389648438,169.14999389648438,923000
2016-08-18,170.0,182.6699981689453,163.60000610351562,172.3699951171875,172.3699951171875,6428400
2016-08-19,171.8300018310547,174.07000732421875,169.80999755859375,171.6699981689453,171.6699981689453,1015000
2016-08-22,170.27000427246094,175.7100067138672,169.83999633789062,173.75,173.75,1206400
2016-08-23,173.89999389648438,174.83999633789062,171.60000610351562,172.7899932861328,172.7899932861328,674200
2016-08-24,173.2100067138672,173.9499969482422,167.7899932861328,169.5399932861328,169.5399932861328,1022100
2016-08-25,170.1199951171875,173.41000366210938,167.35000610351562,169.47999572753906,169.47999572753906,603000
2016-08-26,170.3800048828125,174.00999450683594,170.00999450683594,172.2100067138672,172.2100067138672,819500
2016-08-29,172.11000061035156,172.8300018310547,170.25,170.4199981689453,170.4199981689453,588300
2016-08-30,170.5,170.99000549316406,167.88999938964844,168.99000549316406,168.99000549316406,577100
2016-08-31,169.00999450683594,169.97000122070312,167.57000732421875,168.33999633789062,168.33999633789062,703600
2016-09-01,168.72000122070312,169.0500030517578,166.30999755859375,168.55999755859375,168.55999755859375,562800
2016-09-02,169.92999267578125,169.9600067138672,167.25,167.89999389648438,167.89999389648438,503300
2016-09-06,168.00999450683594,170.77000427246094,168.00999450683594,170.17999267578125,170.17999267578125,663300
2016-09-07,169.69000244140625,172.97999572753906,168.2100067138672,169.5800018310547,169.5800018310547,607700
2016-09-08,168.91000366210938,172.22000122070312,168.42999267578125,170.07000732421875,170.07000732421875,643600
2016-09-09,167.9499969482422,169.50999450683594,164.75,164.85000610351562,164.85000610351562,808400
2016-09-12,164.8699951171875,171.0800018310547,164.8699951171875,170.7100067138672,170.7100067138672,976300
2016-09-13,169.64999389648438,171.11000061035156,167.7100067138672,170.14999389648438,170.14999389648438,1021800
2016-09-14,170.30999755859375,172.8800048828125,169.16000366210938,171.77999877929688,171.77999877929688,734400
2016-09-15,171.3699951171875,175.24000549316406,169.61000061035156,174.94000244140625,174.94000244140625,911300
2016-09-16,175.0500030517578,175.0500030517578,171.77000427246094,172.97000122070312,172.97000122070312,1525300
2016-09-19,173.3699951171875,174.75,172.36000061035156,173.14999389648438,173.14999389648438,487900
2016-09-20,174.2899932861328,177.47000122070312,173.67999267578125,175.8000030517578,175.8000030517578,786800
2016-09-21,176.16000366210938,178.89999389648438,174.75999450683594,178.4499969482422,178.4499969482422,779300
2016-09-22,179.80999755859375,180.72000122070312,177.6199951171875,179.33999633789062,179.33999633789062,1098500
2016-09-23,179.10000610351562,181.1999969482422,177.80999755859375,179.3300018310547,179.3300018310547,791500
2016-09-26,179.35000610351562,179.7100067138672,178.1999969482422,178.47000122070312,178.47000122070312,645800
2016-09-27,178.0399932861328,181.0,177.89999389648438,180.35000610351562,180.35000610351562,793800
2016-09-28,180.30999755859375,181.32000732421875,178.5500030517578,180.97999572753906,180.97999572753906,661900
2016-09-29,179.33999633789062,181.5,176.16000366210938,176.55999755859375,176.55999755859375,952500
2016-09-30,177.44000244140625,182.61000061035156,176.7100067138672,181.66000366210938,181.66000366210938,1283300
2016-10-03,184.49000549316406,184.49000549316406,179.0399932861328,182.22999572753906,182.22999572753906,1101900
2016-10-04,182.3800048828125,186.61000061035156,180.02999877929688,181.22000122070312,181.22000122070312,930100
2016-10-05,182.1699981689453,186.60000610351562,182.1699981689453,186.1699981689453,186.1699981689453,1118700
2016-10-06,186.0,186.8800048828125,183.14999389648438,184.92999267578125,184.92999267578125,806000
2016-10-07,185.82000732421875,185.99000549316406,183.60000610351562,184.49000549316406,184.49000549316406,773000
2016-10-10,185.32000732421875,186.7100067138672,184.27999877929688,184.85000610351562,184.85000610351562,1890000
2016-10-11,135.10000610351562,140.88999938964844,133.8000030517578,138.99000549316406,138.99000549316406,11033400
2016-10-12,139.97000122070312,141.44000244140625,136.0,136.17999267578125,136.17999267578125,2883200
2016-10-13,135.6699981689453,138.11000061035156,135.1300048828125,137.1699981689453,137.1699981689453,2117800
2016-10-14,138.4199981689453,139.35000610351562,136.57000732421875,138.0,138.0,1468700
2016-10-17,138.5,141.86000061035156,137.0,141.22999572753906,141.22999572753906,1444300
2016-10-18,143.14999389648438,149.32000732421875,142.69000244140625,145.22000122070312,145.22000122070312,2517600
2016-10-19,146.1999969482422,148.0800018310547,144.0,146.72000122070312,146.72000122070312,1002400
2016-10-20,148.0800018310547,148.0800018310547,142.63999938964844,142.8300018310547,142.8300018310547,1604000
2016-10-21,142.0,142.1699981689453,138.64999389648438,141.8000030517578,141.8000030517578,2116100
2016-10-24,142.47999572753906,144.25,141.50999450683594,142.27000427246094,142.27000427246094,738200
2016-10-25,141.6699981689453,141.97000122070312,137.94000244140625,138.17999267578125,138.17999267578125,1148700
2016-10-26,138.22000122070312,141.55999755859375,138.22000122070312,139.9499969482422,139.9499969482422,1149100
2016-10-27,140.38999938964844,142.49000549316406,139.0399932861328,139.2899932861328,139.2899932861328,1087100
2016-10-28,139.4199981689453,140.74000549316406,137.52000427246094,138.6300048828125,138.6300048828125,824700
2016-10-31,139.36000061035156,139.94000244140625,135.52000427246094,136.13999938964844,136.13999938964844,1621200
2016-11-01,136.38999938964844,139.83999633789062,135.9600067138672,139.5,139.5,2131800
2016-11-02,135.2100067138672,136.83999633789062,133.5,135.66000366210938,135.66000366210938,2508400
2016-11-03,135.86000061035156,135.88999938964844,133.3000030517578,134.38999938964844,134.38999938964844,1233500
2016-11-04,133.02999877929688,137.5800018310547,133.02000427246094,134.6300048828125,134.6300048828125,1139600
2016-11-07,136.4499969482422,138.8800048828125,135.3300018310547,137.0800018310547,137.0800018310547,1425400
2016-11-08,136.94000244140625,138.52000427246094,135.61000061035156,137.6999969482422,137.6999969482422,1004600
2016-11-09,140.36000061035156,145.42999267578125,132.5,133.1300048828125,133.1300048828125,3415500
2016-11-10,134.38999938964844,139.10000610351562,133.58999633789062,138.3699951171875,138.3699951171875,2551700
2016-11-11,137.42999267578125,140.8699951171875,136.75,137.7100067138672,137.7100067138672,1423200
2016-11-14,137.9199981689453,138.85000610351562,135.13999938964844,136.3800048828125,136.3800048828125,987700
2016-11-15,136.49000549316406,137.1699981689453,134.6999969482422,136.8000030517578,136.8000030517578,1082300
2016-11-16,138.3000030517578,138.3000030517578,134.3300018310547,134.8699951171875,134.8699951171875,881700
2016-11-17,134.75,135.11000061035156,132.91000366210938,134.08999633789062,134.08999633789062,1076400
2016-11-18,133.6999969482422,134.89999389648438,129.0,131.8699951171875,131.8699951171875,1741600
2016-11-21,131.82000732421875,137.94000244140625,131.74000549316406,137.5500030517578,137.5500030517578,1904400
2016-11-22,138.14999389648438,138.9499969482422,133.02999877929688,134.75,134.75,1216300
2016-11-23,133.99000549316406,134.74000549316406,132.47999572753906,134.42999267578125,134.42999267578125,805600
2016-11-25,134.19000244140625,135.44000244140625,132.61000061035156,135.19000244140625,135.19000244140625,343000
2016-11-28,135.3699951171875,137.24000549316406,134.5,136.17999267578125,136.17999267578125,1226200
2016-11-29,136.72999572753906,137.5,135.3699951171875,136.52999877929688,136.52999877929688,905400
2016-11-30,136.30999755859375,136.30999755859375,131.52000427246094,133.13999938964844,133.13999938964844,2399100
2016-12-01,133.3000030517578,133.3000030517578,126.38999938964844,127.72000122070312,127.72000122070312,2279400
2016-12-02,127.98999786376953,128.55999755859375,126.91000366210938,127.9000015258789,127.9000015258789,1594700
2016-12-05,128.32000732421875,130.72000122070312,127.7300033569336,127.91999816894531,127.91999816894531,1257900
2016-12-06,127.91999816894531,128.36000061035156,125.0999984741211,126.4000015258789,126.4000015258789,1245700
2016-12-07,123.80000305175781,124.48999786376953,119.37000274658203,122.0199966430664,122.0199966430664,2511700
2016-12-08,121.62999725341797,123.91999816894531,120.0,123.4800033569336,123.4800033569336,1100300
2016-12-09,123.81999969482422,128.7899932861328,122.95999908447266,123.19999694824219,123.19999694824219,1387900
2016-12-12,122.51000213623047,124.72000122070312,121.47000122070312,124.0,124.0,1530300
2016-12-13,124.83000183105469,127.5,124.75,126.69999694824219,126.69999694824219,1996100
2016-12-14,125.19000244140625,126.48999786376953,124.81999969482422,125.44999694824219,125.44999694824219,1254100
2016-12-15,126.16000366210938,132.44000244140625,125.68000030517578,132.0,132.0,2241300
2016-12-16,131.47000122070312,132.85000610351562,129.00999450683594,131.00999450683594,131.00999450683594,3330000
2016-12-19,130.08999633789062,132.0500030517578,128.6300048828125,129.64999389648438,129.64999389648438,1385700
2016-12-20,129.77999877929688,130.89999389648438,127.19000244140625,128.0500030517578,128.0500030517578,1123600
2016-12-21,128.0500030517578,129.17999267578125,127.5199966430664,127.81999969482422,127.81999969482422,703700
2016-12-22,128.0,128.61000061035156,126.18000030517578,126.7699966430664,126.7699966430664,500000
2016-12-23,127.02999877929688,129.38999938964844,126.70999908447266,128.75,128.75,537900
2016-12-27,128.9499969482422,130.60000610351562,128.24000549316406,128.94000244140625,128.94000244140625,539100
2016-12-28,128.75999450683594,128.94000244140625,127.08999633789062,127.93000030517578,127.93000030517578,561900
2016-12-29,127.66000366210938,129.3800048828125,127.22000122070312,128.72000122070312,128.72000122070312,647300
2016-12-30,129.17999267578125,129.52000427246094,127.27999877929688,128.0399932861328,128.0399932861328,801100
2017-01-03,129.1699981689453,132.19000244140625,128.16000366210938,131.1300048828125,131.1300048828125,1136700
2017-01-04,131.02999877929688,136.3300018310547,130.25,135.17999267578125,135.17999267578125,1344500
2017-01-05,135.17999267578125,135.8300018310547,132.02000427246094,134.55999755859375,134.55999755859375,1683800
2017-01-06,139.08999633789062,141.8800048828125,137.39999389648438,141.49000549316406,141.49000549316406,2332300
2017-01-09,141.8699951171875,143.42999267578125,140.19000244140625,141.5399932861328,141.5399932861328,1498500
2017-01-10,161.64999389648438,167.10000610351562,161.30999755859375,165.0399932861328,165.0399932861328,6031700
2017-01-11,164.0500030517578,165.47999572753906,159.61000061035156,162.35000610351562,162.35000610351562,2486900
2017-01-12,162.4199981689453,163.1199951171875,159.75,162.83999633789062,162.83999633789062,1499500
2017-01-13,162.8699951171875,165.0,162.08999633789062,162.57000732421875,162.57000732421875,1115200
2017-01-17,160.0,162.0500030517578,158.77999877929688,160.47000122070312,160.47000122070312,1185700
2017-01-18,161.3800048828125,161.80999755859375,158.44000244140625,161.22999572753906,161.22999572753906,1012200
2017-01-19,160.35000610351562,161.49000549316406,159.10000610351562,160.5800018310547,160.5800018310547,1239700
2017-01-20,160.89999389648438,161.5,158.72999572753906,159.74000549316406,159.74000549316406,1364800
2017-01-23,159.7100067138672,161.5,159.57000732421875,160.88999938964844,160.88999938964844,1117000
2017-01-24,160.88999938964844,161.32000732421875,158.30999755859375,160.47999572753906,160.47999572753906,845200
2017-01-25,160.9499969482422,161.88999938964844,160.00999450683594,161.07000732421875,161.07000732421875,895200
2017-01-26,161.3000030517578,161.83999633789062,159.88999938964844,160.1300048828125,160.1300048828125,697800
2017-01-27,160.94000244140625,161.58999633789062,159.9199981689453,160.99000549316406,160.99000549316406,957900
2017-01-30,160.89999389648438,160.91000366210938,156.85000610351562,159.27999877929688,159.27999877929688,1072000
2017-01-31,159.27999877929688,160.60000610351562,157.6999969482422,160.10000610351562,160.10000610351562,1743400
2017-02-01,158.0,163.8000030517578,156.5,161.5800018310547,161.5800018310547,1790300
2017-02-02,160.41000366210938,163.1199951171875,159.5,162.88999938964844,162.88999938964844,936700
2017-02-03,162.49000549316406,164.25999450683594,160.72000122070312,162.14999389648438,162.14999389648438,808400
2017-02-06,161.25999450683594,163.0,161.14999389648438,162.52000427246094,162.52000427246094,704200
2017-02-07,162.36000061035156,164.0,161.8000030517578,162.85000610351562,162.85000610351562,698400
2017-02-08,162.5,163.60000610351562,161.39999389648438,162.9600067138672,162.9600067138672,598600
2017-02-09,162.86000061035156,163.94000244140625,162.41000366210938,163.13999938964844,163.13999938964844,465800
2017-02-10,163.66000366210938,163.66000366210938,161.25,163.0399932861328,163.0399932861328,903000
2017-02-13,163.10000610351562,164.64999389648438,162.05999755859375,163.83999633789062,163.83999633789062,784100
2017-02-14,164.2100067138672,165.69000244140625,163.14999389648438,164.4600067138672,164.4600067138672,765700
2017-02-15,163.83999633789062,165.3699951171875,163.0,163.2899932861328,163.2899932861328,785600
2017-02-16,163.4499969482422,163.85000610351562,159.3699951171875,161.3000030517578,161.3000030517578,1026200
2017-02-17,161.3000030517578,163.4600067138672,161.1199951171875,163.3699951171875,163.3699951171875,892400
2017-02-21,163.11000061035156,163.5,160.5399932861328,162.14999389648438,162.14999389648438,710400
2017-02-22,161.8000030517578,163.39999389648438,161.02000427246094,162.3000030517578,162.3000030517578,639700
2017-02-23,163.0,163.0,160.33999633789062,161.00999450683594,161.00999450683594,562300
2017-02-24,160.83999633789062,160.9499969482422,158.80999755859375,160.0,160.0,753000
2017-02-27,163.72000122070312,167.47999572753906,161.27000427246094,166.82000732421875,166.82000732421875,1550100
2017-02-28,166.3699951171875,168.61000061035156,165.61000061035156,167.39999389648438,167.39999389648438,1533500
2017-03-01,168.5800018310547,169.97999572753906,167.5399932861328,168.8000030517578,168.8000030517578,1018900
2017-03-02,168.63999938964844,171.2100067138672,166.4600067138672,167.72000122070312,167.72000122070312,804700
2017-03-03,167.75,168.64999389648438,166.3800048828125,168.5,168.5,863200
2017-03-06,167.86000061035156,167.99000549316406,166.52999877929688,166.69000244140625,166.69000244140625,678200
2017-03-07,165.60000610351562,166.7100067138672,164.25,165.5800018310547,165.5800018310547,695700
2017-03-08,165.72999572753906,165.99000549316406,164.0,164.39999389648438,164.39999389648438,559800
2017-03-09,164.3699951171875,164.97000122070312,163.0,164.47999572753906,164.47999572753906,961600
2017-03-10,165.75999450683594,167.5399932861328,164.52999877929688,167.22000122070312,167.22000122070312,674400
2017-03-13,167.07000732421875,167.35000610351562,165.25999450683594,166.91000366210938,166.91000366210938,562800
2017-03-14,166.49000549316406,166.88999938964844,164.3000030517578,164.8300018310547,164.8300018310547,1054100
2017-03-15,164.82000732421875,166.44000244140625,164.00999450683594,165.9499969482422,165.9499969482422,696600
2017-03-16,162.27999877929688,163.80999755859375,158.02000427246094,159.4600067138672,159.4600067138672,1748700
2017-03-17,159.0,161.7899932861328,158.63999938964844,160.4199981689453,160.4199981689453,1917700
2017-03-20,162.07000732421875,164.8800048828125,161.39999389648438,163.49000549316406,163.49000549316406,1303300
2017-03-21,164.11000061035156,164.49000549316406,162.35000610351562,163.5,163.5,1047400
2017-03-22,163.47999572753906,168.07000732421875,162.57000732421875,167.7899932861328,167.7899932861328,1123600
2017-03-23,167.1999969482422,169.27000427246094,166.67999267578125,167.69000244140625,167.69000244140625,712500
2017-03-24,168.94000244140625,171.97999572753906,167.82000732421875,170.5800018310547,170.5800018310547,874100
2017-03-27,168.8000030517578,172.67999267578125,168.4199981689453,172.2899932861328,172.2899932861328,609500
2017-03-28,172.0399932861328,172.99000549316406,170.66000366210938,170.80999755859375,170.80999755859375,888100
2017-03-29,171.0500030517578,172.8000030517578,168.5500030517578,172.66000366210938,172.66000366210938,778400
2017-03-30,172.02000427246094,174.32000732421875,171.27999877929688,173.16000366210938,173.16000366210938,785800
2017-03-31,172.77999877929688,173.63999938964844,170.52999877929688,170.63999938964844,170.63999938964844,818500
2017-04-03,171.0,172.2899932861328,169.3000030517578,170.75,170.75,736200
2017-04-04,170.8000030517578,171.83999633789062,169.50999450683594,169.9199981689453,169.9199981689453,518400
2017-04-05,170.61000061035156,171.10000610351562,167.16000366210938,167.47999572753906,167.47999572753906,1148200
2017-04-06,167.67999267578125,171.42999267578125,167.17999267578125,170.44000244140625,170.44000244140625,836000
2017-04-07,171.11000061035156,173.85000610351562,169.7100067138672,172.38999938964844,172.38999938964844,852000
2017-04-10,171.94000244140625,173.60000610351562,171.10000610351562,171.52000427246094,171.52000427246094,764800
2017-04-11,172.2899932861328,178.99000549316406,172.24000549316406,175.00999450683594,175.00999450683594,1666500
2017-04-12,174.97999572753906,176.10000610351562,171.8000030517578,172.9499969482422,172.9499969482422,784700
2017-04-13,173.08999633789062,175.4499969482422,171.92999267578125,173.67999267578125,173.67999267578125,1142700
2017-04-17,174.6300048828125,175.88999938964844,173.3800048828125,174.4199981689453,174.4199981689453,586500
2017-04-18,173.22000122070312,175.5800018310547,173.08999633789062,175.2899932861328,175.2899932861328,676400
2017-04-19,175.82000732421875,180.6199951171875,175.33999633789062,178.02999877929688,178.02999877929688,1144800
2017-04-20,179.14999389648438,179.14999389648438,175.50999450683594,177.16000366210938,177.16000366210938,1085000
2017-04-21,177.1999969482422,177.22999572753906,173.58999633789062,175.2899932861328,175.2899932861328,1303100
2017-04-24,177.64999389648438,180.36000061035156,177.3300018310547,180.1999969482422,180.1999969482422,819800
2017-04-25,180.39999389648438,182.4199981689453,179.7899932861328,181.5,181.5,1377000
2017-04-26,178.7899932861328,184.9600067138672,177.32000732421875,184.5800018310547,184.5800018310547,2751500
2017-04-27,183.94000244140625,184.47000122070312,181.9600067138672,183.74000549316406,183.74000549316406,1966900
2017-04-28,184.6199951171875,185.9499969482422,182.9499969482422,184.86000061035156,184.86000061035156,1084000
2017-05-01,186.32000732421875,188.47999572753906,185.3300018310547,186.80999755859375,186.80999755859375,952900
2017-05-02,186.6199951171875,187.8800048828125,185.39999389648438,186.7100067138672,186.7100067138672,759100
2017-05-03,187.07000732421875,188.99000549316406,186.69000244140625,187.72000122070312,187.72000122070312,1114000
2017-05-04,188.66000366210938,188.97000122070312,186.7899932861328,188.85000610351562,188.85000610351562,677900
2017-05-05,188.3300018310547,189.47999572753906,186.6300048828125,187.13999938964844,187.13999938964844,880700
2017-05-08,186.10000610351562,186.38999938964844,183.10000610351562,184.64999389648438,184.64999389648438,1051000
2017-05-09,184.35000610351562,185.27000427246094,182.7100067138672,183.58999633789062,183.58999633789062,1125200
2017-05-10,182.97000122070312,183.9600067138672,180.19000244140625,182.11000061035156,182.11000061035156,977400
2017-05-11,182.13999938964844,182.41000366210938,179.27999877929688,181.74000549316406,181.74000549316406,822700
2017-05-12,181.91000366210938,182.50999450683594,180.69000244140625,182.3800048828125,182.3800048828125,641400
2017-05-15,180.75999450683594,181.08999633789062,179.0,180.0500030517578,180.0500030517578,1251900
2017-05-16,180.0399932861328,180.0399932861328,176.52000427246094,178.24000549316406,178.24000549316406,1217100
2017-05-17,176.97999572753906,177.9199981689453,175.25,175.55999755859375,175.55999755859375,964300
2017-05-18,176.2899932861328,177.47999572753906,174.80999755859375,175.88999938964844,175.88999938964844,936400
2017-05-19,175.8800048828125,177.5,174.85000610351562,177.00999450683594,177.00999450683594,1061800
2017-05-22,176.36000061035156,176.5,174.49000549316406,174.9199981689453,174.9199981689453,1176600
2017-05-23,175.0,176.30999755859375,174.19000244140625,174.72000122070312,174.72000122070312,1001400
2017-05-24,175.33999633789062,175.97999572753906,173.77999877929688,174.47999572753906,174.47999572753906,1251900
2017-05-25,174.77000427246094,174.77000427246094,172.33999633789062,173.75999450683594,173.75999450683594,1215600
2017-05-26,174.00999450683594,177.13999938964844,173.8000030517578,175.91000366210938,175.91000366210938,959300
2017-05-30,175.19000244140625,176.50999450683594,173.02000427246094,173.5800018310547,173.5800018310547,724000
2017-05-31,174.6999969482422,177.4600067138672,173.25999450683594,177.36000061035156,177.36000061035156,1442900
2017-06-01,177.61000061035156,180.94000244140625,176.0500030517578,180.64999389648438,180.64999389648438,899600
2017-06-02,181.0,184.44000244140625,180.0399932861328,183.7899932861328,183.7899932861328,714700
2017-06-05,184.75,184.75,181.44000244140625,181.50999450683594,181.50999450683594,600600
2017-06-06,180.6199951171875,181.5399932861328,178.69000244140625,179.4499969482422,179.4499969482422,601000
2017-06-07,179.47000122070312,180.10000610351562,177.75,179.14999389648438,179.14999389648438,568000
2017-06-08,178.91000366210938,179.0,176.66000366210938,177.69000244140625,177.69000244140625,594500
2017-06-09,176.25999450683594,178.3000030517578,173.4499969482422,174.0800018310547,174.0800018310547,879200
2017-06-12,173.80999755859375,174.41000366210938,168.8699951171875,171.4600067138672,171.4600067138672,936400
2017-06-13,171.4600067138672,173.5,170.5500030517578,173.4600067138672,173.4600067138672,719300
2017-06-14,174.25999450683594,176.11000061035156,171.61000061035156,172.58999633789062,172.58999633789062,767600
2017-06-15,171.25,172.52999877929688,169.72999572753906,172.0399932861328,172.0399932861328,781500
2017-06-16,171.80999755859375,173.24000549316406,169.86000061035156,171.86000061035156,171.86000061035156,1245900
2017-06-19,172.7100067138672,177.64999389648438,171.2100067138672,176.60000610351562,176.60000610351562,936300
2017-06-20,176.22999572753906,179.25,175.14999389648438,175.3000030517578,175.3000030517578,809100
2017-06-21,175.38999938964844,178.77000427246094,175.38999938964844,177.3800048828125,177.3800048828125,979000
2017-06-22,178.07000732421875,183.97999572753906,177.77000427246094,182.99000549316406,182.99000549316406,1201300
2017-06-23,182.99000549316406,185.72000122070312,181.07000732421875,185.27999877929688,185.27999877929688,1127900
2017-06-26,185.27999877929688,186.0,180.77999877929688,180.88999938964844,180.88999938964844,715900
2017-06-27,180.30999755859375,181.2899932861328,176.13999938964844,176.36000061035156,176.36000061035156,716700
2017-06-28,177.1199951171875,181.17999267578125,176.00999450683594,181.0,181.0,655500
2017-06-29,180.52999877929688,180.5500030517578,175.63999938964844,176.75,176.75,1054400
2017-06-30,178.6199951171875,178.6199951171875,173.44000244140625,173.52000427246094,173.52000427246094,893600
2017-07-03,174.24000549316406,176.49000549316406,173.30999755859375,174.1300048828125,174.1300048828125,527700
2017-07-05,173.89999389648438,175.41000366210938,171.55999755859375,174.35000610351562,174.35000610351562,901400
2017-07-06,172.8000030517578,173.9199981689453,170.14999389648438,172.32000732421875,172.32000732421875,838200
2017-07-07,172.72999572753906,174.00999450683594,171.9499969482422,172.11000061035156,172.11000061035156,639100
2017-07-10,170.8800048828125,171.14999389648438,167.97999572753906,169.0,169.0,1579800
2017-07-11,169.75,174.5,169.25999450683594,173.14999389648438,173.14999389648438,1099400
2017-07-12,174.7899932861328,175.32000732421875,172.64999389648438,173.22999572753906,173.22999572753906,781400
2017-07-13,173.6699981689453,174.3800048828125,172.16000366210938,173.0,173.0,845700
2017-07-14,173.8300018310547,174.99000549316406,171.19000244140625,172.3300018310547,172.3300018310547,1246300
2017-07-17,171.97000122070312,173.38999938964844,171.22000122070312,171.74000549316406,171.74000549316406,1126400
2017-07-18,171.97000122070312,173.9199981689453,169.6999969482422,173.66000366210938,173.66000366210938,1011300
2017-07-19,174.66000366210938,175.85000610351562,173.1199951171875,173.8800048828125,173.8800048828125,622200
2017-07-20,174.4499969482422,174.4499969482422,171.80999755859375,171.97000122070312,171.97000122070312,654000
2017-07-21,171.3699951171875,173.4600067138672,171.3699951171875,172.75,172.75,1411400
2017-07-24,172.47999572753906,174.0399932861328,171.02000427246094,173.99000549316406,173.99000549316406,1148000
2017-07-25,175.0,175.0,171.75999450683594,173.85000610351562,173.85000610351562,853400
2017-07-26,173.3699951171875,176.47000122070312,172.1199951171875,176.3000030517578,176.3000030517578,769800
2017-07-27,176.5,177.8000030517578,173.00999450683594,174.3300018310547,174.3300018310547,1134500
2017-07-28,174.44000244140625,175.7100067138672,173.25,174.9199981689453,174.9199981689453,626900
2017-07-31,175.2100067138672,176.5,173.35000610351562,173.85000610351562,173.85000610351562,905700
2017-08-01,173.9600067138672,173.9600067138672,170.30999755859375,172.3000030517578,172.3000030517578,1438900
2017-08-02,188.0,198.47000122070312,188.0,197.85000610351562,197.85000610351562,5011200
2017-08-03,197.0,198.57000732421875,195.0399932861328,198.4600067138672,198.4600067138672,2014700
2017-08-04,198.44000244140625,198.5500030517578,194.3800048828125,194.47000122070312,194.47000122070312,1191900
2017-08-07,195.25999450683594,199.9499969482422,195.13999938964844,199.5800018310547,199.5800018310547,937800
2017-08-08,198.27999877929688,199.86000061035156,197.38999938964844,197.61000061035156,197.61000061035156,711100
2017-08-09,197.52999877929688,199.82000732421875,196.75999450683594,199.22999572753906,199.22999572753906,1020800
2017-08-10,197.60000610351562,198.97000122070312,194.42999267578125,194.64999389648438,194.64999389648438,1163600
2017-08-11,195.6999969482422,197.72000122070312,194.10000610351562,194.25,194.25,696000
2017-08-14,195.00999450683594,195.92999267578125,193.66000366210938,194.8000030517578,194.8000030517578,658500
2017-08-15,194.82000732421875,195.8699951171875,193.8300018310547,193.9199981689453,193.9199981689453,545200
2017-08-16,194.52999877929688,194.8800048828125,192.61000061035156,194.14999389648438,194.14999389648438,829700
2017-08-17,193.58999633789062,195.8300018310547,191.16000366210938,191.1999969482422,191.1999969482422,659900
2017-08-18,190.74000549316406,192.4600067138672,189.14999389648438,189.32000732421875,189.32000732421875,882000
2017-08-21,189.61000061035156,192.05999755859375,189.33999633789062,190.67999267578125,190.67999267578125,576400
2017-08-22,191.0,195.44000244140625,191.0,194.75999450683594,194.75999450683594,627700
2017-08-23,193.6300048828125,194.60000610351562,192.08999633789062,193.6199951171875,193.6199951171875,545800
2017-08-24,193.1999969482422,194.60000610351562,191.42999267578125,193.9600067138672,193.9600067138672,613100
2017-08-25,195.2899932861328,195.2899932861328,191.05999755859375,192.19000244140625,192.19000244140625,555700
2017-08-28,193.67999267578125,198.0800018310547,192.4499969482422,197.0500030517578,197.0500030517578,833000
2017-08-29,194.99000549316406,196.44000244140625,193.6300048828125,195.94000244140625,195.94000244140625,496900
2017-08-30,196.36000061035156,200.0,194.8699951171875,199.74000549316406,199.74000549316406,798500
2017-08-31,200.0,205.2100067138672,199.1300048828125,204.4600067138672,204.4600067138672,1387400
2017-09-01,205.0,207.49000549316406,203.72999572753906,207.14999389648438,207.14999389648438,824600
2017-09-05,205.7100067138672,207.72999572753906,204.35000610351562,207.22000122070312,207.22000122070312,937700
2017-09-06,208.10000610351562,209.4199981689453,204.8000030517578,207.4199981689453,207.4199981689453,658700
2017-09-07,207.2100067138672,211.27000427246094,205.69000244140625,210.1999969482422,210.1999969482422,757000
2017-09-08,209.61000061035156,210.97000122070312,208.80999755859375,209.67999267578125,209.67999267578125,437600
2017-09-11,211.16000366210938,212.39999389648438,209.97000122070312,212.24000549316406,212.24000549316406,787500
2017-09-12,213.2100067138672,214.0399932861328,209.5500030517578,213.92999267578125,213.92999267578125,954900
2017-09-13,213.5,214.33999633789062,212.3300018310547,213.42999267578125,213.42999267578125,486500
2017-09-14,212.58999633789062,212.61000061035156,210.60000610351562,211.0399932861328,211.0399932861328,676300
2017-09-15,211.0,211.8699951171875,208.9600067138672,210.72000122070312,210.72000122070312,942600
2017-09-18,211.3699951171875,211.94000244140625,208.8000030517578,209.39999389648438,209.39999389648438,561200
2017-09-19,210.36000061035156,210.63999938964844,204.8000030517578,204.9499969482422,204.9499969482422,1045800
2017-09-20,204.94000244140625,205.82000732421875,201.0500030517578,203.08999633789062,203.08999633789062,1071800
2017-09-21,203.33999633789062,203.91000366210938,199.60000610351562,200.24000549316406,200.24000549316406,896300
2017-09-22,199.69000244140625,201.94000244140625,199.69000244140625,201.41000366210938,201.41000366210938,986700
2017-09-25,200.2100067138672,202.5800018310547,199.8699951171875,201.3800048828125,201.3800048828125,926900
2017-09-26,202.05999755859375,202.77000427246094,197.6300048828125,198.44000244140625,198.44000244140625,767400
2017-09-27,199.16000366210938,200.3699951171875,197.60000610351562,197.75999450683594,197.75999450683594,500500
2017-09-28,197.1999969482422,199.3699951171875,196.0,199.0,199.0,541300
2017-09-29,199.17999267578125,199.6699981689453,197.4499969482422,199.1999969482422,199.1999969482422,581700
2017-10-02,199.4499969482422,203.07000732421875,199.24000549316406,202.22999572753906,202.22999572753906,828700
2017-10-03,202.22999572753906,204.02999877929688,201.30999755859375,202.4600067138672,202.4600067138672,647900
2017-10-04,202.38999938964844,206.0,202.38999938964844,205.77000427246094,205.77000427246094,550000
2017-10-05,205.97999572753906,206.61000061035156,204.86000061035156,205.77999877929688,205.77999877929688,494200
2017-10-06,205.97000122070312,206.6199951171875,203.82000732421875,204.17999267578125,204.17999267578125,602700
2017-10-09,204.9199981689453,205.64999389648438,202.92999267578125,203.27000427246094,203.27000427246094,527500
2017-10-10,203.5,204.38999938964844,202.0,204.14999389648438,204.14999389648438,537400
2017-10-11,203.5500030517578,206.8300018310547,203.47000122070312,206.69000244140625,206.69000244140625,548200
2017-10-12,207.2100067138672,211.49000549316406,207.10000610351562,208.24000549316406,208.24000549316406,657600
2017-10-13,208.8699951171875,209.8800048828125,205.6199951171875,206.9199981689453,206.9199981689453,422100
2017-10-16,207.25,208.11000061035156,205.6999969482422,206.22999572753906,206.22999572753906,485500
2017-10-17,206.2100067138672,206.8800048828125,205.02999877929688,206.47999572753906,206.47999572753906,545400
2017-10-18,206.63999938964844,207.99000549316406,205.3000030517578,205.6199951171875,205.6199951171875,470500
2017-10-19,205.67999267578125,206.50999450683594,204.00999450683594,205.17999267578125,205.17999267578125,432600
2017-10-20,205.5800018310547,211.66000366210938,204.00999450683594,209.8800048828125,209.8800048828125,726400
2017-10-23,214.0,214.5,210.89999389648438,211.5500030517578,211.5500030517578,1325900
2017-10-24,211.0,212.9199981689453,208.07000732421875,210.82000732421875,210.82000732421875,1704400
2017-10-25,214.02999877929688,214.02999877929688,198.2100067138672,204.85000610351562,204.85000610351562,2631900
2017-10-26,205.0,209.00999450683594,202.1999969482422,208.30999755859375,208.30999755859375,1081500
2017-10-27,205.5,210.2100067138672,203.36000061035156,210.0399932861328,210.0399932861328,963900
2017-10-30,209.5500030517578,210.60000610351562,203.02999877929688,203.80999755859375,203.80999755859375,671900
2017-10-31,204.1300048828125,205.86000061035156,203.38999938964844,205.19000244140625,205.19000244140625,848200
2017-11-01,206.49000549316406,208.27000427246094,205.1999969482422,207.74000549316406,207.74000549316406,750600
2017-11-02,207.25999450683594,210.3000030517578,207.25999450683594,208.82000732421875,208.82000732421875,440400
2017-11-03,207.8800048828125,214.17999267578125,207.22999572753906,213.99000549316406,213.99000549316406,635200
2017-11-06,214.0,214.44000244140625,208.86000061035156,209.19000244140625,209.19000244140625,545200
2017-11-07,209.6300048828125,212.39999389648438,208.66000366210938,211.74000549316406,211.74000549316406,696400
2017-11-08,211.30999755859375,211.35000610351562,208.94000244140625,211.1999969482422,211.1999969482422,379100
2017-11-09,209.0,210.55999755859375,207.72000122070312,209.61000061035156,209.61000061035156,347500
2017-11-10,208.33999633789062,209.47000122070312,207.6999969482422,208.94000244140625,208.94000244140625,598600
2017-11-13,207.77999877929688,209.38999938964844,206.72999572753906,209.13999938964844,209.13999938964844,372700
2017-11-14,207.8000030517578,209.60000610351562,204.08999633789062,206.0500030517578,206.0500030517578,485900
2017-11-15,206.2100067138672,207.0,203.8300018310547,205.4199981689453,205.4199981689453,497300
2017-11-16,205.41000366210938,209.10000610351562,205.41000366210938,208.50999450683594,208.50999450683594,563700
2017-11-17,208.69000244140625,209.97000122070312,208.0800018310547,209.02000427246094,209.02000427246094,545600
2017-11-20,210.02000427246094,211.74000549316406,209.8300018310547,210.6699981689453,210.6699981689453,585400
2017-11-21,211.22999572753906,212.3300018310547,209.72000122070312,212.0500030517578,212.0500030517578,503200
2017-11-22,212.67999267578125,215.9600067138672,212.19000244140625,215.35000610351562,215.35000610351562,692000
2017-11-24,214.5,216.0800018310547,214.5,214.86000061035156,214.86000061035156,218100
2017-11-27,215.0,224.25,213.3300018310547,223.83999633789062,223.83999633789062,1472200
2017-11-28,224.69000244140625,226.4199981689453,221.11000061035156,226.27999877929688,226.27999877929688,1398000
2017-11-29,226.9199981689453,227.85000610351562,223.86000061035156,227.47999572753906,227.47999572753906,1144400
2017-11-30,227.75,230.72000122070312,227.47000122070312,230.02999877929688,230.02999877929688,937600
2017-12-01,226.5500030517578,230.24000549316406,222.33999633789062,225.24000549316406,225.24000549316406,972100
2017-12-04,225.3300018310547,226.86000061035156,213.0,213.4499969482422,213.4499969482422,1246100
2017-12-05,212.99000549316406,215.74000549316406,210.0500030517578,211.05999755859375,211.05999755859375,1050100
2017-12-06,211.66000366210938,214.75,210.30999755859375,213.97999572753906,213.97999572753906,656600
2017-12-07,214.0800018310547,216.3699951171875,211.32000732421875,214.6699981689453,214.6699981689453,682300
2017-12-08,215.27999877929688,218.97000122070312,215.16000366210938,217.64999389648438,217.64999389648438,618500
2017-12-11,218.11000061035156,218.52000427246094,212.1199951171875,214.11000061035156,214.11000061035156,906000
2017-12-12,214.6999969482422,215.0,211.8300018310547,212.63999938964844,212.63999938964844,751400
2017-12-13,213.61000061035156,215.22999572753906,213.0,214.5500030517578,214.5500030517578,502800
2017-12-14,215.05999755859375,215.8000030517578,210.52999877929688,210.85000610351562,210.85000610351562,577500
2017-12-15,213.63999938964844,216.72000122070312,210.17999267578125,216.5500030517578,216.5500030517578,1797900
2017-12-18,219.0800018310547,219.5,216.83999633789062,217.2899932861328,217.2899932861328,878300
2017-12-19,217.10000610351562,217.8699951171875,210.3699951171875,214.74000549316406,214.74000549316406,633400
2017-12-20,216.3000030517578,217.16000366210938,214.0,216.44000244140625,216.44000244140625,627900
2017-12-21,217.1199951171875,217.47999572753906,214.1300048828125,214.57000732421875,214.57000732421875,560400
2017-12-22,213.74000549316406,217.0,213.74000549316406,215.72000122070312,215.72000122070312,453400
2017-12-26,215.36000061035156,216.1300048828125,213.16000366210938,214.2100067138672,214.2100067138672,388600
2017-12-27,215.49000549316406,216.8300018310547,213.8699951171875,215.4600067138672,215.4600067138672,471800
2017-12-28,216.39999389648438,218.25999450683594,215.64999389648438,217.52000427246094,217.52000427246094,714700
2017-12-29,217.3800048828125,220.49000549316406,217.3800048828125,218.49000549316406,218.49000549316406,887900
2018-01-02,224.77999877929688,224.85000610351562,222.1300048828125,224.02999877929688,224.02999877929688,804700
2018-01-03,224.5,231.22999572753906,224.27000427246094,230.32000732421875,230.32000732421875,907200
2018-01-04,231.8300018310547,233.5399932861328,231.22999572753906,232.99000549316406,232.99000549316406,862500
2018-01-05,231.99000549316406,232.89999389648438,225.8000030517578,228.1699981689453,228.1699981689453,1471800
2018-01-08,227.5500030517578,228.89999389648438,225.6699981689453,227.05999755859375,227.05999755859375,1002000
2018-01-09,236.77000427246094,245.74000549316406,235.47999572753906,242.8000030517578,242.8000030517578,2713500
2018-01-10,242.8000030517578,244.0,238.24000549316406,242.58999633789062,242.58999633789062,982600
2018-01-11,243.85000610351562,244.1999969482422,239.32000732421875,240.0399932861328,240.0399932861328,810100
2018-01-12,240.9499969482422,245.9600067138672,240.6300048828125,244.72000122070312,244.72000122070312,975800
2018-01-16,247.3300018310547,248.97000122070312,241.07000732421875,241.4199981689453,241.4199981689453,1139900
2018-01-17,244.47999572753906,244.47999572753906,240.8699951171875,242.0500030517578,242.0500030517578,738300
2018-01-18,242.24000549316406,243.89999389648438,240.1300048828125,241.30999755859375,241.30999755859375,770500
2018-01-19,242.30999755859375,244.8800048828125,241.44000244140625,243.5500030517578,243.5500030517578,896700
2018-01-22,245.0,247.6300048828125,242.8699951171875,245.19000244140625,245.19000244140625,709800
2018-01-23,244.07000732421875,245.07000732421875,241.9499969482422,242.94000244140625,242.94000244140625,830000
2018-01-24,243.1199951171875,243.85000610351562,241.19000244140625,242.49000549316406,242.49000549316406,846000
2018-01-25,243.47999572753906,243.97000122070312,240.16000366210938,243.38999938964844,243.38999938964844,613200
2018-01-26,244.2100067138672,244.9199981689453,242.08999633789062,244.8300018310547,244.8300018310547,678400
2018-01-29,244.17999267578125,244.89999389648438,238.50999450683594,241.77999877929688,241.77999877929688,779000
2018-01-30,240.69000244140625,243.5500030517578,238.9499969482422,241.17999267578125,241.17999267578125,1063400
2018-01-31,247.4499969482422,248.10000610351562,229.16000366210938,232.63999938964844,232.63999938964844,1760500
2018-02-01,232.0,233.55999755859375,229.0800018310547,230.2899932861328,230.2899932861328,943900
2018-02-02,227.97999572753906,228.99000549316406,219.5399932861328,220.17999267578125,220.17999267578125,1538800
2018-02-05,221.4499969482422,223.5399932861328,212.9499969482422,213.0,213.0,1484000
2018-02-06,210.0,221.5500030517578,207.50999450683594,220.8000030517578,220.8000030517578,1759300
2018-02-07,218.85000610351562,223.63999938964844,216.77000427246094,221.1999969482422,221.1999969482422,1116000
2018-02-08,220.9600067138672,221.0,209.47999572753906,209.5399932861328,209.5399932861328,1299900
2018-02-09,211.35000610351562,219.5800018310547,210.0800018310547,217.19000244140625,217.19000244140625,1798300
2018-02-12,218.42999267578125,222.86000061035156,216.35000610351562,221.02999877929688,221.02999877929688,1000200
2018-02-13,219.36000061035156,221.10000610351562,217.8000030517578,220.44000244140625,220.44000244140625,663000
2018-02-14,217.47000122070312,223.85000610351562,216.33999633789062,223.11000061035156,223.11000061035156,817900
2018-02-15,224.60000610351562,229.5500030517578,223.72999572753906,229.1300048828125,229.1300048828125,804900
2018-02-16,228.85000610351562,230.9499969482422,227.02999877929688,229.1999969482422,229.1999969482422,701400
2018-02-20,228.35000610351562,229.9499969482422,225.4600067138672,226.57000732421875,226.57000732421875,567800
2018-02-21,226.57000732421875,233.25,226.4600067138672,227.91000366210938,227.91000366210938,549400
2018-02-22,229.49000549316406,230.8800048828125,225.9199981689453,226.74000549316406,226.74000549316406,450100
2018-02-23,228.5,233.9199981689453,226.6199951171875,233.83999633789062,233.83999633789062,536200
2018-02-26,234.5399932861328,235.42999267578125,231.02999877929688,233.42999267578125,233.42999267578125,639800
2018-02-27,232.8699951171875,234.0800018310547,229.72999572753906,229.72999572753906,229.72999572753906,673500
2018-02-28,231.25,233.25,227.9499969482422,228.02000427246094,228.02000427246094,732300
2018-03-01,227.41000366210938,229.49000549316406,222.92999267578125,224.5399932861328,224.5399932861328,747900
2018-03-02,222.2899932861328,229.85000610351562,221.49000549316406,229.19000244140625,229.19000244140625,866200
2018-03-05,227.1699981689453,232.47000122070312,226.0500030517578,230.8800048828125,230.8800048828125,543900
2018-03-06,231.33999633789062,236.74000549316406,230.7899932861328,235.75999450683594,235.75999450683594,600300
2018-03-07,233.5399932861328,242.19000244140625,231.6199951171875,241.1999969482422,241.1999969482422,818300
2018-03-08,241.5,243.72000122070312,240.3000030517578,243.52000427246094,243.52000427246094,757300
2018-03-09,244.58999633789062,250.6699981689453,244.14999389648438,250.1199951171875,250.1199951171875,801100
2018-03-12,251.3300018310547,254.88999938964844,250.07000732421875,253.1699981689453,253.1699981689453,640500
2018-03-13,254.94000244140625,256.04998779296875,251.11000061035156,253.5399932861328,253.5399932861328,606500
2018-03-14,254.64999389648438,255.9199981689453,250.4600067138672,251.7899932861328,251.7899932861328,846900
2018-03-15,252.25999450683594,255.57000732421875,251.24000549316406,251.61000061035156,251.61000061035156,739600
2018-03-16,252.9199981689453,256.6400146484375,252.24000549316406,253.91000366210938,253.91000366210938,1094300
2018-03-19,252.5,254.2100067138672,246.7899932861328,248.72999572753906,248.72999572753906,822700
2018-03-20,249.6199951171875,253.17999267578125,247.47999572753906,252.64999389648438,252.64999389648438,589600
2018-03-21,252.25,252.72999572753906,245.97000122070312,246.83999633789062,246.83999633789062,710100
2018-03-22,244.75,247.88999938964844,240.97000122070312,241.1199951171875,241.1199951171875,820400
2018-03-23,241.22000122070312,244.32000732421875,235.32000732421875,235.36000061035156,235.36000061035156,873000
2018-03-26,239.13999938964844,242.6199951171875,236.0,242.27999877929688,242.27999877929688,940400
2018-03-27,243.85000610351562,248.5,236.0,237.3699951171875,237.3699951171875,651300
2018-03-28,238.02999877929688,239.8800048828125,233.2899932861328,234.99000549316406,234.99000549316406,714900
2018-03-29,236.82000732421875,238.89999389648438,232.60000610351562,236.4199981689453,236.4199981689453,719900
2018-04-02,235.8300018310547,236.64999389648438,226.2899932861328,229.92999267578125,229.92999267578125,812000
2018-04-03,230.91000366210938,232.8699951171875,227.24000549316406,229.94000244140625,229.94000244140625,740200
2018-04-04,227.1300048828125,238.66000366210938,225.82000732421875,237.77000427246094,237.77000427246094,925200
2018-04-05,238.82000732421875,239.52000427246094,235.42999267578125,236.3699951171875,236.3699951171875,571600
2018-04-06,234.75999450683594,236.05999755859375,226.07000732421875,228.1699981689453,228.1699981689453,743300
2018-04-09,229.05999755859375,235.10000610351562,228.19000244140625,230.17999267578125,230.17999267578125,753100
2018-04-10,234.60000610351562,240.38999938964844,233.0500030517578,238.9199981689453,238.9199981689453,744900
2018-04-11,237.9600067138672,241.38999938964844,237.19000244140625,237.6699981689453,237.6699981689453,573900
2018-04-12,238.47999572753906,243.9600067138672,238.47999572753906,242.08999633789062,242.08999633789062,403600
2018-04-13,243.6199951171875,243.6199951171875,239.9499969482422,241.44000244140625,241.44000244140625,366200
2018-04-16,243.2100067138672,248.17999267578125,242.74000549316406,245.19000244140625,245.19000244140625,694300
2018-04-17,246.86000061035156,251.24000549316406,245.2100067138672,248.47999572753906,248.47999572753906,902400
2018-04-18,249.3800048828125,252.82000732421875,248.5500030517578,250.0,250.0,1157800
2018-04-19,249.4499969482422,249.77000427246094,244.00999450683594,245.83999633789062,245.83999633789062,894600
2018-04-20,246.63999938964844,247.22000122070312,243.4199981689453,244.60000610351562,244.60000610351562,1092900
2018-04-23,245.72999572753906,246.97999572753906,244.2899932861328,245.85000610351562,245.85000610351562,763100
2018-04-24,246.99000549316406,246.99000549316406,234.7100067138672,238.5,238.5,1151900
2018-04-25,251.99000549316406,251.99000549316406,226.6199951171875,231.19000244140625,231.19000244140625,2889000
2018-04-26,232.0,244.1999969482422,231.52000427246094,242.6300048828125,242.6300048828125,2530900
2018-04-27,241.6300048828125,244.69000244140625,240.44000244140625,244.4499969482422,244.4499969482422,837100
2018-04-30,245.57000732421875,245.88999938964844,240.92999267578125,240.92999267578125,240.92999267578125,694400
2018-05-01,240.02999877929688,243.66000366210938,240.0,242.99000549316406,242.99000549316406,536900
2018-05-02,242.60000610351562,245.97999572753906,239.72000122070312,240.5,240.5,638500
2018-05-03,238.4499969482422,240.77999877929688,235.74000549316406,239.92999267578125,239.92999267578125,623100
2018-05-04,237.7899932861328,244.89999389648438,236.72000122070312,244.82000732421875,244.82000732421875,598300
2018-05-07,251.2899932861328,259.2699890136719,250.0500030517578,256.8900146484375,256.8900146484375,1161500
2018-05-08,255.49000549316406,258.0,254.83999633789062,256.1000061035156,256.1000061035156,829800
2018-05-09,256.510009765625,264.20001220703125,254.14999389648438,262.5199890136719,262.5199890136719,874400
2018-05-10,263.8299865722656,266.25,261.7699890136719,264.9800109863281,264.9800109863281,839600
2018-05-11,265.4599914550781,267.32000732421875,264.2699890136719,266.989990234375,266.989990234375,611800
2018-05-14,266.989990234375,272.8999938964844,266.3299865722656,269.44000244140625,269.44000244140625,641700
2018-05-15,267.5299987792969,267.9200134277344,262.32000732421875,263.75,263.75,749100
2018-05-16,263.75,269.6000061035156,263.75,268.8399963378906,268.8399963378906,564200
2018-05-17,268.9599914550781,271.55999755859375,267.4100036621094,268.45001220703125,268.45001220703125,462800
2018-05-18,268.75,271.7799987792969,267.44000244140625,269.6700134277344,269.6700134277344,525200
2018-05-21,271.0,271.9100036621094,266.9599914550781,268.2900085449219,268.2900085449219,512300
2018-05-22,270.0,273.0,268.30999755859375,270.79998779296875,270.79998779296875,699100
2018-05-23,268.1600036621094,272.7300109863281,267.5799865722656,271.7300109863281,271.7300109863281,601900
2018-05-24,273.2300109863281,273.94000244140625,269.79998779296875,270.8299865722656,270.8299865722656,588600
2018-05-25,269.7099914550781,271.3500061035156,264.5,266.2200012207031,266.2200012207031,679100
2018-05-29,264.239990234375,266.7200012207031,261.6099853515625,266.32000732421875,266.32000732421875,818100
2018-05-30,267.82000732421875,275.3399963378906,267.82000732421875,272.3900146484375,272.3900146484375,733400
2018-05-31,271.8399963378906,275.32000732421875,269.69000244140625,272.44000244140625,272.44000244140625,679000
2018-06-01,274.6099853515625,276.6099853515625,271.75,276.3299865722656,276.3299865722656,504100
2018-06-04,277.0,281.739990234375,276.67999267578125,280.260009765625,280.260009765625,592100
2018-06-05,280.3500061035156,281.510009765625,277.4800109863281,279.1000061035156,279.1000061035156,488000
2018-06-06,280.3800048828125,285.489990234375,277.8800048828125,285.25,285.25,677800
2018-06-07,285.29998779296875,286.1300048828125,278.6600036621094,280.7099914550781,280.7099914550781,665400
2018-06-08,280.3599853515625,282.2099914550781,278.5799865722656,282.0299987792969,282.0299987792969,617100
2018-06-11,281.6000061035156,287.739990234375,281.20001220703125,284.1300048828125,284.1300048828125,635200
2018-06-12,284.0,292.45001220703125,283.2300109863281,292.07000732421875,292.07000732421875,705700
2018-06-13,292.0,293.1499938964844,286.2200012207031,287.239990234375,287.239990234375,647700
2018-06-14,289.2699890136719,291.3800048828125,287.3399963378906,290.1600036621094,290.1600036621094,640100
2018-06-15,290.1199951171875,291.54998779296875,286.2900085449219,288.75,288.75,1377200
2018-06-18,286.6499938964844,289.510009765625,284.2900085449219,288.8500061035156,288.8500061035156,660100
2018-06-19,286.2099914550781,286.739990234375,283.5799865722656,285.739990234375,285.739990234375,794600
2018-06-20,287.0,288.8800048828125,285.25,287.6499938964844,287.6499938964844,651100
2018-06-21,288.45001220703125,289.44000244140625,284.32000732421875,286.04998779296875,286.04998779296875,442100
2018-06-22,286.8999938964844,286.8999938964844,282.29998779296875,282.6499938964844,282.6499938964844,2279900
2018-06-25,282.3500061035156,286.20001220703125,271.67999267578125,274.4599914550781,274.4599914550781,1370200
2018-06-26,275.54998779296875,276.510009765625,273.0899963378906,275.510009765625,275.510009765625,1335200
2018-06-27,276.489990234375,278.4599914550781,270.45001220703125,270.5799865722656,270.5799865722656,670700
2018-06-28,270.25,277.7699890136719,268.9200134277344,275.5400085449219,275.5400085449219,787600
2018-06-29,276.8599853515625,281.19000244140625,276.79998779296875,279.2900085449219,279.2900085449219,654100
2018-07-02,278.8999938964844,279.1199951171875,274.6600036621094,279.0400085449219,279.0400085449219,497100
2018-07-03,280.6499938964844,282.75,279.5199890136719,280.7699890136719,280.7699890136719,439600
2018-07-05,280.5199890136719,282.8800048828125,277.0,280.489990234375,280.489990234375,504800
2018-07-06,281.3800048828125,286.95001220703125,280.0400085449219,286.1300048828125,286.1300048828125,663000
2018-07-09,287.489990234375,289.1199951171875,285.2099914550781,288.760009765625,288.760009765625,642500
2018-07-10,290.8599853515625,293.2200012207031,287.8299865722656,291.44000244140625,291.44000244140625,1120800
2018-07-11,288.5199890136719,297.25,288.5199890136719,294.55999755859375,294.55999755859375,784300
2018-07-12,295.57000732421875,304.9800109863281,295.1700134277344,304.69000244140625,304.69000244140625,1294200
2018-07-13,303.3800048828125,308.5199890136719,302.510009765625,306.989990234375,306.989990234375,970600
2018-07-16,314.9599914550781,314.9599914550781,301.1600036621094,301.989990234375,301.989990234375,694900
2018-07-17,300.1000061035156,307.3699951171875,299.510009765625,305.489990234375,305.489990234375,675800
2018-07-18,305.510009765625,308.0799865722656,303.1099853515625,307.2799987792969,307.2799987792969,630100
2018-07-19,306.32000732421875,311.0899963378906,305.8999938964844,309.1000061035156,309.1000061035156,543400
2018-07-20,309.69000244140625,312.54998779296875,308.6499938964844,311.1499938964844,311.1499938964844,835300
2018-07-23,311.1499938964844,313.6499938964844,310.2799987792969,311.0400085449219,311.0400085449219,699000
2018-07-24,313.2200012207031,314.7699890136719,305.30999755859375,308.6400146484375,308.6400146484375,1078400
2018-07-25,308.0,316.6099853515625,307.8699951171875,315.8299865722656,315.8299865722656,589800
2018-07-26,317.1600036621094,317.1600036621094,309.4100036621094,311.5899963378906,311.5899963378906,984200
2018-07-27,312.7200012207031,314.0,298.20001220703125,301.1499938964844,301.1499938964844,1257300
2018-07-30,297.9700012207031,300.0,287.8500061035156,289.239990234375,289.239990234375,1879800
2018-07-31,313.1099853515625,325.2200012207031,304.1600036621094,324.3599853515625,324.3599853515625,3590200
2018-08-01,324.1400146484375,332.239990234375,320.3399963378906,323.2300109863281,323.2300109863281,1468400
2018-08-02,320.70001220703125,332.9200134277344,318.7900085449219,332.5,332.5,1221600
2018-08-03,331.9100036621094,335.19000244140625,328.6700134277344,332.489990234375,332.489990234375,1526500
2018-08-06,332.7900085449219,337.5799865722656,330.3399963378906,332.3599853515625,332.3599853515625,809000
2018-08-07,337.9100036621094,341.0799865722656,336.04998779296875,337.1600036621094,337.1600036621094,989400
2018-08-08,336.5299987792969,339.04998779296875,335.94000244140625,338.1000061035156,338.1000061035156,795100
2018-08-09,338.5799865722656,338.6499938964844,332.3699951171875,333.5,333.5,861000
2018-08-10,331.6300048828125,333.5299987792969,329.44000244140625,330.25,330.25,913700
2018-08-13,330.0,332.239990234375,326.79998779296875,327.29998779296875,327.29998779296875,953100
2018-08-14,329.1300048828125,331.2200012207031,327.1499938964844,330.1700134277344,330.1700134277344,810700
2018-08-15,327.5899963378906,329.760009765625,325.0,327.82000732421875,327.82000732421875,655100
2018-08-16,329.3500061035156,332.0,326.3399963378906,326.9800109863281,326.9800109863281,1238400
2018-08-17,329.0,329.82000732421875,324.1099853515625,325.8800048828125,325.8800048828125,1772500
2018-08-20,326.0400085449219,329.8399963378906,323.80999755859375,325.989990234375,325.989990234375,1206800
2018-08-21,326.1199951171875,334.0,326.1199951171875,331.44000244140625,331.44000244140625,929300
2018-08-22,330.0199890136719,335.9100036621094,330.0199890136719,335.7799987792969,335.7799987792969,595200
2018-08-23,335.9599914550781,338.239990234375,333.2799987792969,335.7200012207031,335.7200012207031,775400
2018-08-24,335.4700012207031,343.1099853515625,335.1000061035156,340.6000061035156,340.6000061035156,793300
2018-08-27,342.2200012207031,346.20001220703125,341.760009765625,345.1199951171875,345.1199951171875,747300
2018-08-28,348.010009765625,350.989990234375,342.19000244140625,344.760009765625,344.760009765625,1029300
2018-08-29,346.1700134277344,350.7099914550781,344.2300109863281,350.6300048828125,350.6300048828125,714200
2018-08-30,349.8500061035156,353.3999938964844,349.5299987792969,353.010009765625,353.010009765625,658800
2018-08-31,352.8599853515625,357.92999267578125,351.7300109863281,354.8299865722656,354.8299865722656,1236000
2018-09-04,354.17999267578125,354.7099914550781,349.8900146484375,353.010009765625,353.010009765625,874800
2018-09-05,352.8999938964844,352.95001220703125,344.6300048828125,346.3500061035156,346.3500061035156,1144200
2018-09-06,349.1099853515625,351.42999267578125,347.010009765625,348.2900085449219,348.2900085449219,786000
2018-09-07,345.1400146484375,350.0,343.1199951171875,345.0400085449219,345.0400085449219,703200
2018-09-10,346.79998779296875,349.6400146484375,342.989990234375,349.3699951171875,349.3699951171875,535700
2018-09-11,348.7699890136719,353.4700012207031,345.0899963378906,352.32000732421875,352.32000732421875,475000
2018-09-12,351.6600036621094,352.3800048828125,347.1000061035156,349.82000732421875,349.82000732421875,550700
2018-09-13,350.95001220703125,356.1000061035156,350.95001220703125,355.9100036621094,355.9100036621094,613900
2018-09-14,357.6000061035156,357.7699890136719,350.7900085449219,353.1199951171875,353.1199951171875,557000
2018-09-17,353.04998779296875,353.55999755859375,346.1700134277344,347.2200012207031,347.2200012207031,559900
2018-09-18,348.1700134277344,354.7699890136719,348.0,350.8800048828125,350.8800048828125,516700
2018-09-19,350.0899963378906,351.8699951171875,346.239990234375,350.3699951171875,350.3699951171875,423300
2018-09-20,352.3999938964844,356.510009765625,350.9800109863281,356.32000732421875,356.32000732421875,577000
2018-09-21,358.1000061035156,360.6300048828125,356.5,358.1600036621094,358.1600036621094,1171300
2018-09-24,356.32000732421875,359.3299865722656,353.510009765625,358.25,358.25,483300
2018-09-25,358.75,362.0,357.0199890136719,359.010009765625,359.010009765625,727900
2018-09-26,361.5400085449219,365.8599853515625,360.4800109863281,361.45001220703125,361.45001220703125,744400
2018-09-27,363.0,368.0,362.5299987792969,366.9800109863281,366.9800109863281,598700
2018-09-28,367.4599914550781,372.6099853515625,364.489990234375,367.05999755859375,367.05999755859375,804800
2018-10-01,369.1499938964844,371.9100036621094,365.3399963378906,366.5400085449219,366.5400085449219,685300
2018-10-02,367.17999267578125,368.8399963378906,361.5799865722656,362.1400146484375,362.1400146484375,717900
2018-10-03,363.5899963378906,363.5899963378906,358.7699890136719,359.6000061035156,359.6000061035156,490800
2018-10-04,357.9800109863281,358.739990234375,342.5899963378906,344.7099914550781,344.7099914550781,1230100
2018-10-05,334.0,336.8999938964844,326.0,329.5199890136719,329.5199890136719,2095700
2018-10-08,329.0199890136719,330.05999755859375,320.4700012207031,325.8900146484375,325.8900146484375,1120100
2018-10-09,324.9599914550781,327.80999755859375,321.3599853515625,323.739990234375,323.739990234375,775500
2018-10-10,321.5799865722656,322.42999267578125,304.5799865722656,304.760009765625,304.760009765625,2123100
2018-10-11,304.760009765625,316.1199951171875,304.010009765625,307.45001220703125,307.45001220703125,1779000
2018-10-12,316.54998779296875,324.3299865722656,316.25,321.69000244140625,321.69000244140625,1923300
2018-10-15,320.4100036621094,321.5799865722656,313.29998779296875,313.4100036621094,313.4100036621094,774800
2018-10-16,316.4800109863281,328.0,314.5,326.5799865722656,326.5799865722656,1650000
2018-10-17,326.5899963378906,329.42999267578125,322.739990234375,328.9599914550781,328.9599914550781,835100
2018-10-18,329.0199890136719,329.92999267578125,318.8699951171875,321.45001220703125,321.45001220703125,1012100
2018-10-19,324.0,328.42999267578125,312.7099914550781,313.1000061035156,313.1000061035156,1482900
2018-10-22,314.80999755859375,318.9800109863281,310.82000732421875,317.2300109863281,317.2300109863281,903100
2018-10-23,311.7099914550781,314.9100036621094,301.6300048828125,313.79998779296875,313.79998779296875,1727800
2018-10-24,310.5799865722656,320.0299987792969,288.9200134277344,289.5,289.5,2769600
2018-10-25,292.82000732421875,300.8599853515625,289.3699951171875,298.1400146484375,298.1400146484375,1556400
2018-10-26,290.739990234375,300.7099914550781,286.1400146484375,295.1000061035156,295.1000061035156,1524700
2018-10-29,301.57000732421875,303.2300109863281,286.19000244140625,292.25,292.25,1355000
2018-10-30,292.80999755859375,304.04998779296875,289.2699890136719,303.75,303.75,1232300
2018-10-31,308.29998779296875,316.8999938964844,307.3299865722656,311.1499938964844,311.1499938964844,1227900
2018-11-01,311.8599853515625,314.739990234375,307.5199890136719,312.739990234375,312.739990234375,970900
2018-11-02,317.19000244140625,329.8500061035156,316.2300109863281,328.1000061035156,328.1000061035156,1859300
2018-11-05,329.3500061035156,329.3999938964844,321.3299865722656,324.1400146484375,324.1400146484375,801000
2018-11-06,322.6000061035156,326.67999267578125,318.2900085449219,322.7300109863281,322.7300109863281,852500
2018-11-07,325.0,343.0400085449219,323.70001220703125,342.67999267578125,342.67999267578125,1273200
2018-11-08,341.29998779296875,349.32000732421875,339.5400085449219,339.54998779296875,339.54998779296875,1399500
2018-11-09,339.6099853515625,339.6099853515625,324.57000732421875,329.25,329.25,1192400
2018-11-12,324.5,326.07000732421875,310.04998779296875,310.3900146484375,310.3900146484375,1396700
2018-11-13,312.6099853515625,316.7799987792969,308.2099914550781,311.17999267578125,311.17999267578125,998200
2018-11-14,312.5,314.5199890136719,306.29998779296875,308.2300109863281,308.2300109863281,753700
2018-11-15,306.6400146484375,319.8500061035156,303.57000732421875,319.510009765625,319.510009765625,1106300
2018-11-16,317.9599914550781,327.0899963378906,314.82000732421875,319.92999267578125,319.92999267578125,926000
2018-11-19,320.29998779296875,320.739990234375,300.29998779296875,301.5899963378906,301.5899963378906,1371000
2018-11-20,298.19000244140625,308.75,292.0400085449219,301.0799865722656,301.0799865722656,1675000
2018-11-21,304.489990234375,312.7300109863281,302.2099914550781,309.8800048828125,309.8800048828125,948600
2018-11-23,306.739990234375,314.5,304.7099914550781,310.5,310.5,419700
2018-11-26,314.239990234375,317.3699951171875,311.6099853515625,316.7900085449219,316.7900085449219,811700
2018-11-27,314.8699951171875,322.25,313.45001220703125,321.7900085449219,321.7900085449219,747500
2018-11-28,321.79998779296875,334.3800048828125,320.8800048828125,334.3299865722656,334.3299865722656,1086000
2018-11-29,332.0,341.0,331.9599914550781,337.9599914550781,337.9599914550781,872700
2018-11-30,337.010009765625,338.8500061035156,331.1400146484375,337.5,337.5,1212600
2018-12-03,343.57000732421875,350.3599853515625,342.4599914550781,350.25,350.25,1513600
2018-12-04,349.94000244140625,356.8800048828125,333.3699951171875,334.2099914550781,334.2099914550781,1660200
2018-12-06,327.5,334.9100036621094,323.1099853515625,334.32000732421875,334.32000732421875,1489700
2018-12-07,331.0400085449219,334.4599914550781,318.70001220703125,321.4100036621094,321.4100036621094,1086500
2018-12-10,321.5,324.79998779296875,315.0799865722656,323.04998779296875,323.04998779296875,844900
2018-12-11,327.79998779296875,331.4599914550781,324.7099914550781,328.8999938964844,328.8999938964844,680000
2018-12-12,334.1300048828125,342.3399963378906,332.010009765625,336.9200134277344,336.9200134277344,868100
2018-12-13,339.4200134277344,342.17999267578125,330.82000732421875,334.6199951171875,334.6199951171875,571700
2018-12-14,331.0,332.8800048828125,326.0299987792969,326.4599914550781,326.4599914550781,877600
2018-12-17,327.79998779296875,327.79998779296875,307.8500061035156,310.8900146484375,310.8900146484375,1221000
2018-12-18,313.8599853515625,317.6099853515625,309.3500061035156,313.5799865722656,313.5799865722656,1016600
2018-12-19,314.3999938964844,320.67999267578125,301.760009765625,303.3999938964844,303.3999938964844,1250000
2018-12-20,302.82000732421875,304.30999755859375,288.05999755859375,292.25,292.25,1679700
2018-12-21,292.4599914550781,295.8699951171875,278.760009765625,278.8599853515625,278.8599853515625,2327900
2018-12-24,276.07000732421875,280.4800109863281,271.0,272.4599914550781,272.4599914550781,797800
2018-12-26,273.8699951171875,293.70001220703125,273.8699951171875,293.3500061035156,293.3500061035156,1268400
2018-12-27,287.7799987792969,299.6400146484375,285.2200012207031,299.54998779296875,299.54998779296875,1364100
2018-12-28,303.260009765625,305.0,295.3599853515625,298.2300109863281,298.2300109863281,738100
2018-12-31,300.8999938964844,304.8900146484375,295.5799865722656,299.92999267578125,299.92999267578125,647200
2019-01-02,294.7099914550781,297.8999938964844,289.9200134277344,294.5199890136719,294.5199890136719,806900
2019-01-03,298.69000244140625,298.69000244140625,283.7900085449219,284.239990234375,284.239990234375,1225300
2019-01-04,290.30999755859375,303.45001220703125,290.0299987792969,302.69000244140625,302.69000244140625,1379200
2019-01-07,301.8399963378906,314.1199951171875,301.05999755859375,307.8900146484375,307.8900146484375,1046900
2019-01-08,292.0299987792969,298.8399963378906,284.3999938964844,293.75,293.75,2564700
2019-01-09,296.20001220703125,306.1300048828125,295.5,305.239990234375,305.239990234375,1226200
2019-01-10,304.4200134277344,309.8900146484375,299.3500061035156,309.7699890136719,309.7699890136719,888100
2019-01-11,307.45001220703125,309.1700134277344,303.1099853515625,307.07000732421875,307.07000732421875,679100
2019-01-14,303.739990234375,305.239990234375,299.010009765625,299.19000244140625,299.19000244140625,712400
2019-01-15,300.0,307.3900146484375,300.0,305.4800109863281,305.4800109863281,820200
2019-01-16,305.989990234375,312.5199890136719,305.04998779296875,305.6300048828125,305.6300048828125,768500
2019-01-17,306.260009765625,313.3800048828125,306.1000061035156,310.04998779296875,310.04998779296875,504400
2019-01-18,313.8500061035156,314.75,306.260009765625,312.75,312.75,1016500
2019-01-22,311.6400146484375,312.3699951171875,301.6400146484375,303.6199951171875,303.6199951171875,805100
2019-01-23,303.5299987792969,308.1300048828125,297.07000732421875,302.2900085449219,302.2900085449219,777200
2019-01-24,303.3900146484375,304.42999267578125,298.489990234375,301.05999755859375,301.05999755859375,617200
2019-01-25,300.9599914550781,303.989990234375,293.29998779296875,293.8800048828125,293.8800048828125,1389500
2019-01-28,293.4800109863281,293.4800109863281,287.1499938964844,287.67999267578125,287.67999267578125,1262000
2019-01-29,289.0400085449219,289.6199951171875,280.5199890136719,285.260009765625,285.260009765625,1317600
2019-01-30,276.1300048828125,281.75,268.6199951171875,272.57000732421875,272.57000732421875,2721100
2019-01-31,273.0299987792969,284.1300048828125,273.0299987792969,279.7900085449219,279.7900085449219,1646200
2019-02-01,280.1099853515625,286.30999755859375,279.5299987792969,282.8599853515625,282.8599853515625,1051000
2019-02-04,283.4100036621094,284.989990234375,278.3500061035156,281.0400085449219,281.0400085449219,837900
2019-02-05,280.92999267578125,284.20001220703125,279.30999755859375,281.8699951171875,281.8699951171875,972700
2019-02-06,280.239990234375,285.3599853515625,280.239990234375,284.17999267578125,284.17999267578125,757400
2019-02-07,282.0,283.1700134277344,274.3500061035156,276.5199890136719,276.5199890136719,925100
2019-02-08,275.510009765625,284.9700012207031,275.1000061035156,284.1000061035156,284.1000061035156,1196400
2019-02-11,285.3900146484375,289.6000061035156,283.9100036621094,284.3699951171875,284.3699951171875,651600
2019-02-12,287.7900085449219,292.8299865722656,287.0199890136719,292.20001220703125,292.20001220703125,772900
2019-02-13,293.6600036621094,296.6199951171875,290.7099914550781,293.5199890136719,293.5199890136719,946100
2019-02-14,292.3399963378906,295.260009765625,291.8599853515625,292.4700012207031,292.4700012207031,644000
2019-02-15,296.55999755859375,299.82000732421875,294.0199890136719,299.82000732421875,299.82000732421875,773600
2019-02-19,299.6199951171875,304.5199890136719,299.1400146484375,302.260009765625,302.260009765625,929000
2019-02-20,303.1700134277344,303.54998779296875,298.010009765625,302.239990234375,302.239990234375,854300
2019-02-21,302.2200012207031,302.989990234375,295.54998779296875,296.8800048828125,296.8800048828125,617000
2019-02-22,297.55999755859375,302.0,297.55999755859375,301.05999755859375,301.05999755859375,545200
2019-02-25,302.82000732421875,306.30999755859375,301.9200134277344,304.739990234375,304.739990234375,635200
2019-02-26,304.6300048828125,305.04998779296875,300.30999755859375,301.2099914550781,301.2099914550781,962400
2019-02-27,300.0,309.3699951171875,299.5,309.1600036621094,309.1600036621094,720300
2019-02-28,309.2699890136719,314.67999267578125,308.3699951171875,312.7699890136719,312.7699890136719,1611900
2019-03-01,313.92999267578125,322.32000732421875,313.57000732421875,321.17999267578125,321.17999267578125,1095400
2019-03-04,321.239990234375,321.6499938964844,304.0,307.70001220703125,307.70001220703125,1368800
2019-03-05,308.5199890136719,308.9100036621094,303.2099914550781,303.79998779296875,303.79998779296875,632200
2019-03-06,304.6000061035156,305.70001220703125,298.04998779296875,298.6600036621094,298.6600036621094,783200
2019-03-07,298.4100036621094,298.6600036621094,289.2799987792969,292.05999755859375,292.05999755859375,1220400
2019-03-08,289.20001220703125,294.92999267578125,285.5,294.5299987792969,294.5299987792969,944600
2019-03-11,295.3900146484375,300.489990234375,294.8699951171875,300.17999267578125,300.17999267578125,697400
2019-03-12,302.0,306.1000061035156,299.75,305.2699890136719,305.2699890136719,965200
2019-03-13,306.5,310.8900146484375,306.3800048828125,308.2699890136719,308.2699890136719,700100
2019-03-14,308.05999755859375,309.5,306.25,309.20001220703125,309.20001220703125,563700
2019-03-15,310.010009765625,310.54998779296875,306.6499938964844,309.8399963378906,309.8399963378906,1466000
2019-03-18,309.7799987792969,310.29998779296875,303.4200134277344,305.7799987792969,305.7799987792969,713200
2019-03-19,307.3599853515625,311.70001220703125,306.1300048828125,310.70001220703125,310.70001220703125,840100
2019-03-20,310.9200134277344,316.7300109863281,309.760009765625,315.29998779296875,315.29998779296875,936300
2019-03-21,313.7300109863281,319.8500061035156,313.30999755859375,319.2099914550781,319.2099914550781,758900
2019-03-22,319.0799865722656,319.2699890136719,308.3999938964844,308.7900085449219,308.7900085449219,1008900
2019-03-25,308.0,308.67999267578125,301.6199951171875,303.7099914550781,303.7099914550781,729400
2019-03-26,305.9700012207031,308.9800109863281,304.1499938964844,307.5,307.5,552800
2019-03-27,306.92999267578125,308.3399963378906,299.6600036621094,302.07000732421875,302.07000732421875,702100
2019-03-28,303.0,305.8999938964844,301.1199951171875,305.1400146484375,305.1400146484375,531700
2019-03-29,308.2699890136719,311.1300048828125,305.54998779296875,310.69000244140625,310.69000244140625,855900
2019-04-01,314.45001220703125,318.4100036621094,314.0799865722656,316.8399963378906,316.8399963378906,948600
2019-04-02,315.0,318.30999755859375,311.2699890136719,316.1000061035156,316.1000061035156,667500
2019-04-03,318.8599853515625,321.7300109863281,317.0400085449219,319.20001220703125,319.20001220703125,806600
2019-04-04,318.0299987792969,318.54998779296875,311.8399963378906,315.0199890136719,315.0199890136719,543400
2019-04-05,317.3599853515625,323.6199951171875,316.1600036621094,323.5,323.5,843300
2019-04-08,322.1300048828125,324.0,314.0899963378906,323.6099853515625,323.6099853515625,1093600
2019-04-09,320.9200134277344,322.57000732421875,315.3500061035156,316.6400146484375,316.6400146484375,920600
2019-04-10,317.010009765625,325.489990234375,314.3999938964844,324.8599853515625,324.8599853515625,1040000
2019-04-11,325.0,328.5799865722656,322.80999755859375,328.5199890136719,328.5199890136719,888900
2019-04-12,331.8599853515625,340.3999938964844,331.17999267578125,338.3699951171875,338.3699951171875,1455100
2019-04-15,338.6199951171875,340.05999755859375,333.67999267578125,335.1199951171875,335.1199951171875,1127300
2019-04-16,336.1000061035156,339.7900085449219,327.17999267578125,329.5,329.5,975400
2019-04-17,330.92999267578125,331.67999267578125,315.3500061035156,318.69000244140625,318.69000244140625,1225300
2019-04-18,321.7699890136719,323.4599914550781,312.5,319.0299987792969,319.0299987792969,1136600
2019-04-22,318.5799865722656,321.4200134277344,315.75,319.0899963378906,319.0899963378906,528200
2019-04-23,315.4200134277344,325.1199951171875,314.010009765625,322.05999755859375,322.05999755859375,1369200
2019-04-24,321.9599914550781,323.4200134277344,314.0,314.5199890136719,314.5199890136719,907000
2019-04-25,314.1199951171875,320.8500061035156,312.5,319.20001220703125,319.20001220703125,1277600
2019-04-26,315.0,315.79998779296875,305.19000244140625,314.0400085449219,314.0400085449219,2152300
2019-04-29,313.739990234375,316.75,306.8500061035156,312.0400085449219,312.0400085449219,1621100
2019-04-30,312.489990234375,315.0,309.30999755859375,312.0,312.0,1161200
2019-05-01,311.7699890136719,312.8999938964844,308.3999938964844,310.1199951171875,310.1199951171875,853400
2019-05-02,309.2200012207031,314.8999938964844,308.6300048828125,312.69000244140625,312.69000244140625,831300
2019-05-03,315.739990234375,325.9599914550781,314.6400146484375,325.5199890136719,325.5199890136719,1192800
2019-05-06,318.07000732421875,326.29998779296875,316.0,324.760009765625,324.760009765625,891300
2019-05-07,321.45001220703125,323.260009765625,317.5199890136719,320.510009765625,320.510009765625,908400
2019-05-08,318.5899963378906,322.8299865722656,316.1000061035156,319.42999267578125,319.42999267578125,714900
2019-05-09,318.32000732421875,318.760009765625,310.6400146484375,317.3699951171875,317.3699951171875,1028500
2019-05-10,315.32000732421875,319.0799865722656,306.3599853515625,315.80999755859375,315.80999755859375,1095800
2019-05-13,307.95001220703125,309.989990234375,300.4200134277344,300.8699951171875,300.8699951171875,1082500
2019-05-14,303.25,307.3800048828125,301.54998779296875,304.55999755859375,304.55999755859375,1066100
2019-05-15,301.95001220703125,308.2300109863281,301.0,306.5799865722656,306.5799865722656,894700
2019-05-16,307.4100036621094,310.54998779296875,307.4100036621094,309.8500061035156,309.8500061035156,843400
2019-05-17,307.1000061035156,313.19000244140625,307.1000061035156,307.6300048828125,307.6300048828125,744000
2019-05-20,304.6199951171875,306.8999938964844,300.3500061035156,300.5899963378906,300.5899963378906,766500
2019-05-21,304.1700134277344,313.29998779296875,304.1700134277344,306.4700012207031,306.4700012207031,869500
2019-05-22,304.44000244140625,314.2099914550781,303.95001220703125,312.8299865722656,312.8299865722656,627500
2019-05-23,310.0,313.20001220703125,305.5,308.9700012207031,308.9700012207031,707900
2019-05-24,311.6400146484375,315.5,311.6400146484375,312.45001220703125,312.45001220703125,599900
2019-05-28,312.82000732421875,319.75,312.7699890136719,313.0,313.0,1153800
2019-05-29,310.4200134277344,313.9100036621094,307.29998779296875,308.2799987792969,308.2799987792969,649000
2019-05-30,309.260009765625,313.7300109863281,309.0,311.20001220703125,311.20001220703125,635300
2019-05-31,308.0299987792969,310.9700012207031,306.1000061035156,306.9100036621094,306.9100036621094,844700
2019-06-03,306.8800048828125,312.54998779296875,302.7200012207031,303.7200012207031,303.7200012207031,1062300
2019-06-04,307.20001220703125,314.2300109863281,304.0799865722656,313.8299865722656,313.8299865722656,916600
2019-06-05,315.55999755859375,319.57000732421875,314.57000732421875,318.1400146484375,318.1400146484375,710000
2019-06-06,318.17999267578125,320.0,317.0899963378906,318.55999755859375,318.55999755859375,503300
2019-06-07,321.0400085449219,340.1099853515625,320.4800109863281,335.489990234375,335.489990234375,1313400
2019-06-10,335.0299987792969,341.239990234375,334.57000732421875,337.1199951171875,337.1199951171875,1069000
2019-06-11,340.25,344.5899963378906,333.54998779296875,335.8900146484375,335.8900146484375,795800
2019-06-12,334.5299987792969,340.0,333.8900146484375,339.1499938964844,339.1499938964844,543300
2019-06-13,340.0,342.7099914550781,338.5400085449219,341.2799987792969,341.2799987792969,578400
2019-06-14,341.29998779296875,344.3599853515625,340.42999267578125,344.0,344.0,741400
2019-06-17,344.9200134277344,352.6099853515625,344.69000244140625,351.1099853515625,351.1099853515625,911800
2019-06-18,353.7200012207031,354.1000061035156,347.3999938964844,347.8500061035156,347.8500061035156,950400
2019-06-19,346.4800109863281,352.82000732421875,346.3299865722656,351.94000244140625,351.94000244140625,909700
2019-06-20,355.32000732421875,359.7900085449219,352.25,358.57000732421875,358.57000732421875,981400
2019-06-21,356.8999938964844,363.5799865722656,355.8399963378906,361.55999755859375,361.55999755859375,1575200
2019-06-24,361.6000061035156,363.2799987792969,357.6099853515625,357.739990234375,357.739990234375,754700
2019-06-25,358.2099914550781,362.1600036621094,354.8800048828125,358.0799865722656,358.0799865722656,753900
2019-06-26,358.1499938964844,359.0,354.4800109863281,356.3699951171875,356.3699951171875,738000
2019-06-27,358.94000244140625,359.1700134277344,352.5299987792969,356.5,356.5,681200
2019-06-28,357.239990234375,369.0,354.6400146484375,368.1499938964844,368.1499938964844,1230500
2019-07-01,371.2900085449219,371.6099853515625,367.989990234375,370.6700134277344,370.6700134277344,990200
2019-07-02,372.0,372.4800109863281,365.30999755859375,371.3699951171875,371.3699951171875,487200
2019-07-03,372.1499938964844,378.1700134277344,371.6199951171875,377.82000732421875,377.82000732421875,540900
2019-07-05,378.8299865722656,379.5400085449219,373.6499938964844,378.2300109863281,378.2300109863281,599600
2019-07-08,377.5899963378906,378.0,372.1000061035156,375.1199951171875,375.1199951171875,754600
2019-07-09,372.6499938964844,377.6600036621094,368.7900085449219,377.239990234375,377.239990234375,940500
2019-07-10,376.5,380.760009765625,371.3800048828125,372.70001220703125,372.70001220703125,1234300
2019-07-11,371.30999755859375,371.30999755859375,359.0299987792969,363.6600036621094,363.6600036621094,1837200
2019-07-12,310.25,312.4700012207031,303.9200134277344,305.04998779296875,305.04998779296875,8475800
2019-07-15,305.1700134277344,306.8999938964844,300.5199890136719,302.2900085449219,302.2900085449219,3522900
2019-07-16,303.1000061035156,306.0,301.4599914550781,302.29998779296875,302.29998779296875,1840900
2019-07-17,302.29998779296875,305.1099853515625,302.0899963378906,302.8999938964844,302.8999938964844,1269700
2019-07-18,303.0,304.92999267578125,295.95001220703125,298.54998779296875,298.54998779296875,1620600
2019-07-19,297.7900085449219,298.20001220703125,291.0,293.20001220703125,293.20001220703125,1733900
2019-07-22,294.55999755859375,299.3599853515625,293.8699951171875,298.2799987792969,298.2799987792969,1230300
2019-07-23,300.0,305.7699890136719,297.07000732421875,304.6400146484375,304.6400146484375,1438500
2019-07-24,304.0,306.92999267578125,301.9700012207031,304.010009765625,304.010009765625,929000
2019-07-25,304.7300109863281,304.7300109863281,297.9200134277344,298.6000061035156,298.6000061035156,834400
2019-07-26,300.0,302.9800109863281,296.0799865722656,300.8999938964844,300.8999938964844,909600
2019-07-29,301.3399963378906,305.29998779296875,298.8800048828125,304.4100036621094,304.4100036621094,1122200
2019-07-30,298.8599853515625,304.0,294.8299865722656,299.9599914550781,299.9599914550781,2350300
2019-07-31,300.760009765625,303.94000244140625,296.3999938964844,299.3800048828125,299.3800048828125,1747800
2019-08-01,300.0,306.07000732421875,298.6300048828125,301.6600036621094,301.6600036621094,1245000
2019-08-02,301.0,301.0,292.5799865722656,297.3800048828125,297.3800048828125,1047600
2019-08-05,292.75,294.6600036621094,286.760009765625,289.05999755859375,289.05999755859375,1300000
2019-08-06,291.3399963378906,292.45001220703125,285.3699951171875,291.94000244140625,291.94000244140625,991800
2019-08-07,290.07000732421875,293.7699890136719,285.5899963378906,292.8699951171875,292.8699951171875,839700
2019-08-08,293.0899963378906,298.7200012207031,291.3999938964844,298.44000244140625,298.44000244140625,824800
2019-08-09,298.5400085449219,299.3999938964844,292.3599853515625,294.0,294.0,829600
2019-08-12,292.0899963378906,294.1000061035156,288.7300109863281,290.3399963378906,290.3399963378906,746900
2019-08-13,289.5299987792969,297.8800048828125,288.010009765625,293.989990234375,293.989990234375,801800
2019-08-14,288.3599853515625,289.45001220703125,284.1400146484375,285.07000732421875,285.07000732421875,1033700
2019-08-15,286.80999755859375,287.4200134277344,282.4100036621094,284.7699890136719,284.7699890136719,694900
2019-08-16,288.1700134277344,291.3599853515625,285.489990234375,286.1700134277344,286.1700134277344,909100
2019-08-19,290.0,290.0,286.5899963378906,288.6499938964844,288.6499938964844,715500
2019-08-20,288.6499938964844,290.0,284.510009765625,284.6499938964844,284.6499938964844,621600
2019-08-21,285.5400085449219,290.6300048828125,284.7099914550781,290.5,290.5,505600
2019-08-22,290.2699890136719,291.3599853515625,285.7099914550781,288.5199890136719,288.5199890136719,449700
2019-08-23,288.94000244140625,289.44000244140625,278.1199951171875,279.44000244140625,279.44000244140625,1223600
2019-08-26,281.92999267578125,282.7799987792969,279.20001220703125,282.2799987792969,282.2799987792969,809600
2019-08-27,284.55999755859375,289.0,283.25,285.0199890136719,285.0199890136719,659400
2019-08-28,283.4100036621094,284.4800109863281,281.0799865722656,281.6199951171875,281.6199951171875,620300
2019-08-29,285.69000244140625,286.7099914550781,283.3800048828125,285.05999755859375,285.05999755859375,591200
2019-08-30,285.4200134277344,286.2900085449219,280.0799865722656,281.3399963378906,281.3399963378906,665800
2019-09-03,279.8800048828125,280.3599853515625,269.8599853515625,272.17999267578125,272.17999267578125,1402200
2019-09-04,274.0,274.69000244140625,268.0,271.7099914550781,271.7099914550781,1345400
2019-09-05,274.6199951171875,274.6199951171875,271.1600036621094,271.7799987792969,271.7799987792969,1734300
2019-09-06,271.260009765625,272.9599914550781,269.6300048828125,270.0,270.0,1350600
2019-09-09,271.5,272.25,265.4100036621094,266.8399963378906,266.8399963378906,1571500
2019-09-10,264.55999755859375,277.4599914550781,263.29998779296875,276.0400085449219,276.0400085449219,1295000
2019-09-11,278.3900146484375,289.8699951171875,277.8299865722656,289.6600036621094,289.6600036621094,1824700
2019-09-12,292.20001220703125,300.2900085449219,291.95001220703125,297.5199890136719,297.5199890136719,1961500
2019-09-13,297.8599853515625,303.67999267578125,297.80999755859375,300.9100036621094,300.9100036621094,1261300
2019-09-16,299.19000244140625,303.17999267578125,296.79998779296875,300.8900146484375,300.8900146484375,1000200
2019-09-17,301.1700134277344,303.75,297.239990234375,298.2699890136719,298.2699890136719,971200
2019-09-18,298.69000244140625,303.1300048828125,297.7799987792969,303.010009765625,303.010009765625,951400
2019-09-19,301.20001220703125,306.739990234375,301.20001220703125,305.20001220703125,305.20001220703125,789600
2019-09-20,303.4700012207031,310.42999267578125,302.82000732421875,309.57000732421875,309.57000732421875,1758200
2019-09-23,307.7300109863281,309.4800109863281,304.79998779296875,305.8299865722656,305.8299865722656,689800
2019-09-24,307.04998779296875,307.3699951171875,293.8399963378906,295.2799987792969,295.2799987792969,1330600
2019-09-25,295.7200012207031,301.510009765625,292.510009765625,300.1499938964844,300.1499938964844,700100
2019-09-26,299.8800048828125,302.30999755859375,297.4200134277344,298.67999267578125,298.67999267578125,621200
2019-09-27,301.6199951171875,304.1300048828125,298.3800048828125,301.2799987792969,301.2799987792969,635900
2019-09-30,300.82000732421875,306.05999755859375,300.010009765625,304.2200012207031,304.2200012207031,641600
2019-10-01,304.2200012207031,308.3299865722656,295.4800109863281,296.0199890136719,296.0199890136719,762500
2019-10-02,294.8999938964844,295.32000732421875,285.6700134277344,288.2900085449219,288.2900085449219,1337100
2019-10-03,288.0,297.0,286.04998779296875,297.0,297.0,842400
2019-10-04,296.5799865722656,302.54998779296875,296.510009765625,302.3399963378906,302.3399963378906,676900
2019-10-07,300.67999267578125,305.5,299.0299987792969,301.6300048828125,301.6300048828125,519700
2019-10-08,297.6600036621094,300.760009765625,286.0,288.3599853515625,288.3599853515625,1078700
2019-10-09,291.4200134277344,299.1000061035156,291.3999938964844,296.9599914550781,296.9599914550781,837000
2019-10-10,296.79998779296875,299.69000244140625,295.0,298.17999267578125,298.17999267578125,512400
2019-10-11,302.3399963378906,307.5,302.1000061035156,302.5799865722656,302.5799865722656,677700
2019-10-14,302.6199951171875,310.4200134277344,302.489990234375,310.30999755859375,310.30999755859375,722000
2019-10-15,309.9700012207031,313.239990234375,308.8399963378906,312.1700134277344,312.1700134277344,618300
2019-10-16,311.9800109863281,312.8599853515625,307.6400146484375,309.6700134277344,309.6700134277344,652400
2019-10-17,311.8399963378906,312.70001220703125,309.20001220703125,310.54998779296875,310.54998779296875,596200
2019-10-18,311.260009765625,312.4800109863281,307.17999267578125,309.44000244140625,309.44000244140625,597900
2019-10-21,309.75,314.9700012207031,309.75,313.8299865722656,313.8299865722656,618900
2019-10-22,314.3800048828125,317.7099914550781,308.3599853515625,309.04998779296875,309.04998779296875,714500
2019-10-23,309.7699890136719,315.6300048828125,308.5400085449219,312.5899963378906,312.5899963378906,603600
2019-10-24,313.3699951171875,315.79998779296875,309.010009765625,315.5,315.5,978900
2019-10-25,298.8500061035156,299.4599914550781,279.760009765625,290.6400146484375,290.6400146484375,4902500
2019-10-28,292.92999267578125,311.1400146484375,291.4800109863281,304.05999755859375,304.05999755859375,2371500
2019-10-29,303.0,307.8399963378906,300.0,301.7900085449219,301.7900085449219,1042100
2019-10-30,301.5799865722656,302.2099914550781,292.8999938964844,296.510009765625,296.510009765625,1095100
2019-10-31,296.3399963378906,300.3399963378906,291.95001220703125,295.5199890136719,295.5199890136719,905500
2019-11-01,297.2799987792969,303.7900085449219,296.8399963378906,300.45001220703125,300.45001220703125,903500
2019-11-04,302.9700012207031,305.4599914550781,300.1400146484375,303.67999267578125,303.67999267578125,739400
2019-11-05,305.05999755859375,307.32000732421875,300.6400146484375,300.8699951171875,300.8699951171875,754700
2019-11-06,300.8999938964844,301.3299865722656,293.05999755859375,297.25,297.25,826900
2019-11-07,299.3500061035156,299.82000732421875,293.3299865722656,295.25,295.25,932600
2019-11-08,293.0,294.95001220703125,290.260009765625,293.3900146484375,293.3900146484375,935600
2019-11-11,293.0199890136719,295.6199951171875,290.82000732421875,295.0,295.0,743500
2019-11-12,295.8699951171875,299.0,294.25,295.7300109863281,295.7300109863281,607200
2019-11-13,295.2900085449219,298.6499938964844,294.239990234375,298.2200012207031,298.2200012207031,377300
2019-11-14,299.55999755859375,300.239990234375,294.8999938964844,298.44000244140625,298.44000244140625,562000
2019-11-15,301.04998779296875,306.489990234375,299.239990234375,305.989990234375,305.989990234375,750200
2019-11-18,305.8999938964844,306.8500061035156,301.92999267578125,306.6700134277344,306.6700134277344,996500
2019-11-19,307.30999755859375,313.8399963378906,307.0,311.010009765625,311.010009765625,862200
2019-11-20,308.6099853515625,315.7900085449219,308.3900146484375,314.9100036621094,314.9100036621094,1073700
2019-11-21,313.94000244140625,314.6700134277344,309.3599853515625,312.8500061035156,312.8500061035156,576800
2019-11-22,313.8599853515625,316.0,312.05999755859375,315.6199951171875,315.6199951171875,604900
2019-11-25,315.5199890136719,318.0,314.2099914550781,317.2300109863281,317.2300109863281,713300
2019-11-26,317.0,321.2300109863281,315.2699890136719,319.4100036621094,319.4100036621094,1090600
2019-11-27,319.82000732421875,321.1000061035156,318.8399963378906,320.94000244140625,320.94000244140625,719900
2019-11-29,320.0,322.7799987792969,318.6199951171875,320.760009765625,320.760009765625,444400
2019-12-02,320.3299865722656,321.82000732421875,316.7699890136719,319.6700134277344,319.6700134277344,833600
2019-12-03,317.5199890136719,323.3699951171875,315.5199890136719,322.9700012207031,322.9700012207031,662800
2019-12-04,321.69000244140625,322.4200134277344,319.3599853515625,319.67999267578125,319.67999267578125,704600
2019-12-05,320.0,321.3399963378906,318.989990234375,319.80999755859375,319.80999755859375,473000
2019-12-06,321.0,328.3900146484375,319.6400146484375,326.4700012207031,326.4700012207031,935900
2019-12-09,326.19000244140625,328.04998779296875,323.6000061035156,326.5899963378906,326.5899963378906,792100
2019-12-10,326.010009765625,329.29998779296875,324.1099853515625,326.94000244140625,326.94000244140625,789600
2019-12-11,326.0,326.0,317.44000244140625,320.57000732421875,320.57000732421875,799300
2019-12-12,320.8900146484375,324.92999267578125,319.0,321.989990234375,321.989990234375,791600
2019-12-13,322.6199951171875,326.0299987792969,319.57000732421875,324.7200012207031,324.7200012207031,623000
2019-12-16,327.3500061035156,328.8500061035156,325.1700134277344,327.739990234375,327.739990234375,806900
2019-12-17,328.0,328.0,320.510009765625,323.45001220703125,323.45001220703125,685900
2019-12-18,323.5400085449219,326.6000061035156,320.75,325.2300109863281,325.2300109863281,861800
2019-12-19,325.2300109863281,326.2699890136719,318.0799865722656,325.20001220703125,325.20001220703125,699600
2019-12-20,326.75,331.1600036621094,324.7900085449219,330.1400146484375,330.1400146484375,1794800
2019-12-23,329.7200012207031,334.32000732421875,328.0,334.0199890136719,334.0199890136719,1000700
2019-12-24,330.4100036621094,336.6300048828125,330.4100036621094,335.489990234375,335.489990234375,364100
2019-12-26,335.510009765625,336.0,330.1400146484375,331.3399963378906,331.3399963378906,865900
2019-12-27,332.5299987792969,332.7799987792969,329.42999267578125,332.2900085449219,332.2900085449219,441600
2019-12-30,332.25,332.5799865722656,324.760009765625,328.1400146484375,328.1400146484375,854800
2019-12-31,328.5799865722656,331.9599914550781,327.70001220703125,331.739990234375,331.739990234375,461600
2020-01-02,329.04998779296875,332.8500061035156,323.2900085449219,327.0,327.0,813900
2020-01-03,322.489990234375,325.1400146484375,321.010009765625,322.7300109863281,322.7300109863281,1346100
2020-01-06,320.9700012207031,325.7099914550781,318.7699890136719,325.5299987792969,325.5299987792969,760800
2020-01-07,328.2099914550781,331.1700134277344,326.1099853515625,329.69000244140625,329.69000244140625,789100
2020-01-08,328.32000732421875,334.5,326.739990234375,332.1600036621094,332.1600036621094,679700
2020-01-09,334.989990234375,336.9700012207031,332.6400146484375,334.6000061035156,334.6000061035156,879700
2020-01-10,336.6099853515625,339.6300048828125,333.6600036621094,335.5299987792969,335.5299987792969,951500
2020-01-13,335.9100036621094,337.80999755859375,312.8299865722656,323.1499938964844,323.1499938964844,2338800
2020-01-14,324.0799865722656,325.489990234375,317.0199890136719,317.1099853515625,317.1099853515625,2174200
2020-01-15,320.0,322.1700134277344,318.0199890136719,320.3900146484375,320.3900146484375,1178500
2020-01-16,323.42999267578125,326.45001220703125,321.5899963378906,325.9599914550781,325.9599914550781,722700
2020-01-17,327.7300109863281,327.92999267578125,320.4599914550781,324.7200012207031,324.7200012207031,1122800
2020-01-21,323.2200012207031,330.5299987792969,322.1300048828125,328.3299865722656,328.3299865722656,1289500
2020-01-22,328.760009765625,332.6199951171875,328.17999267578125,330.95001220703125,330.95001220703125,826100
2020-01-23,330.32000732421875,330.6099853515625,326.6600036621094,327.0,327.0,944400
2020-01-24,327.7200012207031,328.30999755859375,318.2799987792969,319.5799865722656,319.5799865722656,1070000
2020-01-27,314.6199951171875,316.75,311.4599914550781,313.9200134277344,313.9200134277344,859100
2020-01-28,315.4599914550781,316.6600036621094,312.4200134277344,314.2799987792969,314.2799987792969,1129200
2020-01-29,315.0,316.510009765625,312.1099853515625,313.29998779296875,313.29998779296875,1251700
2020-01-30,297.5,315.239990234375,295.25,296.0,296.0,3328100
2020-01-31,296.239990234375,296.8299865722656,288.8599853515625,290.07000732421875,290.07000732421875,1460500
2020-02-03,293.1000061035156,296.17999267578125,292.1300048828125,293.4100036621094,293.4100036621094,1040000
2020-02-04,297.7799987792969,298.989990234375,295.7900085449219,296.0,296.0,1110000
2020-02-05,300.2799987792969,302.5400085449219,297.6099853515625,300.3500061035156,300.3500061035156,1839700
2020-02-06,302.75,302.989990234375,299.80999755859375,301.2300109863281,301.2300109863281,706500
2020-02-07,301.0,301.3699951171875,293.80999755859375,294.29998779296875,294.29998779296875,1125300
2020-02-10,294.3599853515625,295.55999755859375,293.5,294.4100036621094,294.4100036621094,1219500
2020-02-11,296.8999938964844,298.739990234375,295.0899963378906,296.0,296.0,3528500
2020-02-12,297.6300048828125,298.2900085449219,291.5299987792969,293.2799987792969,293.2799987792969,1871800
2020-02-13,292.6400146484375,293.6199951171875,290.55999755859375,291.3800048828125,291.3800048828125,2215300
2020-02-14,292.9200134277344,300.07000732421875,292.0899963378906,298.9200134277344,298.9200134277344,1494500
2020-02-18,299.0,300.07000732421875,296.9100036621094,299.9200134277344,299.9200134277344,813600
2020-02-19,301.67999267578125,305.45001220703125,300.5,303.20001220703125,303.20001220703125,1339000
2020-02-20,304.0,305.3900146484375,297.7300109863281,300.4599914550781,300.4599914550781,698100
2020-02-21,300.0,301.42999267578125,294.7900085449219,295.94000244140625,295.94000244140625,722400
2020-02-24,288.3399963378906,289.6700134277344,279.0,281.1199951171875,281.1199951171875,1443900
2020-02-25,282.6499938964844,282.989990234375,269.0400085449219,269.95001220703125,269.95001220703125,1604900
2020-02-26,271.9599914550781,280.7799987792969,271.04998779296875,274.70001220703125,274.70001220703125,1423800
2020-02-27,268.489990234375,273.6400146484375,258.9700012207031,259.92999267578125,259.92999267578125,2319000
2020-02-28,253.74000549316406,265.8800048828125,252.42999267578125,265.6700134277344,265.6700134277344,2678200
2020-03-02,268.0199890136719,278.3900146484375,265.3500061035156,278.2799987792969,278.2799987792969,1768200
2020-03-03,277.3999938964844,285.3399963378906,270.7200012207031,273.0,273.0,1353700
2020-03-04,276.0,282.4200134277344,273.1000061035156,282.1300048828125,282.1300048828125,956000
2020-03-05,273.95001220703125,280.0199890136719,272.3699951171875,276.0199890136719,276.0199890136719,1079400
2020-03-06,265.9599914550781,275.82000732421875,265.9599914550781,274.4200134277344,274.4200134277344,1117600
2020-03-09,257.6400146484375,268.3800048828125,255.36000061035156,259.79998779296875,259.79998779296875,1678600
2020-03-10,266.79998779296875,270.69000244140625,257.2300109863281,268.1499938964844,268.1499938964844,1466500
2020-03-11,261.42999267578125,263.92999267578125,241.47000122070312,246.00999450683594,246.00999450683594,1860200
2020-03-12,229.8300018310547,235.60000610351562,222.32000732421875,223.27999877929688,223.27999877929688,2318800
2020-03-13,232.52999877929688,235.5,211.24000549316406,233.3300018310547,233.3300018310547,2480900
2020-03-16,210.3000030517578,228.5399932861328,205.77999877929688,211.02000427246094,211.02000427246094,1908100
2020-03-17,214.88999938964844,232.47000122070312,207.49000549316406,225.75999450683594,225.75999450683594,1701200
2020-03-18,214.4199981689453,224.99000549316406,196.77999877929688,209.1999969482422,209.1999969482422,1885500
2020-03-19,208.14999389648438,229.8000030517578,199.0,224.8000030517578,224.8000030517578,1738300
2020-03-20,232.24000549316406,252.9499969482422,229.0,242.0,242.0,3159500
2020-03-23,239.63999938964844,250.0,234.5399932861328,237.75999450683594,237.75999450683594,2088000
2020-03-24,247.58999633789062,255.0,243.8699951171875,254.17999267578125,254.17999267578125,1758600
2020-03-25,251.13999938964844,259.2099914550781,247.30999755859375,248.32000732421875,248.32000732421875,1722500
2020-03-26,252.1199951171875,276.6199951171875,250.42999267578125,274.4200134277344,274.4200134277344,1792100
2020-03-27,264.5199890136719,270.489990234375,259.7099914550781,269.04998779296875,269.04998779296875,1360700
2020-03-30,266.7900085449219,277.32000732421875,266.0400085449219,276.2300109863281,276.2300109863281,1717300
2020-03-31,271.3500061035156,276.05999755859375,267.8999938964844,273.1199951171875,273.1199951171875,1686200
2020-04-01,265.9200134277344,270.0,251.13999938964844,256.4599914550781,256.4599914550781,1915300
2020-04-02,254.39999389648438,273.8399963378906,254.16000366210938,272.989990234375,272.989990234375,1258600
2020-04-03,270.3500061035156,274.3299865722656,259.45001220703125,263.5,263.5,871800
2020-04-06,271.42999267578125,279.1000061035156,269.5,278.010009765625,278.010009765625,1418700
2020-04-07,284.6300048828125,286.6300048828125,280.3999938964844,280.6400146484375,280.6400146484375,1505400
2020-04-08,281.6199951171875,283.4100036621094,276.1700134277344,280.989990234375,280.989990234375,1430400
2020-04-09,281.55999755859375,287.760009765625,279.4599914550781,287.6199951171875,287.6199951171875,1201200
2020-04-13,281.94000244140625,289.8699951171875,281.5,289.45001220703125,289.45001220703125,1119200
2020-04-14,292.5400085449219,299.7099914550781,292.0799865722656,297.8800048828125,297.8800048828125,1133300
2020-04-15,290.3299865722656,295.8999938964844,288.260009765625,294.2900085449219,294.2900085449219,1113100
2020-04-16,300.6400146484375,304.239990234375,294.0400085449219,303.5,303.5,946400
2020-04-17,309.57000732421875,317.2099914550781,306.4200134277344,316.3599853515625,316.3599853515625,1277900
2020-04-20,312.6700134277344,324.95001220703125,309.010009765625,322.8800048828125,322.8800048828125,1678400
2020-04-21,311.0,314.9800109863281,307.79998779296875,310.3999938964844,310.3999938964844,1285000
2020-04-22,313.739990234375,314.92999267578125,309.010009765625,311.55999755859375,311.55999755859375,1030300
2020-04-23,311.42999267578125,321.3299865722656,311.42999267578125,312.7099914550781,312.7099914550781,850800
2020-04-24,308.739990234375,311.1199951171875,305.7900085449219,309.07000732421875,309.07000732421875,978800
2020-04-27,312.92999267578125,318.489990234375,311.8999938964844,314.5799865722656,314.5799865722656,830200
2020-04-28,315.07000732421875,317.25,304.6000061035156,313.7900085449219,313.7900085449219,971100
2020-04-29,319.9100036621094,324.0,314.8399963378906,317.45001220703125,317.45001220703125,1283200
2020-04-30,316.2099914550781,320.1000061035156,312.1499938964844,319.0299987792969,319.0299987792969,991400
2020-05-01,317.1600036621094,317.4200134277344,303.30999755859375,305.8800048828125,305.8800048828125,1009900
2020-05-04,305.20001220703125,309.4200134277344,304.0899963378906,308.20001220703125,308.20001220703125,610400
2020-05-05,310.3699951171875,313.67999267578125,307.8399963378906,310.25,310.25,700100
2020-05-06,311.7099914550781,318.2300109863281,310.6000061035156,315.0400085449219,315.0400085449219,563700
2020-05-07,317.1199951171875,317.7699890136719,312.29998779296875,313.3599853515625,313.3599853515625,553800
2020-05-08,317.3299865722656,318.0,308.04998779296875,309.8699951171875,309.8699951171875,687100
2020-05-11,309.1099853515625,320.95001220703125,306.2900085449219,320.30999755859375,320.30999755859375,1164300
2020-05-12,319.8599853515625,332.260009765625,314.4700012207031,321.54998779296875,321.54998779296875,1471600
2020-05-13,322.69000244140625,335.489990234375,320.2300109863281,323.3900146484375,323.3900146484375,1075300
2020-05-14,323.489990234375,325.42999267578125,319.6499938964844,322.989990234375,322.989990234375,907100
2020-05-15,323.1199951171875,335.79998779296875,321.1600036621094,335.0,335.0,1202000
2020-05-18,338.57000732421875,348.57000732421875,338.3299865722656,344.1400146484375,344.1400146484375,1120200
2020-05-19,342.3399963378906,345.2300109863281,339.6700134277344,342.54998779296875,342.54998779296875,1046500
2020-05-20,344.92999267578125,359.5,344.92999267578125,357.7300109863281,357.7300109863281,1664100
2020-05-21,355.57000732421875,355.9599914550781,344.04998779296875,349.4200134277344,349.4200134277344,1038700
2020-05-22,349.4200134277344,354.8599853515625,346.1099853515625,354.70001220703125,354.70001220703125,710300
2020-05-26,357.29998779296875,361.8599853515625,353.7200012207031,354.4100036621094,354.4100036621094,1470800
2020-05-27,354.4200134277344,365.0,349.260009765625,363.82000732421875,363.82000732421875,1215600
2020-05-28,362.3500061035156,377.79998779296875,360.010009765625,373.010009765625,373.010009765625,1480400
2020-05-29,372.0,373.2300109863281,359.30999755859375,363.04998779296875,363.04998779296875,1802700
2020-06-01,361.1400146484375,369.5899963378906,358.0,365.4100036621094,365.4100036621094,617000
2020-06-02,364.3999938964844,366.07000732421875,358.3599853515625,366.04998779296875,366.04998779296875,861200
2020-06-03,366.04998779296875,366.3999938964844,355.8800048828125,358.32000732421875,358.32000732421875,889000
2020-06-04,355.2900085449219,362.95001220703125,355.0,358.3999938964844,358.3999938964844,1054800
2020-06-05,357.17999267578125,363.3900146484375,352.5799865722656,354.1099853515625,354.1099853515625,1059400
2020-06-08,350.94000244140625,360.1600036621094,350.7900085449219,358.80999755859375,358.80999755859375,830600
2020-06-09,357.6000061035156,361.5799865722656,354.0,357.7799987792969,357.7799987792969,655900
2020-06-10,362.2099914550781,362.8900146484375,354.7099914550781,359.04998779296875,359.04998779296875,749900
2020-06-11,354.8299865722656,357.3999938964844,335.8500061035156,336.9200134277344,336.9200134277344,1314500
2020-06-12,340.42999267578125,345.6300048828125,333.44000244140625,341.6099853515625,341.6099853515625,698200
2020-06-15,336.3999938964844,349.7900085449219,335.19000244140625,348.42999267578125,348.42999267578125,600100
2020-06-16,354.92999267578125,357.9599914550781,346.1099853515625,355.0400085449219,355.0400085449219,744100
2020-06-17,358.17999267578125,363.510009765625,355.0899963378906,360.6600036621094,360.6600036621094,735200
2020-06-18,359.8500061035156,366.260009765625,359.07000732421875,362.9200134277344,362.9200134277344,650200
2020-06-19,365.4700012207031,372.42999267578125,363.0,368.7699890136719,368.7699890136719,1608100
2020-06-22,369.54998779296875,369.54998779296875,357.6000061035156,360.4800109863281,360.4800109863281,878000
2020-06-23,361.0,368.5799865722656,360.1199951171875,367.0,367.0,776700
2020-06-24,367.260009765625,372.6300048828125,354.0299987792969,358.94000244140625,358.94000244140625,807700
2020-06-25,358.4100036621094,366.6600036621094,351.8599853515625,366.25,366.25,659400
2020-06-26,365.0,368.17999267578125,357.260009765625,360.0799865722656,360.0799865722656,879700
2020-06-29,363.32000732421875,363.67999267578125,356.8599853515625,362.30999755859375,362.30999755859375,569300
2020-06-30,362.30999755859375,372.6199951171875,358.17999267578125,370.3500061035156,370.3500061035156,865900
2020-07-01,369.260009765625,370.69000244140625,362.3500061035156,368.54998779296875,368.54998779296875,624700
2020-07-02,372.6300048828125,377.4200134277344,371.2200012207031,373.1000061035156,373.1000061035156,698400
2020-07-06,375.0,384.2099914550781,373.3999938964844,379.3900146484375,379.3900146484375,816400
2020-07-07,370.2200012207031,378.7900085449219,369.1099853515625,372.1199951171875,372.1199951171875,719800
2020-07-08,375.989990234375,376.3299865722656,366.45001220703125,369.8699951171875,369.8699951171875,1101400
2020-07-09,370.0,375.2799987792969,367.1400146484375,372.6000061035156,372.6000061035156,891300
2020-07-10,372.6000061035156,374.2300109863281,369.8999938964844,370.25,370.25,571000
2020-07-13,370.510009765625,382.32000732421875,366.5299987792969,369.1300048828125,369.1300048828125,952800
2020-07-14,367.989990234375,376.9200134277344,361.5299987792969,376.25,376.25,716900
2020-07-15,380.0,383.239990234375,375.3399963378906,382.3299865722656,382.3299865722656,1008100
2020-07-16,382.32000732421875,382.32000732421875,373.07000732421875,375.8800048828125,375.8800048828125,812800
2020-07-17,378.239990234375,385.2300109863281,376.1499938964844,383.6400146484375,383.6400146484375,1319000
2020-07-20,385.1300048828125,402.1400146484375,383.8599853515625,398.6199951171875,398.6199951171875,1258000
2020-07-21,399.0,401.5400085449219,388.2200012207031,389.8399963378906,389.8399963378906,902400
2020-07-22,391.4200134277344,394.0,384.6499938964844,391.7099914550781,391.7099914550781,574400
2020-07-23,395.5,399.4599914550781,383.79998779296875,386.45001220703125,386.45001220703125,784100
2020-07-24,385.0,385.0,376.6300048828125,382.25,382.25,537900
2020-07-27,384.989990234375,395.5,383.2300109863281,393.0400085449219,393.0400085449219,668100
2020-07-28,392.67999267578125,396.54998779296875,384.17999267578125,385.4200134277344,385.4200134277344,591200
2020-07-29,387.739990234375,388.5,384.2799987792969,385.2799987792969,385.2799987792969,629500
2020-07-30,381.54998779296875,386.17999267578125,380.20001220703125,382.7799987792969,382.7799987792969,612300
2020-07-31,382.0,384.67999267578125,377.2300109863281,382.1600036621094,382.1600036621094,933500
2020-08-03,385.19000244140625,401.7699890136719,384.94000244140625,397.8599853515625,397.8599853515625,1033000
2020-08-04,397.7300109863281,399.30999755859375,391.0199890136719,393.67999267578125,393.67999267578125,571900
2020-08-05,397.3999938964844,404.20001220703125,395.1099853515625,400.739990234375,400.739990234375,526800
2020-08-06,400.739990234375,403.6600036621094,393.1300048828125,399.3299865722656,399.3299865722656,853100
2020-08-07,343.0,360.69000244140625,343.0,355.6600036621094,355.6600036621094,4266400
2020-08-10,357.010009765625,357.989990234375,352.1000061035156,353.3500061035156,353.3500061035156,951200
2020-08-11,354.3900146484375,354.3900146484375,339.8999938964844,341.2099914550781,341.2099914550781,1117800
2020-08-12,342.4800109863281,346.1300048828125,339.2900085449219,344.1400146484375,344.1400146484375,1124600
2020-08-13,346.05999755859375,357.1000061035156,344.1499938964844,353.5299987792969,353.5299987792969,991400
2020-08-14,354.2900085449219,354.8699951171875,344.0,347.55999755859375,347.55999755859375,693400
2020-08-17,351.6300048828125,357.2200012207031,349.82000732421875,354.1300048828125,354.1300048828125,767400
2020-08-18,354.0299987792969,358.6099853515625,349.7200012207031,356.07000732421875,356.07000732421875,758400
2020-08-19,358.4200134277344,358.4200134277344,351.7699890136719,353.3500061035156,353.3500061035156,614600
2020-08-20,351.010009765625,355.2300109863281,346.9800109863281,354.6000061035156,354.6000061035156,660200
2020-08-21,353.69000244140625,354.30999755859375,348.4200134277344,353.07000732421875,353.07000732421875,588700
2020-08-24,355.0,355.1499938964844,344.3900146484375,348.8699951171875,348.8699951171875,591200
2020-08-25,349.8299865722656,352.67999267578125,348.55999755859375,350.95001220703125,350.95001220703125,454100
2020-08-26,351.2699890136719,355.2200012207031,348.2099914550781,353.55999755859375,353.55999755859375,599800
2020-08-27,353.1300048828125,353.1300048828125,345.1000061035156,351.1099853515625,351.1099853515625,855200
2020-08-28,351.5799865722656,354.2799987792969,350.5899963378906,354.0,354.0,507800
2020-08-31,352.17999267578125,359.3500061035156,351.010009765625,357.2200012207031,357.2200012207031,802600
2020-09-01,355.3500061035156,356.6700134277344,346.9100036621094,347.8399963378906,347.8399963378906,962400
2020-09-02,349.45001220703125,368.29998779296875,347.989990234375,364.5299987792969,364.5299987792969,1126500
2020-09-03,366.739990234375,366.739990234375,342.6099853515625,346.5199890136719,346.5199890136719,957600
2020-09-04,346.05999755859375,346.05999755859375,332.6400146484375,342.3900146484375,342.3900146484375,845200
2020-09-08,336.0,346.1600036621094,333.7099914550781,340.95001220703125,340.95001220703125,1095400
2020-09-09,342.9599914550781,351.6000061035156,341.0,347.0,347.0,684200
2020-09-10,346.8299865722656,353.67999267578125,343.55999755859375,346.1099853515625,346.1099853515625,598100
2020-09-11,349.1099853515625,350.8599853515625,345.0199890136719,349.92999267578125,349.92999267578125,683900
2020-09-14,354.69000244140625,358.9599914550781,352.1600036621094,353.6499938964844,353.6499938964844,751500
2020-09-15,355.2200012207031,358.3699951171875,351.3500061035156,352.19000244140625,352.19000244140625,773600
2020-09-16,355.19000244140625,376.6700134277344,320.239990234375,322.4700012207031,322.4700012207031,3409800
2020-09-17,315.9100036621094,316.80999755859375,293.489990234375,298.0199890136719,298.0199890136719,5365900
2020-09-18,298.3599853515625,300.9200134277344,290.8299865722656,295.5,295.5,4340200
2020-09-21,266.8699951171875,283.239990234375,260.4200134277344,270.1300048828125,270.1300048828125,7343500
2020-09-22,268.80999755859375,275.260009765625,261.25,268.510009765625,268.510009765625,4232800
2020-09-23,274.70001220703125,278.1600036621094,271.1400146484375,273.0,273.0,2173300
2020-09-24,273.69000244140625,287.489990234375,267.1000061035156,286.30999755859375,286.30999755859375,2544600
2020-09-25,284.42999267578125,302.2300109863281,279.8800048828125,299.8900146484375,299.8900146484375,4336900
2020-09-28,307.25,307.6099853515625,297.6700134277344,305.4599914550781,305.4599914550781,1907100
2020-09-29,304.6000061035156,309.70001220703125,302.3699951171875,305.5,305.5,1610800
2020-09-30,305.17999267578125,310.6099853515625,303.6099853515625,309.0799865722656,309.0799865722656,1576000
2020-10-01,312.7699890136719,313.1400146484375,306.1499938964844,309.6099853515625,309.6099853515625,1783500
2020-10-02,306.1499938964844,311.7799987792969,305.0,308.42999267578125,308.42999267578125,1555700
2020-10-05,310.739990234375,320.6199951171875,310.0799865722656,316.1700134277344,316.1700134277344,1430800
2020-10-06,317.7900085449219,323.92999267578125,315.1000061035156,317.2799987792969,317.2799987792969,1327100
2020-10-07,319.32000732421875,325.32000732421875,314.54998779296875,324.3399963378906,324.3399963378906,1156700
2020-10-08,327.7799987792969,334.0,322.6400146484375,333.7799987792969,333.7799987792969,1363800
2020-10-09,337.989990234375,339.6000061035156,333.9700012207031,339.0400085449219,339.0400085449219,1420100
2020-10-12,341.05999755859375,356.0,339.6300048828125,352.32000732421875,352.32000732421875,1672900
2020-10-13,341.8699951171875,346.5,337.5299987792969,345.1400146484375,345.1400146484375,1731300
2020-10-14,345.5,347.42999267578125,326.239990234375,330.1199951171875,330.1199951171875,1653300
2020-10-15,327.92999267578125,330.7099914550781,320.1499938964844,323.7799987792969,323.7799987792969,1241400
2020-10-16,326.20001220703125,332.7300109863281,325.57000732421875,326.30999755859375,326.30999755859375,1556100
2020-10-19,328.3500061035156,329.2799987792969,318.6700134277344,321.260009765625,321.260009765625,1012300
2020-10-20,320.95001220703125,325.25,318.6199951171875,320.44000244140625,320.44000244140625,685500
2020-10-21,320.510009765625,323.3900146484375,316.4200134277344,317.8500061035156,317.8500061035156,553100
2020-10-22,318.8399963378906,326.8800048828125,318.8399963378906,325.9200134277344,325.9200134277344,818700
2020-10-23,327.8800048828125,327.8800048828125,320.0,323.54998779296875,323.54998779296875,760600
2020-10-26,321.2900085449219,323.5,313.30999755859375,319.05999755859375,319.05999755859375,926000
2020-10-27,321.44000244140625,328.0,318.44000244140625,321.739990234375,321.739990234375,1227200
2020-10-28,317.3599853515625,320.0,309.6600036621094,309.69000244140625,309.69000244140625,1248400
2020-10-29,309.8500061035156,319.1499938964844,305.25,314.8999938964844,314.8999938964844,1468700
2020-10-30,308.5899963378906,311.7699890136719,288.010009765625,292.70001220703125,292.70001220703125,2726500
2020-11-02,298.0,303.8699951171875,288.8800048828125,292.8800048828125,292.8800048828125,1572100
2020-11-03,297.0,301.6000061035156,293.7699890136719,296.6300048828125,296.6300048828125,1198900
2020-11-04,308.5,311.94000244140625,299.70001220703125,311.3299865722656,311.3299865722656,1645300
2020-11-05,319.5299987792969,319.54998779296875,307.69000244140625,311.7200012207031,311.7200012207031,705500
2020-11-06,310.1000061035156,311.25,302.4100036621094,308.1600036621094,308.1600036621094,880900
2020-11-09,316.8399963378906,319.04998779296875,305.17999267578125,305.69000244140625,305.69000244140625,1595700
2020-11-10,301.6099853515625,308.0,299.19000244140625,301.55999755859375,301.55999755859375,1618900
2020-11-11,303.2900085449219,307.8900146484375,299.32000732421875,302.3500061035156,302.3500061035156,981700
2020-11-12,302.17999267578125,307.6400146484375,299.69000244140625,304.30999755859375,304.30999755859375,971700
2020-11-13,305.6400146484375,310.010009765625,304.1099853515625,308.8599853515625,308.8599853515625,870500
2020-11-16,309.0,309.07000732421875,295.7900085449219,296.7300109863281,296.7300109863281,1653400
2020-11-17,296.7300109863281,299.3699951171875,293.989990234375,297.95001220703125,297.95001220703125,1279200
2020-11-18,296.989990234375,301.1000061035156,295.0,295.2300109863281,295.2300109863281,1078800
2020-11-19,295.7099914550781,300.8299865722656,292.6499938964844,299.0,299.0,984700
2020-11-20,300.2699890136719,306.69000244140625,297.2099914550781,300.79998779296875,300.79998779296875,878800
2020-11-23,301.0,306.0,297.57000732421875,301.8500061035156,301.8500061035156,876900
2020-11-24,304.80999755859375,309.7699890136719,303.260009765625,305.6300048828125,305.6300048828125,978300
2020-11-25,309.239990234375,309.3999938964844,301.7300109863281,303.9800109863281,303.9800109863281,541200
2020-11-27,305.0,319.3299865722656,304.010009765625,317.0299987792969,317.0299987792969,981700
2020-11-30,317.32000732421875,322.54998779296875,311.0199890136719,322.0899963378906,322.0899963378906,1603200
2020-12-01,323.8599853515625,336.5400085449219,322.6000061035156,334.3399963378906,334.3399963378906,2119200
2020-12-02,334.3500061035156,341.6199951171875,332.29998779296875,340.82000732421875,340.82000732421875,1487600
2020-12-03,341.010009765625,346.6000061035156,337.0199890136719,346.0,346.0,1720400
2020-12-04,345.07000732421875,350.989990234375,343.3999938964844,350.6600036621094,350.6600036621094,1172900
2020-12-07,348.0299987792969,350.8999938964844,341.54998779296875,342.82000732421875,342.82000732421875,952500
2020-12-08,341.19000244140625,343.3999938964844,335.67999267578125,342.7200012207031,342.7200012207031,958600
2020-12-09,343.260009765625,346.55999755859375,336.0,337.760009765625,337.760009765625,1423600
2020-12-10,338.1499938964844,348.92999267578125,336.55999755859375,343.7099914550781,343.7099914550781,784800
2020-12-11,341.8800048828125,345.2799987792969,338.9700012207031,342.010009765625,342.010009765625,798500
2020-12-14,345.0,351.32000732421875,344.20001220703125,347.1099853515625,347.1099853515625,992400
2020-12-15,348.8399963378906,353.1499938964844,346.7799987792969,352.6199951171875,352.6199951171875,945300
2020-12-16,353.489990234375,354.5899963378906,350.0400085449219,353.32000732421875,353.32000732421875,759000
2020-12-17,358.44000244140625,361.9100036621094,356.2699890136719,361.29998779296875,361.29998779296875,1349800
2020-12-18,365.2799987792969,366.69000244140625,359.95001220703125,366.05999755859375,366.05999755859375,1922700
2020-12-21,360.70001220703125,364.3500061035156,356.8999938964844,362.6300048828125,362.6300048828125,1073100
2020-12-22,368.0899963378906,378.3299865722656,365.7900085449219,370.9599914550781,370.9599914550781,1184300
2020-12-23,370.010009765625,374.17999267578125,366.05999755859375,366.5199890136719,366.5199890136719,747500
2020-12-24,363.45001220703125,369.05999755859375,362.010009765625,367.2900085449219,367.2900085449219,269200
2020-12-28,372.7300109863281,373.20001220703125,365.8399963378906,366.7799987792969,366.7799987792969,539400
2020-12-29,371.0799865722656,372.80999755859375,363.1099853515625,366.1099853515625,366.1099853515625,452100
2020-12-30,368.2200012207031,370.3399963378906,360.760009765625,364.0899963378906,364.0899963378906,580300
2020-12-31,366.3599853515625,370.42999267578125,360.8999938964844,370.0,370.0,513600
2021-01-04,370.8399963378906,374.5,361.3900146484375,367.760009765625,367.760009765625,970100
2021-01-05,365.2699890136719,374.9200134277344,363.7699890136719,374.8999938964844,374.8999938964844,822100
2021-01-06,367.42999267578125,380.57000732421875,365.0,376.54998779296875,376.54998779296875,999700
2021-01-07,376.67999267578125,384.2699890136719,376.6499938964844,382.4100036621094,382.4100036621094,804200
2021-01-08,384.57000732421875,387.1499938964844,375.0,379.6099853515625,379.6099853515625,1057800
2021-01-11,379.6499938964844,382.5,356.0,372.4800109863281,372.4800109863281,1933200
2021-01-12,370.8500061035156,372.75,359.0199890136719,361.2799987792969,361.2799987792969,1270400
2021-01-13,361.8699951171875,363.29998779296875,359.32000732421875,362.0,362.0,1430200
2021-01-14,364.0199890136719,372.29998779296875,362.0299987792969,371.0400085449219,371.0400085449219,860300
2021-01-15,371.239990234375,396.0,370.0299987792969,376.3500061035156,376.3500061035156,1873300
2021-01-19,382.4800109863281,390.8299865722656,379.9700012207031,390.2099914550781,390.2099914550781,1142000
2021-01-20,389.95001220703125,404.07000732421875,389.95001220703125,403.5400085449219,403.5400085449219,1383300
2021-01-21,403.0,407.1300048828125,395.0,404.8699951171875,404.8699951171875,1069200
2021-01-22,400.6600036621094,408.80999755859375,398.25,406.25,406.25,803500
2021-01-25,407.0199890136719,425.7099914550781,406.69000244140625,421.0,421.0,1700200
2021-01-26,418.95001220703125,425.9200134277344,416.2900085449219,420.54998779296875,420.54998779296875,1128000
2021-01-27,414.5199890136719,434.94000244140625,406.8399963378906,432.0799865722656,432.0799865722656,2228000
2021-01-28,433.5,453.67999267578125,432.9599914550781,438.2200012207031,438.2200012207031,1500700
2021-01-29,435.7300109863281,439.2200012207031,425.7200012207031,426.44000244140625,426.44000244140625,1369400
2021-02-01,427.1400146484375,450.260009765625,427.1400146484375,443.3800048828125,443.3800048828125,1130300
2021-02-02,444.8399963378906,453.0,432.44000244140625,440.25,440.25,928800
2021-02-03,440.1400146484375,440.5,419.70001220703125,420.20001220703125,420.20001220703125,961200
2021-02-04,425.3900146484375,432.0,419.29998779296875,428.6400146484375,428.6400146484375,782700
2021-02-05,431.8999938964844,432.4800109863281,422.54998779296875,428.9100036621094,428.9100036621094,792200
2021-02-08,432.44000244140625,451.3599853515625,431.0199890136719,451.05999755859375,451.05999755859375,1129000
2021-02-09,450.0,453.79998779296875,442.0899963378906,453.0,453.0,917100
2021-02-10,450.9700012207031,460.5199890136719,448.4100036621094,450.0,450.0,1014100
2021-02-11,454.1300048828125,456.6600036621094,445.510009765625,451.2200012207031,451.2200012207031,901400
2021-02-12,453.30999755859375,555.77001953125,452.3299865722656,504.760009765625,504.760009765625,3378100
2021-02-16,508.3800048828125,508.3800048828125,487.3399963378906,492.54998779296875,492.54998779296875,1512800
2021-02-17,490.8699951171875,496.9599914550781,481.5,494.239990234375,494.239990234375,921600
2021-02-18,486.75,490.04998779296875,475.6000061035156,485.7900085449219,485.7900085449219,921200
2021-02-19,488.17999267578125,494.0,479.54998779296875,486.260009765625,486.260009765625,936000
2021-02-22,480.0,482.8399963378906,468.4800109863281,470.55999755859375,470.55999755859375,995300
2021-02-23,463.2799987792969,469.6099853515625,450.1600036621094,464.5400085449219,464.5400085449219,1317100
2021-02-24,462.0,466.0400085449219,448.0799865722656,461.04998779296875,461.04998779296875,1135700
2021-02-25,460.80999755859375,461.760009765625,437.1600036621094,445.8599853515625,445.8599853515625,1294600
2021-02-26,444.8500061035156,445.9800109863281,432.05999755859375,439.4100036621094,439.4100036621094,1457400
2021-03-01,449.0,451.739990234375,443.1400146484375,446.5,446.5,865400
2021-03-02,444.6099853515625,448.3500061035156,438.07000732421875,441.010009765625,441.010009765625,753000
2021-03-03,436.55999755859375,437.1099853515625,416.1700134277344,416.4100036621094,416.4100036621094,1130500
2021-03-04,413.3500061035156,418.3500061035156,395.69000244140625,399.6099853515625,399.6099853515625,1268000
2021-03-05,402.239990234375,403.4800109863281,382.4100036621094,398.8500061035156,398.8500061035156,1181800
2021-03-08,396.4700012207031,404.4800109863281,383.0899963378906,383.6199951171875,383.6199951171875,908700
2021-03-09,391.2099914550781,405.9100036621094,391.2099914550781,400.8599853515625,400.8599853515625,965400
2021-03-10,407.8599853515625,417.2799987792969,399.1700134277344,399.45001220703125,399.45001220703125,709400
2021-03-11,406.57000732421875,418.4200134277344,404.6000061035156,412.8900146484375,412.8900146484375,669800
2021-03-12,402.4100036621094,405.739990234375,393.79998779296875,405.1199951171875,405.1199951171875,687800
2021-03-15,404.30999755859375,421.8800048828125,404.30999755859375,420.32000732421875,420.32000732421875,943400
2021-03-16,421.05999755859375,425.5199890136719,412.0299987792969,419.5299987792969,419.5299987792969,1086800
2021-03-17,413.9700012207031,424.1099853515625,408.6499938964844,420.1199951171875,420.1199951171875,887200
2021-03-18,412.4700012207031,415.9200134277344,405.3299865722656,409.19000244140625,409.19000244140625,950600
2021-03-19,410.739990234375,418.0,407.010009765625,415.8999938964844,415.8999938964844,1225500
2021-03-22,416.239990234375,431.1499938964844,416.239990234375,429.9200134277344,429.9200134277344,1138900
2021-03-23,431.3900146484375,431.7300109863281,416.2200012207031,416.42999267578125,416.42999267578125,711300
2021-03-24,417.6600036621094,421.54998779296875,404.79998779296875,406.79998779296875,406.79998779296875,652800
2021-03-25,404.6099853515625,409.9100036621094,394.32000732421875,398.1300048828125,398.1300048828125,1275000
2021-03-26,400.0,402.7300109863281,393.4800109863281,401.4599914550781,401.4599914550781,1161300
2021-03-29,401.5,402.9800109863281,389.5400085449219,395.0,395.0,1373700
2021-03-30,394.3999938964844,405.19000244140625,364.239990234375,368.9599914550781,368.9599914550781,4516200
2021-03-31,373.2099914550781,389.04998779296875,373.0199890136719,384.05999755859375,384.05999755859375,2494700
2021-04-01,393.2099914550781,398.94000244140625,380.739990234375,385.0400085449219,385.0400085449219,1361000
2021-04-05,386.0299987792969,387.9200134277344,379.260009765625,384.5400085449219,384.5400085449219,1008100
2021-04-06,424.3599853515625,426.44000244140625,412.989990234375,414.8399963378906,414.8399963378906,3178300
2021-04-07,412.1499938964844,414.6199951171875,398.67999267578125,400.54998779296875,400.54998779296875,1000300
2021-04-08,405.2200012207031,409.19000244140625,402.2099914550781,403.739990234375,403.739990234375,749800
2021-04-09,406.260009765625,406.260009765625,394.5,403.3699951171875,403.3699951171875,662000
2021-04-12,402.7799987792969,405.0,395.0400085449219,398.989990234375,398.989990234375,646300
2021-04-13,400.1300048828125,407.0,399.67999267578125,403.1499938964844,403.1499938964844,701900
2021-04-14,406.6499938964844,408.5799865722656,396.6199951171875,398.07000732421875,398.07000732421875,655600
2021-04-15,403.760009765625,407.7200012207031,399.6199951171875,401.9599914550781,401.9599914550781,980000
2021-04-16,401.8900146484375,402.3900146484375,390.5199890136719,399.0,399.0,1176800
2021-04-19,398.04998779296875,405.25,393.3500061035156,404.17999267578125,404.17999267578125,906400
2021-04-20,401.8299865722656,406.95001220703125,395.489990234375,398.3900146484375,398.3900146484375,571000
2021-04-21,398.0299987792969,404.07000732421875,395.010009765625,403.3299865722656,403.3299865722656,554600
2021-04-22,402.0199890136719,411.42999267578125,402.0199890136719,408.4200134277344,408.4200134277344,678900
2021-04-23,410.92999267578125,416.7099914550781,410.0400085449219,414.9700012207031,414.9700012207031,798300
2021-04-26,417.75,421.05999755859375,412.8399963378906,420.760009765625,420.760009765625,854400
2021-04-27,417.19000244140625,422.6400146484375,413.54998779296875,413.54998779296875,413.54998779296875,903300
2021-04-28,414.6199951171875,417.0,393.0,405.5400085449219,405.5400085449219,859700
2021-04-29,407.739990234375,411.0299987792969,396.8900146484375,399.92999267578125,399.92999267578125,733200
2021-04-30,397.2300109863281,399.45001220703125,390.4800109863281,392.8399963378906,392.8399963378906,947200
2021-05-03,394.6700134277344,396.6600036621094,385.95001220703125,386.3999938964844,386.3999938964844,962200
2021-05-04,384.1499938964844,384.1499938964844,375.0799865722656,378.3699951171875,378.3699951171875,963700
2021-05-05,381.8800048828125,384.0899963378906,377.42999267578125,378.3500061035156,378.3500061035156,678400
2021-05-06,375.92999267578125,377.2200012207031,369.0799865722656,377.0899963378906,377.0899963378906,702600
2021-05-07,379.760009765625,389.45001220703125,378.69000244140625,383.94000244140625,383.94000244140625,703700
2021-05-10,382.9200134277344,383.2699890136719,379.05999755859375,380.4599914550781,380.4599914550781,772900
2021-05-11,377.1499938964844,385.6099853515625,373.4599914550781,381.510009765625,381.510009765625,651000
2021-05-12,374.70001220703125,382.0299987792969,371.0,372.8399963378906,372.8399963378906,817800
2021-05-13,375.5899963378906,379.1099853515625,368.07000732421875,373.45001220703125,373.45001220703125,688900
2021-05-14,375.4599914550781,383.6499938964844,372.989990234375,381.0299987792969,381.0299987792969,714200
2021-05-17,380.0799865722656,381.94000244140625,375.9800109863281,379.4800109863281,379.4800109863281,754700
2021-05-18,379.5299987792969,391.8500061035156,378.0400085449219,386.3599853515625,386.3599853515625,801900
2021-05-19,378.4800109863281,387.04998779296875,377.45001220703125,386.7200012207031,386.7200012207031,824700
2021-05-20,390.3599853515625,404.0,389.5,396.4800109863281,396.4800109863281,1210100
2021-05-21,397.7699890136719,406.510009765625,397.5,398.6199951171875,398.6199951171875,882900
2021-05-24,403.0400085449219,406.8900146484375,399.7900085449219,399.989990234375,399.989990234375,617000
2021-05-25,401.4800109863281,405.0,395.8599853515625,397.0899963378906,397.0899963378906,652800
2021-05-26,395.7900085449219,399.9700012207031,395.70001220703125,397.70001220703125,397.70001220703125,610400
2021-05-27,397.489990234375,409.55999755859375,396.57000732421875,408.989990234375,408.989990234375,2396500
2021-05-28,410.0,416.489990234375,404.07000732421875,405.6400146484375,405.6400146484375,919300
2021-06-01,410.489990234375,410.79998779296875,399.1499938964844,407.45001220703125,407.45001220703125,812300
2021-06-02,407.25,413.1300048828125,406.489990234375,412.9599914550781,412.9599914550781,618700
2021-06-03,408.7200012207031,413.510009765625,401.5199890136719,404.5799865722656,404.5799865722656,664100
2021-06-04,407.3800048828125,421.7699890136719,405.4700012207031,418.1199951171875,418.1199951171875,695300
2021-06-07,419.67999267578125,435.8699951171875,418.1199951171875,430.3399963378906,430.3399963378906,892700
2021-06-08,434.760009765625,439.989990234375,426.2099914550781,433.8699951171875,433.8699951171875,642100
2021-06-09,437.0299987792969,438.4800109863281,429.17999267578125,433.94000244140625,433.94000244140625,637600
2021-06-10,433.8299865722656,451.75,430.3900146484375,450.6700134277344,450.6700134277344,771500
2021-06-11,449.0199890136719,453.25,445.7799987792969,453.1700134277344,453.1700134277344,638800
2021-06-14,453.29998779296875,455.260009765625,448.3299865722656,452.1400146484375,452.1400146484375,603900
2021-06-15,452.489990234375,453.9599914550781,448.0299987792969,451.80999755859375,451.80999755859375,396700
2021-06-16,454.2099914550781,457.20001220703125,440.1300048828125,445.4100036621094,445.4100036621094,694300
2021-06-17,443.7900085449219,457.57000732421875,442.2300109863281,455.3500061035156,455.3500061035156,531400
2021-06-18,453.2799987792969,460.4800109863281,450.7200012207031,456.1600036621094,456.1600036621094,1084700
2021-06-21,458.8399963378906,465.92999267578125,450.2900085449219,461.04998779296875,461.04998779296875,424400
2021-06-22,461.7900085449219,467.1199951171875,458.6099853515625,465.69000244140625,465.69000244140625,470300
2021-06-23,464.6700134277344,472.5400085449219,464.2099914550781,469.1300048828125,469.1300048828125,534800
2021-06-24,472.3999938964844,477.260009765625,467.57000732421875,468.07000732421875,468.07000732421875,454700
2021-06-25,468.8800048828125,475.3800048828125,467.510009765625,474.6600036621094,474.6600036621094,593600
2021-06-28,479.2799987792969,487.0,477.5,481.5,481.5,601400
2021-06-29,481.0199890136719,483.3800048828125,475.55999755859375,479.17999267578125,479.17999267578125,458400
2021-06-30,478.1700134277344,480.3599853515625,470.42999267578125,473.2099914550781,473.2099914550781,541400
2021-07-01,472.0,476.1600036621094,469.75,470.6600036621094,470.6600036621094,687400
2021-07-02,477.9599914550781,477.9599914550781,469.010009765625,474.7300109863281,474.7300109863281,535700
2021-07-06,472.9200134277344,476.0400085449219,469.3299865722656,474.8500061035156,474.8500061035156,575900
2021-07-07,477.5899963378906,479.0,466.6099853515625,473.45001220703125,473.45001220703125,666600
2021-07-08,467.32000732421875,474.2900085449219,466.05999755859375,472.8599853515625,472.8599853515625,448300
2021-07-09,474.9100036621094,478.3599853515625,469.2099914550781,476.79998779296875,476.79998779296875,630000
2021-07-12,480.0,485.7300109863281,476.9700012207031,484.1000061035156,484.1000061035156,516700
2021-07-13,483.5199890136719,488.0,480.30999755859375,483.5199890136719,483.5199890136719,527800
2021-07-14,484.7200012207031,485.7200012207031,459.42999267578125,460.9200134277344,460.9200134277344,609800
2021-07-15,460.9200134277344,465.9100036621094,455.9200134277344,462.489990234375,462.489990234375,533800
2021-07-16,462.8699951171875,470.0899963378906,460.3800048828125,465.4599914550781,465.4599914550781,436100
2021-07-19,464.0,478.7900085449219,461.57000732421875,469.739990234375,469.739990234375,692000
2021-07-20,469.9800109863281,489.44000244140625,468.5,487.25,487.25,847100
2021-07-21,483.95001220703125,485.9200134277344,471.2900085449219,480.8500061035156,480.8500061035156,552800
2021-07-22,482.2300109863281,487.6600036621094,480.5899963378906,486.5199890136719,486.5199890136719,371900
2021-07-23,487.0899963378906,496.6000061035156,485.4800109863281,495.510009765625,495.510009765625,410300
2021-07-26,494.760009765625,496.010009765625,486.6300048828125,491.510009765625,491.510009765625,357800
2021-07-27,490.3599853515625,490.5199890136719,481.1499938964844,486.25,486.25,523900
2021-07-28,486.4100036621094,497.7300109863281,486.4100036621094,492.2200012207031,492.2200012207031,390900
2021-07-29,497.4599914550781,497.4599914550781,486.57000732421875,491.6300048828125,491.6300048828125,488000
2021-07-30,492.7799987792969,497.6000061035156,489.3800048828125,495.75,495.75,497800
2021-08-02,498.07000732421875,499.9599914550781,490.6099853515625,492.989990234375,492.989990234375,424900
2021-08-03,493.55999755859375,499.6400146484375,492.5199890136719,498.4200134277344,498.4200134277344,598700
2021-08-04,497.2900085449219,506.1499938964844,496.489990234375,504.6000061035156,504.6000061035156,898100
2021-08-05,504.5899963378906,515.8200073242188,504.5899963378906,515.6799926757812,515.6799926757812,665700
2021-08-06,491.07000732421875,505.0,490.95001220703125,497.239990234375,497.239990234375,831800
2021-08-09,495.69000244140625,508.57000732421875,493.55999755859375,506.1499938964844,506.1499938964844,487200
2021-08-10,506.8800048828125,511.42999267578125,504.6400146484375,506.3800048828125,506.3800048828125,546300
2021-08-11,509.2300109863281,511.42999267578125,501.2900085449219,502.7699890136719,502.7699890136719,453000
2021-08-12,503.5,511.1099853515625,501.6099853515625,510.6099853515625,510.6099853515625,348400
2021-08-13,510.6099853515625,519.3400268554688,509.4200134277344,517.3200073242188,517.3200073242188,400000
2021-08-16,519.1500244140625,526.0,516.010009765625,524.8400268554688,524.8400268554688,506600
2021-08-17,522.5700073242188,525.0,517.5900268554688,522.8900146484375,522.8900146484375,366400
2021-08-18,522.3099975585938,524.989990234375,510.30999755859375,510.6099853515625,510.6099853515625,490200
2021-08-19,480.92999267578125,482.6300048828125,457.8399963378906,470.3599853515625,470.3599853515625,2239400
2021-08-20,486.510009765625,489.75,475.8699951171875,486.7099914550781,486.7099914550781,1106900
2021-08-23,489.1000061035156,492.2900085449219,476.6700134277344,478.3299865722656,478.3299865722656,1112900
2021-08-24,473.70001220703125,481.29998779296875,471.0,479.6700134277344,479.6700134277344,1409700
2021-08-25,479.6700134277344,488.57000732421875,476.3500061035156,487.4700012207031,487.4700012207031,480900
2021-08-26,484.3800048828125,486.1000061035156,465.5400085449219,470.8599853515625,470.8599853515625,729800
2021-08-27,471.7099914550781,477.1600036621094,463.8999938964844,464.5799865722656,464.5799865722656,839700
2021-08-30,463.5,464.0,454.04998779296875,457.0,457.0,1228400
2021-08-31,459.3500061035156,459.3500061035156,448.67999267578125,457.1600036621094,457.1600036621094,1189900
2021-09-01,456.54998779296875,470.3399963378906,455.07000732421875,463.0199890136719,463.0199890136719,620800
2021-09-02,465.1499938964844,470.8299865722656,464.75,469.5400085449219,469.5400085449219,527300
2021-09-03,466.0299987792969,471.1000061035156,465.0,466.9800109863281,466.9800109863281,517900
2021-09-07,465.70001220703125,465.8299865722656,452.2099914550781,461.6499938964844,461.6499938964844,709800
2021-09-08,460.69000244140625,466.19000244140625,457.3900146484375,463.010009765625,463.010009765625,527300
2021-09-09,464.239990234375,469.8699951171875,458.9200134277344,459.25,459.25,487900
2021-09-10,461.5400085449219,465.5899963378906,457.7799987792969,458.2099914550781,458.2099914550781,444200
2021-09-13,460.80999755859375,461.0799865722656,447.1499938964844,452.8299865722656,452.8299865722656,827000
2021-09-14,453.4800109863281,455.8900146484375,447.3999938964844,448.8500061035156,448.8500061035156,688400
2021-09-15,449.5799865722656,452.20001220703125,447.2200012207031,449.8800048828125,449.8800048828125,1076300
2021-09-16,450.0,451.9200134277344,445.1000061035156,449.9200134277344,449.9200134277344,697700
2021-09-17,445.0,453.9200134277344,443.5,447.010009765625,447.010009765625,1749900
2021-09-20,440.6700134277344,449.989990234375,433.0,438.0,438.0,920400
2021-09-21,441.3800048828125,442.5400085449219,434.6300048828125,434.760009765625,434.760009765625,767500
2021-09-22,436.69000244140625,436.69000244140625,431.3800048828125,434.5899963378906,434.5899963378906,1023300
2021-09-23,436.05999755859375,436.6700134277344,431.2799987792969,433.20001220703125,433.20001220703125,1050900
2021-09-24,431.2799987792969,436.95001220703125,427.1000061035156,432.82000732421875,432.82000732421875,811900
2021-09-27,430.0299987792969,431.1099853515625,418.5400085449219,425.5799865722656,425.5799865722656,860100
2021-09-28,418.0400085449219,418.4200134277344,408.8500061035156,410.20001220703125,410.20001220703125,1163000
2021-09-29,413.0,416.3699951171875,409.9200134277344,411.6099853515625,411.6099853515625,749700
2021-09-30,413.2799987792969,417.3299865722656,405.1099853515625,405.6099853515625,405.6099853515625,915000
2021-10-01,403.4200134277344,403.95001220703125,391.3299865722656,394.8399963378906,394.8399963378906,1116200
2021-10-04,393.75,393.75,378.5,379.8800048828125,379.8800048828125,1267800
2021-10-05,382.0,395.8999938964844,381.67999267578125,387.9800109863281,387.9800109863281,1137400
2021-10-06,383.5799865722656,394.25,381.3999938964844,392.95001220703125,392.95001220703125,1037100
2021-10-07,398.6400146484375,405.6300048828125,397.3900146484375,404.04998779296875,404.04998779296875,1106800
2021-10-08,405.2900085449219,411.5799865722656,405.20001220703125,410.0,410.0,1047200
2021-10-11,410.0,415.20001220703125,404.0799865722656,404.3599853515625,404.3599853515625,812300
2021-10-12,409.4700012207031,412.0899963378906,400.1000061035156,404.3999938964844,404.3999938964844,653700
2021-10-13,405.4599914550781,408.25,403.2200012207031,405.1400146484375,405.1400146484375,680400
2021-10-14,409.3800048828125,412.0299987792969,407.0,408.1000061035156,408.1000061035156,948000
2021-10-15,411.6700134277344,411.8999938964844,408.1499938964844,409.92999267578125,409.92999267578125,662200
2021-10-18,409.0,410.6400146484375,404.0199890136719,410.5299987792969,410.5299987792969,534600
2021-10-19,412.1400146484375,415.20001220703125,410.1600036621094,414.0799865722656,414.0799865722656,739600
2021-10-20,417.3800048828125,417.9800109863281,411.1400146484375,413.45001220703125,413.45001220703125,620900
2021-10-21,416.1700134277344,417.9599914550781,409.2699890136719,411.5799865722656,411.5799865722656,803500
2021-10-22,411.0,413.3999938964844,403.489990234375,409.1499938964844,409.1499938964844,544800
2021-10-25,410.7200012207031,421.19000244140625,408.3800048828125,420.7799987792969,420.7799987792969,848000
2021-10-26,423.0,424.3800048828125,415.7099914550781,417.19000244140625,417.19000244140625,692200
2021-10-27,419.2799987792969,420.5199890136719,411.07000732421875,412.010009765625,412.010009765625,689900
2021-10-28,414.3500061035156,418.7900085449219,411.7799987792969,413.54998779296875,413.54998779296875,566100
2021-10-29,415.0899963378906,416.0,410.19000244140625,415.05999755859375,415.05999755859375,513600
2021-11-01,415.4800109863281,419.7699890136719,414.95001220703125,416.79998779296875,416.79998779296875,488200
2021-11-02,417.6199951171875,418.8500061035156,409.0,417.2099914550781,417.2099914550781,604400
2021-11-03,418.6300048828125,420.3599853515625,408.7699890136719,419.57000732421875,419.57000732421875,722700
2021-11-04,418.45001220703125,422.45001220703125,416.4100036621094,421.8299865722656,421.8299865722656,785600
2021-11-05,423.260009765625,425.0,397.8500061035156,408.1400146484375,408.1400146484375,1579600
2021-11-08,406.8299865722656,410.70001220703125,395.79998779296875,402.17999267578125,402.17999267578125,846600
2021-11-09,400.5400085449219,401.9599914550781,395.04998779296875,395.3599853515625,395.3599853515625,630600
2021-11-10,392.25,393.9200134277344,385.6000061035156,385.6499938964844,385.6499938964844,804000
2021-11-11,389.2099914550781,393.0299987792969,382.69000244140625,385.1600036621094,385.1600036621094,783600
2021-11-12,386.3500061035156,390.0,381.5299987792969,383.45001220703125,383.45001220703125,899800
2021-11-15,384.4800109863281,388.8399963378906,378.6000061035156,378.94000244140625,378.94000244140625,844200
2021-11-16,380.44000244140625,381.07000732421875,374.3399963378906,378.510009765625,378.510009765625,763900
2021-11-17,377.9100036621094,382.55999755859375,374.739990234375,377.6300048828125,377.6300048828125,531700
2021-11-18,377.6300048828125,379.0,366.510009765625,375.9200134277344,375.9200134277344,870100
2021-11-19,380.1600036621094,380.6499938964844,373.6099853515625,379.3399963378906,379.3399963378906,1051700
2021-11-22,377.8599853515625,379.9599914550781,375.1099853515625,377.1499938964844,377.1499938964844,743100
2021-11-23,375.0,375.0,362.80999755859375,365.739990234375,365.739990234375,1076700
2021-11-24,366.9800109863281,366.9800109863281,361.1000061035156,365.55999755859375,365.55999755859375,1112600
2021-11-26,367.80999755859375,376.3500061035156,367.44000244140625,369.7900085449219,369.7900085449219,668900
2021-11-29,373.5,374.4100036621094,364.6199951171875,370.80999755859375,370.80999755859375,891000
2021-11-30,370.6099853515625,374.4200134277344,364.3599853515625,365.3299865722656,365.3299865722656,1455000
2021-12-01,365.70001220703125,367.489990234375,357.44000244140625,357.6600036621094,357.6600036621094,1142400
2021-12-02,356.17999267578125,360.7799987792969,351.3399963378906,357.4800109863281,357.4800109863281,1090500
2021-12-03,360.55999755859375,362.489990234375,341.0299987792969,347.2799987792969,347.2799987792969,1148500
2021-12-06,346.2099914550781,353.6000061035156,342.07000732421875,351.6499938964844,351.6499938964844,1211700
2021-12-07,358.2900085449219,369.9800109863281,355.1600036621094,369.42999267578125,369.42999267578125,1263700
2021-12-08,368.1499938964844,376.260009765625,366.3999938964844,375.9800109863281,375.9800109863281,1094300
2021-12-09,375.70001220703125,377.3399963378906,370.4700012207031,371.3399963378906,371.3399963378906,1049300
2021-12-10,370.5799865722656,377.69000244140625,370.3999938964844,374.5199890136719,374.5199890136719,1182300
2021-12-13,374.5199890136719,381.9200134277344,371.9700012207031,379.5400085449219,379.5400085449219,1245500
2021-12-14,377.69000244140625,387.4599914550781,376.0899963378906,386.3800048828125,386.3800048828125,1429400
2021-12-15,386.489990234375,392.42999267578125,377.94000244140625,391.739990234375,391.739990234375,1298700
2021-12-16,393.2699890136719,397.44000244140625,377.0400085449219,378.8699951171875,378.8699951171875,1163000
2021-12-17,378.4800109863281,388.92999267578125,372.3599853515625,384.9200134277344,384.9200134277344,3365100
2021-12-20,382.7200012207031,383.4200134277344,372.8599853515625,374.20001220703125,374.20001220703125,826400
2021-12-21,374.6700134277344,382.2099914550781,373.30999755859375,379.4599914550781,379.4599914550781,790000
2021-12-22,380.2900085449219,383.67999267578125,374.6000061035156,378.79998779296875,378.79998779296875,523700
2021-12-23,380.5,385.489990234375,379.0899963378906,382.2900085449219,382.2900085449219,370100
2021-12-27,382.04998779296875,385.7200012207031,378.5799865722656,384.6600036621094,384.6600036621094,642700
2021-12-28,387.05999755859375,389.8900146484375,379.3599853515625,380.07000732421875,380.07000732421875,436300
2021-12-29,381.0,381.55999755859375,375.5,377.8500061035156,377.8500061035156,512300
2021-12-30,376.1400146484375,385.79998779296875,375.57000732421875,384.239990234375,384.239990234375,448100
2021-12-31,382.6099853515625,386.1400146484375,380.1499938964844,380.44000244140625,380.44000244140625,468500
2022-01-03,381.1099853515625,382.260009765625,373.8599853515625,380.8699951171875,380.8699951171875,574700
2022-01-04,379.8800048828125,380.3999938964844,365.0,372.3599853515625,372.3599853515625,866900
2022-01-05,370.489990234375,381.0899963378906,367.5,367.8800048828125,367.8800048828125,866000
2022-01-06,367.3599853515625,383.42999267578125,364.3699951171875,378.92999267578125,378.92999267578125,1162300
2022-01-07,379.79998779296875,389.7200012207031,370.0,370.3599853515625,370.3599853515625,1043100
2022-01-10,363.1700134277344,366.20001220703125,346.1499938964844,362.2799987792969,362.2799987792969,1745500
2022-01-11,384.7200012207031,424.6199951171875,381.0,423.79998779296875,423.79998779296875,4112200
2022-01-12,421.0,428.0,412.010009765625,413.3699951171875,413.3699951171875,1783600
2022-01-13,414.55999755859375,414.55999755859375,398.44000244140625,399.510009765625,399.510009765625,1141000
2022-01-14,395.0,405.6199951171875,393.989990234375,405.1400146484375,405.1400146484375,1034800
2022-01-18,402.1099853515625,402.1099853515625,382.510009765625,383.1300048828125,383.1300048828125,1050700
2022-01-19,384.3599853515625,394.4599914550781,383.760009765625,384.3599853515625,384.3599853515625,784900
2022-01-20,389.3999938964844,394.80999755859375,379.1000061035156,380.44000244140625,380.44000244140625,791500
2022-01-21,379.4800109863281,383.9800109863281,365.7799987792969,365.94000244140625,365.94000244140625,1066100
2022-01-24,360.9100036621094,365.5199890136719,344.4599914550781,364.9599914550781,364.9599914550781,1326500
2022-01-25,358.79998779296875,358.79998779296875,344.0299987792969,344.760009765625,344.760009765625,1183000
2022-01-26,343.6199951171875,349.29998779296875,327.1199951171875,331.7799987792969,331.7799987792969,1278600
2022-01-27,334.29998779296875,338.92999267578125,323.1499938964844,324.3599853515625,324.3599853515625,956300
2022-01-28,322.1099853515625,332.1000061035156,318.07000732421875,331.9599914550781,331.9599914550781,786200
2022-01-31,330.7900085449219,349.8800048828125,330.6199951171875,348.82000732421875,348.82000732421875,1002900
2022-02-01,352.8900146484375,359.29998779296875,349.2200012207031,356.45001220703125,356.45001220703125,953500
2022-02-02,356.82000732421875,358.2200012207031,351.92999267578125,356.2300109863281,356.2300109863281,650100
2022-02-03,347.3800048828125,359.0299987792969,340.69000244140625,356.6600036621094,356.6600036621094,1176900
2022-02-04,356.0,363.8500061035156,351.3399963378906,358.3800048828125,358.3800048828125,988200
2022-02-07,357.9800109863281,365.8699951171875,354.4599914550781,355.9200134277344,355.9200134277344,577100
2022-02-08,352.4100036621094,357.1700134277344,349.9200134277344,354.7699890136719,354.7699890136719,565200
2022-02-09,360.0,369.8699951171875,360.0,367.8599853515625,367.8599853515625,856200
2022-02-10,358.260009765625,367.1199951171875,355.0,358.0799865722656,358.0799865722656,1115600
2022-02-11,342.9700012207031,349.3999938964844,330.69000244140625,330.8999938964844,330.8999938964844,1853300
2022-02-14,330.9599914550781,332.6300048828125,322.32000732421875,329.45001220703125,329.45001220703125,1050900
2022-02-15,336.05999755859375,344.30999755859375,333.5799865722656,342.1199951171875,342.1199951171875,961500
2022-02-16,340.3800048828125,340.510009765625,325.79998779296875,333.8599853515625,333.8599853515625,769700
2022-02-17,332.3500061035156,333.7200012207031,316.5199890136719,317.8399963378906,317.8399963378906,752400
2022-02-18,315.5899963378906,318.8999938964844,310.0199890136719,311.9700012207031,311.9700012207031,1229200
2022-02-22,311.0,324.0,309.0400085449219,319.8599853515625,319.8599853515625,1084100
2022-02-23,322.1199951171875,326.0,313.8999938964844,315.2799987792969,315.2799987792969,1105500
2022-02-24,310.8599853515625,324.6000061035156,306.6600036621094,323.9100036621094,323.9100036621094,876800
2022-02-25,324.57000732421875,331.80999755859375,321.3299865722656,329.489990234375,329.489990234375,880300
2022-02-28,325.3800048828125,329.6600036621094,321.260009765625,326.6000061035156,326.6000061035156,1173200
2022-03-01,325.8800048828125,334.6300048828125,325.17999267578125,330.25,330.25,966300
2022-03-02,333.1400146484375,334.5400085449219,323.25,330.19000244140625,330.19000244140625,539400
2022-03-03,334.70001220703125,334.989990234375,325.260009765625,331.95001220703125,331.95001220703125,859900
2022-03-04,328.1000061035156,333.8299865722656,320.6199951171875,323.57000732421875,323.57000732421875,768500
2022-03-07,323.0,325.0,314.0400085449219,316.3299865722656,316.3299865722656,729200
2022-03-08,312.67999267578125,324.489990234375,306.3900146484375,313.5199890136719,313.5199890136719,778700
2022-03-09,322.6400146484375,329.04998779296875,320.8399963378906,324.7099914550781,324.7099914550781,873400
2022-03-10,316.6700134277344,319.54998779296875,310.0799865722656,316.0400085449219,316.0400085449219,768500
2022-03-11,321.3900146484375,322.3399963378906,303.5,303.8699951171875,303.8699951171875,642700
2022-03-14,304.95001220703125,313.2900085449219,303.1499938964844,306.1099853515625,306.1099853515625,945700
2022-03-15,312.6300048828125,314.3900146484375,302.7900085449219,312.6099853515625,312.6099853515625,814400
2022-03-16,316.3500061035156,328.05999755859375,314.8500061035156,326.6000061035156,326.6000061035156,905700
2022-03-17,325.0899963378906,338.260009765625,321.8399963378906,338.260009765625,338.260009765625,880700
2022-03-18,335.95001220703125,346.6600036621094,335.7699890136719,346.1099853515625,346.1099853515625,1375700
2022-03-21,341.55999755859375,348.739990234375,339.95001220703125,347.0,347.0,747200
2022-03-22,342.4100036621094,351.7300109863281,342.4100036621094,350.20001220703125,350.20001220703125,620900
2022-03-23,349.8399963378906,349.8399963378906,337.70001220703125,339.7900085449219,339.7900085449219,621900
2022-03-24,340.0,343.30999755859375,332.3299865722656,343.04998779296875,343.04998779296875,528900
2022-03-25,345.80999755859375,345.80999755859375,334.2900085449219,341.7200012207031,341.7200012207031,484900
2022-03-28,342.8299865722656,348.4200134277344,337.8800048828125,347.0799865722656,347.0799865722656,618400
2022-03-29,352.0400085449219,358.1300048828125,351.30999755859375,357.3500061035156,357.3500061035156,731000
2022-03-30,355.7200012207031,358.8999938964844,350.010009765625,352.0400085449219,352.0400085449219,585700
2022-03-31,351.6400146484375,355.1700134277344,348.489990234375,349.3999938964844,349.3999938964844,941400
2022-04-01,351.8999938964844,366.6000061035156,351.0,363.8999938964844,363.8999938964844,1004000
2022-04-04,364.3999938964844,371.1600036621094,364.3999938964844,365.54998779296875,365.54998779296875,723800
2022-04-05,366.82000732421875,369.5899963378906,361.5199890136719,363.8399963378906,363.8399963378906,732300
2022-04-06,360.010009765625,363.0,351.0,358.5199890136719,358.5199890136719,895600
2022-04-07,359.95001220703125,370.5400085449219,358.70001220703125,368.0,368.0,802500
2022-04-08,365.6499938964844,369.3399963378906,361.7900085449219,362.67999267578125,362.67999267578125,861200
2022-04-11,358.760009765625,360.1600036621094,350.75,351.2799987792969,351.2799987792969,697700
2022-04-12,352.8399963378906,356.4800109863281,340.0799865722656,344.5899963378906,344.5899963378906,591800
2022-04-13,344.5899963378906,347.2099914550781,341.8800048828125,343.3500061035156,343.3500061035156,750800
2022-04-14,345.0,345.0400085449219,333.3900146484375,336.489990234375,336.489990234375,582900
2022-04-18,335.989990234375,336.7799987792969,329.32000732421875,335.8500061035156,335.8500061035156,564900
2022-04-19,333.5799865722656,344.82000732421875,333.3299865722656,342.2699890136719,342.2699890136719,749300
2022-04-20,344.6499938964844,349.6000061035156,337.70001220703125,344.1700134277344,344.1700134277344,711500
2022-04-21,347.1700134277344,352.9599914550781,333.8800048828125,335.7900085449219,335.7900085449219,612800
2022-04-22,332.2200012207031,334.6199951171875,321.6499938964844,322.6700134277344,322.6700134277344,715900
2022-04-25,320.0,321.19000244140625,312.7699890136719,319.1000061035156,319.1000061035156,910600
2022-04-26,314.9200134277344,317.19000244140625,300.54998779296875,301.44000244140625,301.44000244140625,930000
2022-04-27,300.69000244140625,306.8599853515625,296.5400085449219,297.5400085449219,297.5400085449219,787400
2022-04-28,300.1300048828125,304.57000732421875,292.6000061035156,303.05999755859375,303.05999755859375,943800
2022-04-29,303.5,309.0899963378906,295.9100036621094,296.6499938964844,296.6499938964844,807300
2022-05-02,295.0199890136719,302.3299865722656,292.510009765625,300.8500061035156,300.8500061035156,847600
2022-05-03,301.05999755859375,305.6300048828125,299.0,300.70001220703125,300.70001220703125,767600
2022-05-04,300.7200012207031,309.1199951171875,291.3399963378906,307.67999267578125,307.67999267578125,836400
2022-05-05,305.5799865722656,306.4800109863281,287.7300109863281,291.7200012207031,291.7200012207031,1053900
2022-05-06,283.0,283.0,239.02999877929688,249.0500030517578,249.0500030517578,3551100
2022-05-09,237.9199981689453,240.67999267578125,220.35000610351562,220.67999267578125,220.67999267578125,2412400
2022-05-10,225.5,230.0,211.88999938964844,219.6699981689453,219.6699981689453,1973700
2022-05-11,215.49000549316406,224.47000122070312,208.35000610351562,213.0500030517578,213.0500030517578,1743000
2022-05-12,210.17999267578125,221.91000366210938,208.8699951171875,217.4199981689453,217.4199981689453,1358100
2022-05-13,223.10000610351562,235.6300048828125,221.80999755859375,233.55999755859375,233.55999755859375,1796000
2022-05-16,231.74000549316406,237.11000061035156,229.0,233.74000549316406,233.74000549316406,1468400
2022-05-17,239.3000030517578,244.9600067138672,237.66000366210938,243.22000122070312,243.22000122070312,1227200
2022-05-18,239.38999938964844,248.82000732421875,237.61000061035156,239.80999755859375,239.80999755859375,1661200
2022-05-19,235.75999450683594,244.69000244140625,235.0399932861328,240.75,240.75,1106100
2022-05-20,244.8300018310547,246.02999877929688,236.25,243.49000549316406,243.49000549316406,974100
2022-05-23,246.7100067138672,246.88999938964844,239.57000732421875,245.07000732421875,245.07000732421875,796200
2022-05-24,243.25,243.25,238.3000030517578,240.25999450683594,240.25999450683594,797500
2022-05-25,237.94000244140625,244.32000732421875,237.77000427246094,242.39999389648438,242.39999389648438,759600
2022-05-26,244.1199951171875,245.50999450683594,241.82000732421875,243.57000732421875,243.57000732421875,792700
2022-05-27,245.8800048828125,258.07000732421875,244.42999267578125,258.05999755859375,258.05999755859375,1217400
2022-05-31,254.14999389648438,254.49000549316406,237.38999938964844,239.47999572753906,239.47999572753906,2362600
2022-06-01,239.47999572753906,241.8000030517578,230.3699951171875,235.1999969482422,235.1999969482422,1343900
2022-06-02,235.1199951171875,248.8800048828125,233.8800048828125,248.52999877929688,248.52999877929688,1143600
2022-06-03,235.77999877929688,245.72999572753906,232.47000122070312,232.97000122070312,232.97000122070312,929700
2022-06-06,238.0,238.77000427246094,224.64999389648438,226.60000610351562,226.60000610351562,1318900
2022-06-07,224.61000061035156,233.7100067138672,223.17999267578125,233.07000732421875,233.07000732421875,1279400
2022-06-08,231.74000549316406,237.10000610351562,229.8699951171875,233.52999877929688,233.52999877929688,1036500
2022-06-09,230.6300048828125,231.3800048828125,224.27999877929688,224.47000122070312,224.47000122070312,929100
2022-06-10,214.85000610351562,215.11000061035156,196.80999755859375,204.19000244140625,204.19000244140625,3004100
2022-06-13,197.50999450683594,200.16000366210938,192.5500030517578,194.30999755859375,194.30999755859375,1837700
2022-06-14,194.8000030517578,196.14999389648438,187.39999389648438,189.41000366210938,189.41000366210938,1811900
2022-06-15,192.02999877929688,197.7100067138672,188.22999572753906,193.6300048828125,193.6300048828125,2154600
2022-06-16,190.11000061035156,191.0,182.4600067138672,187.77000427246094,187.77000427246094,2037000
2022-06-17,188.66000366210938,193.88999938964844,185.97000122070312,187.2899932861328,187.2899932861328,2983900
2022-06-21,190.39999389648438,191.2100067138672,182.88999938964844,183.24000549316406,183.24000549316406,2607200
2022-06-22,180.57000732421875,185.72000122070312,180.0,181.5800018310547,181.5800018310547,2887900
2022-06-23,182.13999938964844,194.8000030517578,181.3000030517578,193.5500030517578,193.5500030517578,1519300
2022-06-24,195.7100067138672,195.97999572753906,190.88999938964844,193.92999267578125,193.92999267578125,4233200
2022-06-27,194.13999938964844,194.35000610351562,189.4199981689453,193.35000610351562,193.35000610351562,1387900
2022-06-28,194.66000366210938,196.80999755859375,187.35000610351562,187.42999267578125,187.42999267578125,1506400
2022-06-29,186.39999389648438,187.44000244140625,182.32000732421875,186.42999267578125,186.42999267578125,1223300
2022-06-30,185.63999938964844,187.25999450683594,181.1699981689453,184.36000061035156,184.36000061035156,1243700
2022-07-01,183.35000610351562,191.3300018310547,183.19000244140625,191.0399932861328,191.0399932861328,1118100
2022-07-05,190.0,193.1999969482422,186.32000732421875,193.02000427246094,193.02000427246094,1104100
2022-07-06,193.02000427246094,199.5,192.30999755859375,195.38999938964844,195.38999938964844,1085400
2022-07-07,194.17999267578125,202.7100067138672,193.72999572753906,202.1999969482422,202.1999969482422,986200
2022-07-08,198.77999877929688,204.27000427246094,196.83999633789062,197.0399932861328,197.0399932861328,873400
2022-07-11,195.11000061035156,196.69000244140625,189.49000549316406,190.32000732421875,190.32000732421875,811100
2022-07-12,190.19000244140625,193.13999938964844,185.6199951171875,187.99000549316406,187.99000549316406,1388400
2022-07-13,180.24000549316406,183.6999969482422,177.0399932861328,181.17999267578125,181.17999267578125,1287500
2022-07-14,180.5800018310547,180.97999572753906,173.4499969482422,177.22999572753906,177.22999572753906,1173000
2022-07-15,180.6699981689453,190.41000366210938,177.6199951171875,189.2100067138672,189.2100067138672,1838800
2022-07-18,190.5500030517578,195.5500030517578,185.89999389648438,187.2899932861328,187.2899932861328,1114800
2022-07-19,191.3000030517578,194.8699951171875,186.9600067138672,194.63999938964844,194.63999938964844,1508200
2022-07-20,195.6199951171875,203.30999755859375,194.7100067138672,200.66000366210938,200.66000366210938,1217000
2022-07-21,201.16000366210938,207.97000122070312,200.27000427246094,207.0,207.0,1305600
2022-07-22,208.75,211.5800018310547,200.5,201.69000244140625,201.69000244140625,885000
2022-07-25,201.6699981689453,202.41000366210938,198.25,199.50999450683594,199.50999450683594,679800
2022-07-26,199.63999938964844,199.94000244140625,196.0,199.2899932861328,199.2899932861328,830600
2022-07-27,199.27999877929688,207.8800048828125,198.1999969482422,207.1699981689453,207.1699981689453,1164300
2022-07-28,207.52999877929688,215.33999633789062,205.4499969482422,213.75,213.75,1190300
2022-07-29,213.3300018310547,217.5800018310547,211.9600067138672,216.67999267578125,216.67999267578125,1012700
2022-08-01,215.02000427246094,220.6300048828125,212.6300048828125,215.61000061035156,215.61000061035156,725700
2022-08-02,214.60000610351562,221.36000061035156,213.00999450683594,219.13999938964844,219.13999938964844,953000
2022-08-03,224.1699981689453,227.1999969482422,222.80999755859375,223.10000610351562,223.10000610351562,1265800
2022-08-04,224.35000610351562,225.30999755859375,218.88999938964844,225.27999877929688,225.27999877929688,862400
2022-08-05,220.67999267578125,226.0500030517578,218.52999877929688,223.77000427246094,223.77000427246094,747700
2022-08-08,226.52000427246094,230.66000366210938,222.47000122070312,222.97999572753906,222.97999572753906,829800
2022-08-09,221.5,222.0,213.58999633789062,214.8000030517578,214.8000030517578,804700
2022-08-10,221.5,227.32000732421875,220.36000061035156,227.3000030517578,227.3000030517578,1008100
2022-08-11,229.55999755859375,236.2899932861328,225.4600067138672,227.44000244140625,227.44000244140625,2826400
2022-08-12,200.38999938964844,211.66000366210938,198.0,208.3300018310547,208.3300018310547,6562800
2022-08-15,208.22000122070312,231.63999938964844,208.16000366210938,226.58999633789062,226.58999633789062,4028100
2022-08-16,224.2100067138672,224.88999938964844,213.50999450683594,219.8300018310547,219.8300018310547,2039600
2022-08-17,216.1999969482422,218.5800018310547,210.6199951171875,213.02000427246094,213.02000427246094,1279700
2022-08-18,213.0,213.55999755859375,207.10000610351562,209.05999755859375,209.05999755859375,1022600
2022-08-19,207.3699951171875,209.22999572753906,201.66000366210938,202.75,202.75,1316200
2022-08-22,199.77000427246094,201.60000610351562,194.02999877929688,195.5800018310547,195.5800018310547,1099000
2022-08-23,194.57000732421875,196.50999450683594,191.8000030517578,194.83999633789062,194.83999633789062,1079400
2022-08-24,195.64999389648438,211.9600067138672,195.3800048828125,210.75,210.75,2220200
2022-08-25,212.69000244140625,218.10000610351562,212.39999389648438,217.52000427246094,217.52000427246094,1800200
2022-08-26,216.55999755859375,217.72999572753906,205.36000061035156,205.3699951171875,205.3699951171875,1492500
2022-08-29,203.6699981689453,210.5399932861328,203.00999450683594,210.17999267578125,210.17999267578125,1636100
2022-08-30,211.63999938964844,213.00999450683594,204.3699951171875,205.25,205.25,1592800
2022-08-31,208.16000366210938,208.6999969482422,201.07000732421875,201.63999938964844,201.63999938964844,1572100
2022-09-01,200.0,205.0,191.1999969482422,200.6199951171875,200.6199951171875,2250300
2022-09-02,203.82000732421875,204.25,195.3699951171875,196.07000732421875,196.07000732421875,1276800
2022-09-06,204.25999450683594,208.97999572753906,200.22000122070312,201.02000427246094,201.02000427246094,2212100
2022-09-07,201.0,206.6300048828125,197.61000061035156,205.75,205.75,1412400
2022-09-08,202.07000732421875,207.52999877929688,200.02000427246094,207.30999755859375,207.30999755859375,1466900
2022-09-09,208.0,210.9600067138672,205.05999755859375,210.35000610351562,210.35000610351562,1461700
2022-09-12,211.17999267578125,214.25,210.0500030517578,212.49000549316406,212.49000549316406,1330300
2022-09-13,203.47999572753906,205.6199951171875,198.30999755859375,199.1199951171875,199.1199951171875,1435200
2022-09-14,198.9600067138672,200.19000244140625,195.0800018310547,196.86000061035156,196.86000061035156,980700
2022-09-15,196.0,203.9499969482422,195.25,201.97000122070312,201.97000122070312,1265000
2022-09-16,199.66000366210938,200.38999938964844,192.39999389648438,199.8800048828125,199.8800048828125,1791500
2022-09-19,197.52000427246094,199.42999267578125,191.7100067138672,198.80999755859375,198.80999755859375,948000
2022-09-20,196.25,196.77999877929688,192.50999450683594,194.6999969482422,194.6999969482422,1016200
2022-09-21,196.5399932861328,207.0,195.11000061035156,198.1699981689453,198.1699981689453,2333800
2022-09-22,196.10000610351562,197.22000122070312,189.72999572753906,193.49000549316406,193.49000549316406,1735300
2022-09-23,193.0399932861328,194.4600067138672,188.4199981689453,190.3800048828125,190.3800048828125,1323100
2022-09-26,189.50999450683594,194.4499969482422,182.38999938964844,184.1199951171875,184.1199951171875,1504100
2022-09-27,187.52999877929688,190.6199951171875,184.8800048828125,186.83999633789062,186.83999633789062,2067300
2022-09-28,193.44000244140625,202.91000366210938,192.67999267578125,201.2899932861328,201.2899932861328,3011000
2022-09-29,197.08999633789062,208.2899932861328,191.1999969482422,193.80999755859375,193.80999755859375,3876200
2022-09-30,193.16000366210938,194.22000122070312,183.64999389648438,190.7899932861328,190.7899932861328,2784900
2022-10-03,193.82000732421875,194.52999877929688,179.75,187.24000549316406,187.24000549316406,3858300
2022-10-04,196.47999572753906,207.13999938964844,195.0500030517578,205.05999755859375,205.05999755859375,2722200
2022-10-05,200.77999877929688,219.88999938964844,200.3000030517578,218.52000427246094,218.52000427246094,2806200
2022-10-06,216.58999633789062,219.60000610351562,210.52999877929688,212.72000122070312,212.72000122070312,1553000
2022-10-07,208.27999877929688,212.07000732421875,205.17999267578125,206.17999267578125,206.17999267578125,1618900
2022-10-10,207.3699951171875,207.3699951171875,198.0,203.52999877929688,203.52999877929688,1354300
2022-10-11,205.11000061035156,205.11000061035156,196.88999938964844,199.16000366210938,199.16000366210938,1612600
2022-10-12,199.16000366210938,201.9199981689453,196.41000366210938,198.27000427246094,198.27000427246094,1126200
2022-10-13,192.92999267578125,203.22999572753906,190.00999450683594,202.63999938964844,202.63999938964844,1827800
2022-10-14,204.42999267578125,206.05999755859375,198.6699981689453,199.32000732421875,199.32000732421875,1615900
2022-10-17,204.72999572753906,208.69000244140625,203.32000732421875,207.11000061035156,207.11000061035156,1358600
2022-10-18,213.99000549316406,217.30999755859375,207.0,208.67999267578125,208.67999267578125,1301800
2022-10-19,204.57000732421875,205.8800048828125,201.83999633789062,204.72999572753906,204.72999572753906,1384900
2022-10-20,204.49000549316406,211.97999572753906,203.8699951171875,208.63999938964844,208.63999938964844,1307500
2022-10-21,209.4600067138672,220.7899932861328,206.77999877929688,220.00999450683594,220.00999450683594,1994900
2022-10-24,221.47000122070312,222.66000366210938,215.55999755859375,220.57000732421875,220.57000732421875,1105300
2022-10-25,222.58999633789062,230.7899932861328,222.58999633789062,230.1199951171875,230.1199951171875,1388000
2022-10-26,230.64999389648438,241.8300018310547,230.16000366210938,237.33999633789062,237.33999633789062,2011500
2022-10-27,236.39999389648438,238.97000122070312,232.80999755859375,236.8699951171875,236.8699951171875,1563200
2022-10-28,236.89999389648438,239.75,232.08999633789062,233.0,233.0,1923300
2022-10-31,231.92999267578125,236.58999633789062,226.67999267578125,228.82000732421875,228.82000732421875,1471000
2022-11-01,229.94000244140625,229.94000244140625,218.9199981689453,219.1300048828125,219.1300048828125,1564900
2022-11-02,218.19000244140625,222.41000366210938,210.9499969482422,210.97999572753906,210.97999572753906,1210800
2022-11-03,209.60000610351562,214.0500030517578,205.6699981689453,211.92999267578125,211.92999267578125,1542800
2022-11-04,206.6300048828125,228.82000732421875,203.42999267578125,224.36000061035156,224.36000061035156,2599200
2022-11-07,223.64999389648438,224.83999633789062,213.77000427246094,217.19000244140625,217.19000244140625,1185100
2022-11-08,218.0,222.5800018310547,213.86000061035156,218.0399932861328,218.0399932861328,1003800
2022-11-09,215.69000244140625,218.72000122070312,213.8000030517578,215.85000610351562,215.85000610351562,1226700
2022-11-10,229.8800048828125,240.75,229.27999877929688,240.08999633789062,240.08999633789062,1789800
2022-11-11,237.4600067138672,248.8699951171875,236.57000732421875,242.74000549316406,242.74000549316406,1311700
2022-11-14,241.36000061035156,241.36000061035156,234.5500030517578,234.57000732421875,234.57000732421875,1095000
2022-11-15,237.1300048828125,243.08999633789062,235.5,238.49000549316406,238.49000549316406,1177200
2022-11-16,238.3000030517578,238.7100067138672,230.6999969482422,231.7899932861328,231.7899932861328,832500
2022-11-17,224.99000549316406,229.5399932861328,221.91000366210938,224.67999267578125,224.67999267578125,941300
2022-11-18,228.97000122070312,229.94000244140625,219.3800048828125,220.55999755859375,220.55999755859375,772300
2022-11-21,220.32000732421875,225.72000122070312,217.97999572753906,224.4199981689453,224.4199981689453,747700
2022-11-22,224.1699981689453,224.3300018310547,219.0800018310547,222.1699981689453,222.1699981689453,789600
2022-11-23,222.3000030517578,223.4199981689453,219.17999267578125,222.0800018310547,222.0800018310547,794300
2022-11-25,222.0800018310547,222.0800018310547,218.61000061035156,218.99000549316406,218.99000549316406,470100
2022-11-28,217.32000732421875,220.0,215.1699981689453,216.91000366210938,216.91000366210938,794600
2022-11-29,215.72999572753906,217.6199951171875,207.24000549316406,208.57000732421875,208.57000732421875,1080000
2022-11-30,207.4199981689453,218.60000610351562,203.32000732421875,218.0800018310547,218.0800018310547,2519800
2022-12-01,218.3800048828125,225.50999450683594,216.94000244140625,220.86000061035156,220.86000061035156,1395300
2022-12-02,215.2899932861328,219.5500030517578,211.0,218.75999450683594,218.75999450683594,1086900
2022-12-05,216.02999877929688,220.69000244140625,210.49000549316406,213.86000061035156,213.86000061035156,1390500
2022-12-06,212.6300048828125,214.52000427246094,204.83999633789062,205.97999572753906,205.97999572753906,758100
2022-12-07,206.4600067138672,211.1199951171875,206.35000610351562,208.52000427246094,208.52000427246094,951800
2022-12-08,210.8300018310547,213.55999755859375,207.5,210.4199981689453,210.4199981689453,1096000
2022-12-09,208.35000610351562,212.2100067138672,205.44000244140625,205.6199951171875,205.6199951171875,896700
2022-12-12,200.88999938964844,208.6199951171875,200.86000061035156,208.52000427246094,208.52000427246094,1358600
2022-12-13,216.82000732421875,220.61000061035156,207.83999633789062,210.75999450683594,210.75999450683594,1172800
2022-12-14,209.49000549316406,212.63999938964844,205.9499969482422,209.97999572753906,209.97999572753906,1249400
2022-12-15,206.00999450683594,209.97000122070312,202.30999755859375,207.4600067138672,207.4600067138672,1405000
2022-12-16,206.0,206.17999267578125,198.19000244140625,199.5399932861328,199.5399932861328,2342800
2022-12-19,199.44000244140625,199.44000244140625,190.75999450683594,191.58999633789062,191.58999633789062,1203700
2022-12-20,190.08999633789062,194.61000061035156,188.36000061035156,191.4600067138672,191.4600067138672,1157500
2022-12-21,191.75999450683594,197.92999267578125,190.42999267578125,197.4600067138672,197.4600067138672,1054900
2022-12-22,194.6999969482422,196.1300048828125,190.77999877929688,195.77999877929688,195.77999877929688,854200
2022-12-23,195.0399932861328,195.7899932861328,190.44000244140625,191.24000549316406,191.24000549316406,738700
2022-12-27,189.75999450683594,190.41000366210938,185.75,188.77000427246094,188.77000427246094,820300
2022-12-28,188.91000366210938,192.27000427246094,188.08999633789062,190.80999755859375,190.80999755859375,762500
2022-12-29,193.1199951171875,205.32000732421875,191.02000427246094,201.63999938964844,201.63999938964844,1229100
2022-12-30,199.2899932861328,202.39999389648438,197.58999633789062,202.1999969482422,202.1999969482422,1001300
2023-01-03,204.92999267578125,206.30999755859375,198.85000610351562,200.8699951171875,200.8699951171875,912300
2023-01-04,206.11000061035156,208.22000122070312,201.0,202.61000061035156,202.61000061035156,829000
2023-01-05,198.60000610351562,203.82000732421875,196.33999633789062,201.14999389648438,201.14999389648438,946400
2023-01-06,204.5800018310547,204.5800018310547,190.72999572753906,201.8699951171875,201.8699951171875,1523700
2023-01-09,205.57000732421875,210.9600067138672,204.47000122070312,207.30999755859375,207.30999755859375,1081100
2023-01-10,186.2100067138672,199.66000366210938,182.0,194.4499969482422,194.4499969482422,4053100
2023-01-11,197.10000610351562,204.89999389648438,194.8699951171875,204.0500030517578,204.0500030517578,2489100
2023-01-12,203.27000427246094,203.6699981689453,190.07000732421875,193.75,193.75,2484000
2023-01-13,191.7100067138672,201.63999938964844,191.22000122070312,201.11000061035156,201.11000061035156,1164400
2023-01-17,200.67999267578125,206.7100067138672,198.52000427246094,206.44000244140625,206.44000244140625,1273800
2023-01-18,207.58999633789062,212.44000244140625,204.49000549316406,205.83999633789062,205.83999633789062,981500
2023-01-19,204.8800048828125,206.49000549316406,196.22000122070312,196.3800048828125,196.3800048828125,1082900
2023-01-20,196.24000549316406,204.77000427246094,194.67999267578125,204.38999938964844,204.38999938964844,1118400
2023-01-23,205.0399932861328,216.89999389648438,203.3300018310547,216.3800048828125,216.3800048828125,1111900
2023-01-24,215.6699981689453,217.97999572753906,212.86000061035156,215.14999389648438,215.14999389648438,1004900
2023-01-25,210.13999938964844,212.10000610351562,205.39999389648438,211.0399932861328,211.0399932861328,624500
2023-01-26,214.27999877929688,215.19000244140625,210.2100067138672,212.77999877929688,212.77999877929688,671900
2023-01-27,210.22999572753906,215.08999633789062,207.8300018310547,214.02999877929688,214.02999877929688,1137200
2023-01-30,211.55999755859375,214.4499969482422,209.1300048828125,210.10000610351562,210.10000610351562,775400
2023-01-31,211.27000427246094,214.49000549316406,209.89999389648438,214.1999969482422,214.1999969482422,958700
2023-02-01,211.72999572753906,217.63999938964844,208.25999450683594,216.52000427246094,216.52000427246094,1287100
2023-02-02,218.8800048828125,225.3800048828125,218.32000732421875,224.94000244140625,224.94000244140625,1146500
2023-02-03,219.49000549316406,221.24000549316406,213.17999267578125,214.25999450683594,214.25999450683594,1141500
2023-02-06,211.57000732421875,212.72000122070312,206.41000366210938,208.6999969482422,208.6999969482422,1128600
2023-02-07,209.10000610351562,217.49000549316406,206.02999877929688,215.74000549316406,215.74000549316406,1486000
2023-02-08,209.27000427246094,216.14999389648438,198.19000244140625,198.5,198.5,2490800
2023-02-09,199.99000549316406,203.6999969482422,192.6999969482422,195.86000061035156,195.86000061035156,1479100
2023-02-10,192.69000244140625,196.83999633789062,191.82000732421875,196.5800018310547,196.5800018310547,959200
2023-02-13,196.91000366210938,216.10000610351562,196.38999938964844,215.94000244140625,215.94000244140625,3030500
2023-02-14,213.80999755859375,214.22999572753906,207.00999450683594,212.8300018310547,212.8300018310547,1194800
2023-02-15,212.02000427246094,214.82000732421875,210.5800018310547,214.0500030517578,214.0500030517578,781500
2023-02-16,208.64999389648438,214.83999633789062,207.6199951171875,211.82000732421875,211.82000732421875,1044200
2023-02-17,209.52999877929688,213.13999938964844,208.07000732421875,211.8300018310547,211.8300018310547,975300
2023-02-21,209.6699981689453,211.32000732421875,201.27000427246094,202.83999633789062,202.83999633789062,1774900
2023-02-22,201.64999389648438,202.86000061035156,197.38999938964844,201.7100067138672,201.7100067138672,961200
2023-02-23,202.57000732421875,203.6699981689453,196.77999877929688,202.1999969482422,202.1999969482422,927400
2023-02-24,198.5500030517578,199.97999572753906,195.4600067138672,196.58999633789062,196.58999633789062,991600
2023-02-27,198.9499969482422,199.0,196.22999572753906,196.89999389648438,196.89999389648438,1307500
2023-02-28,196.75999450683594,201.0,195.16000366210938,199.1999969482422,199.1999969482422,940700
2023-03-01,198.30999755859375,199.8800048828125,195.75999450683594,198.5399932861328,198.5399932861328,1435900
2023-03-02,196.0,207.57000732421875,195.22999572753906,206.52000427246094,206.52000427246094,1627000
2023-03-03,208.0,223.08999633789062,207.77999877929688,221.2100067138672,221.2100067138672,1724900
2023-03-06,220.55999755859375,222.9600067138672,215.3000030517578,215.6300048828125,215.6300048828125,1941300
2023-03-07,215.50999450683594,217.77000427246094,207.2899932861328,208.4600067138672,208.4600067138672,1123200
2023-03-08,208.52999877929688,211.27999877929688,205.0,208.02999877929688,208.02999877929688,1391500
2023-03-09,211.60000610351562,211.60000610351562,201.52999877929688,202.58999633789062,202.58999633789062,749000
2023-03-10,202.13999938964844,202.4600067138672,191.61000061035156,194.00999450683594,194.00999450683594,945500
2023-03-13,213.07000732421875,238.5500030517578,213.0,226.94000244140625,226.94000244140625,4729600
2023-03-14,230.0,232.5,224.52999877929688,225.8800048828125,225.8800048828125,1851400
2023-03-15,220.49000549316406,228.67999267578125,220.00999450683594,228.14999389648438,228.14999389648438,1842000
2023-03-16,227.83999633789062,227.8699951171875,222.05999755859375,224.9499969482422,224.9499969482422,1301700
2023-03-17,223.08999633789062,225.1300048828125,220.0500030517578,224.5500030517578,224.5500030517578,1598100
2023-03-20,223.64999389648438,223.82000732421875,216.85000610351562,219.77000427246094,219.77000427246094,1144500
2023-03-21,218.5500030517578,222.5500030517578,218.5500030517578,221.61000061035156,221.61000061035156,1015800
2023-03-22,221.75,225.77999877929688,216.97999572753906,217.17999267578125,217.17999267578125,843600
2023-03-23,218.52000427246094,221.52999877929688,214.5399932861328,216.9499969482422,216.9499969482422,816500
2023-03-24,216.88999938964844,220.44000244140625,214.24000549316406,220.0,220.0,754600
2023-03-27,219.63999938964844,221.55999755859375,216.5,217.82000732421875,217.82000732421875,677800
2023-03-28,217.77999877929688,218.52999877929688,212.50999450683594,213.83999633789062,213.83999633789062,868000
2023-03-29,222.1199951171875,227.61000061035156,219.33999633789062,222.02999877929688,222.02999877929688,1257800
2023-03-30,224.9199981689453,226.25999450683594,221.57000732421875,225.25999450683594,225.25999450683594,1177600
2023-03-31,226.25,232.80999755859375,225.64999389648438,232.5500030517578,232.5500030517578,1117400
2023-04-03,230.92999267578125,233.4199981689453,225.05999755859375,230.02000427246094,230.02000427246094,2752700
2023-04-04,231.1699981689453,231.25,226.7899932861328,230.22000122070312,230.22000122070312,1120900
2023-04-05,230.49000549316406,232.6300048828125,228.99000549316406,230.9199981689453,230.9199981689453,725300
2023-04-06,230.1699981689453,231.0,226.5500030517578,229.99000549316406,229.99000549316406,1035400
2023-04-10,228.47999572753906,230.30999755859375,225.6699981689453,229.7100067138672,229.7100067138672,824100
2023-04-11,229.7100067138672,232.3800048828125,227.27000427246094,227.75999450683594,227.75999450683594,732300
2023-04-12,229.99000549316406,231.1699981689453,226.5500030517578,226.8800048828125,226.8800048828125,871000
2023-04-13,229.22999572753906,232.8800048828125,228.44000244140625,232.6699981689453,232.6699981689453,1057800
2023-04-14,230.83999633789062,232.16000366210938,226.64999389648438,228.00999450683594,228.00999450683594,524500
2023-04-17,229.0399932861328,230.19000244140625,227.0,229.97000122070312,229.97000122070312,606800
2023-04-18,232.0,232.0,227.27999877929688,228.27999877929688,228.27999877929688,719800
2023-04-19,226.0,232.22999572753906,225.35000610351562,231.61000061035156,231.61000061035156,769700
2023-04-20,228.1699981689453,228.58999633789062,224.5500030517578,225.5500030517578,225.5500030517578,1000900
2023-04-21,226.60000610351562,229.3800048828125,224.66000366210938,227.67999267578125,227.67999267578125,823700
2023-04-24,227.67999267578125,229.5800018310547,226.17999267578125,229.07000732421875,229.07000732421875,730100
2023-04-25,228.1300048828125,228.1300048828125,218.1999969482422,218.69000244140625,218.69000244140625,1526700
2023-04-26,216.41000366210938,217.60000610351562,205.1999969482422,210.9600067138672,210.9600067138672,2359800
2023-04-27,211.9199981689453,211.9600067138672,202.60000610351562,204.38999938964844,204.38999938964844,1441300
2023-04-28,203.66000366210938,209.5399932861328,202.58999633789062,205.55999755859375,205.55999755859375,1022600
2023-05-01,204.7899932861328,205.0800018310547,201.02000427246094,202.30999755859375,202.30999755859375,914400
2023-05-02,202.30999755859375,203.25,194.55999755859375,195.16000366210938,195.16000366210938,1197200
2023-05-03,195.9600067138672,201.64999389648438,195.25,196.5399932861328,196.5399932861328,1190200
2023-05-04,196.5,197.13999938964844,193.47000122070312,196.3000030517578,196.3000030517578,970300
2023-05-05,198.0,200.44000244140625,195.75999450683594,199.66000366210938,199.66000366210938,801400
2023-05-08,199.9199981689453,200.88999938964844,194.86000061035156,195.6999969482422,195.6999969482422,1460600
2023-05-09,192.5800018310547,195.6199951171875,190.25999450683594,194.25999450683594,194.25999450683594,910800
2023-05-10,196.7100067138672,211.00999450683594,196.5,209.49000549316406,209.49000549316406,2747500
2023-05-11,208.3699951171875,209.4600067138672,203.6199951171875,208.2100067138672,208.2100067138672,1256400
2023-05-12,209.33999633789062,211.61000061035156,206.75999450683594,208.60000610351562,208.60000610351562,982100
2023-05-15,209.1699981689453,209.1699981689453,202.25999450683594,204.85000610351562,204.85000610351562,1280300
2023-05-16,202.86000061035156,203.72999572753906,199.60000610351562,201.9199981689453,201.9199981689453,1376300
2023-05-17,201.69000244140625,202.0,196.0,197.47999572753906,197.47999572753906,840900
2023-05-18,196.97999572753906,201.39999389648438,195.7100067138672,201.2899932861328,201.2899932861328,1129200
2023-05-19,201.92999267578125,205.85000610351562,201.07000732421875,204.86000061035156,204.86000061035156,1093800
2023-05-22,205.41000366210938,210.47000122070312,205.0,208.85000610351562,208.85000610351562,1033200
2023-05-23,208.1300048828125,209.61000061035156,202.60000610351562,204.3699951171875,204.3699951171875,753900
2023-05-24,201.92999267578125,213.91000366210938,200.08999633789062,212.64999389648438,212.64999389648438,1987900
2023-05-25,211.8800048828125,212.07000732421875,186.0,193.52999877929688,193.52999877929688,3777600
2023-05-26,194.1999969482422,199.5399932861328,194.05999755859375,195.88999938964844,195.88999938964844,1782700
2023-05-30,196.19000244140625,198.47000122070312,193.5800018310547,194.50999450683594,194.50999450683594,1320800
2023-05-31,194.50999450683594,197.2899932861328,192.5,196.64999389648438,196.64999389648438,1427000
2023-06-01,196.08999633789062,201.82000732421875,194.60000610351562,199.08999633789062,199.08999633789062,1233000
2023-06-02,200.4499969482422,208.77999877929688,199.86000061035156,207.30999755859375,207.30999755859375,2034800
2023-06-05,208.13999938964844,213.1199951171875,206.91000366210938,210.55999755859375,210.55999755859375,1157200
2023-06-06,210.6999969482422,210.85000610351562,201.72999572753906,203.07000732421875,203.07000732421875,1228000
2023-06-07,202.66000366210938,204.55999755859375,200.52000427246094,202.3300018310547,202.3300018310547,1320500
2023-06-08,202.3300018310547,205.63999938964844,201.05999755859375,202.72000122070312,202.72000122070312,903200
2023-06-09,201.6699981689453,202.39999389648438,199.60000610351562,200.52999877929688,200.52999877929688,696300
2023-06-12,208.0,209.36000061035156,199.0,208.13999938964844,208.13999938964844,2570500
2023-06-13,208.58999633789062,210.60000610351562,205.7100067138672,206.83999633789062,206.83999633789062,1127200
2023-06-14,207.0,207.17999267578125,201.77999877929688,204.83999633789062,204.83999633789062,1814800
2023-06-15,203.9600067138672,211.24000549316406,203.1699981689453,209.94000244140625,209.94000244140625,1783700
2023-06-16,212.10000610351562,212.49000549316406,205.0,205.8699951171875,205.8699951171875,2443300
2023-06-20,201.77999877929688,203.19000244140625,199.8000030517578,202.1300048828125,202.1300048828125,1822700
2023-06-21,200.02000427246094,201.0399932861328,197.10000610351562,199.8699951171875,199.8699951171875,1778200
2023-06-22,199.50999450683594,202.2100067138672,196.55999755859375,202.14999389648438,202.14999389648438,1415400
2023-06-23,199.25999450683594,202.85000610351562,199.22999572753906,201.6699981689453,201.6699981689453,4424000
2023-06-26,201.1699981689453,201.1699981689453,191.6999969482422,191.8800048828125,191.8800048828125,1592400
2023-06-27,190.5,191.24000549316406,182.08999633789062,183.42999267578125,183.42999267578125,3100200
2023-06-28,183.07000732421875,186.14999389648438,181.6199951171875,184.50999450683594,184.50999450683594,1990100
2023-06-29,183.39999389648438,186.60000610351562,181.8800048828125,185.49000549316406,185.49000549316406,1259600
2023-06-30,186.94000244140625,189.77999877929688,186.10000610351562,187.49000549316406,187.49000549316406,1287900
2023-07-03,187.58999633789062,189.3000030517578,185.0,188.1199951171875,188.1199951171875,479500
2023-07-05,188.0,189.0,184.55999755859375,187.02999877929688,187.02999877929688,830300
2023-07-06,184.64999389648438,184.92999267578125,181.32000732421875,182.47999572753906,182.47999572753906,1148800
2023-07-07,182.1300048828125,185.0,181.5399932861328,183.32000732421875,183.32000732421875,885000
2023-07-10,182.83999633789062,186.75,181.1300048828125,183.94000244140625,183.94000244140625,1405100
2023-07-11,183.99000549316406,186.32000732421875,182.85000610351562,184.82000732421875,184.82000732421875,1561400
2023-07-12,187.8699951171875,192.72999572753906,187.8699951171875,191.9499969482422,191.9499969482422,1444600
2023-07-13,192.89999389648438,193.47999572753906,188.3699951171875,188.8300018310547,188.8300018310547,1052700
2023-07-14,188.8699951171875,189.25,184.75,187.14999389648438,187.14999389648438,1100600
2023-07-17,186.92999267578125,186.9499969482422,183.24000549316406,184.13999938964844,184.13999938964844,2013200
2023-07-18,184.69000244140625,185.30999755859375,179.02999877929688,180.3300018310547,180.3300018310547,1613500
2023-07-19,181.74000549316406,188.4499969482422,181.74000549316406,184.52999877929688,184.52999877929688,4296400
2023-07-20,184.5399932861328,185.85000610351562,182.8699951171875,184.1699981689453,184.1699981689453,1378100
2023-07-21,185.22000122070312,191.52000427246094,183.6199951171875,190.49000549316406,190.49000549316406,3391200
2023-07-24,190.0800018310547,191.49000549316406,187.9600067138672,188.07000732421875,188.07000732421875,1116100
2023-07-25,186.00999450683594,192.5,185.8000030517578,189.35000610351562,189.35000610351562,858900
2023-07-26,188.1300048828125,191.25999450683594,185.89999389648438,191.19000244140625,191.19000244140625,882700
2023-07-27,192.82000732421875,193.8800048828125,189.47000122070312,189.6999969482422,189.6999969482422,1201600
2023-07-28,192.2899932861328,194.02000427246094,185.3000030517578,192.44000244140625,192.44000244140625,2180400
2023-07-31,192.44000244140625,193.0,190.47000122070312,192.14999389648438,192.14999389648438,1252800
2023-08-01,189.80999755859375,190.44000244140625,185.25,189.2899932861328,189.2899932861328,891800
2023-08-02,187.6199951171875,190.44000244140625,186.1699981689453,189.55999755859375,189.55999755859375,1156600
2023-08-03,189.02000427246094,189.6699981689453,183.74000549316406,185.33999633789062,185.33999633789062,1105200
2023-08-04,185.3300018310547,189.0,184.80999755859375,187.6699981689453,187.6699981689453,1327900
2023-08-07,187.77999877929688,189.19000244140625,185.7100067138672,187.22000122070312,187.22000122070312,1075900
2023-08-08,185.55999755859375,186.52000427246094,182.36000061035156,186.16000366210938,186.16000366210938,934000
2023-08-09,186.5500030517578,189.61000061035156,184.17999267578125,184.49000549316406,184.49000549316406,1569000
2023-08-10,178.9499969482422,195.63999938964844,175.80999755859375,185.1199951171875,185.1199951171875,3200200
2023-08-11,182.6199951171875,182.6699981689453,177.02999877929688,180.47999572753906,180.47999572753906,2108800
2023-08-14,178.30999755859375,179.44000244140625,174.35000610351562,175.13999938964844,175.13999938964844,1801700
2023-08-15,173.5,178.44000244140625,172.2899932861328,176.02000427246094,176.02000427246094,1307500
2023-08-16,174.1999969482422,174.52000427246094,169.47000122070312,169.5399932861328,169.5399932861328,1436700
2023-08-17,168.86000061035156,172.69000244140625,167.8800048828125,169.7100067138672,169.7100067138672,990200
2023-08-18,167.7100067138672,169.55999755859375,166.0,167.22000122070312,167.22000122070312,996600
2023-08-21,166.0500030517578,168.4199981689453,165.55999755859375,167.41000366210938,167.41000366210938,886400
2023-08-22,167.0399932861328,167.82000732421875,162.61000061035156,162.94000244140625,162.94000244140625,1181800
2023-08-23,164.38999938964844,165.05999755859375,162.6199951171875,163.94000244140625,163.94000244140625,1136000
2023-08-24,163.97000122070312,164.0,159.5,159.60000610351562,159.60000610351562,1042100
2023-08-25,159.0,160.3300018310547,157.8699951171875,158.0800018310547,158.0800018310547,913800
2023-08-28,159.0,161.75999450683594,157.82000732421875,158.1999969482422,158.1999969482422,977700
2023-08-29,158.72000122070312,162.2100067138672,157.91000366210938,161.92999267578125,161.92999267578125,1125500
2023-08-30,161.69000244140625,166.39999389648438,161.61000061035156,166.05999755859375,166.05999755859375,979700
2023-08-31,167.3000030517578,168.27000427246094,165.0800018310547,165.22000122070312,165.22000122070312,1538000
2023-09-01,168.72000122070312,171.5,167.38999938964844,168.4600067138672,168.4600067138672,996200
2023-09-05,167.72999572753906,167.7899932861328,158.67999267578125,159.42999267578125,159.42999267578125,1908500
2023-09-06,159.5,162.32000732421875,157.57000732421875,159.99000549316406,159.99000549316406,2668700
2023-09-07,158.91000366210938,159.7899932861328,156.13999938964844,158.85000610351562,158.85000610351562,1723100
2023-09-08,158.3000030517578,162.16000366210938,157.67999267578125,158.36000061035156,158.36000061035156,1552100
2023-09-11,159.27999877929688,159.27999877929688,154.4499969482422,154.75,154.75,1570800
2023-09-12,153.05999755859375,154.0,149.4600067138672,150.42999267578125,150.42999267578125,1793700
2023-09-13,149.25999450683594,154.77000427246094,148.27999877929688,150.77000427246094,150.77000427246094,1823400
2023-09-14,151.63999938964844,152.8699951171875,147.57000732421875,150.49000549316406,150.49000549316406,2021200
2023-09-15,148.4199981689453,149.13999938964844,145.13999938964844,146.14999389648438,146.14999389648438,3542100
2023-09-18,146.0399932861328,146.0399932861328,142.0,142.41000366210938,142.41000366210938,1945000
2023-09-19,141.25,141.64999389648438,138.02000427246094,140.52999877929688,140.52999877929688,2459100
2023-09-20,142.17999267578125,143.35000610351562,138.02999877929688,138.35000610351562,138.35000610351562,1541600
2023-09-21,136.6699981689453,137.1999969482422,133.2100067138672,133.3300018310547,133.3300018310547,1598800
2023-09-22,133.75,134.89999389648438,131.8000030517578,132.44000244140625,132.44000244140625,1934900
2023-09-25,132.3699951171875,132.63999938964844,129.6199951171875,131.41000366210938,131.41000366210938,1969200
2023-09-26,130.8000030517578,131.14999389648438,127.37000274658203,128.91000366210938,128.91000366210938,1402600
2023-09-27,130.02000427246094,133.60000610351562,130.02000427246094,133.3000030517578,133.3000030517578,2590300
2023-09-28,130.41000366210938,133.8800048828125,129.97000122070312,132.35000610351562,132.35000610351562,2049300
2023-09-29,134.0,138.33999633789062,133.4199981689453,137.27999877929688,137.27999877929688,2204000
2023-10-02,136.86000061035156,137.22000122070312,134.8000030517578,136.44000244140625,136.44000244140625,1823600
2023-10-03,135.00999450683594,135.89999389648438,133.5500030517578,133.9199981689453,133.9199981689453,1894800
2023-10-04,134.60000610351562,138.7100067138672,132.5399932861328,138.32000732421875,138.32000732421875,1357500
2023-10-05,138.3699951171875,140.19000244140625,135.35000610351562,139.42999267578125,139.42999267578125,1212000
2023-10-06,137.5399932861328,141.60000610351562,136.8000030517578,140.02000427246094,140.02000427246094,1407800
2023-10-09,138.6300048828125,139.39999389648438,135.0399932861328,137.7899932861328,137.7899932861328,970100
2023-10-10,138.36000061035156,139.66000366210938,136.27999877929688,138.7899932861328,138.7899932861328,1400200
2023-10-11,139.10000610351562,139.9499969482422,136.64999389648438,137.9199981689453,137.9199981689453,883900
2023-10-12,138.00999450683594,138.2899932861328,129.3000030517578,130.39999389648438,130.39999389648438,1290700
2023-10-13,129.64999389648438,130.33999633789062,127.58000183105469,129.11000061035156,129.11000061035156,1549300
2023-10-16,129.30999755859375,131.92999267578125,126.04000091552734,131.3800048828125,131.3800048828125,2021500
2023-10-17,129.97000122070312,133.7100067138672,129.35000610351562,131.8699951171875,131.8699951171875,1164800
2023-10-18,129.94000244140625,130.0800018310547,124.4000015258789,124.44999694824219,124.44999694824219,1446400
2023-10-19,124.7300033569336,124.94999694824219,119.62999725341797,119.9800033569336,119.9800033569336,2532100
2023-10-20,120.0,121.12999725341797,118.83999633789062,119.63999938964844,119.63999938964844,1589500
2023-10-23,118.5999984741211,120.6500015258789,117.36000061035156,119.47000122070312,119.47000122070312,1304600
2023-10-24,118.91999816894531,119.13999938964844,115.9800033569336,116.0999984741211,116.0999984741211,1811900
2023-10-25,114.69000244140625,114.8499984741211,110.5,113.93000030517578,113.93000030517578,1706400
2023-10-26,113.16999816894531,113.94999694824219,111.0199966430664,111.62999725341797,111.62999725341797,1541400
2023-10-27,112.0,112.0999984741211,108.87000274658203,109.22000122070312,109.22000122070312,1722500
2023-10-30,109.31999969482422,109.62000274658203,103.91999816894531,107.87000274658203,107.87000274658203,3031800
2023-10-31,108.18000030517578,111.2699966430664,108.05999755859375,109.41999816894531,109.41999816894531,1594200
2023-11-01,108.80000305175781,108.80000305175781,105.2300033569336,106.66000366210938,106.66000366210938,3259600
2023-11-02,109.69000244140625,113.13999938964844,108.93000030517578,112.26000213623047,112.26000213623047,2519700
2023-11-03,114.95999908447266,118.37999725341797,114.95999908447266,116.91999816894531,116.91999816894531,1502200
2023-11-06,116.51000213623047,116.88999938964844,112.33999633789062,112.83999633789062,112.83999633789062,1437700
2023-11-07,112.83999633789062,115.2300033569336,112.12999725341797,114.5,114.5,1303800
2023-11-08,113.58000183105469,114.45999908447266,110.41999816894531,110.69999694824219,110.69999694824219,2008200
2023-11-09,111.44999694824219,111.62000274658203,106.5199966430664,106.9800033569336,106.9800033569336,2392100
2023-11-10,94.0199966430664,98.55999755859375,89.0,98.37000274658203,98.37000274658203,9080300
2023-11-13,97.51000213623047,97.75,92.26000213623047,92.79000091552734,92.79000091552734,3965800
2023-11-14,95.33000183105469,99.58999633789062,95.18000030517578,97.48999786376953,97.48999786376953,3905700
2023-11-15,98.12000274658203,102.5,97.11000061035156,100.16999816894531,100.16999816894531,3663900
2023-11-16,100.19000244140625,101.73999786376953,94.91000366210938,95.19999694824219,95.19999694824219,3243000
2023-11-17,95.98999786376953,96.19999694824219,92.69000244140625,94.31999969482422,94.31999969482422,6943200
2023-11-20,95.0,97.6500015258789,93.38999938964844,97.61000061035156,97.61000061035156,8621400
2023-11-21,97.72000122070312,99.2300033569336,94.80999755859375,95.97000122070312,95.97000122070312,3332500
2023-11-22,97.5199966430664,98.8499984741211,96.91000366210938,97.76000213623047,97.76000213623047,2431700
2023-11-24,97.0,98.81999969482422,96.22000122070312,98.33999633789062,98.33999633789062,1857700
2023-11-27,96.86000061035156,97.80000305175781,94.54000091552734,94.6500015258789,94.6500015258789,3281400
2023-11-28,94.69999694824219,96.77999877929688,93.51000213623047,96.54000091552734,96.54000091552734,3464200
2023-11-29,97.20999908447266,102.9000015258789,97.20999908447266,101.56999969482422,101.56999969482422,3683800
2023-11-30,101.66999816894531,102.2699966430664,99.2300033569336,101.94999694824219,101.94999694824219,3332300
2023-12-01,101.43000030517578,110.58000183105469,100.19000244140625,109.79000091552734,109.79000091552734,4135100
2023-12-04,109.7699966430664,115.88999938964844,109.58000183105469,114.33999633789062,114.33999633789062,3755500
2023-12-05,113.06999969482422,114.86000061035156,110.7699966430664,111.76000213623047,111.76000213623047,2126900
2023-12-06,113.33000183105469,117.79000091552734,111.88999938964844,113.98999786376953,113.98999786376953,1959700
2023-12-07,113.23999786376953,117.5999984741211,113.0,117.12999725341797,117.12999725341797,2159100
2023-12-08,116.22000122070312,117.5199966430664,112.9000015258789,112.94000244140625,112.94000244140625,2338500
2023-12-11,115.69999694824219,118.2300033569336,113.29000091552734,117.63999938964844,117.63999938964844,1977800
2023-12-12,115.69999694824219,118.25,112.52999877929688,117.63999938964844,117.63999938964844,2391400
2023-12-13,118.26000213623047,127.37999725341797,118.0199966430664,126.66999816894531,126.66999816894531,3079200
2023-12-14,129.8000030517578,136.67999267578125,129.69000244140625,131.49000549316406,131.49000549316406,3713700
2023-12-15,133.7100067138672,134.33999633789062,126.81999969482422,127.0999984741211,127.0999984741211,4528500
2023-12-18,132.0399932861328,132.6300048828125,126.4000015258789,129.10000610351562,129.10000610351562,3511000
2023-12-19,131.77000427246094,140.22000122070312,130.6199951171875,139.52999877929688,139.52999877929688,4116500
2023-12-20,139.0,143.75,136.8000030517578,136.89999389648438,136.89999389648438,2715200
2023-12-21,139.1199951171875,143.92999267578125,139.0,140.22999572753906,140.22999572753906,2534700
2023-12-22,140.5,142.88999938964844,138.10000610351562,140.0,140.0,1659600
2023-12-26,140.69000244140625,141.61000061035156,139.25,140.63999938964844,140.63999938964844,1073500
2023-12-27,141.50999450683594,142.75999450683594,139.80999755859375,142.52999877929688,142.52999877929688,1224000
2023-12-28,142.33999633789062,142.9600067138672,141.1999969482422,142.1300048828125,142.1300048828125,934200
2023-12-29,141.22000122070312,142.75999450683594,138.5,139.24000549316406,139.24000549316406,1225300
2024-01-02,137.88999938964844,139.5500030517578,135.6199951171875,137.61000061035156,137.61000061035156,2178700
2024-01-03,136.42999267578125,136.42999267578125,128.8000030517578,130.33999633789062,130.33999633789062,2137300
2024-01-04,128.75999450683594,132.33999633789062,128.1300048828125,131.42999267578125,131.42999267578125,1587100
2024-01-05,128.08999633789062,134.05999755859375,128.0500030517578,130.47999572753906,130.47999572753906,1637600
2024-01-08,129.27999877929688,135.36000061035156,128.25,133.66000366210938,133.66000366210938,1651300
2024-01-09,139.1699981689453,147.0,136.24000549316406,139.74000549316406,139.74000549316406,3688300
2024-01-10,139.57000732421875,142.97000122070312,137.85000610351562,140.6300048828125,140.6300048828125,2683000
2024-01-11,139.83999633789062,143.19000244140625,137.02999877929688,141.00999450683594,141.00999450683594,3141200
2024-01-12,141.22000122070312,143.30999755859375,137.27000427246094,138.0399932861328,138.0399932861328,1564700
2024-01-16,135.27999877929688,137.22999572753906,133.6699981689453,135.13999938964844,135.13999938964844,2220900
2024-01-17,132.3000030517578,134.47000122070312,130.97999572753906,133.55999755859375,133.55999755859375,1555800
2024-01-18,134.1300048828125,135.3000030517578,132.1699981689453,134.24000549316406,134.24000549316406,1595800
2024-01-19,134.0,136.75,132.5500030517578,135.8800048828125,135.8800048828125,2110800
2024-01-22,137.02000427246094,140.75,136.64999389648438,138.8800048828125,138.8800048828125,1446800
2024-01-23,140.5399932861328,141.0,137.60000610351562,140.75,140.75,1293100
2024-01-24,142.5,142.5,139.89999389648438,141.00999450683594,141.00999450683594,2116400
2024-01-25,143.69000244140625,144.82000732421875,139.6300048828125,142.75999450683594,142.75999450683594,1440800
2024-01-26,145.1699981689453,145.47000122070312,140.13999938964844,140.6300048828125,140.6300048828125,2048700
2024-01-29,140.97000122070312,146.8800048828125,139.3699951171875,146.72000122070312,146.72000122070312,1418000
2024-01-30,144.66000366210938,147.9499969482422,144.66000366210938,147.1999969482422,147.1999969482422,1457500
2024-01-31,146.47999572753906,148.19000244140625,142.4600067138672,143.00999450683594,143.00999450683594,1978800
2024-02-01,143.69000244140625,145.92999267578125,143.0,145.74000549316406,145.74000549316406,1581400
2024-02-02,143.8699951171875,145.0399932861328,141.55999755859375,144.2100067138672,144.2100067138672,1157800
2024-02-05,142.89999389648438,143.27000427246094,141.33999633789062,142.22999572753906,142.22999572753906,1302700
2024-02-06,142.10000610351562,146.1199951171875,141.2100067138672,144.88999938964844,144.88999938964844,1766400
2024-02-07,145.08999633789062,145.08999633789062,139.91000366210938,142.94000244140625,142.94000244140625,1715800
2024-02-08,142.47000122070312,144.85000610351562,139.19000244140625,143.3300018310547,143.3300018310547,2435400
2024-02-09,143.75,147.6999969482422,135.3000030517578,137.83999633789062,137.83999633789062,3727900
2024-02-12,137.83999633789062,140.32000732421875,135.30999755859375,139.9600067138672,139.9600067138672,2602800
2024-02-13,136.49000549316406,137.9600067138672,129.6300048828125,133.74000549316406,133.74000549316406,2320100
2024-02-14,135.02000427246094,140.9499969482422,134.02000427246094,140.74000549316406,140.74000549316406,1735200
2024-02-15,142.1699981689453,147.0,141.0,146.07000732421875,146.07000732421875,1469000
2024-02-16,144.1699981689453,147.25,142.6999969482422,143.41000366210938,143.41000366210938,1878100
2024-02-20,141.72000122070312,142.89999389648438,138.60000610351562,140.0500030517578,140.0500030517578,1363200
2024-02-21,137.5,139.13999938964844,133.8699951171875,136.41000366210938,136.41000366210938,1529900
2024-02-22,137.33999633789062,137.41000366210938,134.14999389648438,135.5500030517578,135.5500030517578,2100100
2024-02-23,135.77000427246094,136.61000061035156,132.91000366210938,133.0,133.0,1321900
2024-02-26,135.00999450683594,139.66000366210938,135.0,136.97000122070312,136.97000122070312,2048900
2024-02-27,137.02999877929688,140.0500030517578,134.7899932861328,139.75999450683594,139.75999450683594,1322800
2024-02-28,138.32000732421875,143.1699981689453,138.1199951171875,140.97999572753906,140.97999572753906,1180800
2024-02-29,143.97000122070312,146.0800018310547,139.77999877929688,139.8300018310547,139.8300018310547,1226300
2024-03-01,139.1999969482422,142.6999969482422,135.47000122070312,140.5,140.5,1865400
2024-03-04,140.25,140.8000030517578,135.9199981689453,137.6999969482422,137.6999969482422,1476400
2024-03-05,136.1999969482422,137.38999938964844,134.4199981689453,134.67999267578125,134.67999267578125,1432200
2024-03-06,136.30999755859375,137.19000244140625,133.3800048828125,135.1300048828125,135.1300048828125,1180200
2024-03-07,136.82000732421875,138.77000427246094,135.3000030517578,136.0,136.0,1148400
2024-03-08,137.22999572753906,139.83999633789062,134.27999877929688,135.42999267578125,135.42999267578125,1921800
2024-03-11,136.3000030517578,140.22000122070312,135.52000427246094,139.05999755859375,139.05999755859375,1342600
2024-03-12,138.94000244140625,138.94000244140625,132.6199951171875,132.7100067138672,132.7100067138672,2134100
2024-03-13,132.0,135.61000061035156,131.60000610351562,132.77999877929688,132.77999877929688,1589900
2024-03-14,131.94000244140625,133.1999969482422,126.19999694824219,128.10000610351562,128.10000610351562,1437700
2024-03-15,127.5,128.5500030517578,126.27999877929688,127.7300033569336,127.7300033569336,2239500
2024-03-18,128.3800048828125,131.5800018310547,125.81999969482422,130.13999938964844,130.13999938964844,2846600
2024-03-19,128.8800048828125,135.80999755859375,128.49000549316406,133.16000366210938,133.16000366210938,3055300
2024-03-20,132.67999267578125,133.2899932861328,129.75,133.19000244140625,133.19000244140625,1275400
2024-03-21,140.7100067138672,144.19000244140625,136.4199981689453,137.4499969482422,137.4499969482422,1987200
2024-03-22,137.02000427246094,137.49000549316406,133.8699951171875,137.24000549316406,137.24000549316406,1294900
2024-03-25,137.24000549316406,137.52999877929688,132.77000427246094,134.05999755859375,134.05999755859375,967000
2024-03-26,134.42999267578125,135.86000061035156,133.44000244140625,133.8000030517578,133.8000030517578,1126900
2024-03-27,135.50999450683594,138.67999267578125,134.47000122070312,138.67999267578125,138.67999267578125,951500
2024-03-28,138.67999267578125,140.07000732421875,136.2899932861328,137.32000732421875,137.32000732421875,916900
2024-04-01,138.16000366210938,138.52999877929688,131.32000732421875,132.72000122070312,132.72000122070312,1264300
2024-04-02,131.16000366210938,131.8000030517578,128.27000427246094,128.52000427246094,128.52000427246094,1965200
2024-04-03,127.19999694824219,130.08999633789062,127.0,127.73999786376953,127.73999786376953,1897000
2024-04-04,129.82000732421875,131.49000549316406,125.87000274658203,126.0,126.0,2683500
2024-04-05,125.05000305175781,129.55999755859375,123.66000366210938,127.75,127.75,1100400
2024-04-08,128.08999633789062,130.5500030517578,127.30000305175781,130.1199951171875,130.1199951171875,1093400
2024-04-09,131.55999755859375,135.25999450683594,130.72999572753906,133.57000732421875,133.57000732421875,1735300
2024-04-10,128.91000366210938,132.33999633789062,128.24000549316406,131.1699981689453,131.1699981689453,1869000
2024-04-11,132.07000732421875,133.2100067138672,128.0800018310547,130.6999969482422,130.6999969482422,1085400
2024-04-12,129.0,134.85000610351562,126.44000244140625,127.06999969482422,127.06999969482422,1629500
2024-04-15,128.27999877929688,128.27999877929688,120.97000122070312,121.16000366210938,121.16000366210938,1616700
2024-04-16,119.19999694824219,119.55999755859375,116.83000183105469,117.69000244140625,117.69000244140625,1698200
2024-04-17,117.86000061035156,120.05999755859375,117.41999816894531,118.29000091552734,118.29000091552734,1866300
2024-04-18,116.25,119.18000030517578,115.7300033569336,116.69000244140625,116.69000244140625,1810200
2024-04-19,117.69000244140625,119.22000122070312,116.61000061035156,117.43000030517578,117.43000030517578,1417800
2024-04-22,118.58000183105469,120.98999786376953,117.4800033569336,120.25,120.25,1151200
2024-04-23,120.81999969482422,125.69999694824219,120.81999969482422,124.45999908447266,124.45999908447266,1303000
2024-04-24,123.08999633789062,124.73999786376953,120.81999969482422,122.87000274658203,122.87000274658203,1254400
2024-04-25,121.97000122070312,122.04000091552734,116.91000366210938,121.05000305175781,121.05000305175781,962800
2024-04-26,119.6500015258789,123.7300033569336,118.97000122070312,122.27999877929688,122.27999877929688,829300
2024-04-29,123.66000366210938,126.16000366210938,123.3499984741211,124.7300033569336,124.7300033569336,908800
2024-04-30,122.56999969482422,125.3499984741211,122.11000061035156,123.05000305175781,123.05000305175781,1137000
2024-05-01,122.4000015258789,126.88999938964844,121.94000244140625,124.68000030517578,124.68000030517578,1401300
2024-05-02,125.94999694824219,126.30000305175781,122.19000244140625,123.98999786376953,123.98999786376953,1630800
2024-05-03,127.08000183105469,127.88999938964844,117.66999816894531,117.93000030517578,117.93000030517578,2987000
2024-05-06,118.04000091552734,119.4000015258789,115.91000366210938,118.9800033569336,118.9800033569336,1803200
2024-05-07,119.0,119.43000030517578,112.7300033569336,112.81999969482422,112.81999969482422,2950100
2024-05-08,111.30999755859375,112.16999816894531,108.54000091552734,110.62000274658203,110.62000274658203,2848700
2024-05-09,110.33000183105469,112.58000183105469,109.87000274658203,111.3499984741211,111.3499984741211,1755000
2024-05-10,111.3499984741211,112.23999786376953,109.52999877929688,110.52999877929688,110.52999877929688,1179700
2024-05-13,110.95999908447266,114.25,110.95999908447266,112.7699966430664,112.7699966430664,1685700
2024-05-14,114.7699966430664,119.68000030517578,114.25,115.58000183105469,115.58000183105469,1904700
2024-05-15,118.25,118.27999877929688,113.12999725341797,115.01000213623047,115.01000213623047,1243700
2024-05-16,114.4000015258789,115.18000030517578,113.20999908447266,114.45999908447266,114.45999908447266,996900
2024-05-17,113.83999633789062,113.83999633789062,110.6500015258789,111.06999969482422,111.06999969482422,1036200
2024-05-20,111.30000305175781,111.52999877929688,108.2699966430664,108.52999877929688,108.52999877929688,2050500
2024-05-21,108.0,108.30000305175781,106.81999969482422,107.61000061035156,107.61000061035156,1713800
2024-05-22,106.93000030517578,109.69000244140625,106.0,107.38999938964844,107.38999938964844,1654900
2024-05-23,106.69000244140625,107.37000274658203,104.66000366210938,105.8499984741211,105.8499984741211,1689600
2024-05-24,106.69000244140625,107.25,104.33999633789062,106.4800033569336,106.4800033569336,1086800
2024-05-28,106.87999725341797,106.9800033569336,103.5,105.02999877929688,105.02999877929688,1490500
2024-05-29,103.97000122070312,104.16999816894531,101.08000183105469,101.76000213623047,101.76000213623047,2345300
2024-05-30,101.37000274658203,102.62000274658203,100.08999633789062,101.05000305175781,101.05000305175781,1991700
2024-05-31,101.33000183105469,104.3499984741211,100.76000213623047,104.27999877929688,104.27999877929688,3255500
2024-06-03,104.16000366210938,107.5999984741211,102.9000015258789,103.37000274658203,103.37000274658203,1597500
2024-06-04,104.26000213623047,104.2699966430664,101.3499984741211,102.05999755859375,102.05999755859375,4034700
2024-06-05,102.55999755859375,106.81999969482422,102.55999755859375,106.79000091552734,106.79000091552734,2975200
2024-06-06,106.79000091552734,119.0,105.83000183105469,114.72000122070312,114.72000122070312,7209500
2024-06-07,115.0,119.0,111.12000274658203,113.69999694824219,113.69999694824219,2850100
2024-06-10,110.91999816894531,110.9800033569336,107.1500015258789,109.81999969482422,109.81999969482422,3751800
2024-06-11,109.0999984741211,114.02999877929688,108.66999816894531,112.58999633789062,112.58999633789062,2762500
2024-06-12,115.6500015258789,116.77999877929688,108.45999908447266,108.51000213623047,108.51000213623047,2147700
2024-06-13,108.5,111.0,108.08000183105469,109.22000122070312,109.22000122070312,1891100
2024-06-14,108.5,110.22000122070312,107.61000061035156,108.66000366210938,108.66000366210938,1539500
