Date,Open,High,Low,Close,Adj Close,Volume
2000-01-03,39.4375,39.875,39.3125,39.375,27.54598045349121,247700
2000-01-04,39.125,39.625,39.0,39.25,27.458534240722656,252500
2000-01-05,39.25,43.0,39.0625,41.875,29.294933319091797,394000
2000-01-06,41.625,42.0,40.9375,41.9375,29.338659286499023,320400
2000-01-07,42.125,42.375,41.75,42.0625,29.426118850708008,178300
2000-01-10,42.3125,44.1875,42.3125,43.75,30.606651306152344,311700
2000-01-11,43.5625,43.5625,42.5,42.8125,29.95078468322754,304700
2000-01-12,43.0,43.3125,41.8125,42.1875,29.513566970825195,213200
2000-01-13,42.4375,43.1875,42.0,42.875,29.994525909423828,274800
2000-01-14,42.9375,43.0625,42.25,43.0,30.08197593688965,224000
2000-01-18,43.0,44.4375,42.0625,44.1875,30.912715911865234,224300
2000-01-19,42.75,44.5625,42.75,44.125,30.868999481201172,249600
2000-01-20,44.125,44.375,43.25,43.5625,30.475479125976562,241000
2000-01-21,44.0,44.0,42.5625,42.75,29.907068252563477,233200
2000-01-24,43.0,43.25,42.0,42.1875,29.513566970825195,170600
2000-01-25,44.125,47.75,41.875,42.0625,29.426118850708008,773000
2000-01-26,42.125,42.875,42.0,42.875,29.994525909423828,483000
2000-01-27,42.625,43.625,42.625,43.0625,30.125694274902344,279400
2000-01-28,43.0,43.0,41.625,41.9375,29.338659286499023,215100
2000-01-31,41.8125,42.875,41.8125,42.3125,29.601015090942383,182000
2000-02-01,42.125,42.375,41.9375,42.3125,29.601015090942383,154400
2000-02-02,42.1875,42.75,42.0625,42.25,29.557300567626953,87100
2000-02-03,42.625,43.0,41.5,42.875,29.994525909423828,142400
2000-02-04,42.625,43.5,42.375,42.5625,29.775888442993164,139100
2000-02-07,42.5,42.75,42.0,42.0625,29.426118850708008,115100
2000-02-08,42.0625,42.3125,42.0,42.125,29.46983528137207,195800
2000-02-09,42.0625,42.25,41.875,41.875,29.294933319091797,232400
2000-02-10,42.0,42.75,41.9375,42.0625,29.426118850708008,123500
2000-02-11,42.0625,42.25,40.9375,41.125,28.770252227783203,311600
2000-02-14,41.125,41.375,40.5,41.25,28.857704162597656,178400
2000-02-15,41.3125,42.375,41.25,42.0625,29.426118850708008,182900
2000-02-16,42.1875,42.25,42.0,42.0625,29.426118850708008,160200
2000-02-17,42.0,43.0,42.0,42.4375,29.68846893310547,140400
2000-02-18,42.1875,42.4375,41.75,42.0,29.382389068603516,319200
2000-02-22,42.0,42.75,41.875,42.25,29.557300567626953,127600
2000-02-23,41.8125,41.8125,40.375,40.625,28.562442779541016,193800
2000-02-24,40.625,40.6875,39.25,39.3125,27.639629364013672,266500
2000-02-25,39.4375,40.375,39.375,40.125,28.210886001586914,269700
2000-02-28,40.125,40.4375,39.25,40.0,28.123016357421875,210000
2000-02-29,40.0,40.125,39.25,40.0,28.123016357421875,175300
2000-03-01,39.8125,40.25,39.3125,40.25,28.298784255981445,113900
2000-03-02,40.0,40.125,39.0,39.25,27.595706939697266,169600
2000-03-03,39.375,40.75,39.125,40.5,28.474559783935547,175000
2000-03-06,40.375,40.4375,39.25,39.375,27.68357276916504,142500
2000-03-07,39.375,39.375,38.125,38.1875,26.848674774169922,244800
2000-03-08,38.0,38.75,37.6875,38.4375,27.024456024169922,138000
2000-03-09,39.0,39.0,38.5625,38.875,27.332050323486328,110600
2000-03-10,38.75,39.375,38.5625,38.6875,27.200214385986328,113900
2000-03-13,38.5,39.8125,38.0,39.4375,27.727535247802734,200700
2000-03-14,39.0625,39.9375,39.0,39.375,27.68357276916504,154900
2000-03-15,39.125,41.1875,39.125,40.6875,28.60638427734375,197000
2000-03-16,40.875,44.25,40.625,44.1875,31.067150115966797,271100
2000-03-17,44.0,44.125,42.5,43.75,30.75952911376953,295200
2000-03-20,43.875,44.4375,42.8125,42.9375,30.188297271728516,148300
2000-03-21,42.875,44.1875,42.75,43.9375,30.891361236572266,163200
2000-03-22,43.9375,44.5625,42.1875,42.9375,30.188297271728516,263100
2000-03-23,43.0625,45.25,43.0,45.125,31.726272583007812,277000
2000-03-24,45.0,45.5,44.0,44.375,31.198970794677734,264600
2000-03-27,44.125,45.0,43.4375,44.25,31.111083984375,185000
2000-03-28,44.0,45.375,43.875,44.25,31.111083984375,168900
2000-03-29,44.375,44.9375,44.375,44.8125,31.506555557250977,88800
2000-03-30,44.9375,46.25,44.8125,45.5,31.98991584777832,299100
2000-03-31,45.5625,45.9375,45.1875,45.8125,32.20963668823242,174500
2000-04-03,45.8125,47.0625,45.75,46.875,32.95665740966797,309900
2000-04-04,46.9375,47.0625,45.3125,46.1875,32.473289489746094,369800
2000-04-05,46.1875,47.25,46.0625,46.75,32.86879348754883,144300
2000-04-06,46.9375,46.9375,46.0,46.25,32.5172233581543,101500
2000-04-07,46.125,46.5625,45.0625,45.375,31.902040481567383,132500
2000-04-10,45.375,46.0,45.125,45.25,31.814170837402344,180100
2000-04-11,45.375,46.0625,45.3125,45.625,32.077823638916016,235800
2000-04-12,45.5625,47.75,45.5625,46.75,32.86879348754883,290100
2000-04-13,47.375,47.375,46.75,46.9375,33.00059127807617,197100
2000-04-14,46.5,47.125,45.0625,46.0,32.341468811035156,266900
2000-04-17,45.875,46.625,45.5625,46.25,32.5172233581543,281900
2000-04-18,44.25,44.625,42.125,43.3125,30.451953887939453,638400
2000-04-19,43.3125,44.125,42.0625,42.375,29.79281234741211,523400
2000-04-20,42.25,43.125,42.0,43.0,30.23223114013672,221500
2000-04-24,43.1875,44.3125,43.125,43.8125,30.803503036499023,186500
2000-04-25,43.6875,44.5,43.53125,44.375,31.198970794677734,122600
2000-04-26,45.25,45.5625,43.5,43.5625,30.62771987915039,169800
2000-04-27,43.4375,44.0625,43.0625,43.375,30.495893478393555,138500
2000-04-28,43.1875,44.9375,43.1875,43.8125,30.803503036499023,290000
2000-05-01,43.6875,44.3125,43.0625,44.125,31.023208618164062,272200
2000-05-02,44.5,45.375,43.6875,43.9375,30.891361236572266,202000
2000-05-03,44.0,44.0625,43.5,43.6875,30.71563148498535,154500
2000-05-04,43.625,44.5625,42.75,44.0625,30.979267120361328,159300
2000-05-05,43.625,43.9375,43.25,43.8125,30.803503036499023,86300
2000-05-08,43.75,43.9375,43.125,43.8125,30.803503036499023,108200
2000-05-09,44.0,44.9375,43.875,44.6875,31.418684005737305,246400
2000-05-10,44.8125,45.5,44.8125,45.0,31.638378143310547,312800
2000-05-11,45.0,46.875,45.0,46.6875,32.8248405456543,317400
2000-05-12,46.6875,47.1875,46.25,46.5625,32.73695373535156,261700
2000-05-15,46.4375,46.875,46.3125,46.8125,32.912696838378906,281700
2000-05-16,47.0625,47.625,47.0,47.25,33.220314025878906,341800
2000-05-17,47.375,48.0625,47.375,48.0625,33.79155731201172,321900
2000-05-18,48.0625,48.875,48.0,48.5,34.099151611328125,178900
2000-05-19,48.25,48.75,48.125,48.3125,33.96731948852539,212000
2000-05-22,48.375,48.875,48.3125,48.5,34.099151611328125,283600
2000-05-23,48.5625,48.5625,47.25,47.5,33.396080017089844,135100
2000-05-24,47.5,47.75,46.9375,47.125,33.27955627441406,256800
2000-05-25,47.25,48.1875,46.6875,48.1875,34.02988815307617,322600
2000-05-26,48.1875,48.375,46.5625,46.8125,33.05884552001953,111900
2000-05-30,46.625,48.625,46.625,48.125,33.98575210571289,403200
2000-05-31,47.875,47.875,46.75,46.75,33.014739990234375,195700
2000-06-01,46.5625,46.75,46.0,46.1875,32.61750793457031,349900
2000-06-02,46.1875,48.5,46.125,48.375,34.162288665771484,448800
2000-06-05,48.5,48.5,47.125,48.0,33.89747619628906,173900
2000-06-06,47.75,47.75,46.0625,46.0625,32.529212951660156,366600
2000-06-07,46.0625,46.125,44.75,45.0,31.778884887695312,344600
2000-06-08,44.8125,45.0,44.75,44.75,31.602325439453125,263400
2000-06-09,44.8125,45.3125,44.625,45.1875,31.911306381225586,299400
2000-06-12,45.125,45.5,44.875,45.0,31.778884887695312,214700
2000-06-13,44.8125,45.0,43.8125,44.0,31.072673797607422,275300
2000-06-14,44.125,45.8125,44.125,45.625,32.22026824951172,276900
2000-06-15,45.875,46.0,44.5625,44.9375,31.734750747680664,169800
2000-06-16,45.125,45.3125,44.375,44.53125,31.44784927368164,265900
2000-06-19,43.5,44.5625,42.75,43.625,30.807870864868164,478600
2000-06-20,43.5,43.5,42.0,42.5625,30.057518005371094,375400
2000-06-21,42.5625,43.0,42.5,42.6875,30.145801544189453,218200
2000-06-22,42.6875,42.9375,42.4375,42.5625,30.057518005371094,140200
2000-06-23,42.5625,42.625,41.5625,41.8125,29.527868270874023,327200
2000-06-26,41.8125,41.9375,41.4375,41.9375,29.61614990234375,252700
2000-06-27,42.0,42.0,41.4375,41.5625,29.3513240814209,494000
2000-06-28,41.5625,42.25,41.25,41.90625,29.594083786010742,195000
2000-06-29,41.9375,43.375,41.625,42.875,30.2782039642334,235300
2000-06-30,42.625,43.0,42.5,42.6875,30.145801544189453,229400
2000-07-03,42.6875,43.5,42.6875,43.5,30.719589233398438,98900
2000-07-05,43.9375,46.125,43.9375,44.9375,31.734750747680664,380000
2000-07-06,44.6875,44.75,43.0625,43.4375,30.67546272277832,198800
2000-07-07,43.5,43.8125,43.125,43.1875,30.498905181884766,157600
2000-07-10,43.125,44.125,43.0625,43.0625,30.410615921020508,134700
2000-07-11,43.1875,44.25,43.0,44.0,31.072673797607422,120800
2000-07-12,44.0,44.0,42.875,43.0625,30.410615921020508,281600
2000-07-13,43.0625,44.5,43.0625,44.0,31.072673797607422,164700
2000-07-14,43.875,44.1875,43.5625,43.75,30.89613151550293,106900
2000-07-17,43.5,43.75,43.4375,43.625,30.807870864868164,176000
2000-07-18,43.5,43.5625,42.9375,43.125,30.454769134521484,123000
2000-07-19,43.125,43.5,43.0,43.0625,30.410615921020508,50900
2000-07-20,43.1875,43.625,43.0625,43.125,30.454769134521484,34800
2000-07-21,43.125,43.65625,43.0,43.0625,30.410615921020508,94700
2000-07-24,43.0625,44.0,43.0625,43.5625,30.76372528076172,76200
2000-07-25,43.8125,44.6875,43.25,43.375,30.631296157836914,103100
2000-07-26,43.25,43.625,42.1875,42.875,30.2782039642334,193700
2000-07-27,43.125,43.5625,42.4375,42.625,30.101667404174805,144100
2000-07-28,42.625,42.75,42.4375,42.625,30.101667404174805,146100
2000-07-31,42.8125,44.1875,42.6875,42.8125,30.234071731567383,142700
2000-08-01,42.9375,44.125,42.8125,43.875,30.984399795532227,81900
2000-08-02,43.875,44.1875,43.375,43.75,30.89613151550293,117800
2000-08-03,43.9375,44.625,43.75,44.0,31.072673797607422,142400
2000-08-04,44.25,44.625,44.0,44.3125,31.29338836669922,68400
2000-08-07,44.3125,45.5625,44.3125,45.0,31.778884887695312,117900
2000-08-08,45.0625,45.75,45.0,45.625,32.22026824951172,126100
2000-08-09,45.375,45.6875,44.9375,45.0,31.778884887695312,76400
2000-08-10,45.0,45.375,44.375,44.625,31.514068603515625,109800
2000-08-11,44.375,46.5625,44.375,46.25,32.661624908447266,232600
2000-08-14,46.25,46.375,45.6875,46.25,32.661624908447266,93500
2000-08-15,46.25,46.9375,45.84375,46.4375,32.794044494628906,95700
2000-08-16,46.625,47.0,46.4375,46.6875,32.970603942871094,74200
2000-08-17,46.4375,47.0,46.4375,46.5625,32.88232421875,95900
2000-08-18,46.625,46.8125,45.5625,46.375,32.74992370605469,113700
2000-08-21,46.0,46.4375,45.875,46.3125,32.85454559326172,42400
2000-08-22,46.1875,46.4375,45.5625,45.8125,32.49982833862305,75300
2000-08-23,45.5625,46.0625,44.8125,45.0625,31.967775344848633,120400
2000-08-24,44.6875,44.6875,44.3125,44.4375,31.524391174316406,248800
2000-08-25,44.5625,44.9375,43.9375,44.625,31.65743064880371,157100
2000-08-28,44.4375,44.625,43.4375,43.4375,30.815004348754883,228000
2000-08-29,43.625,44.5625,43.4375,44.375,31.48004913330078,125700
2000-08-30,44.625,44.625,43.125,43.5625,30.903669357299805,98000
2000-08-31,43.5,44.4375,43.5,44.328125,31.446807861328125,181600
2000-09-01,44.375,44.375,43.5,43.625,30.948013305664062,72100
2000-09-05,43.625,43.8125,43.375,43.5,30.85932731628418,77300
2000-09-06,43.75,45.1875,43.75,44.3125,31.435739517211914,145100
2000-09-07,44.4375,45.0625,44.0625,44.1875,31.3470516204834,147300
2000-09-08,44.1875,44.625,43.6875,44.125,31.302730560302734,114000
2000-09-11,44.125,44.9375,44.0,44.0,31.21402359008789,228300
2000-09-12,43.875,43.9375,42.8125,43.4375,30.815004348754883,235200
2000-09-13,43.0,43.25,43.0,43.0625,30.548946380615234,187000
2000-09-14,43.0,43.0625,41.0,41.9375,29.750873565673828,296300
2000-09-15,41.6875,41.8125,40.75,40.9375,29.041471481323242,326400
2000-09-18,40.0,40.1875,39.3125,39.5,28.021692276000977,341700
2000-09-19,39.4375,39.625,38.875,39.375,27.933006286621094,181400
2000-09-20,39.125,39.9375,39.0625,39.125,27.755664825439453,139800
2000-09-21,39.4375,39.5,38.5625,38.6875,27.445281982421875,204700
2000-09-22,38.3125,39.4375,38.1875,38.4375,27.267942428588867,183600
2000-09-25,38.6875,39.3125,38.375,38.375,27.22359275817871,101600
2000-09-26,38.625,39.25,38.0,38.0625,27.00189781188965,119000
2000-09-27,37.9375,38.0625,37.5,37.75,26.78021812438965,150300
2000-09-28,38.3125,39.5,38.0,39.125,27.755664825439453,208300
2000-09-29,39.375,40.875,39.125,40.1875,28.50940704345703,194800
2000-10-02,39.9375,40.75,39.75,40.3125,28.598093032836914,133700
2000-10-03,40.5625,41.9375,40.46875,41.6875,29.57352066040039,196700
2000-10-04,41.1875,41.9375,40.0,40.1875,28.50940704345703,304800
2000-10-05,39.375,39.75,38.25,39.0625,27.711315155029297,523800
2000-10-06,39.0625,39.375,38.1875,38.375,27.22359275817871,308300
2000-10-09,38.5625,39.375,38.0625,38.25,27.134923934936523,232700
2000-10-10,38.3125,38.3125,37.3125,37.4375,26.558542251586914,363500
2000-10-11,37.0625,37.6875,37.0625,37.25,26.425508499145508,323000
2000-10-12,37.125,37.25,36.5,37.125,26.33683204650879,164900
2000-10-13,37.0625,37.9375,36.9375,37.5,26.602863311767578,197800
2000-10-16,37.375,38.125,37.375,37.5625,26.6472225189209,329300
2000-10-17,37.5,38.25,37.25,37.375,26.51420021057129,159200
2000-10-18,37.125,37.25,36.5,36.6875,26.026464462280273,131200
2000-10-19,36.5625,38.0,36.5,37.6875,26.735883712768555,138100
2000-10-20,37.0,38.0625,37.0,37.75,26.78021812438965,142500
2000-10-23,38.0,38.6875,37.8125,37.875,26.868898391723633,122500
2000-10-24,37.6875,38.875,37.6875,38.8125,27.533967971801758,142800
2000-10-25,39.0625,39.0625,38.0,38.25,27.134923934936523,108600
2000-10-26,38.25,39.125,38.25,38.9375,27.62264060974121,118600
2000-10-27,38.8125,39.4375,38.3125,39.3125,27.888675689697266,135800
2000-10-30,39.5625,41.5625,39.5625,41.3125,29.307479858398438,185400
2000-10-31,41.1875,42.1875,40.75,42.0,29.79522132873535,117800
2000-11-01,42.0625,42.6875,41.4375,42.0625,29.83953857421875,168900
2000-11-02,42.25,43.375,41.9375,42.8125,30.37160301208496,94500
2000-11-03,42.5625,43.0,42.25,42.5625,30.194255828857422,115600
2000-11-06,42.5625,43.25,42.5625,42.625,30.238595962524414,103000
2000-11-07,42.625,42.9375,42.0625,42.6875,30.28293228149414,111500
2000-11-08,42.875,43.8125,42.5,43.375,30.770641326904297,142800
2000-11-09,43.25,43.25,42.6875,42.9375,30.460285186767578,108700
2000-11-10,43.1875,43.3125,41.625,41.75,29.617870330810547,135600
2000-11-13,41.8125,42.4375,41.8125,42.3125,30.016904830932617,69200
2000-11-14,42.1875,43.125,42.0,42.875,30.415943145751953,112000
2000-11-15,42.625,42.6875,42.1875,42.25,29.972553253173828,247000
2000-11-16,42.375,42.6875,41.5625,42.4375,30.10558319091797,99100
2000-11-17,42.375,43.3125,42.0625,42.125,29.88390350341797,171600
2000-11-20,42.0,42.0625,41.75,41.8125,29.810792922973633,82700
2000-11-21,41.625,42.0,41.625,41.75,29.766260147094727,141300
2000-11-22,41.75,41.75,41.125,41.5,29.588003158569336,66100
2000-11-24,41.625,41.75,41.3125,41.6875,29.72168731689453,41100
2000-11-27,41.6875,42.4375,41.3125,41.9375,29.89992332458496,293700
2000-11-28,42.125,42.4375,41.5,42.3125,30.167293548583984,148600
2000-11-29,42.25,42.8125,41.875,42.3125,30.167293548583984,111900
2000-11-30,42.125,43.25,41.71875,42.875,30.56833267211914,301500
2000-12-01,43.0625,43.625,42.8125,43.5,31.013938903808594,174100
2000-12-04,43.4375,45.3125,43.4375,45.125,32.172515869140625,292200
2000-12-05,45.1875,46.0,45.0,45.9375,32.751773834228516,204100
2000-12-06,46.0,46.0,44.75,44.9375,32.038841247558594,105500
2000-12-07,44.6875,45.4375,44.6875,45.375,32.350738525390625,155900
2000-12-08,45.25,46.0625,45.25,45.75,32.61810302734375,117700
2000-12-11,45.5625,45.6875,45.125,45.5,32.439857482910156,89100
2000-12-12,45.3125,45.6875,45.3125,45.4375,32.39529800415039,98800
2000-12-13,45.75,45.9375,45.125,45.1875,32.217071533203125,117700
2000-12-14,45.0,45.6875,44.4375,44.875,31.994260787963867,98200
2000-12-15,44.625,45.0,43.9375,44.0625,31.41498374938965,276600
2000-12-18,44.3125,45.25,44.3125,45.125,32.172515869140625,146800
2000-12-19,45.25,45.875,45.25,45.75,32.61810302734375,136800
2000-12-20,44.375,45.1875,44.0,45.1875,32.217071533203125,327400
2000-12-21,45.1875,45.75,44.6875,45.75,32.61810302734375,180100
2000-12-22,45.9375,46.3125,45.5625,46.3125,33.0191535949707,202000
2000-12-26,46.3125,47.0,46.0625,47.0,33.50931167602539,147000
2000-12-27,47.25,47.5,46.75,47.4375,33.82123947143555,173900
2000-12-28,47.5625,47.6875,46.75,47.625,33.95490646362305,171600
2000-12-29,47.75,48.4375,47.375,47.875,34.13316345214844,148100
2001-01-02,47.6875,48.125,46.0,46.1875,32.9300422668457,205200
2001-01-03,46.625,47.25,45.625,47.0,33.50931167602539,193100
2001-01-04,46.9375,48.1875,46.8125,47.8125,34.088592529296875,198300
2001-01-05,48.0,48.0,45.75,46.1875,32.9300422668457,131700
2001-01-08,46.125,46.4375,44.0,45.6875,32.573543548583984,209500
2001-01-09,45.4375,45.625,44.4375,44.5625,31.771455764770508,129400
2001-01-10,44.5,45.0625,43.4375,45.0,32.08338928222656,162500
2001-01-11,44.5,45.3125,44.5,45.0,32.08338928222656,182100
2001-01-12,45.0,45.0625,44.4375,45.0,32.08338928222656,140900
2001-01-16,45.0,46.5,44.75,46.3125,33.0191535949707,150900
2001-01-17,46.8125,46.8125,45.5,45.75,32.61810302734375,150400
2001-01-18,45.5,45.625,44.875,45.125,32.172515869140625,178700
2001-01-19,44.75,44.75,43.25,43.875,31.281295776367188,149600
2001-01-22,43.875,43.875,42.5,42.75,30.479198455810547,242600
2001-01-23,41.25,44.375,41.25,43.9375,31.325851440429688,295500
2001-01-24,43.6875,43.6875,43.0,43.625,31.103073120117188,101900
2001-01-25,43.125,44.375,43.125,44.0,31.37041473388672,195700
2001-01-26,44.0,44.1875,43.25,44.0,31.37041473388672,166500
2001-01-29,44.5,44.70000076293945,44.209999084472656,44.540000915527344,31.755422592163086,120600
2001-01-30,44.439998626708984,44.75,43.70000076293945,44.630001068115234,31.819589614868164,139800
2001-01-31,44.7400016784668,45.54999923706055,44.70000076293945,45.47999954223633,32.42559814453125,133600
2001-02-01,45.5,45.970001220703125,45.4900016784668,45.7400016784668,32.610984802246094,101600
2001-02-02,45.79999923706055,45.95000076293945,45.400001525878906,45.63999938964844,32.53966522216797,79200
2001-02-05,45.79999923706055,45.849998474121094,45.0,45.290000915527344,32.29014587402344,121400
2001-02-06,45.689998626708984,46.5,45.31999969482422,45.52000045776367,32.454139709472656,114300
2001-02-07,46.0,46.0,45.099998474121094,45.5,32.439857482910156,97900
2001-02-08,45.75,45.75,44.91999816894531,45.04999923706055,32.11903381347656,94000
2001-02-09,45.04999923706055,45.099998474121094,44.70000076293945,44.81999969482422,31.955062866210938,63600
2001-02-12,44.81999969482422,44.81999969482422,43.83000183105469,44.209999084472656,31.520139694213867,188600
2001-02-13,44.29999923706055,44.900001525878906,44.150001525878906,44.5,31.72690200805664,199500
2001-02-14,44.5,44.5,43.40999984741211,43.97999954223633,31.356157302856445,171300
2001-02-15,44.20000076293945,44.72999954223633,44.13999938964844,44.25,31.548664093017578,237300
2001-02-16,44.400001525878906,44.400001525878906,43.25,43.529998779296875,31.035314559936523,207500
2001-02-20,43.54999923706055,43.88999938964844,43.22999954223633,43.33000183105469,30.892742156982422,177600
2001-02-21,43.349998474121094,43.5,42.70000076293945,42.7599983215332,30.645477294921875,235400
2001-02-22,42.7599983215332,42.880001068115234,41.43000030517578,41.90999984741211,30.03628158569336,260100
2001-02-23,41.849998474121094,41.849998474121094,40.75,41.16999816894531,29.505945205688477,250400
2001-02-26,41.41999816894531,42.650001525878906,41.41999816894531,42.150001525878906,30.208303451538086,210200
2001-02-27,42.150001525878906,42.150001525878906,41.75,41.959999084472656,30.072124481201172,103200
2001-02-28,42.0,42.630001068115234,41.900001525878906,42.33000183105469,30.337308883666992,177800
2001-03-01,42.900001525878906,43.70000076293945,42.75,43.56999969482422,31.22599220275879,297200
2001-03-02,43.56999969482422,44.900001525878906,43.43000030517578,44.349998474121094,31.785011291503906,296800
2001-03-05,44.599998474121094,46.099998474121094,44.599998474121094,45.81999969482422,32.838531494140625,222300
2001-03-06,46.599998474121094,46.599998474121094,45.0,45.79999923706055,32.82419967651367,218700
2001-03-07,45.849998474121094,46.47999954223633,45.849998474121094,46.36000061035156,33.22555160522461,237500
2001-03-08,46.52000045776367,47.0,46.0,47.0,33.68423080444336,194300
2001-03-09,47.0,47.150001525878906,46.849998474121094,46.9900016784668,33.67705154418945,211500
2001-03-12,46.95000076293945,47.20000076293945,46.5,46.5,33.32589340209961,188400
2001-03-13,46.54999923706055,46.599998474121094,45.349998474121094,46.56999969482422,33.37604522705078,229500
2001-03-14,46.45000076293945,46.45000076293945,45.150001525878906,45.349998474121094,32.50168228149414,146400
2001-03-15,45.5,45.75,45.349998474121094,45.75,32.78836441040039,147200
2001-03-16,44.5,45.380001068115234,44.5,45.06999969482422,32.30103302001953,353000
2001-03-19,45.25,46.45000076293945,44.970001220703125,45.88999938964844,32.88870620727539,156700
2001-03-20,45.79999923706055,47.150001525878906,45.20000076293945,46.0,32.967525482177734,146600
2001-03-21,45.400001525878906,45.599998474121094,44.95000076293945,44.95000076293945,32.21501541137695,164500
2001-03-22,44.95000076293945,45.04999923706055,42.75,43.70000076293945,31.31916618347168,168700
2001-03-23,43.45000076293945,44.52000045776367,43.15999984741211,44.33000183105469,31.770668029785156,163500
2001-03-26,44.58000183105469,45.79999923706055,44.33000183105469,45.70000076293945,32.75252914428711,94700
2001-03-27,45.95000076293945,46.75,45.20000076293945,46.65999984741211,33.44054412841797,190600
2001-03-28,46.5,46.54999923706055,45.72999954223633,46.33000183105469,33.20404815673828,106800
2001-03-29,46.25,46.380001068115234,45.79999923706055,46.040000915527344,32.9962158203125,153600
2001-03-30,46.029998779296875,46.86000061035156,45.900001525878906,46.83000183105469,33.562381744384766,177600
2001-04-02,46.58000183105469,47.20000076293945,45.630001068115234,46.380001068115234,33.239871978759766,218700
2001-04-03,46.400001525878906,46.900001525878906,45.849998474121094,46.18000030517578,33.096561431884766,201200
2001-04-04,45.849998474121094,47.099998474121094,45.79999923706055,46.88999938964844,33.60539627075195,207400
2001-04-05,46.88999938964844,47.75,46.70000076293945,47.58000183105469,34.09989547729492,224100
2001-04-06,47.58000183105469,47.65999984741211,46.290000915527344,46.4900016784668,33.3187141418457,226600
2001-04-09,46.4900016784668,47.9900016784668,46.4900016784668,47.220001220703125,33.841896057128906,233500
2001-04-10,46.599998474121094,46.61000061035156,46.0,46.439998626708984,33.282894134521484,341700
2001-04-11,46.29999923706055,46.29999923706055,44.68000030517578,44.86000061035156,32.15050506591797,222100
2001-04-12,44.86000061035156,45.09000015258789,44.099998474121094,44.79999923706055,32.10749053955078,149400
2001-04-16,44.54999923706055,45.25,43.720001220703125,44.72999954223633,32.057342529296875,147400
2001-04-17,44.849998474121094,44.869998931884766,44.0,44.81999969482422,32.12187576293945,106400
2001-04-18,44.66999816894531,46.130001068115234,44.25,45.900001525878906,32.8958854675293,145000
2001-04-19,45.79999923706055,45.970001220703125,45.189998626708984,45.52000045776367,32.62355041503906,100600
2001-04-20,45.5,45.5,44.70000076293945,44.849998474121094,32.143341064453125,122300
2001-04-23,44.70000076293945,44.70000076293945,43.849998474121094,44.15999984741211,31.64883041381836,198600
2001-04-24,44.0099983215332,44.380001068115234,43.599998474121094,44.34000015258789,31.777828216552734,190900
2001-04-25,44.400001525878906,44.41999816894531,43.83000183105469,44.310001373291016,31.75634765625,170000
2001-04-26,44.25,44.849998474121094,43.81999969482422,44.599998474121094,31.96416664123535,1239500
2001-04-27,45.400001525878906,46.470001220703125,45.38999938964844,46.459999084472656,33.29720687866211,563000
2001-04-30,46.400001525878906,46.75,46.0,46.22999954223633,33.13237380981445,241000
2001-05-01,46.150001525878906,46.150001525878906,45.709999084472656,45.880001068115234,32.881526947021484,162400
2001-05-02,47.0,47.0,45.150001525878906,45.5099983215332,32.616355895996094,217300
2001-05-03,45.5099983215332,45.52000045776367,43.97999954223633,44.88999938964844,32.17201232910156,219200
2001-05-04,44.900001525878906,45.81999969482422,44.630001068115234,45.81999969482422,32.838531494140625,77400
2001-05-07,45.81999969482422,48.29999923706055,45.81999969482422,47.79999923706055,34.257564544677734,383300
2001-05-08,48.54999923706055,49.0,48.099998474121094,48.720001220703125,34.91691589355469,350700
2001-05-09,48.5,50.25,48.4900016784668,50.119998931884766,35.9202766418457,401100
2001-05-10,50.0,50.79999923706055,49.95000076293945,50.59000015258789,36.25712966918945,527900
2001-05-11,50.59000015258789,50.75,50.400001525878906,50.5,36.192623138427734,489200
2001-05-14,50.5,50.5,49.20000076293945,50.47999954223633,36.17829132080078,363200
2001-05-15,50.5,51.099998474121094,50.40999984741211,50.68000030517578,36.32162857055664,321400
2001-05-16,50.75,54.29999923706055,50.70000076293945,54.04999923706055,38.73685073852539,649100
2001-05-17,54.04999923706055,54.349998474121094,53.349998474121094,53.900001525878906,38.62935256958008,435500
2001-05-18,53.54999923706055,53.70000076293945,53.5,53.689998626708984,38.478851318359375,197900
2001-05-21,53.25,53.970001220703125,53.099998474121094,53.959999084472656,38.672359466552734,162800
2001-05-22,53.970001220703125,54.209999084472656,53.31999969482422,54.04999923706055,38.73685073852539,161800
2001-05-23,53.599998474121094,53.720001220703125,53.0,53.349998474121094,38.39500427246094,150300
2001-05-24,53.349998474121094,53.56999969482422,52.58000183105469,53.41999816894531,38.44538879394531,189200
2001-05-25,53.599998474121094,53.619998931884766,52.0,52.65999984741211,37.8984260559082,122000
2001-05-29,52.70000076293945,53.9900016784668,52.70000076293945,53.849998474121094,38.75483322143555,184300
2001-05-30,53.79999923706055,54.709999084472656,53.0,53.13999938964844,38.24386215209961,217300
2001-05-31,53.150001525878906,54.25,53.13999938964844,54.08000183105469,38.92036819458008,211200
2001-06-01,54.08000183105469,54.08000183105469,52.849998474121094,53.5099983215332,38.5101318359375,161900
2001-06-04,53.599998474121094,53.79999923706055,53.0,53.75,38.682861328125,134800
2001-06-05,53.75,53.97999954223633,53.22999954223633,53.79999923706055,38.7188720703125,151100
2001-06-06,53.86000061035156,54.0099983215332,53.06999969482422,53.38999938964844,38.42380905151367,143300
2001-06-07,53.29999923706055,54.599998474121094,53.099998474121094,53.75,38.682861328125,147800
2001-06-08,53.25,54.220001220703125,53.25,54.130001068115234,38.956356048583984,92400
2001-06-11,54.45000076293945,54.45000076293945,53.29999923706055,53.540000915527344,38.53173828125,148700
2001-06-12,53.540000915527344,53.91999816894531,53.52000045776367,53.81999969482422,38.73326110839844,140700
2001-06-13,53.810001373291016,55.29999923706055,53.75,54.650001525878906,39.33058547973633,310700
2001-06-14,54.65999984741211,54.65999984741211,52.20000076293945,52.349998474121094,37.67531967163086,550600
2001-06-15,51.849998474121094,52.650001525878906,51.47999954223633,52.2400016784668,37.596168518066406,385600
2001-06-18,52.349998474121094,52.93000030517578,52.20000076293945,52.470001220703125,37.761680603027344,188000
2001-06-19,52.5,52.970001220703125,51.849998474121094,52.31999969482422,37.65373611450195,161500
2001-06-20,52.349998474121094,54.849998474121094,52.349998474121094,54.349998474121094,39.11470031738281,210500
2001-06-21,54.34000015258789,54.66999816894531,53.599998474121094,54.29999923706055,39.07870101928711,166300
2001-06-22,54.349998474121094,54.599998474121094,52.900001525878906,53.61000061035156,38.582122802734375,181000
2001-06-25,53.79999923706055,53.849998474121094,52.029998779296875,52.150001525878906,37.53139114379883,155800
2001-06-26,52.150001525878906,54.0,52.150001525878906,53.650001525878906,38.61091613769531,231200
2001-06-27,53.63999938964844,53.63999938964844,52.349998474121094,52.93000030517578,38.09274673461914,158700
2001-06-28,52.97999954223633,53.45000076293945,52.849998474121094,52.9900016784668,38.13590621948242,121400
2001-06-29,52.75,53.7599983215332,52.619998931884766,53.75,38.682861328125,201300
2001-07-02,53.95000076293945,55.13999938964844,53.400001525878906,55.099998474121094,39.654457092285156,207300
2001-07-03,55.20000076293945,55.220001220703125,53.0,53.97999954223633,38.848411560058594,184400
2001-07-05,53.97999954223633,54.400001525878906,53.5,53.790000915527344,38.71167755126953,155100
2001-07-06,53.79999923706055,53.79999923706055,52.689998626708984,52.90999984741211,38.07834243774414,130500
2001-07-09,53.0,53.099998474121094,52.209999084472656,52.79999923706055,37.99916458129883,251500
2001-07-10,52.79999923706055,53.0099983215332,52.380001068115234,52.41999816894531,37.7257080078125,233200
2001-07-11,52.5,52.779998779296875,51.33000183105469,51.72999954223633,37.2291259765625,242300
2001-07-12,50.97999954223633,52.25,50.75,52.0,37.42343521118164,402100
2001-07-13,52.150001525878906,52.47999954223633,51.869998931884766,52.29999923706055,37.63933563232422,163800
2001-07-16,51.9900016784668,52.70000076293945,51.939998626708984,52.0099983215332,37.430625915527344,167700
2001-07-17,52.0099983215332,52.099998474121094,51.650001525878906,51.70000076293945,37.207523345947266,156100
2001-07-18,51.70000076293945,52.040000915527344,51.560001373291016,51.97999954223633,37.40904235839844,134500
2001-07-19,52.150001525878906,52.25,51.84000015258789,52.029998779296875,37.44501495361328,202300
2001-07-20,52.04999923706055,52.04999923706055,51.150001525878906,51.5099983215332,37.07079315185547,74900
2001-07-23,51.16999816894531,51.45000076293945,50.380001068115234,50.45000076293945,36.30791091918945,129700
2001-07-24,50.400001525878906,50.40999984741211,48.029998779296875,48.560001373291016,34.94773864746094,247900
2001-07-25,48.599998474121094,49.04999923706055,48.099998474121094,48.97999954223633,35.25,199400
2001-07-26,49.0,49.0,47.25,47.630001068115234,34.27843475341797,481600
2001-07-27,47.779998779296875,47.9900016784668,47.47999954223633,47.90999984741211,34.47993087768555,328600
2001-07-30,47.97999954223633,48.150001525878906,47.900001525878906,48.130001068115234,34.638267517089844,156500
2001-07-31,48.060001373291016,49.20000076293945,48.060001373291016,49.04999923706055,35.30037307739258,223700
2001-08-01,49.060001373291016,49.13999938964844,48.310001373291016,48.66999816894531,35.026885986328125,121800
2001-08-02,48.81999969482422,49.0,48.0,48.599998474121094,34.97650909423828,102600
2001-08-03,48.650001525878906,48.650001525878906,47.91999816894531,48.369998931884766,34.810997009277344,110100
2001-08-06,48.5,48.5,47.720001220703125,47.849998474121094,34.4367561340332,164000
2001-08-07,47.70000076293945,48.20000076293945,47.47999954223633,48.20000076293945,34.688629150390625,121800
2001-08-08,48.04999923706055,48.54999923706055,47.75,47.88999938964844,34.46555709838867,129200
2001-08-09,47.5,48.27000045776367,47.5,48.0099983215332,34.5518913269043,146800
2001-08-10,48.04999923706055,49.650001525878906,48.0,49.09000015258789,35.329166412353516,118600
2001-08-13,49.09000015258789,49.150001525878906,48.70000076293945,48.869998931884766,35.170833587646484,114500
2001-08-14,48.95000076293945,49.45000076293945,48.77000045776367,48.869998931884766,35.170833587646484,66900
2001-08-15,49.0,49.150001525878906,48.38999938964844,48.41999816894531,34.84697723388672,67700
2001-08-16,48.16999816894531,49.279998779296875,48.16999816894531,49.279998779296875,35.465919494628906,165300
2001-08-17,48.599998474121094,48.7599983215332,48.2599983215332,48.459999084472656,34.87575912475586,183100
2001-08-20,48.209999084472656,48.70000076293945,48.209999084472656,48.560001373291016,34.94773864746094,137100
2001-08-21,48.25,49.0,48.25,48.79999923706055,35.12045669555664,178300
2001-08-22,48.31999969482422,48.400001525878906,47.849998474121094,48.029998779296875,34.72641372680664,103100
2001-08-23,48.0,48.79999923706055,48.0,48.31999969482422,34.936092376708984,128500
2001-08-24,48.279998779296875,49.70000076293945,48.11000061035156,49.45000076293945,35.75309753417969,96800
2001-08-27,49.54999923706055,49.58000183105469,48.79999923706055,49.040000915527344,35.456661224365234,89600
2001-08-28,49.0,49.400001525878906,48.150001525878906,48.2599983215332,34.89270782470703,137700
2001-08-29,48.5099983215332,48.5099983215332,47.7599983215332,48.040000915527344,34.7336311340332,90400
2001-08-30,48.04999923706055,48.099998474121094,47.5,47.79999923706055,34.56010818481445,108400
2001-08-31,48.0,48.150001525878906,47.83000183105469,48.0099983215332,34.71194839477539,57200
2001-09-04,48.099998474121094,49.79999923706055,47.75,49.40999984741211,35.724185943603516,205900
2001-09-05,49.38999938964844,50.31999969482422,49.38999938964844,49.900001525878906,36.07845687866211,432500
2001-09-06,49.70000076293945,49.70000076293945,48.65999984741211,48.84000015258789,35.31206130981445,285300
2001-09-07,48.439998626708984,48.439998626708984,47.040000915527344,47.09000015258789,34.04677963256836,257500
2001-09-10,46.380001068115234,46.95000076293945,46.099998474121094,46.63999938964844,33.721412658691406,235600
2001-09-17,46.88999938964844,47.400001525878906,43.68000030517578,43.9900016784668,31.805435180664062,300600
2001-09-18,43.5,43.70000076293945,43.04999923706055,43.45000076293945,31.415002822875977,272600
2001-09-19,43.31999969482422,43.369998931884766,41.91999816894531,41.970001220703125,30.34493064880371,202500
2001-09-20,41.849998474121094,41.95000076293945,40.0,40.0,28.920595169067383,227700
2001-09-21,37.5,39.20000076293945,37.5,38.150001525878906,27.583024978637695,360300
2001-09-24,39.04999923706055,40.599998474121094,39.0,40.36000061035156,29.180885314941406,395000
2001-09-25,40.5,40.70000076293945,39.540000915527344,40.029998779296875,28.942293167114258,281400
2001-09-26,40.04999923706055,40.40999984741211,40.0,40.400001525878906,29.20981216430664,200600
2001-09-27,41.099998474121094,41.689998626708984,40.79999923706055,41.58000183105469,30.06296157836914,266300
2001-09-28,41.900001525878906,43.20000076293945,41.79999923706055,43.20000076293945,31.23426055908203,224600
2001-10-01,43.099998474121094,43.099998474121094,41.849998474121094,42.61000061035156,30.807662963867188,156200
2001-10-02,42.54999923706055,43.54999923706055,42.529998779296875,43.150001525878906,31.19811248779297,123300
2001-10-03,43.369998931884766,45.27000045776367,43.310001373291016,45.20000076293945,32.68026351928711,221900
2001-10-04,45.77000045776367,46.06999969482422,45.20000076293945,45.7400016784668,33.07071304321289,240400
2001-10-05,45.7400016784668,45.959999084472656,45.27000045776367,45.849998474121094,33.150238037109375,208300
2001-10-08,45.849998474121094,45.849998474121094,44.90999984741211,44.939998626708984,32.492313385009766,103700
2001-10-09,45.04999923706055,45.79999923706055,44.900001525878906,45.65999984741211,33.01286315917969,108400
2001-10-10,45.54999923706055,46.84000015258789,45.349998474121094,46.630001068115234,33.71419143676758,139900
2001-10-11,46.75,47.810001373291016,46.75,47.630001068115234,34.43721008300781,161700
2001-10-12,47.22999954223633,47.650001525878906,46.70000076293945,47.619998931884766,34.42997360229492,121300
2001-10-15,47.150001525878906,47.15999984741211,45.650001525878906,46.36000061035156,33.518985748291016,316400
2001-10-16,46.36000061035156,46.95000076293945,46.0,46.310001373291016,33.482826232910156,159300
2001-10-17,46.54999923706055,46.79999923706055,45.58000183105469,46.220001220703125,33.417762756347656,182700
2001-10-18,46.20000076293945,46.20000076293945,45.400001525878906,45.779998779296875,33.09962463378906,87800
2001-10-19,45.779998779296875,45.900001525878906,44.810001373291016,45.13999938964844,32.636905670166016,96100
2001-10-22,45.38999938964844,46.5,45.38999938964844,46.29999923706055,33.475582122802734,269100
2001-10-23,44.900001525878906,45.0,42.939998626708984,43.20000076293945,31.23426055908203,744200
2001-10-24,43.5,43.5,41.900001525878906,42.77000045776367,30.923341751098633,339900
2001-10-25,42.56999969482422,42.849998474121094,41.400001525878906,42.63999938964844,30.82935333251953,272200
2001-10-26,42.540000915527344,43.349998474121094,42.20000076293945,43.08000183105469,31.14748764038086,160400
2001-10-29,43.150001525878906,43.45000076293945,42.290000915527344,42.290000915527344,30.5762996673584,129600
2001-10-30,42.150001525878906,42.45000076293945,41.540000915527344,41.720001220703125,30.164188385009766,156100
2001-10-31,41.720001220703125,42.0,41.5,41.56999969482422,30.055749893188477,171200
2001-11-01,41.5,42.0,40.459999084472656,41.279998779296875,29.84605598449707,330600
2001-11-02,41.349998474121094,42.29999923706055,41.119998931884766,41.720001220703125,30.164188385009766,336800
2001-11-05,42.220001220703125,43.599998474121094,41.939998626708984,43.29999923706055,31.306554794311523,277100
2001-11-06,43.29999923706055,43.959999084472656,42.88999938964844,43.529998779296875,31.47285270690918,191500
2001-11-07,43.529998779296875,44.5,43.529998779296875,44.41999816894531,32.11634063720703,203300
2001-11-08,44.5,44.58000183105469,44.130001068115234,44.25,31.993425369262695,151200
2001-11-09,44.150001525878906,44.20000076293945,43.40999984741211,43.540000915527344,31.480064392089844,122100
2001-11-12,43.900001525878906,45.0,42.650001525878906,43.720001220703125,31.610212326049805,148900
2001-11-13,43.95000076293945,45.08000183105469,43.81999969482422,45.0099983215332,32.542903900146484,141300
2001-11-14,45.20000076293945,45.9900016784668,44.810001373291016,44.880001068115234,32.44892501831055,178800
2001-11-15,45.5,46.099998474121094,45.130001068115234,45.209999084472656,32.68750762939453,188600
2001-11-16,45.209999084472656,45.61000061035156,45.0099983215332,45.52000045776367,32.91166687011719,235500
2001-11-19,45.54999923706055,46.5099983215332,45.400001525878906,46.459999084472656,33.591278076171875,182900
2001-11-20,46.459999084472656,46.470001220703125,46.0,46.0,33.258705139160156,149800
2001-11-21,45.77000045776367,45.77000045776367,44.81999969482422,45.45000076293945,33.0225715637207,121800
2001-11-23,45.650001525878906,46.38999938964844,45.400001525878906,46.31999969482422,33.654685974121094,56400
2001-11-26,46.400001525878906,46.5,45.54999923706055,45.65999984741211,33.175148010253906,85400
2001-11-27,45.75,46.0,44.9900016784668,45.43000030517578,33.008033752441406,94100
2001-11-28,45.29999923706055,46.150001525878906,45.20000076293945,45.72999954223633,33.22598648071289,65900
2001-11-29,45.72999954223633,46.25,45.20000076293945,45.529998779296875,33.08067321777344,96400
2001-11-30,45.70000076293945,46.7400016784668,45.70000076293945,46.25,33.60380935668945,215400
2001-12-03,46.400001525878906,46.689998626708984,46.0,46.18000030517578,33.55295944213867,137900
2001-12-04,46.029998779296875,46.470001220703125,46.029998779296875,46.400001525878906,33.71280288696289,89800
2001-12-05,46.5,47.5,46.45000076293945,47.099998474121094,34.221397399902344,274800
2001-12-06,47.349998474121094,47.95000076293945,47.02000045776367,47.79999923706055,34.7299919128418,142300
2001-12-07,47.900001525878906,48.060001373291016,47.400001525878906,48.060001373291016,34.91889572143555,238300
2001-12-10,48.060001373291016,48.099998474121094,47.58000183105469,47.58000183105469,34.570159912109375,138900
2001-12-11,47.75,48.95000076293945,47.599998474121094,47.650001525878906,34.621002197265625,113300
2001-12-12,48.0,48.099998474121094,47.150001525878906,47.20000076293945,34.294071197509766,156100
2001-12-13,47.20000076293945,47.470001220703125,46.849998474121094,47.04999923706055,34.185062408447266,133200
2001-12-14,47.04999923706055,47.470001220703125,46.70000076293945,47.0,34.14874267578125,158100
2001-12-17,47.0,47.54999923706055,46.849998474121094,46.880001068115234,34.061561584472656,127200
2001-12-18,46.900001525878906,46.9900016784668,46.540000915527344,46.63999938964844,33.88715744018555,230000
2001-12-19,46.63999938964844,46.75,46.369998931884766,46.369998931884766,33.691001892089844,252300
2001-12-20,46.52000045776367,46.599998474121094,45.599998474121094,46.41999816894531,33.72731018066406,239100
2001-12-21,46.66999816894531,46.7599983215332,46.27000045776367,46.47999954223633,33.770931243896484,281000
2001-12-24,47.099998474121094,47.38999938964844,47.04999923706055,47.380001068115234,34.42484664916992,81500
2001-12-26,47.45000076293945,47.91999816894531,47.45000076293945,47.52000045776367,34.52656555175781,119700
2001-12-27,47.54999923706055,47.88999938964844,47.189998626708984,47.650001525878906,34.621002197265625,97300
2001-12-28,47.77000045776367,48.0,47.45000076293945,47.939998626708984,34.83171081542969,119700
2001-12-31,47.849998474121094,47.959999084472656,47.40999984741211,47.939998626708984,34.83171081542969,161400
2002-01-02,47.79999923706055,47.810001373291016,47.0,47.560001373291016,34.55560302734375,144100
2002-01-03,47.70000076293945,48.11000061035156,47.2400016784668,47.5,34.512020111083984,180000
2002-01-04,47.619998931884766,48.099998474121094,47.58000183105469,47.95000076293945,34.838985443115234,107900
2002-01-07,48.0,48.70000076293945,47.90999984741211,48.220001220703125,35.0351676940918,125700
2002-01-08,47.86000061035156,47.90999984741211,47.54999923706055,47.650001525878906,34.621002197265625,130000
2002-01-09,47.75,48.91999816894531,47.75,48.06999969482422,34.92616653442383,151300
2002-01-10,47.970001220703125,48.2400016784668,47.65999984741211,47.810001373291016,34.73725891113281,108300
2002-01-11,47.81999969482422,47.97999954223633,46.849998474121094,47.349998474121094,34.403038024902344,222600
2002-01-14,47.349998474121094,47.400001525878906,47.099998474121094,47.099998474121094,34.221397399902344,124800
2002-01-15,47.11000061035156,47.54999923706055,47.040000915527344,47.33000183105469,34.38850784301758,130100
2002-01-16,47.33000183105469,47.33000183105469,46.7400016784668,46.7400016784668,33.9598274230957,125900
2002-01-17,46.7400016784668,46.7400016784668,46.15999984741211,46.40999984741211,33.720069885253906,138500
2002-01-18,46.400001525878906,46.45000076293945,45.79999923706055,45.849998474121094,33.313175201416016,143800
2002-01-22,45.650001525878906,46.349998474121094,45.58000183105469,45.88999938964844,33.34224319458008,200400
2002-01-23,45.65999984741211,46.040000915527344,45.13999938964844,45.720001220703125,33.21873092651367,340500
2002-01-24,45.70000076293945,46.29999923706055,45.630001068115234,45.75,33.24052810668945,318200
2002-01-25,45.72999954223633,46.29999923706055,45.54999923706055,46.15999984741211,33.53842544555664,229700
2002-01-28,46.20000076293945,46.290000915527344,45.900001525878906,46.209999084472656,33.574737548828125,134300
2002-01-29,46.0,46.38999938964844,45.7599983215332,46.0,33.42216873168945,203400
2002-01-30,46.18000030517578,46.189998626708984,45.20000076293945,46.099998474121094,33.494815826416016,410600
2002-01-31,46.099998474121094,46.400001525878906,45.650001525878906,46.400001525878906,33.71280288696289,413900
2002-02-01,46.29999923706055,46.61000061035156,45.84000015258789,45.95000076293945,33.38583755493164,202800
2002-02-04,45.900001525878906,46.20000076293945,45.70000076293945,45.880001068115234,33.33497619628906,175300
2002-02-05,45.880001068115234,46.20000076293945,45.880001068115234,46.04999923706055,33.45848846435547,195700
2002-02-06,46.119998931884766,46.470001220703125,45.4900016784668,45.88999938964844,33.34224319458008,486900
2002-02-07,45.70000076293945,46.20000076293945,45.70000076293945,46.18000030517578,33.55295944213867,190200
2002-02-08,46.20000076293945,46.25,45.70000076293945,46.029998779296875,33.443965911865234,216400
2002-02-11,46.18000030517578,46.91999816894531,46.0,46.849998474121094,34.039737701416016,233200
2002-02-12,46.849998474121094,47.33000183105469,46.459999084472656,47.27000045776367,34.34492492675781,216500
2002-02-13,47.25,47.29999923706055,46.939998626708984,47.099998474121094,34.221397399902344,150600
2002-02-14,47.16999816894531,47.25,46.869998931884766,46.939998626708984,34.105140686035156,98200
2002-02-15,47.0,47.33000183105469,46.540000915527344,46.880001068115234,34.061561584472656,212200
2002-02-19,46.869998931884766,47.040000915527344,45.849998474121094,45.93000030517578,33.37133026123047,92500
2002-02-20,45.689998626708984,46.439998626708984,44.95000076293945,46.25,33.776615142822266,204700
2002-02-21,46.25,47.25,46.2400016784668,46.5,33.95920944213867,197800
2002-02-22,46.349998474121094,47.209999084472656,46.029998779296875,47.20000076293945,34.47040557861328,127000
2002-02-25,47.119998931884766,47.68000030517578,47.119998931884766,47.59000015258789,34.755252838134766,198800
2002-02-26,47.72999954223633,48.0,47.54999923706055,47.75,34.872093200683594,205700
2002-02-27,47.900001525878906,48.0,47.29999923706055,47.47999954223633,34.674903869628906,197600
2002-02-28,47.599998474121094,48.4900016784668,47.599998474121094,48.33000183105469,35.29566192626953,143300
2002-03-01,48.33000183105469,48.33000183105469,47.099998474121094,47.43000030517578,34.638389587402344,303400
2002-03-04,47.650001525878906,48.75,47.650001525878906,48.75,35.602394104003906,193700
2002-03-05,48.25,48.349998474121094,46.22999954223633,46.22999954223633,33.762020111083984,485300
2002-03-06,46.29999923706055,47.97999954223633,46.29999923706055,47.560001373291016,34.733314514160156,314100
2002-03-07,47.560001373291016,48.20000076293945,47.5,48.0099983215332,35.06196594238281,262500
2002-03-08,48.099998474121094,48.290000915527344,47.75,47.880001068115234,34.967037200927734,227700
2002-03-11,47.849998474121094,48.09000015258789,47.5,47.70000076293945,34.8355712890625,346200
2002-03-12,47.599998474121094,48.20000076293945,47.5,48.119998931884766,35.14231872558594,278100
2002-03-13,48.119998931884766,48.2400016784668,47.75,47.84000015258789,34.93782424926758,219500
2002-03-14,47.79999923706055,48.0,47.5,47.93000030517578,35.00353240966797,245400
2002-03-15,47.93000030517578,48.119998931884766,47.59000015258789,48.060001373291016,35.09849166870117,281000
2002-03-18,48.130001068115234,48.150001525878906,46.650001525878906,47.650001525878906,34.79903793334961,260000
2002-03-19,47.70000076293945,48.400001525878906,47.70000076293945,48.38999938964844,35.33948516845703,143700
2002-03-20,48.400001525878906,48.400001525878906,47.459999084472656,47.560001373291016,34.733314514160156,117300
2002-03-21,47.400001525878906,47.630001068115234,46.65999984741211,46.959999084472656,34.29515838623047,185200
2002-03-22,46.900001525878906,47.59000015258789,46.689998626708984,47.459999084472656,34.66029357910156,180000
2002-03-25,47.099998474121094,47.099998474121094,46.06999969482422,46.06999969482422,33.64518356323242,214300
2002-03-26,46.20000076293945,47.650001525878906,46.20000076293945,47.38999938964844,34.60918045043945,170400
2002-03-27,47.349998474121094,47.70000076293945,46.630001068115234,47.560001373291016,34.733314514160156,110100
2002-03-28,47.599998474121094,47.970001220703125,47.52000045776367,47.540000915527344,34.71872329711914,146300
2002-04-01,47.540000915527344,47.83000183105469,46.65999984741211,47.52000045776367,34.704124450683594,134400
2002-04-02,47.45000076293945,48.16999816894531,46.86000061035156,47.70000076293945,34.8355712890625,139900
2002-04-03,47.689998626708984,47.75,46.93000030517578,47.040000915527344,34.35358810424805,109400
2002-04-04,47.0,47.52000045776367,46.689998626708984,47.47999954223633,34.674903869628906,103100
2002-04-05,47.75,48.2400016784668,47.70000076293945,48.06999969482422,35.10578155517578,180400
2002-04-08,48.060001373291016,48.900001525878906,47.90999984741211,48.869998931884766,35.69003677368164,213100
2002-04-09,48.88999938964844,49.16999816894531,48.380001068115234,49.16999816894531,35.909114837646484,186600
2002-04-10,49.400001525878906,49.95000076293945,49.25,49.54999923706055,36.186649322509766,190200
2002-04-11,49.560001373291016,49.709999084472656,49.0,49.0,35.78497314453125,132800
2002-04-12,49.0,49.529998779296875,48.849998474121094,49.529998779296875,36.17202377319336,86200
2002-04-15,49.45000076293945,49.849998474121094,48.900001525878906,49.25,35.967559814453125,134600
2002-04-16,49.27000045776367,49.540000915527344,48.7599983215332,48.88999938964844,35.70464324951172,281700
2002-04-17,48.7599983215332,48.84000015258789,48.2599983215332,48.310001373291016,35.281036376953125,136200
2002-04-18,48.5,48.72999954223633,47.939998626708984,47.95000076293945,35.01813888549805,100800
2002-04-19,48.0,48.290000915527344,47.77000045776367,48.0,35.054656982421875,157900
2002-04-22,47.5,47.5,46.099998474121094,46.560001373291016,34.00301742553711,464200
2002-04-23,46.5,47.52000045776367,46.4900016784668,46.77000045776367,34.15637969970703,340200
2002-04-24,46.95000076293945,47.470001220703125,46.650001525878906,46.720001220703125,34.11986541748047,149400
2002-04-25,46.75,46.75,46.0,46.31999969482422,33.82774353027344,274400
2002-04-26,46.36000061035156,46.70000076293945,46.029998779296875,46.119998931884766,33.68169021606445,211700
2002-04-29,46.150001525878906,46.5,46.099998474121094,46.150001525878906,33.703609466552734,199200
2002-04-30,46.150001525878906,46.689998626708984,46.02000045776367,46.02000045776367,33.60866165161133,216900
2002-05-01,46.04999923706055,47.0,45.54999923706055,46.95000076293945,34.2878303527832,211300
2002-05-02,46.900001525878906,47.29999923706055,46.470001220703125,47.099998474121094,34.39738082885742,163200
2002-05-03,47.09000015258789,47.38999938964844,46.65999984741211,47.220001220703125,34.485008239746094,121000
2002-05-06,47.29999923706055,47.79999923706055,46.27000045776367,46.310001373291016,33.820465087890625,140200
2002-05-07,46.400001525878906,47.2400016784668,46.31999969482422,46.779998779296875,34.163673400878906,108300
2002-05-08,46.70000076293945,47.20000076293945,46.47999954223633,47.0,34.324363708496094,147900
2002-05-09,47.04999923706055,47.15999984741211,46.540000915527344,46.56999969482422,34.01034164428711,116400
2002-05-10,46.599998474121094,46.75,46.349998474121094,46.43000030517578,33.9080810546875,140600
2002-05-13,46.400001525878906,46.7599983215332,46.29999923706055,46.709999084472656,34.112548828125,106700
2002-05-14,46.79999923706055,47.900001525878906,46.70000076293945,47.720001220703125,34.85017013549805,122200
2002-05-15,47.75,48.0,47.45000076293945,47.63999938964844,34.79176330566406,118500
2002-05-16,47.880001068115234,47.97999954223633,47.369998931884766,47.400001525878906,34.61647415161133,90600
2002-05-17,47.41999816894531,48.04999923706055,47.27000045776367,48.02000045776367,35.069252014160156,87000
2002-05-20,48.04999923706055,48.099998474121094,47.54999923706055,47.58000183105469,34.7479362487793,87900
2002-05-21,47.65999984741211,47.77000045776367,46.790000915527344,46.880001068115234,34.236717224121094,95100
2002-05-22,46.70000076293945,46.97999954223633,46.400001525878906,46.75,34.31380844116211,92100
2002-05-23,46.900001525878906,47.93000030517578,46.650001525878906,47.880001068115234,35.14320755004883,134200
2002-05-24,47.880001068115234,48.099998474121094,47.060001373291016,47.060001373291016,34.54133605957031,171800
2002-05-28,47.13999938964844,47.13999938964844,46.400001525878906,46.630001068115234,34.225711822509766,126100
2002-05-29,46.650001525878906,46.88999938964844,46.29999923706055,46.70000076293945,34.277095794677734,132600
2002-05-30,46.709999084472656,47.15999984741211,46.650001525878906,46.900001525878906,34.42390823364258,159000
2002-05-31,47.0,47.9900016784668,47.0,47.83000183105469,35.10648727416992,195000
2002-06-03,47.79999923706055,47.88999938964844,46.47999954223633,46.47999954223633,34.11560821533203,190400
2002-06-04,46.5,46.900001525878906,46.25,46.560001373291016,34.17433166503906,158400
2002-06-05,46.25,47.599998474121094,46.25,47.529998779296875,34.88629150390625,171000
2002-06-06,47.5,47.72999954223633,46.349998474121094,46.689998626708984,34.26976013183594,148700
2002-06-07,46.689998626708984,47.400001525878906,46.45000076293945,46.849998474121094,34.38716125488281,127600
2002-06-10,46.849998474121094,46.88999938964844,46.4900016784668,46.529998779296875,34.1523323059082,126600
2002-06-11,46.779998779296875,46.84000015258789,45.70000076293945,46.130001068115234,33.85871505737305,220200
2002-06-12,46.0,46.84000015258789,45.959999084472656,46.84000015258789,34.37983703613281,204400
2002-06-13,46.70000076293945,46.81999969482422,46.150001525878906,46.310001373291016,33.99085235595703,262600
2002-06-14,46.45000076293945,46.90999984741211,45.61000061035156,46.720001220703125,34.291770935058594,291300
2002-06-17,46.72999954223633,47.290000915527344,46.38999938964844,47.25,34.68079376220703,150200
2002-06-18,47.400001525878906,48.099998474121094,47.31999969482422,47.900001525878906,35.157859802246094,151100
2002-06-19,47.5,48.349998474121094,46.220001220703125,46.380001068115234,34.042205810546875,260000
2002-06-20,46.45000076293945,47.5,46.400001525878906,47.349998474121094,34.754180908203125,201000
2002-06-21,45.0,45.54999923706055,42.459999084472656,43.349998474121094,31.818233489990234,1044300
2002-06-24,43.349998474121094,43.970001220703125,42.86000061035156,43.810001373291016,32.15586471557617,506800
2002-06-25,43.81999969482422,43.9900016784668,42.95000076293945,43.09000015258789,31.627397537231445,255500
2002-06-26,43.09000015258789,43.400001525878906,42.540000915527344,43.0,31.561344146728516,342700
2002-06-27,43.20000076293945,43.459999084472656,42.619998931884766,43.119998931884766,31.64942741394043,283600
2002-06-28,43.119998931884766,43.880001068115234,43.09000015258789,43.79999923706055,32.148536682128906,335700
2002-07-01,44.099998474121094,44.36000061035156,43.04999923706055,43.060001373291016,31.605382919311523,338900
2002-07-02,43.060001373291016,43.060001373291016,41.5,42.0,30.827367782592773,333300
2002-07-03,42.04999923706055,42.33000183105469,40.70000076293945,41.790000915527344,30.67323112487793,218100
2002-07-05,42.0,43.38999938964844,41.95000076293945,43.040000915527344,31.5907039642334,120400
2002-07-08,43.040000915527344,43.400001525878906,42.25,42.45000076293945,31.15766716003418,141400
2002-07-09,42.45000076293945,43.060001373291016,41.58000183105469,41.58000183105469,30.519079208374023,150700
2002-07-10,41.779998779296875,41.880001068115234,40.54999923706055,40.560001373291016,29.77042579650879,190500
2002-07-11,40.310001373291016,40.400001525878906,39.11000061035156,39.83000183105469,29.23460578918457,246700
2002-07-12,39.83000183105469,40.61000061035156,39.099998474121094,40.04999923706055,29.39607810974121,212100
2002-07-15,39.900001525878906,39.95000076293945,37.689998626708984,39.54999923706055,29.029088973999023,284400
2002-07-16,39.099998474121094,39.349998474121094,37.29999923706055,37.43000030517578,27.473047256469727,298600
2002-07-17,38.099998474121094,39.15999984741211,37.459999084472656,37.970001220703125,27.869403839111328,348800
2002-07-18,38.02000045776367,39.349998474121094,37.189998626708984,37.400001525878906,27.451034545898438,223100
2002-07-19,37.0,37.560001373291016,35.65999984741211,35.7400016784668,26.232616424560547,256400
2002-07-22,35.9900016784668,36.75,34.150001525878906,34.68000030517578,25.454587936401367,347400
2002-07-23,34.70000076293945,35.349998474121094,34.25,34.86000061035156,25.586708068847656,410900
2002-07-24,34.79999923706055,36.5,34.18000030517578,36.33000183105469,26.665660858154297,394700
2002-07-25,36.29999923706055,38.099998474121094,35.90999984741211,37.33000183105469,27.399654388427734,361900
2002-07-26,37.79999923706055,38.400001525878906,37.45000076293945,38.400001525878906,28.185020446777344,344800
2002-07-29,39.25,41.31999969482422,39.099998474121094,41.31999969482422,30.328245162963867,315600
2002-07-30,41.31999969482422,41.31999969482422,39.79999923706055,39.9900016784668,29.352048873901367,357200
2002-07-31,39.9900016784668,40.61000061035156,39.38999938964844,40.439998626708984,29.682344436645508,216800
2002-08-01,40.650001525878906,40.900001525878906,39.150001525878906,39.43000030517578,28.941020965576172,253600
2002-08-02,39.54999923706055,39.54999923706055,37.599998474121094,37.93000030517578,27.840045928955078,201800
2002-08-05,38.099998474121094,38.619998931884766,37.599998474121094,37.599998474121094,27.597820281982422,255800
2002-08-06,37.630001068115234,39.29999923706055,37.630001068115234,38.54999923706055,28.295114517211914,241600
2002-08-07,39.0,39.349998474121094,37.95000076293945,39.02000045776367,28.640087127685547,178300
2002-08-08,39.900001525878906,40.08000183105469,38.68000030517578,40.08000183105469,29.41811752319336,207500
2002-08-09,39.97999954223633,40.02000045776367,39.20000076293945,39.83000183105469,29.23460578918457,241200
2002-08-12,39.099998474121094,39.119998931884766,38.150001525878906,38.619998931884766,28.346500396728516,255500
2002-08-13,38.75,39.36000061035156,38.349998474121094,38.36000061035156,28.15565299987793,170400
2002-08-14,38.599998474121094,39.560001373291016,37.70000076293945,39.459999084472656,28.963029861450195,212600
2002-08-15,39.959999084472656,40.43000030517578,39.439998626708984,39.970001220703125,29.337377548217773,200200
2002-08-16,40.220001220703125,40.220001220703125,39.43000030517578,40.0,29.35939598083496,185300
2002-08-19,40.25,41.18000030517578,39.959999084472656,41.0099983215332,30.1007137298584,236900
2002-08-20,40.9900016784668,41.369998931884766,40.45000076293945,41.0099983215332,30.1007137298584,250800
2002-08-21,40.54999923706055,40.900001525878906,38.40999984741211,38.790000915527344,28.471277236938477,739900
2002-08-22,39.0,39.709999084472656,38.70000076293945,39.279998779296875,28.83092498779297,404000
2002-08-23,39.20000076293945,39.54999923706055,38.79999923706055,38.83000183105469,28.672170639038086,179600
2002-08-26,39.0,39.88999938964844,38.70000076293945,39.83000183105469,29.410564422607422,203100
2002-08-27,39.849998474121094,40.16999816894531,39.29999923706055,39.540000915527344,29.19643783569336,216100
2002-08-28,39.75,39.79999923706055,38.790000915527344,38.9900016784668,28.790307998657227,155300
2002-08-29,38.54999923706055,39.20000076293945,38.29999923706055,38.9900016784668,28.790307998657227,245100
2002-08-30,39.04999923706055,39.790000915527344,38.779998779296875,39.02000045776367,28.812469482421875,185800
2002-09-03,39.02000045776367,39.02000045776367,37.7599983215332,38.04999923706055,28.096220016479492,324200
2002-09-04,38.20000076293945,39.599998474121094,38.08000183105469,39.540000915527344,29.19643783569336,251100
2002-09-05,39.5,39.9900016784668,39.380001068115234,39.5,29.166900634765625,277400
2002-09-06,39.75,40.09000015258789,39.47999954223633,39.880001068115234,29.447500228881836,166800
2002-09-09,39.79999923706055,40.279998779296875,39.0,40.150001525878906,29.64684295654297,160500
2002-09-10,40.400001525878906,40.779998779296875,39.7400016784668,40.68000030517578,30.03822135925293,248900
2002-09-11,41.0,41.150001525878906,40.72999954223633,41.04999923706055,30.31142234802246,179900
2002-09-12,40.5,40.5,40.0,40.060001373291016,29.580408096313477,197300
2002-09-13,40.060001373291016,40.36000061035156,39.54999923706055,40.36000061035156,29.801918029785156,143900
2002-09-16,40.34000015258789,40.650001525878906,39.79999923706055,40.310001373291016,29.7650146484375,125300
2002-09-17,40.369998931884766,40.70000076293945,39.400001525878906,39.540000915527344,29.19643783569336,167800
2002-09-18,39.189998626708984,39.52000045776367,38.619998931884766,39.189998626708984,28.93798828125,118200
2002-09-19,38.970001220703125,38.97999954223633,37.529998779296875,37.529998779296875,27.712244033813477,248200
2002-09-20,37.29999923706055,38.400001525878906,37.27000045776367,38.22999954223633,28.22911834716797,450800
2002-09-23,38.0,38.220001220703125,37.31999969482422,37.650001525878906,27.800857543945312,160600
2002-09-24,37.369998931884766,37.369998931884766,36.130001068115234,36.22999954223633,26.752317428588867,239300
2002-09-25,36.54999923706055,37.41999816894531,36.130001068115234,37.13999938964844,27.42426872253418,217000
2002-09-26,36.0,37.75,36.0,37.40999984741211,27.62363052368164,523100
2002-09-27,36.900001525878906,37.0,35.900001525878906,35.97999954223633,26.56772804260254,353300
2002-09-30,36.099998474121094,36.459999084472656,34.689998626708984,36.15999984741211,26.70062828063965,390900
2002-10-01,36.15999984741211,36.349998474121094,35.099998474121094,36.349998474121094,26.840938568115234,274000
2002-10-02,36.45000076293945,36.45000076293945,35.130001068115234,35.130001068115234,25.94008445739746,282200
2002-10-03,35.5,35.75,34.5,34.56999969482422,25.526578903198242,264000
2002-10-04,35.04999923706055,35.20000076293945,33.70000076293945,34.02000045776367,25.120464324951172,338900
2002-10-07,34.27000045776367,34.33000183105469,33.25,33.27000045776367,24.566652297973633,290400
2002-10-08,33.400001525878906,34.45000076293945,33.11000061035156,33.90999984741211,25.03922462463379,329000
2002-10-09,33.90999984741211,33.90999984741211,32.349998474121094,32.369998931884766,23.902084350585938,221000
2002-10-10,32.5,34.11000061035156,32.349998474121094,33.959999084472656,25.07614517211914,307500
2002-10-11,34.29999923706055,35.599998474121094,34.20000076293945,35.25,26.0286808013916,283500
2002-10-14,35.25,35.47999954223633,34.84000015258789,35.08000183105469,25.90315055847168,154300
2002-10-15,35.599998474121094,37.29999923706055,35.349998474121094,37.29999923706055,27.542407989501953,196100
2002-10-16,37.400001525878906,37.400001525878906,35.93000030517578,36.040000915527344,26.612030029296875,230800
2002-10-17,37.099998474121094,38.0,37.029998779296875,37.90999984741211,27.99283790588379,281400
2002-10-18,37.099998474121094,37.099998474121094,35.79999923706055,36.400001525878906,26.877851486206055,427900
2002-10-21,36.40999984741211,37.70000076293945,36.02000045776367,37.400001525878906,27.616262435913086,288600
2002-10-22,37.54999923706055,37.560001373291016,36.029998779296875,36.400001525878906,26.877851486206055,240300
2002-10-23,36.40999984741211,36.93000030517578,35.54999923706055,36.79999923706055,27.17321014404297,298300
2002-10-24,37.04999923706055,37.04999923706055,35.650001525878906,35.849998474121094,26.471731185913086,192500
2002-10-25,35.849998474121094,36.68000030517578,35.400001525878906,36.540000915527344,26.981229782104492,240000
2002-10-28,36.54999923706055,36.54999923706055,33.08000183105469,33.43000030517578,24.684795379638672,905600
2002-10-29,33.310001373291016,33.54999923706055,32.349998474121094,33.2599983215332,24.559267044067383,472700
2002-10-30,33.099998474121094,33.47999954223633,32.95000076293945,33.310001373291016,24.5961856842041,324600
2002-10-31,33.099998474121094,34.0,33.099998474121094,33.560001373291016,24.780784606933594,255400
2002-11-01,33.54999923706055,34.560001373291016,33.189998626708984,34.5099983215332,25.482276916503906,305000
2002-11-04,34.70000076293945,35.93000030517578,34.4900016784668,34.86000061035156,25.74070930480957,303000
2002-11-05,34.970001220703125,35.52000045776367,34.630001068115234,35.130001068115234,25.94008445739746,220200
2002-11-06,35.0,35.83000183105469,34.849998474121094,35.720001220703125,26.375743865966797,189700
2002-11-07,35.470001220703125,35.470001220703125,34.470001220703125,34.58000183105469,25.533952713012695,240300
2002-11-08,34.79999923706055,35.220001220703125,34.2400016784668,34.599998474121094,25.548725128173828,292200
2002-11-11,34.5099983215332,34.75,33.939998626708984,34.2400016784668,25.28290557861328,175800
2002-11-12,34.20000076293945,35.02000045776367,34.099998474121094,34.54999923706055,25.511804580688477,168700
2002-11-13,34.5,35.34000015258789,34.02000045776367,34.650001525878906,25.58565902709961,250400
2002-11-14,34.900001525878906,35.900001525878906,34.900001525878906,35.66999816894531,26.33881187438965,182700
2002-11-15,35.650001525878906,36.04999923706055,35.54999923706055,35.93000030517578,26.530803680419922,199500
2002-11-18,36.04999923706055,36.15999984741211,35.599998474121094,35.86000061035156,26.479110717773438,150800
2002-11-19,35.79999923706055,36.52000045776367,35.599998474121094,36.02000045776367,26.597257614135742,248400
2002-11-20,35.900001525878906,36.61000061035156,35.400001525878906,36.59000015258789,27.018150329589844,205600
2002-11-21,36.5,37.720001220703125,36.29999923706055,37.720001220703125,27.852550506591797,448100
2002-11-22,37.47999954223633,37.540000915527344,36.599998474121094,36.70000076293945,27.269256591796875,257300
2002-11-25,36.849998474121094,37.47999954223633,36.54999923706055,37.099998474121094,27.566463470458984,201500
2002-11-26,36.849998474121094,37.150001525878906,36.43000030517578,36.529998779296875,27.142940521240234,175400
2002-11-27,36.529998779296875,37.75,36.529998779296875,37.689998626708984,28.00485610961914,132400
2002-11-29,37.70000076293945,38.0,37.689998626708984,37.7400016784668,28.042016983032227,74400
2002-12-02,37.849998474121094,38.2400016784668,37.25,37.84000015258789,28.11631202697754,263000
2002-12-03,38.0,38.0,36.619998931884766,36.779998779296875,27.32869529724121,255200
2002-12-04,36.97999954223633,37.15999984741211,36.79999923706055,37.11000061035156,27.573898315429688,337800
2002-12-05,37.119998931884766,37.119998931884766,36.66999816894531,37.040000915527344,27.52190399169922,245500
2002-12-06,36.400001525878906,37.349998474121094,36.349998474121094,37.209999084472656,27.64820671081543,308200
2002-12-09,37.04999923706055,37.11000061035156,36.529998779296875,36.58000183105469,27.18008804321289,227700
2002-12-10,36.75,36.81999969482422,36.130001068115234,36.81999969482422,27.35842514038086,223600
2002-12-11,36.56999969482422,37.16999816894531,36.22999954223633,37.099998474121094,27.566463470458984,270600
2002-12-12,37.04999923706055,37.279998779296875,36.849998474121094,37.150001525878906,27.603622436523438,273300
2002-12-13,37.0,37.0,36.5,36.779998779296875,27.32869529724121,166800
2002-12-16,36.75,37.900001525878906,36.650001525878906,37.900001525878906,28.160903930664062,226000
2002-12-17,37.400001525878906,38.099998474121094,37.400001525878906,37.86000061035156,28.131168365478516,260900
2002-12-18,37.75,37.810001373291016,36.540000915527344,36.560001373291016,27.16523551940918,378900
2002-12-19,36.79999923706055,36.9900016784668,36.619998931884766,36.880001068115234,27.403005599975586,306400
2002-12-20,37.099998474121094,37.7599983215332,36.849998474121094,37.689998626708984,28.00485610961914,318700
2002-12-23,37.65999984741211,38.0,37.439998626708984,37.75,28.049440383911133,174900
2002-12-24,37.68000030517578,37.720001220703125,37.380001068115234,37.56999969482422,27.91568946838379,47700
2002-12-26,37.58000183105469,37.86000061035156,37.150001525878906,37.2599983215332,27.685361862182617,172900
2002-12-27,37.25,37.279998779296875,36.68000030517578,36.68000030517578,27.25440216064453,177700
2002-12-30,36.599998474121094,36.9900016784668,36.290000915527344,36.959999084472656,27.46245574951172,333900
2002-12-31,36.849998474121094,37.849998474121094,36.58000183105469,37.5,27.863676071166992,358800
2003-01-02,37.95000076293945,38.380001068115234,37.470001220703125,38.349998474121094,28.495275497436523,289900
2003-01-03,38.099998474121094,38.75,37.470001220703125,37.54999923706055,27.900833129882812,188800
2003-01-06,37.54999923706055,37.97999954223633,37.2599983215332,37.849998474121094,28.12374496459961,401300
2003-01-07,37.900001525878906,37.91999816894531,37.47999954223633,37.5,27.863676071166992,351500
2003-01-08,37.5099983215332,37.5099983215332,36.400001525878906,36.43000030517578,27.068641662597656,478500
2003-01-09,36.43000030517578,36.459999084472656,35.779998779296875,36.08000183105469,26.808576583862305,844500
2003-01-10,35.880001068115234,36.400001525878906,35.5,35.79999923706055,26.600534439086914,549500
2003-01-13,35.91999816894531,36.08000183105469,35.4900016784668,35.58000183105469,26.43706512451172,264800
2003-01-14,35.70000076293945,35.70000076293945,35.2400016784668,35.5,26.37762451171875,190300
2003-01-15,35.5,35.5,34.72999954223633,34.79999923706055,25.857513427734375,259800
2003-01-16,34.95000076293945,35.099998474121094,34.400001525878906,34.630001068115234,25.73119354248047,379700
2003-01-17,34.5,34.72999954223633,34.22999954223633,34.5,25.634592056274414,192800
2003-01-21,34.599998474121094,34.68000030517578,33.650001525878906,33.68000030517578,25.025306701660156,206500
2003-01-22,33.75,33.91999816894531,33.33000183105469,33.5,24.891571044921875,332200
2003-01-23,34.150001525878906,34.29999923706055,33.599998474121094,34.0099983215332,25.270498275756836,522500
2003-01-24,34.04999923706055,34.18000030517578,33.7400016784668,34.0,25.263080596923828,573800
2003-01-27,34.0,34.0,33.470001220703125,33.5,24.891571044921875,385700
2003-01-28,33.650001525878906,34.25,33.61000061035156,34.099998474121094,25.337373733520508,373500
2003-01-29,34.0,34.349998474121094,33.5099983215332,34.27000045776367,25.46368980407715,238900
2003-01-30,34.36000061035156,34.40999984741211,33.43000030517578,33.52000045776367,24.906415939331055,247400
2003-01-31,33.45000076293945,34.33000183105469,33.310001373291016,34.04999923706055,25.300222396850586,256400
2003-02-03,34.04999923706055,34.279998779296875,34.0,34.15999984741211,25.3819522857666,213500
2003-02-04,33.849998474121094,33.900001525878906,33.04999923706055,33.11000061035156,24.601774215698242,458500
2003-02-05,33.189998626708984,33.25,32.56999969482422,32.61000061035156,24.23025894165039,428100
2003-02-06,32.61000061035156,32.61000061035156,31.829999923706055,31.889999389648438,23.695281982421875,446600
2003-02-07,31.979999542236328,32.08000183105469,31.549999237060547,31.729999542236328,23.576391220092773,287600
2003-02-10,31.829999923706055,32.029998779296875,31.5,31.899999618530273,23.702707290649414,308000
2003-02-11,31.899999618530273,32.150001525878906,31.65999984741211,31.850000381469727,23.66555404663086,278400
2003-02-12,31.700000762939453,32.0099983215332,31.600000381469727,31.68000030517578,23.539241790771484,251200
2003-02-13,31.600000381469727,31.899999618530273,31.030000686645508,31.440000534057617,23.360925674438477,196100
2003-02-14,31.440000534057617,32.20000076293945,31.34000015258789,32.20000076293945,23.925617218017578,203900
2003-02-18,32.099998474121094,32.4900016784668,32.04999923706055,32.47999954223633,24.13365936279297,240300
2003-02-19,32.45000076293945,32.540000915527344,32.099998474121094,32.279998779296875,23.98506736755371,189300
2003-02-20,32.45000076293945,32.45000076293945,32.0,32.209999084472656,23.933042526245117,158200
2003-02-21,32.29999923706055,33.0099983215332,32.22999954223633,32.79999923706055,24.371442794799805,246300
2003-02-24,32.72999954223633,32.72999954223633,31.899999618530273,32.040000915527344,23.806737899780273,203100
2003-02-25,31.90999984741211,32.400001525878906,31.530000686645508,32.38999938964844,24.066787719726562,248300
2003-02-26,32.31999969482422,32.349998474121094,31.899999618530273,32.0,23.958227157592773,164400
2003-02-27,32.20000076293945,32.20000076293945,31.56999969482422,31.84000015258789,23.83844757080078,364200
2003-02-28,31.979999542236328,32.060001373291016,31.68000030517578,31.700000762939453,23.733625411987305,181600
2003-03-03,31.950000762939453,32.20000076293945,31.670000076293945,31.829999923706055,23.83095359802246,197300
2003-03-04,31.75,31.75,30.610000610351562,30.610000610351562,22.917545318603516,307700
2003-03-05,30.549999237060547,30.68000030517578,29.940000534057617,30.389999389648438,22.752830505371094,338100
2003-03-06,30.299999237060547,30.299999237060547,29.6299991607666,29.93000030517578,22.40843391418457,322700
2003-03-07,29.719999313354492,30.5,29.700000762939453,30.25,22.64801788330078,224000
2003-03-10,30.1200008392334,30.200000762939453,29.530000686645508,29.649999618530273,22.19879722595215,248300
2003-03-11,29.450000762939453,29.969999313354492,29.34000015258789,29.360000610351562,21.9816837310791,254200
2003-03-12,29.34000015258789,29.34000015258789,28.75,29.059999465942383,21.757068634033203,223200
2003-03-13,29.309999465942383,29.75,29.030000686645508,29.75,22.273664474487305,293300
2003-03-14,29.979999542236328,30.280000686645508,29.65999984741211,29.81999969482422,22.326080322265625,273600
2003-03-17,29.920000076293945,30.649999618530273,29.399999618530273,30.579999923706055,22.89508628845215,526300
2003-03-18,30.59000015258789,30.829999923706055,30.290000915527344,30.56999969482422,22.887605667114258,362100
2003-03-19,30.670000076293945,30.989999771118164,30.479999542236328,30.989999771118164,23.20204734802246,335100
2003-03-20,30.899999618530273,30.989999771118164,30.31999969482422,30.81999969482422,23.074769973754883,293200
2003-03-21,30.829999923706055,32.29999923706055,30.799999237060547,32.29999923706055,24.18284034729004,841200
2003-03-24,32.0,32.0,31.209999084472656,31.3700008392334,23.48655128479004,459800
2003-03-25,31.299999237060547,31.75,31.0,31.350000381469727,23.471588134765625,320700
2003-03-26,31.25,31.25,30.3799991607666,30.8700008392334,23.112215042114258,366000
2003-03-27,30.719999313354492,30.81999969482422,30.31999969482422,30.690000534057617,22.977439880371094,236200
2003-03-28,30.610000610351562,30.75,30.299999237060547,30.56999969482422,22.887605667114258,244300
2003-03-31,30.0,30.6200008392334,29.899999618530273,30.229999542236328,22.63304328918457,310000
2003-04-01,30.450000762939453,30.780000686645508,29.899999618530273,30.770000457763672,23.037334442138672,280200
2003-04-02,31.020000457763672,31.959999084472656,30.770000457763672,31.639999389648438,23.688703536987305,250100
2003-04-03,31.739999771118164,31.8700008392334,31.450000762939453,31.559999465942383,23.628808975219727,218700
2003-04-04,31.799999237060547,31.90999984741211,31.290000915527344,31.469999313354492,23.56142807006836,239900
2003-04-07,31.850000381469727,32.20000076293945,31.600000381469727,31.709999084472656,23.741117477416992,364800
2003-04-08,31.700000762939453,31.799999237060547,31.469999313354492,31.610000610351562,23.666244506835938,294500
2003-04-09,31.950000762939453,31.959999084472656,31.110000610351562,31.270000457763672,23.411684036254883,242300
2003-04-10,31.270000457763672,31.43000030517578,31.1299991607666,31.43000030517578,23.531484603881836,193700
2003-04-11,31.700000762939453,31.8700008392334,31.280000686645508,31.3700008392334,23.48655128479004,155000
2003-04-14,31.6200008392334,31.940000534057617,31.5,31.850000381469727,23.84592628479004,178900
2003-04-15,32.0,32.13999938964844,31.700000762939453,32.11000061035156,24.040586471557617,295000
2003-04-16,31.899999618530273,32.0099983215332,31.329999923706055,31.43000030517578,23.531484603881836,296000
2003-04-17,31.600000381469727,31.889999389648438,31.43000030517578,31.84000015258789,23.83844757080078,219700
2003-04-21,32.0,32.0,31.530000686645508,31.639999389648438,23.688703536987305,168600
2003-04-22,31.479999542236328,32.029998779296875,31.200000762939453,31.989999771118164,23.950742721557617,331700
2003-04-23,31.75,32.349998474121094,31.649999618530273,32.209999084472656,24.11545753479004,359500
2003-04-24,32.18000030517578,32.38999938964844,31.899999618530273,32.09000015258789,24.025615692138672,159300
2003-04-25,31.899999618530273,31.899999618530273,31.239999771118164,31.280000686645508,23.419174194335938,227000
2003-04-28,31.399999618530273,32.20000076293945,31.399999618530273,31.979999542236328,23.943262100219727,385200
2003-04-29,32.349998474121094,33.130001068115234,32.349998474121094,33.099998474121094,24.78179359436035,742700
2003-04-30,33.349998474121094,35.349998474121094,33.27000045776367,34.970001220703125,26.18185806274414,1291700
2003-05-01,34.91999816894531,34.91999816894531,34.09000015258789,34.81999969482422,26.069555282592773,393500
2003-05-02,34.72999954223633,35.400001525878906,34.68000030517578,35.2400016784668,26.38400650024414,271500
2003-05-05,35.150001525878906,35.459999084472656,34.599998474121094,34.81999969482422,26.069555282592773,310500
2003-05-06,35.349998474121094,35.77000045776367,35.0,35.47999954223633,26.563684463500977,383400
2003-05-07,35.349998474121094,35.84000015258789,35.06999969482422,35.34000015258789,26.458864212036133,379200
2003-05-08,35.150001525878906,35.45000076293945,34.900001525878906,34.9900016784668,26.19683265686035,270100
2003-05-09,35.150001525878906,35.439998626708984,34.939998626708984,35.400001525878906,26.50379753112793,227000
2003-05-12,35.400001525878906,35.97999954223633,35.25,35.900001525878906,26.87814712524414,244500
2003-05-13,35.900001525878906,35.93000030517578,35.529998779296875,35.77000045776367,26.78081512451172,290700
2003-05-14,35.95000076293945,35.970001220703125,35.25,35.5,26.57866668701172,270400
2003-05-15,35.75,35.79999923706055,35.150001525878906,35.66999816894531,26.70594024658203,210900
2003-05-16,35.75,35.810001373291016,34.97999954223633,35.720001220703125,26.74338722229004,391900
2003-05-19,35.619998931884766,35.619998931884766,34.95000076293945,35.279998779296875,26.41394805908203,627400
2003-05-20,35.08000183105469,35.459999084472656,34.790000915527344,35.2599983215332,26.39898681640625,259800
2003-05-21,34.75,35.189998626708984,34.540000915527344,35.150001525878906,26.500762939453125,282600
2003-05-22,35.119998931884766,35.52000045776367,35.0099983215332,35.47999954223633,26.749555587768555,273800
2003-05-23,35.47999954223633,35.79999923706055,35.310001373291016,35.79999923706055,26.99082374572754,282500
2003-05-27,35.79999923706055,36.70000076293945,35.5,36.70000076293945,27.66936492919922,275500
2003-05-28,36.529998779296875,36.97999954223633,36.5,36.880001068115234,27.80506706237793,299800
2003-05-29,36.880001068115234,37.099998474121094,35.79999923706055,36.119998931884766,27.232074737548828,316900
2003-05-30,36.119998931884766,36.63999938964844,36.099998474121094,36.63999938964844,27.62411880493164,273300
2003-06-02,37.20000076293945,37.70000076293945,36.90999984741211,37.47999954223633,28.25742530822754,402100
2003-06-03,37.380001068115234,37.41999816894531,36.52000045776367,36.869998931884766,27.797536849975586,273400
2003-06-04,36.869998931884766,37.72999954223633,36.849998474121094,37.72999954223633,28.44590950012207,232800
2003-06-05,37.72999954223633,38.439998626708984,37.45000076293945,38.400001525878906,28.951038360595703,309300
2003-06-06,38.349998474121094,38.91999816894531,38.220001220703125,38.599998474121094,29.101831436157227,384700
2003-06-09,38.599998474121094,38.68000030517578,37.130001068115234,37.290000915527344,28.114166259765625,332300
2003-06-10,37.400001525878906,38.4900016784668,37.36000061035156,38.20000076293945,28.80025291442871,280200
2003-06-11,38.45000076293945,39.15999984741211,38.099998474121094,39.130001068115234,29.501426696777344,425700
2003-06-12,39.13999938964844,39.36000061035156,38.70000076293945,39.2599983215332,29.599424362182617,225300
2003-06-13,39.400001525878906,39.45000076293945,38.709999084472656,38.95000076293945,29.365713119506836,244800
2003-06-16,39.099998474121094,39.900001525878906,39.08000183105469,39.650001525878906,29.893444061279297,293800
2003-06-17,39.599998474121094,39.93000030517578,39.20000076293945,39.79999923706055,30.006549835205078,202400
2003-06-18,39.849998474121094,39.95000076293945,39.279998779296875,39.54999923706055,29.818078994750977,225100
2003-06-19,39.79999923706055,39.81999969482422,38.630001068115234,38.650001525878906,29.1395320892334,372000
2003-06-20,38.900001525878906,38.90999984741211,37.58000183105469,37.630001068115234,28.37051773071289,511900
2003-06-23,37.529998779296875,37.560001373291016,36.95000076293945,37.25,28.084012985229492,196800
2003-06-24,37.75,37.79999923706055,37.2400016784668,37.599998474121094,28.34788703918457,226600
2003-06-25,37.5,37.810001373291016,37.119998931884766,37.13999938964844,28.001096725463867,176400
2003-06-26,36.88999938964844,37.66999816894531,36.810001373291016,37.52000045776367,28.28759002685547,201400
2003-06-27,37.599998474121094,37.599998474121094,36.90999984741211,36.95000076293945,27.857833862304688,354900
2003-06-30,37.099998474121094,37.349998474121094,36.56999969482422,37.06999969482422,27.948318481445312,377600
2003-07-01,37.06999969482422,37.27000045776367,36.2400016784668,37.25,28.084012985229492,280700
2003-07-02,37.29999923706055,37.689998626708984,37.040000915527344,37.689998626708984,28.415760040283203,229000
2003-07-03,37.20000076293945,37.369998931884766,36.900001525878906,37.16999816894531,28.02371597290039,139900
2003-07-07,37.279998779296875,38.540000915527344,37.279998779296875,38.529998779296875,29.049055099487305,302300
2003-07-08,38.849998474121094,38.849998474121094,38.22999954223633,38.47999954223633,29.0113582611084,208200
2003-07-09,38.380001068115234,38.400001525878906,37.970001220703125,38.27000045776367,28.853029251098633,130400
2003-07-10,38.20000076293945,38.25,37.650001525878906,38.04999923706055,28.687177658081055,178600
2003-07-11,38.060001373291016,38.189998626708984,37.54999923706055,37.900001525878906,28.57408332824707,134600
2003-07-14,38.20000076293945,38.43000030517578,37.900001525878906,38.04999923706055,28.687177658081055,162500
2003-07-15,38.02000045776367,38.22999954223633,37.060001373291016,37.150001525878906,28.008621215820312,287200
2003-07-16,37.20000076293945,37.31999969482422,36.630001068115234,36.849998474121094,27.782432556152344,238500
2003-07-17,36.95000076293945,37.04999923706055,36.459999084472656,36.630001068115234,27.616575241088867,150200
2003-07-18,36.95000076293945,37.20000076293945,36.619998931884766,37.09000015258789,27.963396072387695,137200
2003-07-21,36.900001525878906,36.900001525878906,36.29999923706055,36.619998931884766,27.609046936035156,249700
2003-07-22,36.68000030517578,37.20000076293945,36.400001525878906,37.099998474121094,27.970930099487305,238900
2003-07-23,37.45000076293945,37.45000076293945,37.04999923706055,37.41999816894531,28.212182998657227,198100
2003-07-24,37.380001068115234,37.95000076293945,37.099998474121094,37.349998474121094,28.15941619873047,262000
2003-07-25,37.25,37.25,36.20000076293945,37.06999969482422,27.948318481445312,454200
2003-07-28,37.119998931884766,37.779998779296875,36.630001068115234,37.779998779296875,28.483598709106445,421300
2003-07-29,37.779998779296875,40.09000015258789,37.779998779296875,39.83000183105469,30.029172897338867,864600
2003-07-30,39.84000015258789,40.22999954223633,39.56999969482422,39.720001220703125,29.946239471435547,544200
2003-07-31,39.650001525878906,40.40999984741211,39.33000183105469,40.220001220703125,30.32320785522461,455000
2003-08-01,40.150001525878906,40.150001525878906,39.79999923706055,39.849998474121094,30.044246673583984,457500
2003-08-04,39.45000076293945,40.18000030517578,39.25,39.95000076293945,30.119640350341797,296100
2003-08-05,40.150001525878906,40.43000030517578,39.720001220703125,39.86000061035156,30.05177879333496,366600
2003-08-06,39.75,40.0,39.59000015258789,39.65999984741211,29.900999069213867,413500
2003-08-07,39.599998474121094,39.869998931884766,39.20000076293945,39.7400016784668,29.961313247680664,237700
2003-08-08,39.7400016784668,40.29999923706055,39.58000183105469,40.29999923706055,30.383522033691406,214800
2003-08-11,40.29999923706055,40.380001068115234,39.470001220703125,40.06999969482422,30.210124969482422,259300
2003-08-12,39.95000076293945,40.279998779296875,39.7400016784668,40.2599983215332,30.353363037109375,181700
2003-08-13,40.2599983215332,40.36000061035156,39.79999923706055,40.09000015258789,30.225187301635742,149700
2003-08-14,40.09000015258789,41.150001525878906,39.75,41.06999969482422,30.96404266357422,328900
2003-08-15,41.0,41.380001068115234,40.95000076293945,41.369998931884766,31.190216064453125,146500
2003-08-18,41.369998931884766,41.5,41.18000030517578,41.47999954223633,31.27318000793457,121700
2003-08-19,41.380001068115234,42.22999954223633,41.349998474121094,42.16999816894531,31.793365478515625,307000
2003-08-20,41.849998474121094,42.18000030517578,41.619998931884766,41.65999984741211,31.408863067626953,153700
2003-08-21,41.63999938964844,42.08000183105469,41.310001373291016,41.939998626708984,31.61996078491211,210500
2003-08-22,41.95000076293945,42.13999938964844,40.95000076293945,41.11000061035156,30.994213104248047,165700
2003-08-25,40.75,41.38999938964844,40.70000076293945,41.220001220703125,31.263456344604492,156600
2003-08-26,41.029998779296875,41.29999923706055,40.470001220703125,41.189998626708984,31.24068260192871,175800
2003-08-27,41.279998779296875,41.279998779296875,40.5,41.13999938964844,31.202774047851562,165600
2003-08-28,41.099998474121094,41.349998474121094,40.54999923706055,41.34000015258789,31.35447120666504,112500
2003-08-29,41.09000015258789,41.470001220703125,40.959999084472656,41.40999984741211,31.40756607055664,104200
2003-09-02,41.70000076293945,42.290000915527344,41.20000076293945,42.279998779296875,32.067420959472656,184500
2003-09-03,42.34000015258789,42.68000030517578,42.119998931884766,42.68000030517578,32.37080001831055,242500
2003-09-04,42.400001525878906,42.70000076293945,41.31999969482422,41.7400016784668,31.65784454345703,345300
2003-09-05,41.540000915527344,41.599998474121094,40.68000030517578,41.029998779296875,31.119342803955078,208700
2003-09-08,41.25,41.90999984741211,40.95000076293945,41.900001525878906,31.779203414916992,196900
2003-09-09,41.689998626708984,41.709999084472656,41.20000076293945,41.40999984741211,31.40756607055664,132900
2003-09-10,41.0,41.16999816894531,40.36000061035156,40.4900016784668,30.70979118347168,247400
2003-09-11,40.4900016784668,40.97999954223633,40.29999923706055,40.790000915527344,30.93731689453125,178400
2003-09-12,40.25,42.040000915527344,40.25,42.040000915527344,31.88538360595703,563000
2003-09-15,42.04999923706055,42.630001068115234,42.02000045776367,42.560001373291016,32.279781341552734,274800
2003-09-16,42.20000076293945,42.9900016784668,42.20000076293945,42.88999938964844,32.53006362915039,254200
2003-09-17,40.70000076293945,41.349998474121094,39.54999923706055,40.27000045776367,30.542917251586914,1590500
2003-09-18,40.27000045776367,40.83000183105469,40.0099983215332,40.779998779296875,30.929725646972656,415300
2003-09-19,40.70000076293945,41.02000045776367,40.40999984741211,41.02000045776367,31.111751556396484,262400
2003-09-22,40.95000076293945,40.97999954223633,40.41999816894531,40.630001068115234,30.81597328186035,291500
2003-09-23,40.630001068115234,40.650001525878906,40.2400016784668,40.540000915527344,30.747705459594727,240300
2003-09-24,40.400001525878906,40.470001220703125,39.5099983215332,39.880001068115234,30.247133255004883,254900
2003-09-25,39.900001525878906,40.06999969482422,39.61000061035156,39.65999984741211,30.080270767211914,318400
2003-09-26,39.54999923706055,39.79999923706055,39.16999816894531,39.61000061035156,30.04235076904297,298700
2003-09-29,39.619998931884766,40.400001525878906,39.54999923706055,40.380001068115234,30.6263370513916,290100
2003-09-30,40.349998474121094,40.5,39.599998474121094,39.90999984741211,30.269874572753906,255700
2003-10-01,39.90999984741211,40.869998931884766,39.7599983215332,40.869998931884766,30.99799919128418,340600
2003-10-02,40.939998626708984,41.29999923706055,40.470001220703125,41.29999923706055,31.324132919311523,152100
2003-10-03,41.40999984741211,42.349998474121094,41.40999984741211,41.869998931884766,31.756454467773438,275900
2003-10-06,41.720001220703125,42.400001525878906,41.70000076293945,42.04999923706055,31.892976760864258,194200
2003-10-07,42.04999923706055,42.38999938964844,41.66999816894531,42.38999938964844,32.15085983276367,228100
2003-10-08,42.38999938964844,42.54999923706055,41.91999816894531,42.0,31.855060577392578,212500
2003-10-09,42.0,42.369998931884766,41.650001525878906,42.0,31.855060577392578,334900
2003-10-10,42.0,42.0,41.84000015258789,41.970001220703125,31.832305908203125,144700
2003-10-13,43.25,45.54999923706055,43.2400016784668,45.45000076293945,34.471702575683594,1500600
2003-10-14,45.33000183105469,45.88999938964844,45.060001373291016,45.459999084472656,34.47930908203125,885900
2003-10-15,45.459999084472656,45.540000915527344,44.93000030517578,45.09000015258789,34.198673248291016,318400
2003-10-16,45.09000015258789,45.099998474121094,44.70000076293945,44.779998779296875,33.96356201171875,319100
2003-10-17,44.77000045776367,44.77000045776367,43.720001220703125,43.779998779296875,33.2050895690918,371600
2003-10-20,43.790000915527344,43.95000076293945,43.630001068115234,43.779998779296875,33.2050895690918,232700
2003-10-21,43.95000076293945,43.95000076293945,43.349998474121094,43.66999816894531,33.12166976928711,255800
2003-10-22,43.540000915527344,43.70000076293945,43.209999084472656,43.33000183105469,32.86378860473633,170800
2003-10-23,43.279998779296875,43.7599983215332,43.08000183105469,43.54999923706055,33.0306396484375,266800
2003-10-24,43.25,43.369998931884766,42.86000061035156,43.369998931884766,32.89411926269531,177400
2003-10-27,43.369998931884766,43.779998779296875,43.27000045776367,43.63999938964844,33.09890365600586,193100
2003-10-28,44.0,45.31999969482422,43.900001525878906,44.4900016784668,33.74360656738281,803000
2003-10-29,44.4900016784668,44.599998474121094,44.2400016784668,44.47999954223633,33.73601150512695,291100
2003-10-30,44.650001525878906,44.79999923706055,44.310001373291016,44.560001373291016,33.79669189453125,329100
2003-10-31,44.650001525878906,44.849998474121094,44.2599983215332,44.310001373291016,33.607086181640625,255000
2003-11-03,44.400001525878906,44.93000030517578,44.29999923706055,44.72999954223633,33.925628662109375,431400
2003-11-04,44.630001068115234,44.630001068115234,44.25,44.40999984741211,33.68291473388672,512000
2003-11-05,44.45000076293945,44.7599983215332,44.189998626708984,44.63999938964844,33.85737228393555,281000
2003-11-06,44.7400016784668,45.29999923706055,44.59000015258789,45.11000061035156,34.21384811401367,427200
2003-11-07,45.0099983215332,45.0099983215332,44.40999984741211,44.470001220703125,33.72843551635742,253400
2003-11-10,44.52000045776367,45.09000015258789,44.41999816894531,44.7599983215332,33.9483757019043,302800
2003-11-11,44.81999969482422,45.029998779296875,44.599998474121094,44.630001068115234,33.84978103637695,226500
2003-11-12,44.70000076293945,45.04999923706055,44.630001068115234,45.029998779296875,34.153167724609375,214400
2003-11-13,45.0,45.02000045776367,44.459999084472656,44.650001525878906,33.864959716796875,261300
2003-11-14,44.75,45.029998779296875,44.40999984741211,44.5,33.75118637084961,141500
2003-11-17,44.5,44.5,43.400001525878906,43.970001220703125,33.34920883178711,271300
2003-11-18,44.099998474121094,44.31999969482422,43.40999984741211,43.43000030517578,32.939640045166016,162700
2003-11-19,43.439998626708984,43.52000045776367,43.189998626708984,43.34000015258789,32.871376037597656,278800
2003-11-20,43.29999923706055,43.54999923706055,42.900001525878906,43.25,32.80310821533203,369700
2003-11-21,43.29999923706055,43.54999923706055,42.95000076293945,43.11000061035156,32.696929931640625,192700
2003-11-24,43.04999923706055,43.83000183105469,43.04999923706055,43.83000183105469,33.433013916015625,289200
2003-11-25,43.599998474121094,44.599998474121094,43.5,44.5,33.94409942626953,416100
2003-11-26,44.5,44.66999816894531,43.689998626708984,44.349998474121094,33.82966232299805,155200
2003-11-28,44.29999923706055,44.470001220703125,44.22999954223633,44.470001220703125,33.92120361328125,116200
2003-12-01,44.650001525878906,45.869998931884766,44.5,45.869998931884766,34.989112854003906,389100
2003-12-02,45.83000183105469,45.9900016784668,45.68000030517578,45.9900016784668,35.08066177368164,513300
2003-12-03,46.0,46.349998474121094,45.70000076293945,45.84000015258789,34.96623229980469,377300
2003-12-04,46.0,46.22999954223633,45.77000045776367,46.099998474121094,35.1645393371582,282500
2003-12-05,46.0,46.09000015258789,45.619998931884766,45.79999923706055,34.935699462890625,192700
2003-12-08,45.93000030517578,47.47999954223633,45.849998474121094,47.470001220703125,36.20956039428711,522100
2003-12-09,47.5,47.79999923706055,46.93000030517578,47.22999954223633,36.02650833129883,441500
2003-12-10,47.16999816894531,47.16999816894531,46.2599983215332,46.5,35.46967697143555,278100
2003-12-11,46.5,47.709999084472656,46.5,47.47999954223633,36.21721267700195,344300
2003-12-12,47.47999954223633,47.79999923706055,47.29999923706055,47.79999923706055,36.4612922668457,202800
2003-12-15,48.0,48.599998474121094,47.470001220703125,47.599998474121094,36.308746337890625,380900
2003-12-16,47.79999923706055,47.95000076293945,46.91999816894531,47.56999969482422,36.28586196899414,204400
2003-12-17,47.56999969482422,47.59000015258789,46.61000061035156,46.75,35.66035461425781,349000
2003-12-18,46.599998474121094,47.75,46.5099983215332,47.75,36.423152923583984,513400
2003-12-19,47.900001525878906,48.0,47.56999969482422,47.900001525878906,36.53758239746094,257600
2003-12-22,47.900001525878906,48.27000045776367,47.880001068115234,48.2400016784668,36.79690933227539,198600
2003-12-23,48.20000076293945,48.4900016784668,47.970001220703125,48.16999816894531,36.74351501464844,254000
2003-12-24,48.16999816894531,48.2400016784668,47.939998626708984,48.02000045776367,36.62910079956055,101500
2003-12-26,48.130001068115234,48.400001525878906,48.099998474121094,48.209999084472656,36.77403259277344,62600
2003-12-29,48.20000076293945,48.47999954223633,48.189998626708984,48.25,36.804542541503906,327000
2003-12-30,48.29999923706055,48.29999923706055,47.45000076293945,47.810001373291016,36.46892166137695,374300
2003-12-31,48.04999923706055,48.04999923706055,47.27000045776367,47.56999969482422,36.28586196899414,323900
2004-01-02,47.75,47.810001373291016,46.959999084472656,47.209999084472656,36.01124572753906,220000
2004-01-05,50.0,50.529998779296875,49.2400016784668,50.11000061035156,38.22334671020508,1294600
2004-01-06,49.97999954223633,49.9900016784668,49.43000030517578,49.599998474121094,37.83432388305664,542100
2004-01-07,49.79999923706055,49.970001220703125,49.209999084472656,49.70000076293945,37.91059494018555,521600
2004-01-08,49.529998779296875,49.650001525878906,48.86000061035156,48.91999816894531,37.31563186645508,761100
2004-01-09,48.900001525878906,49.5,48.900001525878906,49.189998626708984,37.52156066894531,877500
2004-01-12,49.41999816894531,49.709999084472656,49.27000045776367,49.38999938964844,37.674137115478516,476300
2004-01-13,49.95000076293945,49.97999954223633,49.290000915527344,49.599998474121094,37.83432388305664,370800
2004-01-14,49.61000061035156,49.970001220703125,49.20000076293945,49.5,37.758033752441406,207500
2004-01-15,49.4900016784668,50.06999969482422,49.25,49.93000030517578,38.0860481262207,469100
2004-01-16,50.130001068115234,50.25,49.349998474121094,49.529998779296875,37.78092575073242,341100
2004-01-20,49.650001525878906,49.650001525878906,48.45000076293945,49.189998626708984,37.52156066894531,478800
2004-01-21,48.900001525878906,50.0,48.900001525878906,49.81999969482422,38.00213623046875,342300
2004-01-22,49.79999923706055,49.95000076293945,49.4900016784668,49.70000076293945,37.91059494018555,532800
2004-01-23,49.95000076293945,50.06999969482422,49.11000061035156,49.54999923706055,37.79616928100586,327400
2004-01-26,49.400001525878906,50.119998931884766,49.400001525878906,50.119998931884766,38.230953216552734,332200
2004-01-27,50.0,50.099998474121094,49.63999938964844,49.689998626708984,37.90296936035156,492100
2004-01-28,49.91999816894531,49.959999084472656,48.75,48.84000015258789,37.25459289550781,477600
2004-01-29,48.900001525878906,48.90999984741211,47.790000915527344,48.20000076293945,36.76639938354492,588000
2004-01-30,48.29999923706055,48.400001525878906,47.70000076293945,47.70000076293945,36.385032653808594,452900
2004-02-02,47.20000076293945,47.9900016784668,47.130001068115234,47.66999816894531,36.36214065551758,535800
2004-02-03,48.150001525878906,48.380001068115234,47.79999923706055,47.79999923706055,36.4612922668457,617300
2004-02-04,47.29999923706055,47.40999984741211,46.11000061035156,46.5,35.46967697143555,449700
2004-02-05,46.29999923706055,47.11000061035156,46.29999923706055,46.900001525878906,35.77478790283203,384800
2004-02-06,46.79999923706055,47.52000045776367,46.79999923706055,47.5,36.232452392578125,404900
2004-02-09,47.5,47.650001525878906,46.95000076293945,47.20000076293945,36.00361633300781,248000
2004-02-10,47.22999954223633,47.31999969482422,46.939998626708984,47.22999954223633,36.02650833129883,397100
2004-02-11,47.0,47.130001068115234,46.5,47.0099983215332,35.85868835449219,519000
2004-02-12,47.060001373291016,47.060001373291016,46.459999084472656,46.84000015258789,35.72901153564453,477500
2004-02-13,46.83000183105469,46.83000183105469,46.06999969482422,46.099998474121094,35.1645393371582,287300
2004-02-17,46.02000045776367,46.779998779296875,46.02000045776367,46.7400016784668,35.652740478515625,394600
2004-02-18,46.75,46.75,46.119998931884766,46.27000045776367,35.29421615600586,374900
2004-02-19,46.27000045776367,46.380001068115234,45.849998474121094,46.13999938964844,35.1950569152832,781900
2004-02-20,46.369998931884766,46.56999969482422,45.90999984741211,46.459999084472656,35.439144134521484,457200
2004-02-23,46.29999923706055,46.619998931884766,46.220001220703125,46.5,35.46967697143555,461200
2004-02-24,46.52000045776367,46.939998626708984,46.34000015258789,46.4900016784668,35.46205139160156,253000
2004-02-25,46.22999954223633,46.720001220703125,45.77000045776367,46.66999816894531,35.79954528808594,253800
2004-02-26,46.66999816894531,46.7599983215332,46.18000030517578,46.5,35.669166564941406,373100
2004-02-27,46.5,47.689998626708984,46.41999816894531,47.29999923706055,36.282806396484375,446200
2004-03-01,47.349998474121094,47.939998626708984,47.349998474121094,47.81999969482422,36.681678771972656,300800
2004-03-02,47.81999969482422,48.349998474121094,47.540000915527344,48.0099983215332,36.82743453979492,536500
2004-03-03,48.0,48.0,47.439998626708984,47.849998474121094,36.7047119140625,289000
2004-03-04,47.599998474121094,48.16999816894531,47.349998474121094,48.0,36.81975555419922,412200
2004-03-05,47.97999954223633,48.25,47.65999984741211,48.0,36.81975555419922,232400
2004-03-08,48.0,48.0,47.099998474121094,47.2599983215332,36.25211715698242,323700
2004-03-09,47.349998474121094,47.349998474121094,46.650001525878906,46.810001373291016,35.906959533691406,346700
2004-03-10,46.599998474121094,47.31999969482422,46.29999923706055,46.4900016784668,35.661495208740234,420400
2004-03-11,46.4900016784668,46.61000061035156,46.04999923706055,46.220001220703125,35.4543571472168,366200
2004-03-12,46.20000076293945,47.06999969482422,46.150001525878906,47.06999969482422,36.106380462646484,343200
2004-03-15,46.900001525878906,47.04999923706055,45.9900016784668,46.09000015258789,35.35464859008789,339600
2004-03-16,46.349998474121094,46.7400016784668,46.119998931884766,46.47999954223633,35.6538200378418,345400
2004-03-17,46.65999984741211,47.0099983215332,46.41999816894531,46.70000076293945,35.82256317138672,296000
2004-03-18,46.599998474121094,46.810001373291016,46.0099983215332,46.400001525878906,35.59245300292969,227800
2004-03-19,46.38999938964844,46.709999084472656,46.099998474121094,46.18000030517578,35.42368698120117,329500
2004-03-22,46.189998626708984,46.56999969482422,45.7599983215332,46.349998474121094,35.55409240722656,382900
2004-03-23,46.47999954223633,46.5,45.650001525878906,46.209999084472656,35.44669723510742,365200
2004-03-24,46.31999969482422,46.560001373291016,45.709999084472656,45.93000030517578,35.23190689086914,195600
2004-03-25,46.25,46.560001373291016,45.900001525878906,46.439998626708984,35.62310791015625,183900
2004-03-26,46.20000076293945,46.459999084472656,46.0,46.2599983215332,35.48505401611328,212500
2004-03-29,46.29999923706055,47.15999984741211,46.15999984741211,46.86000061035156,35.945308685302734,348600
2004-03-30,46.900001525878906,47.16999816894531,46.400001525878906,46.959999084472656,36.02199172973633,797500
2004-03-31,46.970001220703125,47.63999938964844,46.65999984741211,47.439998626708984,36.39019775390625,350100
2004-04-01,48.25,48.650001525878906,47.88999938964844,48.04999923706055,36.858116149902344,502100
2004-04-02,48.47999954223633,48.4900016784668,47.810001373291016,47.88999938964844,36.735389709472656,301600
2004-04-05,47.75,48.09000015258789,47.54999923706055,47.880001068115234,36.72772979736328,301700
2004-04-06,47.349998474121094,48.380001068115234,47.279998779296875,48.09000015258789,36.888816833496094,343900
2004-04-07,47.630001068115234,48.04999923706055,47.0099983215332,47.31999969482422,36.29816818237305,333800
2004-04-08,47.5,47.63999938964844,46.91999816894531,47.02000045776367,36.06803512573242,290200
2004-04-12,47.34000015258789,47.619998931884766,47.18000030517578,47.43000030517578,36.382545471191406,171400
2004-04-13,47.47999954223633,47.900001525878906,46.68000030517578,46.68000030517578,35.8072395324707,439200
2004-04-14,46.66999816894531,46.88999938964844,46.130001068115234,46.45000076293945,35.630802154541016,374000
2004-04-15,46.650001525878906,47.27000045776367,46.540000915527344,47.18000030517578,36.190765380859375,326300
2004-04-16,47.70000076293945,47.95000076293945,47.22999954223633,47.68000030517578,36.57427978515625,647500
2004-04-19,47.45000076293945,47.86000061035156,47.400001525878906,47.7400016784668,36.62032699584961,472800
2004-04-20,47.689998626708984,48.189998626708984,47.689998626708984,47.709999084472656,36.597312927246094,433700
2004-04-21,47.720001220703125,48.04999923706055,47.41999816894531,48.04999923706055,36.858116149902344,248300
2004-04-22,48.09000015258789,48.779998779296875,47.970001220703125,48.5,37.20331573486328,405400
2004-04-23,48.349998474121094,48.38999938964844,47.81999969482422,48.20000076293945,36.973175048828125,219800
2004-04-26,48.119998931884766,48.45000076293945,47.439998626708984,47.689998626708984,36.58196258544922,269200
2004-04-27,47.68000030517578,48.09000015258789,47.5099983215332,47.939998626708984,36.77375030517578,273300
2004-04-28,47.97999954223633,47.97999954223633,46.900001525878906,46.959999084472656,36.02199172973633,188000
2004-04-29,46.970001220703125,48.099998474121094,46.27000045776367,46.68000030517578,35.8072395324707,407500
2004-04-30,46.63999938964844,46.83000183105469,46.099998474121094,46.2400016784668,35.469703674316406,329400
2004-05-03,46.08000183105469,46.36000061035156,45.77000045776367,46.189998626708984,35.43133544921875,385000
2004-05-04,46.2599983215332,46.459999084472656,45.7400016784668,46.099998474121094,35.3623046875,405900
2004-05-05,46.0,46.20000076293945,45.58000183105469,45.91999816894531,35.224246978759766,234200
2004-05-06,45.88999938964844,45.88999938964844,44.880001068115234,45.20000076293945,34.67195129394531,347900
2004-05-07,45.04999923706055,45.099998474121094,43.70000076293945,43.70000076293945,33.52132797241211,707700
2004-05-10,43.29999923706055,43.43000030517578,42.04999923706055,42.7599983215332,32.80027770996094,602400
2004-05-11,42.5099983215332,42.70000076293945,42.290000915527344,42.349998474121094,32.485774993896484,513000
2004-05-12,42.400001525878906,42.709999084472656,41.939998626708984,42.58000183105469,32.662193298339844,659600
2004-05-13,42.58000183105469,42.70000076293945,42.06999969482422,42.58000183105469,32.662193298339844,509700
2004-05-14,42.650001525878906,43.25,42.5,43.119998931884766,33.076438903808594,374800
2004-05-17,42.720001220703125,42.900001525878906,42.25,42.41999816894531,32.53946304321289,435200
2004-05-18,42.45000076293945,42.93000030517578,42.33000183105469,42.81999969482422,32.8463134765625,259300
2004-05-19,43.04999923706055,43.58000183105469,42.470001220703125,42.54999923706055,32.639183044433594,354600
2004-05-20,42.54999923706055,42.93000030517578,42.45000076293945,42.83000183105469,32.85396957397461,147700
2004-05-21,43.099998474121094,43.599998474121094,42.900001525878906,43.15999984741211,33.107093811035156,220700
2004-05-24,43.2599983215332,43.720001220703125,43.18000030517578,43.68000030517578,33.50597381591797,267200
2004-05-25,43.68000030517578,44.70000076293945,43.369998931884766,44.61000061035156,34.21936798095703,446100
2004-05-26,44.400001525878906,44.5099983215332,43.81999969482422,44.0,33.949317932128906,206900
2004-05-27,44.22999954223633,44.790000915527344,43.849998474121094,44.5,34.33511734008789,275700
2004-05-28,44.529998779296875,44.83000183105469,44.41999816894531,44.7599983215332,34.53573226928711,226100
2004-06-01,44.75,45.0099983215332,44.560001373291016,44.72999954223633,34.5125732421875,312600
2004-06-02,44.900001525878906,45.20000076293945,44.540000915527344,44.959999084472656,34.690032958984375,280200
2004-06-03,44.72999954223633,45.0,44.4900016784668,44.77000045776367,34.54343795776367,312200
2004-06-04,44.869998931884766,45.209999084472656,44.47999954223633,44.90999984741211,34.651451110839844,244400
2004-06-07,44.95000076293945,45.4900016784668,44.79999923706055,45.4900016784668,35.098976135253906,254800
2004-06-08,45.4900016784668,45.70000076293945,44.95000076293945,45.70000076293945,35.260986328125,239000
2004-06-09,45.70000076293945,45.75,45.38999938964844,45.560001373291016,35.152984619140625,358000
2004-06-10,45.65999984741211,45.97999954223633,45.560001373291016,45.7599983215332,35.307281494140625,250100
2004-06-14,45.70000076293945,45.70000076293945,45.119998931884766,45.22999954223633,34.89836883544922,341600
2004-06-15,45.47999954223633,45.9900016784668,45.20000076293945,45.79999923706055,35.338165283203125,292200
2004-06-16,45.84000015258789,46.599998474121094,45.7599983215332,46.11000061035156,35.57732391357422,343300
2004-06-17,46.02000045776367,46.4900016784668,45.91999816894531,46.4900016784668,35.870540618896484,264800
2004-06-18,46.400001525878906,46.970001220703125,46.400001525878906,46.779998779296875,36.09430694580078,292200
2004-06-21,46.720001220703125,47.11000061035156,46.689998626708984,47.0,36.2640380859375,243300
2004-06-22,46.79999923706055,46.84000015258789,46.22999954223633,46.84000015258789,36.14059066772461,264500
2004-06-23,46.869998931884766,47.529998779296875,46.79999923706055,47.47999954223633,36.634403228759766,254400
2004-06-24,47.5099983215332,47.939998626708984,46.88999938964844,47.040000915527344,36.29491424560547,282500
2004-06-25,47.150001525878906,47.45000076293945,46.77000045776367,46.939998626708984,36.21775436401367,290000
2004-06-28,47.04999923706055,47.150001525878906,46.36000061035156,46.59000015258789,35.947689056396484,522400
2004-06-29,46.70000076293945,47.41999816894531,46.43000030517578,47.40999984741211,36.58039855957031,281000
2004-06-30,47.220001220703125,47.650001525878906,47.220001220703125,47.54999923706055,36.68841552734375,244100
2004-07-01,47.54999923706055,47.66999816894531,45.849998474121094,46.54999923706055,35.916847229003906,338100
2004-07-02,46.54999923706055,46.849998474121094,46.15999984741211,46.52000045776367,35.893699645996094,221000
2004-07-06,46.52000045776367,46.52000045776367,45.70000076293945,45.720001220703125,35.27642822265625,318200
2004-07-07,45.72999954223633,46.540000915527344,45.68000030517578,46.470001220703125,35.8551025390625,268800
2004-07-08,46.43000030517578,46.5099983215332,46.09000015258789,46.2599983215332,35.69307327270508,368200
2004-07-09,46.220001220703125,46.4900016784668,45.939998626708984,46.15999984741211,35.61592483520508,174600
2004-07-12,46.15999984741211,46.220001220703125,45.70000076293945,45.970001220703125,35.46932601928711,176400
2004-07-13,46.119998931884766,46.20000076293945,45.83000183105469,46.13999938964844,35.600494384765625,122300
2004-07-14,46.0,46.11000061035156,45.540000915527344,45.66999816894531,35.23785400390625,331400
2004-07-15,45.79999923706055,46.0099983215332,45.63999938964844,45.65999984741211,35.230133056640625,200700
2004-07-16,46.099998474121094,46.56999969482422,45.900001525878906,46.060001373291016,35.53875732421875,198800
2004-07-19,46.29999923706055,46.29999923706055,45.81999969482422,45.97999954223633,35.477054595947266,189200
2004-07-20,45.97999954223633,46.34000015258789,45.70000076293945,46.310001373291016,35.73166275024414,269100
2004-07-21,46.369998931884766,46.66999816894531,45.47999954223633,45.560001373291016,35.152984619140625,201600
2004-07-22,45.540000915527344,45.689998626708984,45.0,45.31999969482422,34.967803955078125,361900
2004-07-23,45.34000015258789,45.630001068115234,45.02000045776367,45.029998779296875,34.74406051635742,225900
2004-07-26,45.040000915527344,45.209999084472656,44.349998474121094,44.59000015258789,34.40454864501953,187300
2004-07-27,44.59000015258789,45.06999969482422,44.369998931884766,44.81999969482422,34.58201217651367,188600
2004-07-28,44.650001525878906,45.75,44.29999923706055,45.66999816894531,35.23785400390625,280600
2004-07-29,45.79999923706055,47.40999984741211,45.79999923706055,47.40999984741211,36.58039855957031,477500
2004-07-30,47.31999969482422,47.650001525878906,47.0,47.619998931884766,36.74241638183594,359300
2004-08-02,47.619998931884766,48.279998779296875,47.58000183105469,48.220001220703125,37.20536804199219,366700
2004-08-03,48.220001220703125,48.220001220703125,47.77000045776367,47.95000076293945,36.99702835083008,232900
2004-08-04,47.849998474121094,48.04999923706055,47.54999923706055,47.779998779296875,36.86585998535156,349400
2004-08-05,47.68000030517578,47.849998474121094,46.400001525878906,46.529998779296875,35.901390075683594,456700
2004-08-06,46.150001525878906,46.61000061035156,45.720001220703125,45.849998474121094,35.37672805786133,449000
2004-08-09,46.150001525878906,46.47999954223633,45.5,45.54999923706055,35.14524841308594,353400
2004-08-10,45.75,46.470001220703125,45.5,46.470001220703125,35.8551025390625,388300
2004-08-11,46.29999923706055,46.400001525878906,45.900001525878906,46.15999984741211,35.61592483520508,260800
2004-08-12,46.40999984741211,46.40999984741211,45.90999984741211,46.0,35.49247360229492,221600
2004-08-13,46.099998474121094,46.189998626708984,45.709999084472656,45.880001068115234,35.39988327026367,151300
2004-08-16,46.04999923706055,46.97999954223633,45.97999954223633,46.97999954223633,36.24861145019531,299000
2004-08-17,47.38999938964844,47.88999938964844,47.09000015258789,47.45000076293945,36.61125564575195,390500
2004-08-18,47.45000076293945,47.72999954223633,47.150001525878906,47.720001220703125,36.81956100463867,282900
2004-08-19,47.68000030517578,47.939998626708984,47.40999984741211,47.88999938964844,36.95075607299805,255300
2004-08-20,47.97999954223633,48.279998779296875,47.630001068115234,48.209999084472656,37.19765853881836,251400
2004-08-23,48.400001525878906,48.58000183105469,47.58000183105469,47.63999938964844,36.75786209106445,394600
2004-08-24,47.619998931884766,47.72999954223633,47.189998626708984,47.59000015258789,36.92078399658203,236800
2004-08-25,47.689998626708984,47.83000183105469,47.06999969482422,47.810001373291016,37.09145736694336,208600
2004-08-26,47.84000015258789,48.06999969482422,47.4900016784668,47.630001068115234,36.95180130004883,105700
2004-08-27,47.849998474121094,47.849998474121094,47.29999923706055,47.5099983215332,36.85870361328125,109100
2004-08-30,47.619998931884766,47.790000915527344,47.209999084472656,47.209999084472656,36.62595748901367,147600
2004-08-31,47.41999816894531,47.83000183105469,47.20000076293945,47.66999816894531,36.982826232910156,209600
2004-09-01,47.77000045776367,48.0,47.630001068115234,48.0,37.238853454589844,202600
2004-09-02,48.0,48.849998474121094,48.0,48.77000045776367,37.83623504638672,175900
2004-09-03,48.79999923706055,48.91999816894531,48.59000015258789,48.810001373291016,37.86725997924805,257500
2004-09-07,48.869998931884766,49.65999984741211,48.869998931884766,49.619998931884766,38.49568176269531,314700
2004-09-08,49.61000061035156,49.61000061035156,48.45000076293945,48.45000076293945,37.58796691894531,247000
2004-09-09,48.599998474121094,48.81999969482422,48.09000015258789,48.310001373291016,37.47935104370117,255800
2004-09-10,48.15999984741211,48.290000915527344,47.52000045776367,48.060001373291016,37.2854118347168,241200
2004-09-13,48.15999984741211,48.68000030517578,48.150001525878906,48.66999816894531,37.75865936279297,338800
2004-09-14,48.5,49.20000076293945,48.099998474121094,48.560001373291016,37.67329788208008,218900
2004-09-15,48.619998931884766,48.75,48.060001373291016,48.2400016784668,37.425052642822266,128200
2004-09-16,48.400001525878906,49.119998931884766,48.400001525878906,49.04999923706055,38.05344772338867,186400
2004-09-17,49.349998474121094,49.529998779296875,48.86000061035156,48.869998931884766,37.913818359375,306200
2004-09-20,48.7599983215332,48.91999816894531,48.540000915527344,48.79999923706055,37.859493255615234,213200
2004-09-21,48.720001220703125,49.810001373291016,48.720001220703125,49.54999923706055,38.44135284423828,439100
2004-09-22,49.380001068115234,49.599998474121094,49.189998626708984,49.25,38.208614349365234,317100
2004-09-23,49.150001525878906,49.209999084472656,48.61000061035156,48.77000045776367,37.83623504638672,293700
2004-09-24,48.70000076293945,48.75,48.439998626708984,48.68000030517578,37.766414642333984,253800
2004-09-27,48.599998474121094,49.369998931884766,48.54999923706055,49.209999084472656,38.17757797241211,342600
2004-09-28,49.11000061035156,49.119998931884766,48.45000076293945,48.81999969482422,37.875022888183594,335000
2004-09-29,48.70000076293945,49.439998626708984,48.560001373291016,49.439998626708984,38.356014251708984,370200
2004-09-30,49.439998626708984,51.18000030517578,49.31999969482422,50.95000076293945,39.527503967285156,1409600
2004-10-01,51.04999923706055,52.130001068115234,50.900001525878906,51.70000076293945,40.109344482421875,1192000
2004-10-04,51.70000076293945,51.86000061035156,50.31999969482422,50.61000061035156,39.26372528076172,621800
2004-10-05,50.5,51.02000045776367,50.25,50.72999954223633,39.3568115234375,568900
2004-10-06,50.599998474121094,51.22999954223633,50.41999816894531,51.15999984741211,39.69042205810547,495000
2004-10-07,50.88999938964844,51.15999984741211,50.310001373291016,50.58000183105469,39.24045944213867,425400
2004-10-08,50.33000183105469,50.95000076293945,50.33000183105469,50.65999984741211,39.30250549316406,578600
2004-10-11,50.79999923706055,50.959999084472656,50.54999923706055,50.93000030517578,39.51198196411133,599700
2004-10-12,50.849998474121094,50.849998474121094,48.439998626708984,48.790000915527344,37.851741790771484,1461000
2004-10-13,48.79999923706055,48.810001373291016,47.95000076293945,48.58000183105469,37.688838958740234,927600
2004-10-14,48.529998779296875,48.529998779296875,47.79999923706055,47.91999816894531,37.17680358886719,470600
2004-10-15,48.04999923706055,48.2400016784668,47.91999816894531,48.130001068115234,37.33971405029297,345900
2004-10-18,48.13999938964844,48.20000076293945,47.16999816894531,47.970001220703125,37.215579986572266,454200
2004-10-19,47.900001525878906,48.040000915527344,46.91999816894531,46.970001220703125,36.43977737426758,631900
2004-10-20,47.13999938964844,47.400001525878906,46.849998474121094,47.2599983215332,36.66474533081055,497600
2004-10-21,47.5099983215332,47.66999816894531,46.939998626708984,47.529998779296875,36.874229431152344,253500
2004-10-22,47.720001220703125,48.209999084472656,47.650001525878906,47.66999816894531,36.982826232910156,344600
2004-10-25,47.54999923706055,47.95000076293945,47.439998626708984,47.849998474121094,37.12249755859375,263500
2004-10-26,47.790000915527344,48.68000030517578,47.720001220703125,48.59000015258789,37.696590423583984,362100
2004-10-27,48.4900016784668,49.20000076293945,48.29999923706055,49.150001525878906,38.13105773925781,364800
2004-10-28,49.150001525878906,49.150001525878906,48.880001068115234,49.04999923706055,38.05344772338867,454200
2004-10-29,49.08000183105469,49.83000183105469,48.939998626708984,49.779998779296875,38.61980056762695,970700
2004-11-01,49.849998474121094,49.91999816894531,49.54999923706055,49.88999938964844,38.70514678955078,468300
2004-11-02,49.900001525878906,50.04999923706055,49.31999969482422,49.72999954223633,38.58100509643555,483600
2004-11-03,50.0,50.220001220703125,49.900001525878906,50.0,38.790470123291016,398500
2004-11-04,49.869998931884766,50.2400016784668,49.599998474121094,50.209999084472656,38.95340347290039,462300
2004-11-05,50.45000076293945,50.59000015258789,50.029998779296875,50.369998931884766,39.077510833740234,431100
2004-11-08,50.369998931884766,50.560001373291016,50.16999816894531,50.290000915527344,39.01546096801758,270700
2004-11-09,50.290000915527344,50.529998779296875,50.099998474121094,50.209999084472656,38.95340347290039,315800
2004-11-10,50.29999923706055,50.380001068115234,50.130001068115234,50.189998626708984,38.93788528442383,191600
2004-11-11,50.349998474121094,50.47999954223633,50.11000061035156,50.2599983215332,38.99219512939453,386100
2004-11-12,50.099998474121094,50.720001220703125,50.0,50.5,39.17838668823242,415600
2004-11-15,50.72999954223633,51.70000076293945,50.619998931884766,51.58000183105469,40.01625061035156,328200
2004-11-16,51.5,51.72999954223633,51.06999969482422,51.599998474121094,40.03176498413086,506600
2004-11-17,51.849998474121094,52.75,51.849998474121094,52.459999084472656,40.69898223876953,531400
2004-11-18,52.31999969482422,52.91999816894531,52.27000045776367,52.56999969482422,40.7843132019043,236100
2004-11-19,52.619998931884766,52.619998931884766,51.47999954223633,51.970001220703125,40.318824768066406,227000
2004-11-22,51.709999084472656,51.77000045776367,51.18000030517578,51.599998474121094,40.23304748535156,432000
2004-11-23,51.75,51.81999969482422,51.04999923706055,51.560001373291016,40.20186233520508,280000
2004-11-24,51.650001525878906,52.150001525878906,51.599998474121094,52.150001525878906,40.661888122558594,172100
2004-11-26,52.029998779296875,52.27000045776367,51.880001068115234,51.95000076293945,40.50592803955078,45700
2004-11-29,52.099998474121094,52.20000076293945,51.43000030517578,51.90999984741211,40.47475814819336,310800
2004-11-30,51.7400016784668,52.13999938964844,51.56999969482422,51.849998474121094,40.42798614501953,188600
2004-12-01,52.0,52.97999954223633,52.0,52.91999816894531,41.26227569580078,254400
2004-12-02,52.97999954223633,53.0,52.470001220703125,52.58000183105469,40.99715805053711,276300
2004-12-03,52.400001525878906,52.650001525878906,52.04999923706055,52.439998626708984,40.88801193237305,203900
2004-12-06,52.29999923706055,52.9900016784668,52.08000183105469,52.84000015258789,41.19987869262695,226700
2004-12-07,52.97999954223633,52.97999954223633,51.779998779296875,51.79999923706055,40.389007568359375,194400
2004-12-08,51.720001220703125,53.88999938964844,51.720001220703125,53.66999816894531,41.8470573425293,607000
2004-12-09,53.20000076293945,54.2400016784668,53.20000076293945,54.189998626708984,42.25252151489258,394100
2004-12-10,55.16999816894531,55.529998779296875,54.029998779296875,54.95000076293945,42.84507369995117,604400
2004-12-13,54.349998474121094,54.68000030517578,53.68000030517578,54.150001525878906,42.22130584716797,528400
2004-12-14,53.900001525878906,53.939998626708984,53.279998779296875,53.630001068115234,41.815860748291016,542000
2004-12-15,53.63999938964844,54.79999923706055,53.540000915527344,54.7599983215332,42.696922302246094,354100
2004-12-16,54.58000183105469,54.7599983215332,53.70000076293945,54.310001373291016,42.346065521240234,428500
2004-12-17,53.75,54.15999984741211,53.310001373291016,53.56999969482422,41.76908493041992,417000
2004-12-20,53.81999969482422,54.34000015258789,53.810001373291016,54.060001373291016,42.15113067626953,226800
2004-12-21,53.79999923706055,54.29999923706055,53.75,53.9900016784668,42.0965690612793,248900
2004-12-22,53.7400016784668,54.15999984741211,53.4900016784668,53.90999984741211,42.0341682434082,255000
2004-12-23,54.15999984741211,54.56999969482422,53.869998931884766,54.560001373291016,42.54100036621094,231700
2004-12-27,54.560001373291016,54.619998931884766,53.939998626708984,54.04999923706055,42.14333724975586,204700
2004-12-28,54.25,54.75,54.150001525878906,54.619998931884766,42.58777618408203,118400
2004-12-29,54.7400016784668,54.7400016784668,54.31999969482422,54.630001068115234,42.59556579589844,146300
2004-12-30,54.68000030517578,54.83000183105469,54.43000030517578,54.72999954223633,42.673545837402344,89300
2004-12-31,54.77000045776367,55.04999923706055,54.61000061035156,54.61000061035156,42.579994201660156,157300
2005-01-03,54.0,54.29999923706055,53.130001068115234,53.220001220703125,41.49618148803711,383100
2005-01-04,53.849998474121094,53.849998474121094,52.470001220703125,52.619998931884766,41.028358459472656,297700
2005-01-05,52.5099983215332,53.0,52.40999984741211,52.439998626708984,40.88801193237305,464400
2005-01-06,52.380001068115234,52.900001525878906,52.36000061035156,52.59000015258789,41.004974365234375,433200
2005-01-07,52.70000076293945,53.130001068115234,52.689998626708984,52.86000061035156,41.21546936035156,367100
2005-01-10,52.75,53.34000015258789,52.720001220703125,53.060001373291016,41.371429443359375,447900
2005-01-11,52.95000076293945,53.310001373291016,52.79999923706055,53.2599983215332,41.52736282348633,445000
2005-01-12,53.27000045776367,53.45000076293945,53.029998779296875,53.41999816894531,41.65211486816406,574200
2005-01-13,53.52000045776367,53.630001068115234,53.369998931884766,53.52000045776367,41.730098724365234,604500
2005-01-14,53.709999084472656,54.5,53.650001525878906,54.4900016784668,42.486419677734375,206800
2005-01-18,54.4900016784668,54.83000183105469,54.150001525878906,54.83000183105469,42.75151443481445,264500
2005-01-19,54.83000183105469,54.9900016784668,54.72999954223633,54.93000030517578,42.829490661621094,453900
2005-01-20,54.93000030517578,54.939998626708984,54.470001220703125,54.529998779296875,42.51759719848633,544600
2005-01-21,54.900001525878906,54.900001525878906,54.400001525878906,54.54999923706055,42.533180236816406,279200
2005-01-24,54.630001068115234,54.630001068115234,54.33000183105469,54.470001220703125,42.4708251953125,423600
2005-01-25,54.599998474121094,54.9900016784668,54.470001220703125,54.81999969482422,42.743717193603516,376400
2005-01-26,54.849998474121094,55.11000061035156,54.66999816894531,55.06999969482422,42.93864059448242,278300
2005-01-27,55.189998626708984,55.349998474121094,54.720001220703125,55.27000045776367,43.094573974609375,376500
2005-01-28,55.27000045776367,56.16999816894531,55.27000045776367,55.959999084472656,43.632591247558594,640800
2005-01-31,56.29999923706055,56.47999954223633,55.75,56.47999954223633,44.038047790527344,418200
2005-02-01,56.400001525878906,56.400001525878906,55.189998626708984,55.650001525878906,43.390865325927734,784300
2005-02-02,56.08000183105469,56.470001220703125,55.900001525878906,56.459999084472656,44.02245330810547,494100
2005-02-03,56.29999923706055,56.79999923706055,56.20000076293945,56.7400016784668,44.240753173828125,401400
2005-02-04,56.470001220703125,57.540000915527344,56.439998626708984,57.4900016784668,44.825565338134766,443000
2005-02-07,57.54999923706055,57.83000183105469,57.400001525878906,57.4900016784668,44.825565338134766,352200
2005-02-08,57.400001525878906,57.650001525878906,57.380001068115234,57.5,44.83332443237305,451700
2005-02-09,57.5,57.599998474121094,57.189998626708984,57.2599983215332,44.646217346191406,309200
2005-02-10,57.08000183105469,57.34000015258789,56.849998474121094,56.95000076293945,44.40449905395508,486200
2005-02-11,56.959999084472656,57.400001525878906,56.41999816894531,57.209999084472656,44.60723876953125,355000
2005-02-14,57.220001220703125,57.29999923706055,56.4900016784668,56.97999954223633,44.427894592285156,297000
2005-02-15,56.79999923706055,56.939998626708984,56.52000045776367,56.599998474121094,44.13159942626953,431600
2005-02-16,56.630001068115234,57.25,56.54999923706055,57.08000183105469,44.505882263183594,252800
2005-02-17,57.29999923706055,57.52000045776367,57.06999969482422,57.099998474121094,44.52146530151367,347300
2005-02-18,57.18000030517578,57.18000030517578,56.72999954223633,57.130001068115234,44.544857025146484,297600
2005-02-22,56.650001525878906,56.88999938964844,55.58000183105469,55.58000183105469,43.33628463745117,336200
2005-02-23,55.70000076293945,56.34000015258789,55.29999923706055,56.119998931884766,43.98683547973633,419900
2005-02-24,56.20000076293945,57.650001525878906,56.040000915527344,57.529998779296875,45.092010498046875,430700
2005-02-25,57.54999923706055,58.61000061035156,57.439998626708984,58.52000045776367,45.86795425415039,425200
2005-02-28,58.400001525878906,58.43000030517578,57.38999938964844,57.86000061035156,45.35066223144531,282600
2005-03-01,57.86000061035156,58.22999954223633,57.150001525878906,57.380001068115234,44.974430084228516,395600
2005-03-02,57.38999938964844,58.25,57.099998474121094,58.119998931884766,45.55445861816406,378600
2005-03-03,58.119998931884766,58.790000915527344,58.11000061035156,58.25,45.65633773803711,429900
2005-03-04,58.5,59.66999816894531,58.380001068115234,59.650001525878906,46.753658294677734,398800
2005-03-07,59.5099983215332,59.650001525878906,58.77000045776367,58.869998931884766,46.142311096191406,409600
2005-03-08,58.9900016784668,58.9900016784668,58.400001525878906,58.79999923706055,46.087425231933594,282200
2005-03-09,58.650001525878906,58.709999084472656,58.04999923706055,58.099998474121094,45.53877639770508,290000
2005-03-10,58.119998931884766,58.34000015258789,56.91999816894531,57.380001068115234,44.974430084228516,372900
2005-03-11,57.47999954223633,58.02000045776367,57.43000030517578,57.61000061035156,45.15471267700195,377500
2005-03-14,57.86000061035156,57.900001525878906,57.25,57.52000045776367,45.08417892456055,495000
2005-03-15,57.599998474121094,58.0,56.97999954223633,57.130001068115234,44.778499603271484,342300
2005-03-16,57.029998779296875,57.189998626708984,56.459999084472656,56.59000015258789,44.355255126953125,569800
2005-03-17,56.81999969482422,56.95000076293945,55.939998626708984,56.5,44.28469467163086,490700
2005-03-18,56.81999969482422,57.290000915527344,56.040000915527344,56.08000183105469,43.95549011230469,702500
2005-03-21,55.880001068115234,56.16999816894531,55.52000045776367,55.9900016784668,43.88496398925781,412400
2005-03-22,56.0,57.54999923706055,56.0,56.52000045776367,44.30036926269531,591900
2005-03-23,56.58000183105469,56.65999984741211,55.9900016784668,56.119998931884766,43.98683547973633,379800
2005-03-24,56.220001220703125,56.560001373291016,56.0,56.25,44.088748931884766,337200
2005-03-28,56.33000183105469,57.45000076293945,56.29999923706055,57.02000045776367,44.69227981567383,340600
2005-03-29,57.029998779296875,57.2599983215332,55.70000076293945,55.77000045776367,43.712528228759766,459700
2005-03-30,55.599998474121094,56.119998931884766,55.25,56.02000045776367,43.90846633911133,480700
2005-03-31,56.25,57.130001068115234,56.25,56.83000183105469,44.54335021972656,513600
2005-04-01,56.84000015258789,57.70000076293945,56.689998626708984,57.40999984741211,44.99797058105469,467900
2005-04-04,57.470001220703125,57.470001220703125,56.709999084472656,57.029998779296875,44.70011901855469,328000
2005-04-05,57.18000030517578,57.290000915527344,56.650001525878906,57.25,44.8725471496582,320700
2005-04-06,57.400001525878906,57.63999938964844,56.97999954223633,57.2400016784668,44.864715576171875,171400
2005-04-07,57.119998931884766,57.90999984741211,56.81999969482422,57.349998474121094,44.95093536376953,294400
2005-04-08,57.36000061035156,57.66999816894531,57.02000045776367,57.25,44.8725471496582,225100
2005-04-11,57.33000183105469,57.709999084472656,56.93000030517578,57.310001373291016,44.91958236694336,229700
2005-04-12,57.099998474121094,57.29999923706055,56.29999923706055,56.86000061035156,44.56687927246094,682200
2005-04-13,56.75,56.959999084472656,56.290000915527344,56.349998474121094,44.16712188720703,300200
2005-04-14,56.900001525878906,56.97999954223633,55.470001220703125,55.7400016784668,43.68901443481445,411300
2005-04-15,55.7400016784668,55.77000045776367,53.79999923706055,53.79999923706055,42.168434143066406,634600
2005-04-18,54.04999923706055,54.41999816894531,53.75,54.0099983215332,42.33303451538086,381800
2005-04-19,53.849998474121094,54.209999084472656,53.540000915527344,53.959999084472656,42.29384231567383,453700
2005-04-20,53.849998474121094,54.040000915527344,53.02000045776367,53.04999923706055,41.5805778503418,329300
2005-04-21,53.29999923706055,53.900001525878906,53.29999923706055,53.650001525878906,42.05086898803711,340600
2005-04-22,53.650001525878906,53.650001525878906,52.709999084472656,53.08000183105469,41.604103088378906,469900
2005-04-25,53.25,54.310001373291016,53.25,53.70000076293945,42.09007263183594,502000
2005-04-26,53.70000076293945,54.099998474121094,53.11000061035156,53.11000061035156,41.62759780883789,620100
2005-04-27,53.130001068115234,53.130001068115234,52.36000061035156,52.689998626708984,41.29841995239258,467700
2005-04-28,54.5,54.86000061035156,53.08000183105469,53.13999938964844,41.65113067626953,975000
2005-04-29,53.20000076293945,53.779998779296875,52.5,53.040000915527344,41.57276153564453,757600
2005-05-02,53.45000076293945,55.38999938964844,53.45000076293945,55.380001068115234,43.406837463378906,764000
2005-05-03,55.459999084472656,56.029998779296875,55.220001220703125,55.36000061035156,43.391170501708984,478500
2005-05-04,55.380001068115234,56.099998474121094,55.04999923706055,55.97999954223633,43.87710952758789,321900
2005-05-05,55.900001525878906,56.59000015258789,55.75,55.939998626708984,43.84577178955078,241800
2005-05-06,56.060001373291016,56.83000183105469,55.959999084472656,56.5,44.28469467163086,202600
2005-05-09,56.599998474121094,56.70000076293945,56.16999816894531,56.689998626708984,44.433631896972656,230400
2005-05-10,56.689998626708984,56.689998626708984,55.75,56.15999984741211,44.018192291259766,364600
2005-05-11,56.15999984741211,56.15999984741211,55.31999969482422,55.88999938964844,43.806583404541016,417500
2005-05-12,55.79999923706055,56.0,54.459999084472656,54.56999969482422,42.77195358276367,431800
2005-05-13,54.75,55.27000045776367,54.400001525878906,54.86000061035156,42.99925994873047,577100
2005-05-16,54.95000076293945,56.27000045776367,54.93000030517578,56.20000076293945,44.04955291748047,380100
2005-05-17,56.20000076293945,57.40999984741211,55.849998474121094,57.2400016784668,44.864715576171875,488800
2005-05-18,57.5,58.45000076293945,57.5,58.20000076293945,45.617164611816406,463300
2005-05-19,58.040000915527344,58.25,57.83000183105469,58.09000015258789,45.53093719482422,296600
2005-05-20,58.09000015258789,58.599998474121094,57.849998474121094,58.349998474121094,45.73473358154297,304900
2005-05-23,58.349998474121094,59.9900016784668,58.22999954223633,59.68000030517578,46.77717971801758,578400
2005-05-24,59.47999954223633,60.150001525878906,59.369998931884766,60.04999923706055,47.06717300415039,643100
2005-05-25,59.66999816894531,59.869998931884766,58.97999954223633,59.02000045776367,46.48435592651367,343700
2005-05-26,59.150001525878906,60.16999816894531,59.150001525878906,60.09000015258789,47.327091217041016,256200
2005-05-27,60.290000915527344,60.5,60.0099983215332,60.380001068115234,47.55550003051758,258200
2005-05-31,60.41999816894531,60.439998626708984,59.79999923706055,59.93000030517578,47.20106887817383,242900
2005-06-01,60.18000030517578,60.93000030517578,59.900001525878906,60.33000183105469,47.516109466552734,252200
2005-06-02,60.369998931884766,60.779998779296875,60.150001525878906,60.459999084472656,47.61851501464844,140100
2005-06-03,60.459999084472656,60.650001525878906,59.79999923706055,60.11000061035156,47.34284973144531,212700
2005-06-06,60.0,60.95000076293945,59.939998626708984,60.93000030517578,47.98868179321289,198200
2005-06-07,60.9900016784668,62.25,60.869998931884766,61.869998931884766,48.7290153503418,482100
2005-06-08,62.08000183105469,62.15999984741211,60.68000030517578,61.06999969482422,48.09894943237305,191100
2005-06-09,61.279998779296875,62.36000061035156,60.5,62.02000045776367,48.847164154052734,385800
2005-06-10,61.970001220703125,62.380001068115234,61.599998474121094,61.970001220703125,48.80778121948242,217400
2005-06-13,61.97999954223633,62.70000076293945,61.70000076293945,62.06999969482422,48.88654708862305,193100
2005-06-14,62.119998931884766,62.9900016784668,61.93000030517578,62.619998931884766,49.31970977783203,256000
2005-06-15,62.84000015258789,63.45000076293945,62.77000045776367,63.45000076293945,49.973453521728516,254200
2005-06-16,63.45000076293945,64.69999694824219,63.349998474121094,64.69999694824219,50.95793914794922,369200
2005-06-17,65.5999984741211,65.98999786376953,65.36000061035156,65.69999694824219,51.74553680419922,706700
2005-06-20,65.19999694824219,65.36000061035156,64.70999908447266,64.95999908447266,51.16273498535156,332200
2005-06-21,65.0,65.0999984741211,64.20999908447266,64.26000213623047,50.61140060424805,287400
2005-06-22,64.30000305175781,64.41000366210938,63.34000015258789,63.95000076293945,50.367244720458984,263200
2005-06-23,63.95000076293945,64.05999755859375,62.77000045776367,63.189998626708984,49.76866149902344,364000
2005-06-24,62.869998931884766,63.59000015258789,62.869998931884766,63.369998931884766,49.91043472290039,532300
2005-06-27,63.27000045776367,64.02999877929688,63.15999984741211,63.83000183105469,50.27273178100586,444700
2005-06-28,64.02999877929688,64.66999816894531,64.02999877929688,64.31999969482422,50.65864944458008,341200
2005-06-29,64.55000305175781,64.69000244140625,64.02999877929688,64.5,50.8004264831543,348300
2005-06-30,64.75,65.33999633789062,64.62000274658203,64.98999786376953,51.186363220214844,429100
2005-07-01,65.4000015258789,65.44999694824219,64.08000183105469,64.80999755859375,51.04456329345703,313500
2005-07-05,64.6500015258789,65.4800033569336,64.04000091552734,65.41999816894531,51.52501678466797,360400
2005-07-06,65.62999725341797,66.05999755859375,65.36000061035156,65.76000213623047,51.79279327392578,373900
2005-07-07,64.9000015258789,65.5999984741211,64.36000061035156,65.41999816894531,51.52501678466797,284200
2005-07-08,65.58000183105469,67.0,65.44999694824219,66.77999877929688,52.59613037109375,541600
2005-07-11,67.0,67.69999694824219,66.9000015258789,67.5199966430664,53.178985595703125,388300
2005-07-12,67.5,67.5,66.4800033569336,66.68000030517578,52.51740264892578,633200
2005-07-13,66.69000244140625,66.88999938964844,66.13999938964844,66.44000244140625,52.32838439941406,320100
2005-07-14,66.69000244140625,67.51000213623047,65.91000366210938,66.43000030517578,52.320491790771484,291200
2005-07-15,66.52999877929688,66.77999877929688,66.30000305175781,66.56999969482422,52.4307746887207,252300
2005-07-18,66.61000061035156,67.0999984741211,66.4800033569336,66.66000366210938,52.501651763916016,288700
2005-07-19,66.8499984741211,67.0199966430664,66.44999694824219,66.7699966430664,52.588287353515625,282700
2005-07-20,67.19999694824219,69.88999938964844,67.19999694824219,69.72000122070312,54.91170883178711,980300
2005-07-21,69.5999984741211,70.0,69.13999938964844,69.13999938964844,54.45489501953125,732500
2005-07-22,69.19999694824219,69.55999755859375,68.91999816894531,69.3499984741211,54.620304107666016,318900
2005-07-25,69.5999984741211,69.66000366210938,69.0,69.29000091552734,54.57304000854492,283800
2005-07-26,69.4000015258789,70.73999786376953,68.58000183105469,70.55000305175781,55.565433502197266,514200
2005-07-27,70.55000305175781,70.55999755859375,68.80000305175781,70.01000213623047,55.140132904052734,460700
2005-07-28,70.75,72.0999984741211,70.5199966430664,72.0999984741211,56.78622055053711,414100
2005-07-29,71.87999725341797,72.31999969482422,70.18000030517578,70.23999786376953,55.321250915527344,346200
2005-08-01,70.30000305175781,72.27999877929688,69.9800033569336,72.16999816894531,56.841339111328125,711600
2005-08-02,72.5,73.44000244140625,71.9000015258789,72.01000213623047,56.715328216552734,568600
2005-08-03,72.05000305175781,72.05000305175781,71.08999633789062,71.30000305175781,56.1561164855957,224700
2005-08-04,71.30000305175781,71.30000305175781,70.30000305175781,70.7300033569336,55.707210540771484,260500
2005-08-05,70.7300033569336,71.12999725341797,68.16999816894531,69.4800033569336,54.72269058227539,509500
2005-08-08,69.9800033569336,70.33000183105469,69.05000305175781,69.5199966430664,54.75419998168945,607400
2005-08-09,70.25,70.77999877929688,70.0199966430664,70.37999725341797,55.43153762817383,559400
2005-08-10,70.55000305175781,71.27999877929688,69.69999694824219,69.93000030517578,55.07714080810547,503000
2005-08-11,70.33999633789062,70.5999984741211,69.93000030517578,70.43000030517578,55.470924377441406,238800
2005-08-12,70.26000213623047,70.26000213623047,69.27999877929688,69.73999786376953,54.927459716796875,230000
2005-08-15,69.95999908447266,70.29000091552734,69.38999938964844,69.62000274658203,54.832942962646484,314900
2005-08-16,69.62999725341797,69.8499984741211,68.62000274658203,68.8499984741211,54.22648620605469,371300
2005-08-17,68.8499984741211,69.16000366210938,68.27999877929688,68.88999938964844,54.25800704956055,471100
2005-08-18,68.69999694824219,68.80000305175781,67.70999908447266,67.79000091552734,53.39165496826172,383200
2005-08-19,68.27999877929688,68.4000015258789,67.05000305175781,67.63999938964844,53.273494720458984,383600
2005-08-22,67.80000305175781,68.31999969482422,67.19000244140625,67.47000122070312,53.139617919921875,296600
2005-08-23,67.41000366210938,67.58999633789062,66.62000274658203,67.0,52.99723434448242,276700
2005-08-24,66.75,67.91999816894531,66.19000244140625,66.25,52.40398406982422,442000
2005-08-25,66.36000061035156,66.73999786376953,66.05000305175781,66.19999694824219,52.36442565917969,386800
2005-08-26,66.30000305175781,66.44999694824219,65.11000061035156,65.66000366210938,51.93729019165039,370400
2005-08-29,65.51000213623047,66.37999725341797,64.9000015258789,65.76000213623047,52.016380310058594,372500
2005-08-30,65.55999755859375,65.97000122070312,65.0199966430664,65.37000274658203,51.70789337158203,517200
2005-08-31,65.41000366210938,72.29000091552734,65.41000366210938,71.8499984741211,56.833595275878906,1927400
2005-09-01,72.0,72.44999694824219,70.11000061035156,70.19999694824219,55.52842712402344,1300500
2005-09-02,70.44999694824219,70.55999755859375,69.69999694824219,70.0,55.37023162841797,505300
2005-09-06,70.6500015258789,71.30000305175781,70.44000244140625,70.87000274658203,56.058406829833984,519400
2005-09-07,70.87000274658203,71.05000305175781,70.0199966430664,71.0199966430664,56.177066802978516,491700
2005-09-08,70.91999816894531,70.93000030517578,69.3499984741211,69.91000366210938,55.29905700683594,612200
2005-09-09,70.4000015258789,71.0,69.91000366210938,70.73999786376953,55.95557403564453,296200
2005-09-12,70.83999633789062,71.1500015258789,70.4000015258789,70.69999694824219,55.923927307128906,282400
2005-09-13,70.5999984741211,70.66999816894531,69.70999908447266,69.87999725341797,55.27531433105469,357000
2005-09-14,69.86000061035156,70.56999969482422,69.70999908447266,69.94999694824219,55.330692291259766,414400
2005-09-15,70.4000015258789,70.69999694824219,70.20999908447266,70.43000030517578,55.71038055419922,344700
2005-09-16,70.72000122070312,71.19999694824219,69.98999786376953,71.19999694824219,56.319419860839844,607700
2005-09-19,71.19999694824219,71.69999694824219,70.0199966430664,70.2699966430664,55.583805084228516,452000
2005-09-20,70.6500015258789,70.6500015258789,68.80999755859375,68.81999969482422,54.43684768676758,554000
2005-09-21,68.81999969482422,69.83999633789062,68.2699966430664,69.55000305175781,55.0142707824707,876400
2005-09-22,69.5,71.48999786376953,69.33000183105469,71.2300033569336,56.34317398071289,494600
2005-09-23,71.05000305175781,71.23999786376953,70.30999755859375,71.06999969482422,56.216575622558594,388000
2005-09-26,71.25,72.20999908447266,71.20999908447266,71.5,56.55674362182617,586500
2005-09-27,71.62000274658203,73.80999755859375,71.54000091552734,73.37999725341797,58.0438346862793,693600
2005-09-28,73.37000274658203,73.5199966430664,72.20999908447266,72.8499984741211,57.624576568603516,564000
2005-09-29,73.4000015258789,73.98999786376953,72.12999725341797,73.87999725341797,58.4393196105957,424200
2005-09-30,73.94999694824219,74.55000305175781,73.61000061035156,74.20999908447266,58.70035171508789,448300
2005-10-03,74.22000122070312,75.98999786376953,74.22000122070312,75.79000091552734,59.95014572143555,657000
2005-10-04,75.75,76.30999755859375,73.30000305175781,73.30999755859375,57.98844909667969,541900
2005-10-05,73.31999969482422,73.31999969482422,70.91999816894531,71.18000030517578,56.30362319946289,550900
2005-10-06,71.30000305175781,71.31999969482422,69.2300033569336,69.56999969482422,55.03012466430664,632800
2005-10-07,69.56999969482422,70.4800033569336,69.12999725341797,69.93000030517578,55.31488037109375,534200
2005-10-10,69.0999984741211,69.5,67.77999877929688,68.6500015258789,54.30239486694336,465800
2005-10-11,68.69000244140625,69.55000305175781,68.45999908447266,68.70999908447266,54.34986114501953,573400
2005-10-12,68.70999908447266,68.70999908447266,67.31999969482422,67.76000213623047,53.598384857177734,518500
2005-10-13,67.02999877929688,68.08999633789062,67.02999877929688,67.87000274658203,53.6854133605957,735000
2005-10-14,68.4000015258789,68.93000030517578,67.4000015258789,68.41999816894531,54.12044906616211,414200
2005-10-17,68.43000030517578,69.16999816894531,68.30000305175781,68.87999725341797,54.48430252075195,286900
2005-10-18,68.80000305175781,69.05999755859375,68.23999786376953,68.25,53.98599624633789,663300
2005-10-19,68.0,69.37000274658203,66.80999755859375,69.37000274658203,54.87189483642578,672200
2005-10-20,69.37000274658203,69.37000274658203,66.70999908447266,67.02999877929688,53.02094650268555,681000
2005-10-21,67.13999938964844,68.29000091552734,66.43000030517578,67.3499984741211,53.274070739746094,365800
2005-10-24,67.4000015258789,69.0999984741211,67.38999938964844,69.0,54.57923889160156,327100
2005-10-25,68.75,68.88999938964844,66.76000213623047,67.30999755859375,53.242427825927734,663800
2005-10-26,67.37999725341797,69.22000122070312,67.37999725341797,67.76000213623047,53.598384857177734,524600
2005-10-27,67.51000213623047,67.5999984741211,64.91000366210938,65.3499984741211,51.692081451416016,566500
2005-10-28,63.75,64.27999877929688,60.720001220703125,63.630001068115234,50.33153533935547,1761800
2005-10-31,63.97999954223633,66.19999694824219,63.97999954223633,65.0,51.415225982666016,916100
2005-11-01,64.83000183105469,66.05000305175781,63.900001525878906,66.0,52.206233978271484,1190400
2005-11-02,65.83000183105469,68.76000213623047,65.83000183105469,68.25,53.98599624633789,906400
2005-11-03,68.69999694824219,68.94999694824219,67.37000274658203,67.69999694824219,53.55094528198242,843600
2005-11-04,67.55000305175781,68.0999984741211,66.5199966430664,67.13999938964844,53.107975006103516,698000
2005-11-07,67.30000305175781,67.66000366210938,66.6500015258789,67.0999984741211,53.076332092285156,525400
2005-11-08,66.66999816894531,66.68000030517578,64.87999725341797,64.94999694824219,51.37565612792969,838900
2005-11-09,65.0,65.2699966430664,63.68000030517578,63.68000030517578,50.371097564697266,881800
2005-11-10,63.84000015258789,65.51000213623047,63.400001525878906,65.51000213623047,51.81863784790039,936600
2005-11-11,65.38999938964844,65.80999755859375,65.0,65.12999725341797,51.51804733276367,354900
2005-11-14,65.01000213623047,65.30000305175781,64.70999908447266,65.23999786376953,51.60506820678711,668300
2005-11-15,65.75,65.75,64.76000213623047,64.94000244140625,51.36777114868164,454900
2005-11-16,65.4000015258789,65.54000091552734,64.7699966430664,65.44999694824219,51.771175384521484,519000
2005-11-17,65.8499984741211,67.9000015258789,65.69999694824219,67.06999969482422,53.05260467529297,625100
2005-11-18,67.06999969482422,68.5,66.33000183105469,67.43000030517578,53.33736801147461,449000
2005-11-21,67.0,67.05000305175781,66.51000213623047,66.69000244140625,52.979854583740234,548300
2005-11-22,66.47000122070312,67.87999725341797,65.76000213623047,67.87999725341797,53.92522048950195,523400
2005-11-23,67.87999725341797,67.9800033569336,67.01000213623047,67.13999938964844,53.33737564086914,207300
2005-11-25,67.31999969482422,67.70999908447266,66.9000015258789,67.70999908447266,53.790191650390625,99300
2005-11-28,67.5999984741211,67.8499984741211,66.4000015258789,66.47000122070312,52.80510711669922,390700
2005-11-29,67.25,68.69999694824219,66.75,66.87999725341797,53.13080596923828,339000
2005-11-30,67.0,68.0999984741211,66.36000061035156,66.69999694824219,52.98781967163086,345200
2005-12-01,68.5,69.19999694824219,67.75,69.05999755859375,54.86265182495117,498700
2005-12-02,69.06999969482422,69.88999938964844,68.75,69.5199966430664,55.22809600830078,416300
2005-12-05,69.1500015258789,69.1500015258789,67.69999694824219,68.0199966430664,54.03644561767578,351400
2005-12-06,67.95999908447266,69.30000305175781,67.91000366210938,68.75,54.616371154785156,400900
2005-12-07,68.98999786376953,69.05999755859375,68.1500015258789,68.43000030517578,54.36214828491211,898300
2005-12-08,68.55000305175781,69.61000061035156,67.6500015258789,68.55000305175781,54.45748519897461,549800
2005-12-09,68.87000274658203,68.9800033569336,67.9800033569336,68.66000366210938,54.54486846923828,259000
2005-12-12,68.77999877929688,69.12999725341797,68.44000244140625,68.81999969482422,54.67197799682617,287100
2005-12-13,68.69000244140625,69.63999938964844,68.6500015258789,69.37000274658203,55.108909606933594,349500
2005-12-14,70.75,74.12000274658203,70.75,73.47000122070312,58.36601638793945,1789800
2005-12-15,73.13999938964844,73.44000244140625,70.87999725341797,71.05000305175781,56.44356155395508,1098500
2005-12-16,71.80000305175781,72.05000305175781,70.25,70.25,55.808021545410156,762900
2005-12-19,70.0,70.33000183105469,68.7300033569336,68.87999725341797,54.719635009765625,605500
2005-12-20,68.9800033569336,69.33999633789062,68.33999633789062,68.6500015258789,54.53693771362305,436500
2005-12-21,69.1500015258789,70.08999633789062,69.04000091552734,69.62999725341797,55.315460205078125,385000
2005-12-22,69.8499984741211,70.02999877929688,69.38999938964844,69.77999877929688,55.434627532958984,294000
2005-12-23,69.8499984741211,70.25,69.30999755859375,69.5,55.21217727661133,210700
2005-12-27,69.75,70.30999755859375,69.18000030517578,69.30999755859375,55.061256408691406,294700
2005-12-28,69.19999694824219,69.30000305175781,68.30000305175781,68.30999755859375,54.26683807373047,294300
2005-12-29,68.12999725341797,69.02999877929688,67.41000366210938,68.36000061035156,54.306549072265625,269900
2005-12-30,68.36000061035156,68.36000061035156,67.58999633789062,67.75,53.82192611694336,196100
2006-01-03,68.44000244140625,68.98999786376953,67.3499984741211,68.66999816894531,54.55283737182617,781600
2006-01-04,68.5,68.56999969482422,67.75,67.88999938964844,53.93318176269531,539400
2006-01-05,68.11000061035156,69.29000091552734,68.05000305175781,68.61000061035156,54.505157470703125,624700
2006-01-06,69.63999938964844,70.19000244140625,69.06999969482422,70.0,55.609397888183594,534200
2006-01-09,69.8499984741211,70.48999786376953,69.5999984741211,69.80000305175781,55.45052719116211,476900
2006-01-10,69.55000305175781,70.7699966430664,69.37999725341797,70.61000061035156,56.09402847290039,363200
2006-01-11,70.45999908447266,70.45999908447266,69.75,69.88999938964844,55.52202224731445,328100
2006-01-12,69.88999938964844,69.88999938964844,68.04000091552734,68.27999877929688,54.24300765991211,406200
2006-01-13,68.44999694824219,68.6500015258789,67.69999694824219,68.1500015258789,54.13974380493164,268000
2006-01-17,67.55000305175781,68.18000030517578,66.9800033569336,68.02999877929688,54.04439163208008,531200
2006-01-18,68.04000091552734,69.97000122070312,68.02999877929688,69.25,55.013587951660156,642600
2006-01-19,69.43000030517578,70.06999969482422,69.05000305175781,69.41999816894531,55.14862060546875,368800
2006-01-20,70.1500015258789,70.23999786376953,67.62999725341797,67.80000305175781,53.861690521240234,449600
2006-01-23,67.75,69.02999877929688,67.75,68.80000305175781,54.65611267089844,245100
2006-01-24,68.80000305175781,69.87000274658203,68.75,69.3499984741211,55.09303665161133,389700
2006-01-25,70.30000305175781,70.44999694824219,68.75,69.33000183105469,55.07714080810547,459900
2006-01-26,70.5999984741211,72.27999877929688,70.12000274658203,72.1500015258789,57.31739044189453,678700
2006-01-27,71.9800033569336,72.94999694824219,71.33999633789062,72.0,57.19821548461914,633200
2006-01-30,71.91999816894531,72.56999969482422,71.7300033569336,72.5,57.59543228149414,318900
2006-01-31,72.44999694824219,72.5,70.83000183105469,71.87999725341797,57.102909088134766,442600
2006-02-01,73.76000213623047,77.83000183105469,73.52999877929688,77.26000213623047,61.37687683105469,1654800
2006-02-02,77.25,77.33000183105469,76.08999633789062,76.2699966430664,60.59040451049805,1106200
2006-02-03,75.19999694824219,75.41000366210938,73.95999908447266,74.5,59.18427276611328,810600
2006-02-06,77.0,80.41999816894531,76.9000015258789,80.41999816894531,63.887245178222656,1310900
2006-02-07,79.0,79.5999984741211,77.69000244140625,77.73999786376953,61.75823974609375,1068900
2006-02-08,77.8499984741211,77.8499984741211,76.12999725341797,76.7699966430664,60.98762130737305,669100
2006-02-09,78.05999755859375,79.98999786376953,77.98999786376953,78.94999694824219,62.71944046020508,842600
2006-02-10,78.6500015258789,78.76000213623047,76.83000183105469,77.77999877929688,61.789981842041016,640400
2006-02-13,77.77999877929688,78.22000122070312,76.61000061035156,76.62000274658203,60.868465423583984,554300
2006-02-14,76.51000213623047,78.45999908447266,76.12000274658203,78.08999633789062,62.03627395629883,637900
2006-02-15,78.22000122070312,79.16000366210938,77.80000305175781,78.73999786376953,62.552635192871094,434100
2006-02-16,78.7300033569336,78.94000244140625,77.87999725341797,78.8499984741211,62.63998031616211,627400
2006-02-17,78.86000061035156,79.0,77.66000366210938,77.8499984741211,61.84560012817383,442300
2006-02-21,77.6500015258789,77.80999755859375,76.95999908447266,77.33999633789062,61.4404411315918,695300
2006-02-22,77.56999969482422,78.30000305175781,77.18000030517578,78.2699966430664,62.478126525878906,924700
2006-02-23,78.2699966430664,79.66000366210938,78.01000213623047,79.52999877929688,63.48393249511719,539400
2006-02-24,79.44000244140625,79.98999786376953,78.44000244140625,79.83000183105469,63.7234001159668,448800
2006-02-27,79.86000061035156,80.75,79.37999725341797,80.0999984741211,63.93893814086914,413400
2006-02-28,79.19999694824219,79.73999786376953,78.69999694824219,79.0,63.06084060668945,570100
2006-03-01,79.1500015258789,80.19999694824219,78.41000366210938,80.05000305175781,63.899017333984375,337300
2006-03-02,79.6500015258789,80.0,78.66999816894531,79.93000030517578,63.80323791503906,524900
2006-03-03,79.4800033569336,80.11000061035156,78.8499984741211,79.2699966430664,63.2763786315918,388200
2006-03-06,79.0199966430664,79.25,78.18000030517578,78.30000305175781,62.50212860107422,437500
2006-03-07,78.0999984741211,78.62000274658203,76.80000305175781,77.1500015258789,61.58412551879883,806200
2006-03-08,76.9000015258789,77.33999633789062,75.61000061035156,77.25,61.66394805908203,452800
2006-03-09,77.4000015258789,77.8499984741211,76.9000015258789,77.41999816894531,61.799652099609375,324900
2006-03-10,77.41999816894531,77.9800033569336,77.25,77.47000122070312,61.83953857421875,497900
2006-03-13,77.5,78.69999694824219,77.4800033569336,77.91000366210938,62.190792083740234,362900
2006-03-14,77.91000366210938,79.54000091552734,77.91000366210938,79.41000366210938,63.388118743896484,540800
2006-03-15,87.0,87.5999984741211,84.75,85.0,67.85029602050781,1653900
2006-03-16,85.0999984741211,85.76000213623047,84.62999725341797,85.30000305175781,68.08978271484375,1036000
2006-03-17,86.05000305175781,87.69000244140625,85.72000122070312,86.62000274658203,69.1434555053711,910200
2006-03-20,86.58000183105469,86.68000030517578,85.08000183105469,85.86000061035156,68.53680419921875,334500
2006-03-21,85.66000366210938,86.36000061035156,85.0999984741211,85.4000015258789,68.16956329345703,489100
2006-03-22,85.5,86.20999908447266,84.79000091552734,86.18000030517578,68.7922134399414,518500
2006-03-23,86.1500015258789,87.6500015258789,86.08999633789062,86.80000305175781,69.28713989257812,585500
2006-03-24,86.80999755859375,87.08999633789062,85.16000366210938,86.43000030517578,68.99178314208984,458000
2006-03-27,86.37000274658203,86.9000015258789,86.05999755859375,86.2699966430664,68.86406707763672,239900
2006-03-28,86.48999786376953,86.88999938964844,85.8499984741211,86.08999633789062,68.72040557861328,434800
2006-03-29,86.5,87.05999755859375,85.94000244140625,86.68000030517578,69.19135284423828,440700
2006-03-30,88.05000305175781,89.16000366210938,87.16000366210938,87.76000213623047,70.05345916748047,712000
2006-03-31,87.55000305175781,87.66999816894531,86.19999694824219,86.6500015258789,69.16741180419922,684600
2006-04-03,87.44999694824219,89.93000030517578,86.75,88.87000274658203,70.93948364257812,881200
2006-04-04,88.87999725341797,90.5,88.87999725341797,90.38999938964844,72.15279388427734,614000
2006-04-05,90.66999816894531,93.33999633789062,90.41000366210938,93.26000213623047,74.44377136230469,1024400
2006-04-06,91.5,92.45999908447266,91.1500015258789,91.91999816894531,73.3741226196289,634600
2006-04-07,91.91999816894531,92.04000091552734,88.68000030517578,88.91000366210938,70.97140502929688,994200
2006-04-10,88.94999694824219,89.87999725341797,88.2699966430664,89.68000030517578,71.58609008789062,835500
2006-04-11,89.68000030517578,89.73999786376953,87.02999877929688,87.5,69.84590911865234,498000
2006-04-12,87.80000305175781,88.31999969482422,87.4000015258789,87.95999908447266,70.21307373046875,397400
2006-04-13,90.19999694824219,91.69999694824219,90.19999694824219,90.94999694824219,72.59986114501953,764000
2006-04-17,91.01000213623047,91.80000305175781,90.20999908447266,90.87999725341797,72.54389953613281,537400
2006-04-18,91.87999725341797,93.76000213623047,90.75,93.48999786376953,74.62733459472656,722200
2006-04-19,93.23999786376953,93.76000213623047,92.7699966430664,93.38999938964844,74.5475082397461,593800
2006-04-20,93.4000015258789,93.75,92.2699966430664,93.19000244140625,74.38787078857422,456900
2006-04-21,93.30000305175781,93.4800033569336,92.19000244140625,93.26000213623047,74.44377136230469,300700
2006-04-24,93.4800033569336,93.8499984741211,91.63999938964844,91.94999694824219,73.39805603027344,446200
2006-04-25,92.0199966430664,92.44999694824219,90.93000030517578,92.05999755859375,73.48585510253906,689000
2006-04-26,91.01000213623047,92.06999969482422,87.11000061035156,87.48999786376953,69.83790588378906,1587800
2006-04-27,86.6500015258789,87.13999938964844,84.27999877929688,85.76000213623047,68.45693969726562,1056900
2006-04-28,85.80000305175781,85.80000305175781,84.58000183105469,84.95999908447266,67.81834411621094,959300
2006-05-01,85.20999908447266,86.26000213623047,84.6500015258789,85.69999694824219,68.40904998779297,814800
2006-05-02,85.55999755859375,86.69000244140625,83.72000122070312,86.54000091552734,69.07959747314453,975600
2006-05-03,86.1500015258789,86.2699966430664,85.54000091552734,85.86000061035156,68.53680419921875,473500
2006-05-04,86.3499984741211,87.08000183105469,86.08999633789062,86.80999755859375,69.29511260986328,455100
2006-05-05,86.80999755859375,88.58999633789062,86.18000030517578,87.86000061035156,70.13328552246094,611000
2006-05-08,90.43000030517578,90.7300033569336,87.7300033569336,88.06999969482422,70.30089569091797,652600
2006-05-09,87.3499984741211,87.66000366210938,86.45999908447266,86.75,69.24720001220703,742500
2006-05-10,86.75,87.76000213623047,86.45999908447266,87.44000244140625,69.79798889160156,593700
2006-05-11,87.44000244140625,88.68000030517578,86.69000244140625,86.69000244140625,69.1993408203125,616300
2006-05-12,86.44999694824219,86.47000122070312,83.63999938964844,83.93000030517578,66.99617767333984,867300
2006-05-15,83.05000305175781,83.6500015258789,81.05000305175781,82.43000030517578,65.79883575439453,1411400
2006-05-16,82.19999694824219,83.80000305175781,81.75,83.23999786376953,66.44537353515625,845200
2006-05-17,82.19999694824219,82.54000091552734,79.25,80.0,63.85910415649414,1004600
2006-05-18,80.94999694824219,81.76000213623047,79.79000091552734,79.8499984741211,63.73933029174805,779200
2006-05-19,79.80000305175781,80.51000213623047,78.80999755859375,79.98999786376953,63.85108184814453,912400
2006-05-22,79.19999694824219,79.95999908447266,77.12000274658203,78.06999969482422,62.31850051879883,1047600
2006-05-23,78.8499984741211,80.5199966430664,78.25,78.25,62.462188720703125,717400
2006-05-24,77.62999725341797,79.7300033569336,75.7699966430664,77.12999725341797,61.86063766479492,1363800
2006-05-25,77.5999984741211,79.4000015258789,76.6500015258789,79.19000244140625,63.51283645629883,792300
2006-05-26,79.19000244140625,80.05000305175781,78.87999725341797,79.94000244140625,64.1143569946289,548400
2006-05-30,79.73999786376953,79.73999786376953,77.41000366210938,77.73999786376953,62.34987258911133,532000
2006-05-31,78.11000061035156,78.58999633789062,77.44999694824219,78.05000305175781,62.598514556884766,688600
2006-06-01,78.02999877929688,81.01000213623047,77.68000030517578,81.01000213623047,64.97254180908203,643400
2006-06-02,81.3499984741211,82.19999694824219,81.02999877929688,81.88999938964844,65.67835235595703,744200
2006-06-05,81.69999694824219,81.69999694824219,78.4000015258789,78.73999786376953,63.15192413330078,1056000
2006-06-06,78.69999694824219,78.77999877929688,76.69999694824219,77.41999816894531,62.09325408935547,1512300
2006-06-07,77.45999908447266,77.9000015258789,75.98999786376953,76.06999969482422,61.010494232177734,1143600
2006-06-08,75.48999786376953,76.0,72.04000091552734,74.91000366210938,60.08017349243164,1506200
2006-06-09,74.94000244140625,75.83999633789062,74.2699966430664,74.6500015258789,59.87162780761719,909300
2006-06-12,74.72000122070312,75.0,73.01000213623047,73.13999938964844,58.660579681396484,666100
2006-06-13,73.1500015258789,73.5,70.91999816894531,71.05000305175781,56.98432540893555,1121100
2006-06-14,70.5,71.88999938964844,70.44000244140625,71.45999908447266,57.31317901611328,628700
2006-06-15,71.70999908447266,74.0999984741211,71.70999908447266,73.51000213623047,58.95728302001953,1274100
2006-06-16,73.4000015258789,73.41000366210938,72.08000183105469,72.44999694824219,58.10713577270508,1402400
2006-06-19,74.79000091552734,75.37999725341797,72.55999755859375,72.83000183105469,58.41193389892578,1267700
2006-06-20,73.0,74.44999694824219,72.69000244140625,72.87999725341797,58.452022552490234,963000
2006-06-21,72.87999725341797,75.75,72.87999725341797,75.19000244140625,60.30476379394531,620000
2006-06-22,74.8499984741211,75.77999877929688,74.55999755859375,75.22000122070312,60.32878875732422,859200
2006-06-23,74.69000244140625,76.83000183105469,74.51000213623047,76.2300033569336,61.13882064819336,556400
2006-06-26,75.62000274658203,77.37000274658203,75.62000274658203,76.58000183105469,61.4195556640625,435700
2006-06-27,78.23999786376953,78.30999755859375,75.5,75.5,60.5533561706543,743500
2006-06-28,75.68000030517578,75.98999786376953,73.91000366210938,75.02999877929688,60.17639923095703,760400
2006-06-29,75.6500015258789,77.81999969482422,75.58000183105469,77.80000305175781,62.39803695678711,625700
2006-06-30,77.9000015258789,78.33999633789062,77.25,78.0,62.55843734741211,484100
2006-07-03,78.16000366210938,78.9800033569336,78.0,78.72000122070312,63.1358642578125,256700
2006-07-05,78.48999786376953,78.48999786376953,77.0,77.06999969482422,61.81252670288086,649400
2006-07-06,77.27999877929688,78.0,77.19999694824219,77.5199966430664,62.17348098754883,359400
2006-07-07,77.25,77.79000091552734,75.83999633789062,75.94000244140625,60.906246185302734,332900
2006-07-10,75.66000366210938,76.20999908447266,74.31999969482422,74.87999725341797,60.05610656738281,565800
2006-07-11,74.62999725341797,74.62999725341797,73.44999694824219,74.31999969482422,59.6069450378418,556400
2006-07-12,74.31999969482422,74.7699966430664,71.98999786376953,72.66999816894531,58.283592224121094,693800
2006-07-13,72.5,72.51000213623047,69.81999969482422,70.18000030517578,56.28657150268555,1361500
2006-07-14,70.0,70.01000213623047,67.75,68.91999816894531,55.27598571777344,1242400
2006-07-17,68.4000015258789,69.0199966430664,67.98999786376953,68.77999877929688,55.16371536254883,731800
2006-07-18,68.91999816894531,69.2300033569336,66.58000183105469,68.0,54.53812026977539,1130300
2006-07-19,68.75,71.23999786376953,68.75,70.6500015258789,56.66349792480469,837500
2006-07-20,70.51000213623047,71.16999816894531,68.0999984741211,68.0999984741211,54.618289947509766,671400
2006-07-21,68.8499984741211,68.8499984741211,66.55000305175781,67.0,53.736080169677734,792900
2006-07-24,68.5,70.22000122070312,67.5999984741211,70.19999694824219,56.30257797241211,864300
2006-07-25,70.0,72.5,69.56999969482422,70.56999969482422,56.59933090209961,1010600
2006-07-26,70.56999969482422,70.58000183105469,67.62000274658203,69.5199966430664,55.75719451904297,2045700
2006-07-27,75.80999755859375,75.80999755859375,67.68000030517578,68.05999755859375,54.586238861083984,868800
2006-07-28,68.05000305175781,69.19999694824219,67.69999694824219,68.7300033569336,55.123592376708984,1147600
2006-07-31,68.69999694824219,68.70999908447266,66.58999633789062,66.97000122070312,53.7120361328125,1341100
2006-08-01,66.0,71.69999694824219,65.8499984741211,70.45999908447266,56.511104583740234,2244700
2006-08-02,71.30000305175781,71.9000015258789,70.33999633789062,71.4000015258789,57.265052795410156,1192600
2006-08-03,70.69999694824219,73.19000244140625,70.36000061035156,72.5199966430664,58.16328811645508,1185700
2006-08-04,74.0,74.83999633789062,72.80000305175781,74.0,59.35029220581055,1546100
2006-08-07,74.05000305175781,75.61000061035156,73.75,75.51000213623047,60.5613899230957,1243000
2006-08-08,75.51000213623047,75.7699966430664,73.19999694824219,73.38999938964844,58.861080169677734,1409300
2006-08-09,73.69999694824219,73.69999694824219,70.86000061035156,71.04000091552734,56.976287841796875,1692500
2006-08-10,70.80000305175781,72.31999969482422,70.54000091552734,71.63999938964844,57.4575309753418,879400
2006-08-11,71.5,72.11000061035156,71.12000274658203,71.48999786376953,57.337196350097656,605200
2006-08-14,72.12000274658203,72.7300033569336,71.51000213623047,71.87000274658203,57.64200210571289,619300
2006-08-15,73.0199966430664,73.9000015258789,72.80999755859375,73.63999938964844,59.06156921386719,722100
2006-08-16,73.75,75.69999694824219,73.51000213623047,75.37999725341797,60.45711135864258,726200
2006-08-17,74.9800033569336,76.75,74.94999694824219,75.2699966430664,60.368873596191406,503500
2006-08-18,75.33000183105469,76.61000061035156,74.66000366210938,76.38999938964844,61.26715850830078,538000
2006-08-21,75.8499984741211,76.33999633789062,75.1500015258789,75.41999816894531,60.489200592041016,601900
2006-08-22,75.8499984741211,77.0,75.47000122070312,76.63999938964844,61.4676513671875,677800
2006-08-23,76.25,77.02999877929688,75.5999984741211,75.91999816894531,61.185611724853516,606600
2006-08-24,76.30000305175781,77.01000213623047,75.18000030517578,76.1500015258789,61.37093734741211,563800
2006-08-25,75.9000015258789,76.5999984741211,75.45999908447266,76.30999755859375,61.4998893737793,421000
2006-08-28,76.12999725341797,77.77999877929688,76.12999725341797,77.5999984741211,62.53955078125,573400
2006-08-29,77.5,77.5199966430664,76.19999694824219,77.37999725341797,62.36223602294922,837500
2006-08-30,77.23999786376953,77.75,76.87000274658203,77.55000305175781,62.49924850463867,535200
2006-08-31,77.4000015258789,78.66999816894531,77.0199966430664,78.61000061035156,63.35353469848633,578000
2006-09-01,78.9000015258789,80.05999755859375,78.05999755859375,79.31999969482422,63.92572021484375,410700
2006-09-05,79.29000091552734,79.3499984741211,78.61000061035156,78.69000244140625,63.417991638183594,618700
2006-09-06,77.6500015258789,77.93000030517578,77.05999755859375,77.38999938964844,62.370269775390625,722600
2006-09-07,76.7699966430664,77.88999938964844,75.83999633789062,76.86000061035156,61.94317626953125,698300
2006-09-08,76.87999725341797,77.94000244140625,76.56999969482422,77.73999786376953,62.65233612060547,421500
2006-09-11,77.5,77.69000244140625,76.27999877929688,77.0,62.05601119995117,1085800
2006-09-12,77.0,78.08999633789062,76.33999633789062,78.02999877929688,62.88608932495117,748100
2006-09-13,77.94999694824219,79.8499984741211,77.91000366210938,78.62000274658203,63.3615837097168,901800
2006-09-14,78.0999984741211,79.0999984741211,77.31999969482422,78.41999816894531,63.200401306152344,543300
2006-09-15,78.91000366210938,79.58000183105469,77.41999816894531,77.7300033569336,62.644317626953125,1071100
2006-09-18,77.94000244140625,78.19999694824219,76.6500015258789,77.19999694824219,62.21718978881836,783000
2006-09-19,77.12000274658203,77.51000213623047,75.13999938964844,75.7300033569336,61.03248977661133,954700
2006-09-20,76.5,77.31999969482422,75.76000213623047,76.08000183105469,61.3145637512207,479400
2006-09-21,76.0999984741211,76.58999633789062,74.93000030517578,75.23999786376953,60.63758087158203,970800
2006-09-22,75.44000244140625,76.37000274658203,74.93000030517578,75.61000061035156,60.935768127441406,592400
2006-09-25,75.62000274658203,76.47000122070312,73.94999694824219,75.81999969482422,61.10498809814453,902700
2006-09-26,75.72000122070312,77.91000366210938,75.20999908447266,76.83000183105469,61.91902160644531,1289700
2006-09-27,76.94999694824219,78.44999694824219,76.94000244140625,77.9000015258789,62.78130340576172,927500
2006-09-28,78.54000091552734,79.8499984741211,78.33000183105469,79.5,64.07076263427734,737400
2006-09-29,79.69999694824219,80.18000030517578,78.08000183105469,78.25,63.0633659362793,657200
2006-10-02,78.9800033569336,79.41000366210938,77.66000366210938,78.30000305175781,63.10372543334961,499400
2006-10-03,78.30999755859375,78.30999755859375,77.37000274658203,77.55000305175781,62.49924850463867,689900
2006-10-04,77.37000274658203,79.66000366210938,76.80999755859375,79.22000122070312,63.845115661621094,696200
2006-10-05,79.20999908447266,80.08999633789062,78.69999694824219,79.91999816894531,64.4093017578125,528300
2006-10-06,79.8499984741211,80.19000244140625,79.01000213623047,80.18000030517578,64.6187973022461,442300
2006-10-09,79.93000030517578,80.76000213623047,78.68000030517578,80.05000305175781,64.5140609741211,471700
2006-10-10,80.05000305175781,81.5999984741211,79.80999755859375,81.44999694824219,65.64231872558594,607400
2006-10-11,81.29000091552734,81.8499984741211,80.63999938964844,81.33999633789062,65.5536880493164,618500
2006-10-12,81.73999786376953,83.5999984741211,81.58999633789062,83.31999969482422,67.1493911743164,688000
2006-10-13,83.31999969482422,83.31999969482422,82.1500015258789,82.68000030517578,66.6336441040039,608500
2006-10-16,82.68000030517578,84.2699966430664,82.68000030517578,83.0199966430664,66.90763854980469,481900
2006-10-17,82.5999984741211,82.61000061035156,81.6500015258789,82.2699966430664,66.30319213867188,422900
2006-10-18,82.68000030517578,84.11000061035156,82.44999694824219,82.73999786376953,66.68194580078125,565600
2006-10-19,83.0,84.4800033569336,82.56999969482422,84.19999694824219,67.85865020751953,522800
2006-10-20,80.66999816894531,84.19999694824219,78.30000305175781,79.43000030517578,64.0143814086914,2529000
2006-10-23,79.1500015258789,79.69000244140625,78.73999786376953,79.27999877929688,63.893497467041016,832400
2006-10-24,78.80000305175781,80.37999725341797,78.58000183105469,80.36000061035156,64.76390075683594,581200
2006-10-25,80.5,80.6500015258789,79.88999938964844,80.16000366210938,64.60269927978516,525400
2006-10-26,80.16000366210938,80.94999694824219,79.83000183105469,80.23999786376953,64.66716003417969,691800
2006-10-27,81.55000305175781,82.80999755859375,80.33000183105469,80.45999908447266,64.8444595336914,1020700
2006-10-30,80.47000122070312,80.47000122070312,79.2300033569336,79.2300033569336,63.85319900512695,691600
2006-10-31,79.69000244140625,81.61000061035156,79.44999694824219,81.4800033569336,65.66654205322266,1076100
2006-11-01,82.1500015258789,82.93000030517578,81.04000091552734,81.25,65.48118591308594,973200
2006-11-02,80.20999908447266,81.68000030517578,79.91000366210938,81.48999786376953,65.67457580566406,548100
2006-11-03,81.73999786376953,81.93000030517578,80.62999725341797,81.01000213623047,65.28775787353516,499200
2006-11-06,81.75,82.9800033569336,81.23999786376953,82.5,66.48857116699219,535200
2006-11-07,82.41999816894531,82.91999816894531,81.27999877929688,82.1500015258789,66.20648193359375,720800
2006-11-08,81.52999877929688,85.37999725341797,81.23999786376953,85.04000091552734,68.53561401367188,1250200
2006-11-09,85.05000305175781,87.91000366210938,84.3499984741211,87.19999694824219,70.27642822265625,2204500
2006-11-10,86.69999694824219,88.9000015258789,86.69999694824219,87.55999755859375,70.5665283203125,1275200
2006-11-13,87.56999969482422,88.91000366210938,87.02999877929688,88.6500015258789,71.44497680664062,660000
2006-11-14,88.76000213623047,89.91999816894531,88.37000274658203,89.5999984741211,72.21060180664062,955300
2006-11-15,89.5999984741211,90.41000366210938,89.13999938964844,90.27999877929688,72.75862121582031,652200
2006-11-16,90.27999877929688,91.18000030517578,89.75,90.5199966430664,72.95207977294922,477100
2006-11-17,90.47000122070312,90.4800033569336,89.11000061035156,90.2300033569336,72.71834564208984,714700
2006-11-20,89.4000015258789,89.56999969482422,88.20999908447266,88.76000213623047,71.53361511230469,990700
2006-11-21,88.76000213623047,89.56999969482422,88.44999694824219,88.9800033569336,71.71095275878906,470900
2006-11-22,88.61000061035156,89.41999816894531,88.33999633789062,88.9000015258789,71.94564056396484,559300
2006-11-24,88.3499984741211,89.01000213623047,88.29000091552734,88.72000122070312,71.79997253417969,198600
2006-11-27,88.22000122070312,88.23999786376953,86.51000213623047,86.9000015258789,70.32706451416016,523400
2006-11-28,86.80000305175781,86.91999816894531,85.94999694824219,86.66000366210938,70.13286590576172,539500
2006-11-29,86.76000213623047,88.08000183105469,86.51000213623047,87.62999725341797,70.91783905029297,741000
2006-11-30,87.87999725341797,89.19000244140625,87.87999725341797,88.72000122070312,71.79997253417969,1087500
2006-12-01,88.62999725341797,88.62999725341797,86.73999786376953,87.86000061035156,71.10394287109375,1105800
2006-12-04,87.43000030517578,89.31999969482422,87.43000030517578,89.05000305175781,72.0670394897461,814000
2006-12-05,88.9000015258789,89.51000213623047,88.61000061035156,89.5,72.43118286132812,908500
2006-12-06,89.51000213623047,90.80000305175781,89.41999816894531,90.30999755859375,73.08673095703125,654000
2006-12-07,90.3499984741211,90.58000183105469,89.13999938964844,90.4000015258789,73.15953826904297,800400
2006-12-08,90.5199966430664,91.05000305175781,89.93000030517578,90.76000213623047,73.450927734375,570800
2006-12-11,90.86000061035156,91.83999633789062,90.83000183105469,91.2300033569336,73.83129119873047,716800
2006-12-12,91.23999786376953,91.23999786376953,89.58999633789062,90.16000366210938,72.96532440185547,994100
2006-12-13,90.94999694824219,91.69000244140625,90.61000061035156,91.20999908447266,73.81511688232422,611100
2006-12-14,91.4000015258789,92.0,90.9000015258789,91.16000366210938,73.77460479736328,478000
2006-12-15,91.68000030517578,91.79000091552734,90.23999786376953,90.80000305175781,73.48326110839844,750600
2006-12-18,91.04000091552734,91.7699966430664,90.7699966430664,90.93000030517578,73.5884780883789,444300
2006-12-19,90.94000244140625,91.88999938964844,89.95999908447266,91.5,74.04975128173828,351000
2006-12-20,91.25,91.79000091552734,90.12999725341797,90.30000305175781,73.07861328125,568300
2006-12-21,90.48999786376953,90.87000274658203,89.44000244140625,89.45999908447266,72.39883422851562,563800
2006-12-22,89.33000183105469,89.41000366210938,88.33000183105469,88.45999908447266,71.58952331542969,274800
2006-12-26,88.5,89.7300033569336,88.5,89.5999984741211,72.51213073730469,214100
2006-12-27,89.62999725341797,91.04000091552734,89.62999725341797,90.95999908447266,73.61275482177734,210200
2006-12-28,90.63999938964844,91.58000183105469,90.33000183105469,90.5999984741211,73.32144165039062,188700
2006-12-29,90.52999877929688,91.0,89.80000305175781,89.87000274658203,72.73063659667969,211800
2007-01-03,90.2300033569336,91.8499984741211,89.16999816894531,89.94999694824219,72.79540252685547,550400
2007-01-04,90.04000091552734,90.62999725341797,89.19999694824219,89.69000244140625,72.58496856689453,383700
2007-01-05,89.3499984741211,89.38999938964844,87.69999694824219,88.26000213623047,71.42768859863281,680300
2007-01-08,88.26000213623047,88.94000244140625,87.2699966430664,88.86000061035156,71.91327667236328,734000
2007-01-09,88.88999938964844,90.0999984741211,88.8499984741211,89.75,72.63349151611328,488800
2007-01-10,89.5,90.2300033569336,88.58999633789062,90.06999969482422,72.8924789428711,418300
2007-01-11,90.31999969482422,92.12000274658203,90.05000305175781,91.6500015258789,74.1711654663086,511200
2007-01-12,91.3499984741211,93.12000274658203,91.0199966430664,93.12000274658203,75.36080932617188,516700
2007-01-16,93.05000305175781,94.62999725341797,92.75,94.62000274658203,76.57474517822266,615300
2007-01-17,94.62000274658203,95.87999725341797,94.11000061035156,95.76000213623047,77.49730682373047,808200
2007-01-18,95.80000305175781,96.38999938964844,94.9800033569336,95.55999755859375,77.3354721069336,735000
2007-01-19,96.0,97.12000274658203,95.5999984741211,96.79000091552734,78.33091735839844,1003700
2007-01-22,96.80000305175781,97.0999984741211,95.73999786376953,96.0,77.69161224365234,566200
2007-01-23,96.1500015258789,100.2300033569336,96.0,100.0999984741211,81.00965881347656,1087200
2007-01-24,100.0,102.83000183105469,99.30000305175781,101.75,82.34496307373047,1256900
2007-01-25,101.5,102.05999755859375,99.79000091552734,100.76000213623047,81.54378509521484,833100
2007-01-26,100.83000183105469,101.19000244140625,99.97000122070312,100.6500015258789,81.45471954345703,422200
2007-01-29,100.88999938964844,100.94999694824219,100.27999877929688,100.58999633789062,81.40620422363281,483700
2007-01-30,100.62000274658203,101.29000091552734,100.08999633789062,101.11000061035156,81.8270492553711,621100
2007-01-31,100.72000122070312,102.45999908447266,100.5,101.83999633789062,82.4178237915039,779700
2007-02-01,103.75,104.9000015258789,103.0,103.20999908447266,83.5264892578125,1279100
2007-02-02,103.20999908447266,103.79000091552734,102.33000183105469,103.02999877929688,83.38086700439453,707700
2007-02-05,103.55000305175781,106.20999908447266,103.19999694824219,105.43000030517578,85.32316589355469,1036500
2007-02-06,105.5999984741211,107.08999633789062,105.44999694824219,106.91999816894531,86.52899932861328,735700
2007-02-07,107.30000305175781,107.4000015258789,106.38999938964844,107.0999984741211,86.6746597290039,425000
2007-02-08,107.0999984741211,110.12999725341797,106.51000213623047,109.19999694824219,88.37416076660156,1083100
2007-02-09,109.25,110.97000122070312,108.45999908447266,109.19000244140625,88.36608123779297,1351900
2007-02-12,108.3499984741211,109.2300033569336,107.3499984741211,108.16999816894531,87.54059600830078,830600
2007-02-13,108.8499984741211,111.87000274658203,108.83000183105469,111.41000366210938,90.16268157958984,792300
2007-02-14,111.66000366210938,113.37999725341797,111.5,111.80000305175781,90.47830963134766,661900
2007-02-15,111.94999694824219,112.5,111.19999694824219,112.30999755859375,90.8910140991211,477800
2007-02-16,112.26000213623047,112.37999725341797,110.19000244140625,111.80999755859375,90.48638153076172,507300
2007-02-20,109.55000305175781,112.68000030517578,109.08999633789062,111.13999938964844,89.94416046142578,1925600
2007-02-21,110.68000030517578,125.79000091552734,109.7699966430664,121.98999786376953,99.1352767944336,5744300
2007-02-22,122.0,124.0,118.68000030517578,119.5,97.11177062988281,2748300
2007-02-23,119.5,120.20999908447266,118.80000305175781,119.83999633789062,97.3880844116211,1146300
2007-02-26,120.0199966430664,121.38999938964844,118.62999725341797,119.73999786376953,97.30679321289062,1311400
2007-02-27,116.41000366210938,118.77999877929688,103.55000305175781,114.5,93.04852294921875,3062300
2007-02-28,114.04000091552734,116.87000274658203,113.0,116.6500015258789,94.79573059082031,2271400
2007-03-01,114.80000305175781,119.80000305175781,110.0,118.23999786376953,96.08781433105469,1951200
2007-03-02,118.23999786376953,119.0999984741211,116.2699966430664,117.08999633789062,95.15325164794922,1185500
2007-03-05,116.5999984741211,116.5999984741211,113.29000091552734,113.45999908447266,92.20336151123047,1210300
2007-03-06,114.9000015258789,115.73999786376953,113.7699966430664,114.83999633789062,93.3248291015625,894700
2007-03-07,114.41999816894531,118.80999755859375,114.08999633789062,117.16000366210938,95.2101821899414,1134300
2007-03-08,119.37999725341797,120.44999694824219,118.5999984741211,119.93000030517578,97.46117401123047,832200
2007-03-09,120.20999908447266,120.52999877929688,118.16999816894531,118.62999725341797,96.4047622680664,1054600
2007-03-12,118.7300033569336,120.19000244140625,118.44000244140625,119.30999755859375,96.95734405517578,1000000
2007-03-13,119.30999755859375,119.30999755859375,115.43000030517578,116.01000213623047,94.2756118774414,1460500
2007-03-14,116.55000305175781,117.58000183105469,114.08000183105469,115.36000061035156,93.74739837646484,1659900
2007-03-15,115.7699966430664,118.20999908447266,115.5199966430664,117.26000213623047,95.29141998291016,1096200
2007-03-16,118.16999816894531,118.16999816894531,114.5199966430664,114.98999786376953,93.44668579101562,1430300
2007-03-19,115.23999786376953,115.9000015258789,114.70999908447266,115.4800033569336,93.84491729736328,853200
2007-03-20,116.0,117.62999725341797,114.87999725341797,117.41000366210938,95.4133071899414,881600
2007-03-21,117.20999908447266,120.47000122070312,117.0199966430664,119.79000091552734,97.34742736816406,1279500
2007-03-22,120.58999633789062,121.26000213623047,118.31999969482422,119.61000061035156,97.20114135742188,597600
2007-03-23,119.86000061035156,120.7300033569336,118.5,119.0999984741211,96.78668975830078,456700
2007-03-26,119.22000122070312,119.3499984741211,116.68000030517578,118.47000122070312,96.27473449707031,542100
2007-03-27,117.77999877929688,118.5199966430664,115.8499984741211,116.98999786376953,95.07201385498047,529100
2007-03-28,116.98999786376953,117.41000366210938,115.05999755859375,116.05000305175781,94.30810546875,916800
2007-03-29,116.30000305175781,117.56999969482422,114.93000030517578,116.87000274658203,94.97449493408203,794000
2007-03-30,116.87999725341797,117.97000122070312,114.76000213623047,116.4800033569336,94.65754699707031,578200
2007-04-02,116.43000030517578,117.25,115.5,115.95999908447266,94.23497009277344,620200
2007-04-03,115.95999908447266,119.08999633789062,115.95999908447266,118.81999969482422,96.55914306640625,834600
2007-04-04,118.97000122070312,119.44999694824219,117.72000122070312,118.0199966430664,95.9090347290039,422200
2007-04-05,118.06999969482422,118.80000305175781,117.58000183105469,118.45999908447266,96.2665786743164,372500
2007-04-09,118.5,118.94999694824219,117.22000122070312,118.12000274658203,95.99028778076172,335900
2007-04-10,118.2300033569336,121.56999969482422,118.2300033569336,118.93000030517578,96.6485595703125,1051400
2007-04-11,118.83999633789062,119.0,115.70999908447266,116.13999938964844,94.38127899169922,821200
2007-04-12,116.19999694824219,116.26000213623047,114.5999984741211,116.0,94.2674560546875,1215300
2007-04-13,116.0,116.08000183105469,113.54000091552734,114.33000183105469,92.91036224365234,846500
2007-04-16,112.62999725341797,117.30000305175781,112.62999725341797,116.88999938964844,94.99071502685547,1156300
2007-04-17,116.9000015258789,116.9000015258789,113.86000061035156,115.05999755859375,93.5035400390625,991400
2007-04-18,115.05999755859375,115.05999755859375,111.87000274658203,113.55000305175781,92.27650451660156,1293200
2007-04-19,115.25,115.25,111.80000305175781,113.75,92.43901824951172,1223900
2007-04-20,115.51000213623047,117.37000274658203,115.47000122070312,116.98999786376953,95.07201385498047,1183400
2007-04-23,116.98999786376953,118.27999877929688,116.55000305175781,117.79000091552734,95.72212219238281,612700
2007-04-24,117.79000091552734,117.83999633789062,115.08999633789062,117.45999908447266,95.4539566040039,959000
2007-04-25,118.22000122070312,120.13999938964844,117.5,119.7699966430664,97.3311767578125,888500
2007-04-26,119.5,121.75,119.06999969482422,121.54000091552734,98.76957702636719,979400
2007-04-27,121.5,122.94000244140625,120.0,122.16000366210938,99.27342987060547,1132200
2007-04-30,123.75,128.6199951171875,123.66999816894531,123.66999816894531,100.50051879882812,1971700
2007-05-01,116.0,121.7300033569336,114.77999877929688,115.2699966430664,93.67425537109375,4140100
2007-05-02,115.91999816894531,119.69999694824219,115.0,116.69000244140625,94.82820892333984,1487200
2007-05-03,117.16999816894531,119.83999633789062,116.0199966430664,118.61000061035156,96.38851165771484,1435500
2007-05-04,119.18000030517578,119.7699966430664,118.12999725341797,118.45999908447266,96.2665786743164,794900
2007-05-07,118.4000015258789,119.69000244140625,118.01000213623047,118.73999786376953,96.4941635131836,666300
2007-05-08,117.73999786376953,118.41000366210938,116.54000091552734,118.27999877929688,96.12033081054688,760900
2007-05-09,118.25,118.26000213623047,115.83999633789062,116.88999938964844,94.99071502685547,1056500
2007-05-10,116.08999633789062,116.75,113.62000274658203,113.81999969482422,92.4958724975586,1056000
2007-05-11,114.63999938964844,115.16999816894531,112.87999725341797,114.86000061035156,93.34105682373047,999500
2007-05-14,114.86000061035156,114.9000015258789,111.45999908447266,111.76000213623047,90.82183837890625,1385700
2007-05-15,112.0,113.19000244140625,111.51000213623047,112.33999633789062,91.29317474365234,1049600
2007-05-16,113.16999816894531,114.95999908447266,112.75,114.76000213623047,93.25981140136719,850600
2007-05-17,114.7699966430664,115.23999786376953,113.18000030517578,114.62999725341797,93.15414428710938,737700
2007-05-18,115.01000213623047,115.0199966430664,113.76000213623047,114.41999816894531,92.9834976196289,593000
2007-05-21,114.25,116.19000244140625,114.25,115.83000183105469,94.12934112548828,920500
2007-05-22,115.4000015258789,117.77999877929688,115.06999969482422,117.47000122070312,95.46208953857422,904100
2007-05-23,116.80999755859375,118.97000122070312,116.80000305175781,117.37000274658203,95.75579833984375,946100
2007-05-24,117.56999969482422,119.79000091552734,116.44000244140625,116.70999908447266,95.21734619140625,1426200
2007-05-25,117.5,118.47000122070312,116.23999786376953,117.33000183105469,95.72314453125,412800
2007-05-29,117.5199966430664,118.97000122070312,116.68000030517578,118.0999984741211,96.35134887695312,508400
2007-05-30,117.62000274658203,120.48999786376953,116.47000122070312,120.22000122070312,98.08094787597656,1079800
2007-05-31,120.22000122070312,121.11000061035156,119.04000091552734,119.69000244140625,97.6485595703125,687400
2007-06-01,120.20999908447266,122.47000122070312,119.5999984741211,121.52999877929688,99.14968872070312,1290600
2007-06-04,121.27999877929688,122.26000213623047,119.51000213623047,121.36000061035156,99.01102447509766,590500
2007-06-05,120.81999969482422,120.81999969482422,118.88999938964844,120.2300033569336,98.08911895751953,743000
2007-06-06,120.25,120.25,116.98999786376953,117.62000274658203,95.95976257324219,606400
2007-06-07,117.08999633789062,117.62000274658203,113.2300033569336,113.76000213623047,92.81057739257812,1048200
2007-06-08,113.76000213623047,116.69999694824219,112.86000061035156,116.5199966430664,95.0622787475586,1099000
2007-06-11,116.5,117.81999969482422,114.69999694824219,116.8499984741211,95.3315200805664,761900
2007-06-12,116.83999633789062,116.83999633789062,114.37999725341797,115.08000183105469,93.88751983642578,969400
2007-06-13,115.8499984741211,117.83000183105469,115.3499984741211,117.83000183105469,96.13107299804688,905600
2007-06-14,118.18000030517578,119.3499984741211,117.58999633789062,119.01000213623047,97.09378051757812,521600
2007-06-15,120.5,121.3499984741211,119.80999755859375,121.0199966430664,98.73362731933594,941700
2007-06-18,120.8499984741211,122.25,120.43000030517578,120.9800033569336,98.70101165771484,542200
2007-06-19,120.7300033569336,121.0999984741211,118.20999908447266,118.98999786376953,97.07746124267578,762500
2007-06-20,119.52999877929688,119.9000015258789,116.80000305175781,116.97000122070312,95.429443359375,850200
2007-06-21,116.8499984741211,119.69000244140625,115.9000015258789,119.5,97.49354553222656,874700
2007-06-22,119.3499984741211,120.88999938964844,117.95999908447266,118.08000183105469,96.33502960205078,1151800
2007-06-25,118.08999633789062,119.54000091552734,115.5199966430664,116.23999786376953,94.83390808105469,1097300
2007-06-26,116.4800033569336,117.0,113.55000305175781,113.80000305175781,92.84322357177734,990100
2007-06-27,113.1500015258789,116.12999725341797,112.11000061035156,115.95999908447266,94.60546112060547,827900
2007-06-28,115.95999908447266,116.62000274658203,114.7300033569336,114.91999816894531,93.7569351196289,765000
2007-06-29,115.54000091552734,116.62999725341797,113.7699966430664,114.54000091552734,93.44693756103516,669700
2007-07-02,115.16000366210938,115.5999984741211,114.62999725341797,115.27999877929688,94.05066680908203,587800
2007-07-03,115.5199966430664,116.5199966430664,114.80000305175781,115.0,93.8222427368164,294400
2007-07-05,115.55999755859375,115.83000183105469,112.94000244140625,113.77999877929688,92.82688903808594,1194500
2007-07-06,113.7300033569336,116.04000091552734,113.5199966430664,115.58999633789062,94.3035888671875,912600
2007-07-09,115.56999969482422,115.81999969482422,112.22000122070312,113.13999938964844,92.30476379394531,1104000
2007-07-10,112.23999786376953,112.25,109.55999755859375,109.83999633789062,89.61246490478516,1442800
2007-07-11,110.83000183105469,111.61000061035156,109.0,110.62000274658203,90.24882507324219,1381100
2007-07-12,111.48999786376953,116.30000305175781,110.62000274658203,115.08000183105469,93.88751983642578,1298800
2007-07-13,115.1500015258789,115.7699966430664,113.70999908447266,114.41999816894531,93.34903717041016,696200
2007-07-16,113.5999984741211,113.95999908447266,110.6500015258789,111.08000183105469,90.62411499023438,1252100
2007-07-17,111.31999969482422,112.30000305175781,110.51000213623047,111.26000213623047,90.77096557617188,1092200
2007-07-18,110.94000244140625,112.56999969482422,110.02999877929688,112.41999816894531,91.71735382080078,999900
2007-07-19,106.06999969482422,109.0,105.7699966430664,106.2300033569336,86.66727447509766,3056500
2007-07-20,105.7699966430664,106.3499984741211,102.3499984741211,103.16999816894531,84.1707763671875,1923200
2007-07-23,103.30999755859375,104.66000366210938,102.81999969482422,103.0999984741211,84.1136474609375,1630800
2007-07-24,102.4000015258789,103.9800033569336,100.87000274658203,101.08000183105469,82.46568298339844,1460800
2007-07-25,101.52999877929688,102.69000244140625,99.44000244140625,100.26000213623047,81.79669189453125,1574000
2007-07-26,98.43000030517578,100.19000244140625,94.08000183105469,96.58999633789062,78.80252075195312,4305300
2007-07-27,96.94000244140625,98.01000213623047,95.3499984741211,95.52999877929688,77.9377212524414,1873500
2007-07-30,95.4000015258789,96.30000305175781,93.29000091552734,95.12000274658203,77.60323333740234,2330500
2007-07-31,94.6500015258789,98.31999969482422,94.6500015258789,95.72000122070312,78.09271240234375,1856200
2007-08-01,95.33999633789062,96.88999938964844,90.33999633789062,96.5999984741211,78.81068420410156,2294400
2007-08-02,96.5999984741211,97.5,92.58999633789062,96.77999877929688,78.95755004882812,2091900
2007-08-03,96.44000244140625,97.61000061035156,93.66999816894531,93.76000213623047,76.49368286132812,1333700
2007-08-06,94.5,95.77999877929688,91.41999816894531,95.73999786376953,78.1090316772461,2214100
2007-08-07,95.0999984741211,96.69999694824219,92.83999633789062,95.48999786376953,77.90508270263672,2555600
2007-08-08,96.41999816894531,100.70999908447266,96.36000061035156,98.81999969482422,80.6218490600586,1930100
2007-08-09,96.87999725341797,99.1500015258789,95.12999725341797,97.6500015258789,79.66731262207031,1615900
2007-08-10,95.69000244140625,97.80000305175781,92.91000366210938,96.1500015258789,78.44353485107422,1665200
2007-08-13,96.95999908447266,98.16000366210938,92.95999908447266,94.9800033569336,77.4889907836914,1327400
2007-08-14,95.31999969482422,95.31999969482422,89.87999725341797,90.62000274658203,73.93193054199219,2216600
2007-08-15,90.63999938964844,91.6500015258789,86.44999694824219,88.5199966430664,72.21863555908203,2104000
2007-08-16,86.41000366210938,86.94999694824219,80.5,86.91000366210938,70.90513610839844,3659000
2007-08-17,88.95999908447266,91.3499984741211,85.19000244140625,88.45999908447266,72.16969299316406,1917500
2007-08-20,88.45999908447266,89.36000061035156,86.0199966430664,88.16999816894531,71.93307495117188,1753300
2007-08-21,87.11000061035156,88.0199966430664,86.33000183105469,87.16999816894531,71.11726379394531,1355800
2007-08-22,87.5,92.69000244140625,87.44000244140625,90.80999755859375,74.47994232177734,1287900
2007-08-23,91.36000061035156,92.4800033569336,88.58999633789062,88.87000274658203,72.88883209228516,900700
2007-08-24,89.19999694824219,91.77999877929688,88.94000244140625,91.58999633789062,75.11966705322266,622800
2007-08-27,91.61000061035156,92.80999755859375,90.38999938964844,90.91999816894531,74.57015991210938,833100
2007-08-28,90.5,90.87000274658203,86.80999755859375,87.3499984741211,71.64217376708984,3852600
2007-08-29,88.0999984741211,90.05000305175781,87.4000015258789,89.94000244140625,73.76640319824219,705800
2007-08-30,89.69999694824219,90.52999877929688,88.0,88.69000244140625,72.74118041992188,1067400
2007-08-31,89.9000015258789,90.9000015258789,88.9000015258789,90.01000213623047,73.82382202148438,666100
2007-09-04,89.51000213623047,90.79000091552734,87.81999969482422,89.66999816894531,73.54496002197266,821700
2007-09-05,89.05000305175781,90.05999755859375,87.11000061035156,87.4000015258789,71.68318176269531,1391600
2007-09-06,87.97000122070312,88.22000122070312,85.62000274658203,87.30000305175781,71.60118865966797,1122600
2007-09-07,86.41000366210938,86.6500015258789,84.12999725341797,84.6500015258789,69.42768096923828,1073000
2007-09-10,84.56999969482422,85.30000305175781,81.5,82.79000091552734,67.90216064453125,1350600
2007-09-11,83.05000305175781,86.45999908447266,82.79000091552734,85.62000274658203,70.2232666015625,1234200
2007-09-12,85.41000366210938,87.0199966430664,84.51000213623047,85.7699966430664,70.34626007080078,917900
2007-09-13,86.7300033569336,87.4800033569336,86.08999633789062,86.5,70.94499969482422,645100
2007-09-14,86.13999938964844,86.13999938964844,84.91999816894531,85.1500015258789,69.83778381347656,925900
2007-09-17,85.13999938964844,85.5,80.66000366210938,82.2300033569336,67.44287109375,1656100
2007-09-18,82.55999755859375,85.97000122070312,82.2699966430664,85.83999633789062,70.40373229980469,1727800
2007-09-19,86.5,88.93000030517578,84.66999816894531,84.91000366210938,69.64094543457031,1942600
2007-09-20,85.11000061035156,85.93000030517578,83.27999877929688,83.97000122070312,68.86997985839844,1988500
2007-09-21,85.0,87.70999908447266,83.97000122070312,86.81999969482422,71.20747375488281,2334500
2007-09-24,87.12000274658203,87.51000213623047,85.63999938964844,86.0199966430664,70.55133056640625,1179700
2007-09-25,85.2699966430664,85.87000274658203,83.69000244140625,84.7699966430664,69.52610778808594,1537800
2007-09-26,84.66999816894531,85.44999694824219,83.47000122070312,85.04000091552734,69.74758911132812,1874100
2007-09-27,84.8499984741211,89.9000015258789,84.8499984741211,89.22000122070312,73.17589569091797,1701600
2007-09-28,89.31999969482422,89.31999969482422,87.05000305175781,89.1500015258789,73.11845397949219,1956300
2007-10-01,89.0999984741211,91.77999877929688,89.0999984741211,91.6500015258789,75.16889953613281,1203200
2007-10-02,91.80999755859375,95.22000122070312,91.61000061035156,94.75,77.7114486694336,1230000
2007-10-03,94.44999694824219,95.5,93.58999633789062,94.8499984741211,77.79346466064453,1019400
2007-10-04,94.9800033569336,95.05000305175781,92.83999633789062,93.69000244140625,76.8420639038086,889700
2007-10-05,94.3499984741211,95.5,93.83999633789062,95.02999877929688,77.94109344482422,1051200
2007-10-08,95.11000061035156,96.08999633789062,93.81999969482422,94.12000274658203,77.19474792480469,590600
2007-10-09,94.44999694824219,94.44999694824219,92.75,93.0,76.27616119384766,904800
2007-10-10,93.0999984741211,93.58999633789062,90.80000305175781,92.0,75.45597076416016,840700
2007-10-11,92.7300033569336,93.0,90.0,90.58000183105469,74.29131317138672,1075100
2007-10-12,91.0199966430664,92.3499984741211,90.25,92.31999969482422,75.71842193603516,1545000
2007-10-15,92.95999908447266,94.04000091552734,91.75,92.56999969482422,75.92349243164062,1769600
2007-10-16,91.75,91.9000015258789,89.73999786376953,90.08000183105469,73.88126373291016,2252100
2007-10-17,90.7699966430664,90.8499984741211,89.44000244140625,89.87999725341797,73.71717071533203,2247400
2007-10-18,89.77999877929688,90.08000183105469,86.80000305175781,87.23999786376953,71.55194091796875,1497300
2007-10-19,87.18000030517578,87.18000030517578,84.76000213623047,85.4000015258789,70.04281616210938,1807800
2007-10-22,84.87999725341797,86.16000366210938,83.47000122070312,85.58999633789062,70.19865417480469,2009200
2007-10-23,85.91000366210938,87.30000305175781,84.38999938964844,85.29000091552734,69.95258331298828,1437500
2007-10-24,85.18000030517578,86.61000061035156,84.52999877929688,86.27999877929688,70.76457214355469,1740000
2007-10-25,85.88999938964844,87.11000061035156,85.37000274658203,86.54000091552734,70.97782897949219,1648600
2007-10-26,87.69999694824219,88.8499984741211,86.98999786376953,88.20999908447266,72.34751892089844,1164700
2007-10-29,88.62999725341797,89.80999755859375,87.9000015258789,88.55999755859375,72.6345443725586,856700
2007-10-30,83.5,87.77999877929688,83.5,86.22000122070312,70.7153549194336,2728300
2007-10-31,86.55000305175781,86.80000305175781,84.45999908447266,85.51000213623047,70.13304901123047,1971600
2007-11-01,84.30000305175781,85.0,82.41000366210938,82.69000244140625,67.82015228271484,2101600
2007-11-02,82.80000305175781,83.01000213623047,80.54000091552734,82.81999969482422,67.9267578125,1906100
2007-11-05,82.0,82.25,79.5,80.51000213623047,66.0322036743164,1534900
2007-11-06,80.97000122070312,85.29000091552734,80.51000213623047,84.76000213623047,69.51791381835938,2549600
2007-11-07,84.76000213623047,84.76000213623047,79.95999908447266,79.95999908447266,65.58108520507812,1950100
2007-11-08,81.01000213623047,82.16000366210938,77.36000061035156,79.54000091552734,65.23660278320312,2042100
2007-11-09,79.4000015258789,82.19999694824219,78.0,80.69999694824219,66.18800354003906,1709400
2007-11-12,80.4000015258789,83.61000061035156,80.30000305175781,80.9800033569336,66.41764068603516,2001400
2007-11-13,81.81999969482422,84.02999877929688,81.12999725341797,83.81999969482422,68.74694061279297,1477500
2007-11-14,84.5,86.08999633789062,83.04000091552734,83.29000091552734,68.312255859375,1737600
2007-11-15,86.0,86.56999969482422,82.4800033569336,83.30999755859375,68.32865142822266,2215200
2007-11-16,84.04000091552734,84.30000305175781,81.55999755859375,82.7699966430664,67.8857650756836,3328800
2007-11-19,82.41000366210938,82.66000366210938,80.19000244140625,80.80999755859375,66.2782211303711,4255100
2007-11-20,81.0999984741211,82.6500015258789,80.54000091552734,81.9000015258789,67.1722412109375,2693300
2007-11-21,80.86000061035156,82.05999755859375,80.04000091552734,81.30999755859375,67.06499481201172,2512000
2007-11-23,81.63999938964844,82.13999938964844,81.18000030517578,81.70999908447266,67.39488983154297,877100
2007-11-26,82.12999725341797,82.77999877929688,80.30000305175781,80.4800033569336,66.38038635253906,1789900
2007-11-27,80.30000305175781,82.05999755859375,80.30000305175781,82.01000213623047,67.6423568725586,1635800
2007-11-28,82.98999786376953,86.69000244140625,82.75,86.51000213623047,71.35396575927734,2890100
2007-11-29,86.05999755859375,87.9000015258789,85.58000183105469,87.26000213623047,71.97261047363281,1570100
2007-11-30,88.19999694824219,90.0,87.88999938964844,88.80000305175781,73.24280548095703,2102300
2007-12-03,89.06999969482422,89.31999969482422,87.55000305175781,87.6500015258789,72.29426574707031,1289800
2007-12-04,86.12000274658203,86.41999816894531,83.37999725341797,83.62999725341797,68.9785385131836,1589300
2007-12-05,84.56999969482422,86.33999633789062,83.66000366210938,84.19000244140625,69.44042205810547,1157300
2007-12-06,84.16000366210938,88.36000061035156,83.8499984741211,88.27999877929688,72.81385803222656,1584400
2007-12-07,88.2699966430664,89.8499984741211,87.58000183105469,87.94999694824219,72.54167938232422,1262400
2007-12-10,86.02999877929688,89.73999786376953,85.9000015258789,89.16999816894531,73.54795837402344,1237300
2007-12-11,89.48999786376953,90.55999755859375,84.54000091552734,84.83000183105469,69.96829223632812,1359900
2007-12-12,86.91000366210938,88.26000213623047,83.45999908447266,84.80000305175781,69.94356536865234,1255600
2007-12-13,84.33999633789062,84.9000015258789,83.23999786376953,84.43000030517578,69.63837432861328,1016800
2007-12-14,82.51000213623047,83.86000061035156,81.43000030517578,81.43000030517578,67.16397857666016,1132200
2007-12-17,80.91000366210938,81.30999755859375,80.16000366210938,80.16000366210938,66.1164321899414,1592000
2007-12-18,80.58000183105469,81.5999984741211,80.01000213623047,81.33000183105469,67.08150482177734,1531900
2007-12-19,81.94000244140625,81.94000244140625,80.51000213623047,81.0199966430664,66.8258056640625,1592600
2007-12-20,81.77999877929688,81.77999877929688,79.58999633789062,80.47000122070312,66.37214660644531,2128400
2007-12-21,82.04000091552734,82.04000091552734,81.0,81.47000122070312,67.19696044921875,1609600
2007-12-24,82.27999877929688,82.27999877929688,80.66999816894531,81.29000091552734,67.04850769042969,1405200
2007-12-26,80.80999755859375,81.33999633789062,79.7699966430664,80.69999694824219,66.56187438964844,804400
2007-12-27,79.76000213623047,80.41999816894531,78.12000274658203,78.56999969482422,64.80501556396484,983100
2007-12-28,79.06999969482422,79.8499984741211,77.43000030517578,77.43000030517578,63.86473846435547,1606700
2007-12-31,77.43000030517578,79.86000061035156,77.04000091552734,79.08999633789062,65.23390197753906,1198900
2008-01-02,79.41000366210938,79.48999786376953,76.01000213623047,76.41999816894531,63.03169250488281,2301300
2008-01-03,76.88999938964844,77.27999877929688,74.02999877929688,74.31999969482422,61.29961013793945,1775000
2008-01-04,74.0,74.0,70.9800033569336,71.01000213623047,58.569488525390625,1899400
2008-01-07,71.72000122070312,73.63999938964844,69.44000244140625,71.01000213623047,58.569488525390625,2699400
2008-01-08,71.33000183105469,72.12000274658203,67.41999816894531,67.5,55.67441177368164,2060500
2008-01-09,67.44999694824219,68.4000015258789,65.94999694824219,68.37000274658203,56.39200973510742,2985800
2008-01-10,67.0,68.45999908447266,65.51000213623047,67.73999786376953,55.872337341308594,2503800
2008-01-11,67.48999786376953,69.87000274658203,65.98999786376953,68.62999725341797,56.6064567565918,2270400
2008-01-14,69.30999755859375,71.44999694824219,68.19999694824219,71.20999908447266,58.734458923339844,1964000
2008-01-15,70.58000183105469,72.13999938964844,69.80999755859375,69.87000274658203,57.629234313964844,2993100
2008-01-16,69.41000366210938,72.8499984741211,69.37999725341797,71.19999694824219,58.72618103027344,2411600
2008-01-17,71.27999877929688,71.58000183105469,66.5,66.79000091552734,55.08880615234375,2449800
2008-01-18,67.37999725341797,68.5,64.94999694824219,66.05999755859375,54.486690521240234,2621400
2008-01-22,62.75,66.66999816894531,61.33000183105469,66.16999816894531,54.577423095703125,3190200
2008-01-23,64.0999984741211,69.38999938964844,60.20000076293945,69.0,56.9116096496582,3689000
2008-01-24,69.52999877929688,71.91999816894531,69.4000015258789,71.0,58.56126022338867,3483000
2008-01-25,71.81999969482422,73.5199966430664,69.62999725341797,70.44000244140625,58.09934616088867,2065300
2008-01-28,70.5,73.72000122070312,70.0,73.58999633789062,60.697486877441406,2208800
2008-01-29,73.80000305175781,75.83999633789062,73.29000091552734,75.3499984741211,62.14916229248047,1545600
2008-01-30,75.83999633789062,77.13999938964844,73.68000030517578,74.12999725341797,61.14286422729492,3603300
2008-01-31,72.91000366210938,79.75,71.0,78.25,64.54108428955078,5517100
2008-02-01,77.94000244140625,78.6500015258789,75.8499984741211,77.47000122070312,63.8977165222168,3300000
2008-02-04,76.98999786376953,77.69999694824219,75.4000015258789,75.44000244140625,62.22336196899414,2655900
2008-02-05,72.97000122070312,72.97000122070312,68.43000030517578,69.5199966430664,57.340511322021484,4602400
2008-02-06,70.12999725341797,71.52999877929688,69.19999694824219,69.86000061035156,57.6209602355957,2233800
2008-02-07,69.5999984741211,71.80999755859375,69.54000091552734,70.69000244140625,58.3055419921875,1670500
2008-02-08,70.25,71.62000274658203,69.8499984741211,70.16000366210938,57.868404388427734,1423000
2008-02-11,70.1500015258789,70.30000305175781,68.55999755859375,69.44000244140625,57.27450942993164,2498800
2008-02-12,69.76000213623047,70.36000061035156,67.70999908447266,68.36000061035156,56.38374710083008,2031900
2008-02-13,69.1500015258789,70.83999633789062,66.51000213623047,70.45999908447266,58.1158332824707,2772300
2008-02-14,68.9000015258789,69.97000122070312,66.43000030517578,67.04000091552734,55.29500198364258,3231000
2008-02-15,66.01000213623047,69.31999969482422,66.01000213623047,66.63999938964844,54.965091705322266,2195100
2008-02-19,67.54000091552734,68.2300033569336,66.20999908447266,66.5,54.849609375,1220500
2008-02-20,65.83999633789062,69.18000030517578,65.52999877929688,68.75,56.705440521240234,1595600
2008-02-21,69.12999725341797,69.41000366210938,67.13999938964844,68.12000274658203,56.58916473388672,3378900
2008-02-22,68.19999694824219,68.41000366210938,66.18000030517578,68.26000213623047,56.705440521240234,2136200
2008-02-25,68.0199966430664,69.98999786376953,67.0999984741211,69.86000061035156,58.03460693359375,1506300
2008-02-26,69.6500015258789,72.05999755859375,69.31999969482422,71.52999877929688,59.421897888183594,1945400
2008-02-27,70.95999908447266,71.80000305175781,70.33999633789062,71.4000015258789,59.313926696777344,1229200
2008-02-28,71.0199966430664,72.12000274658203,70.19000244140625,71.7699966430664,59.62128448486328,2159600
2008-02-29,70.83999633789062,71.06999969482422,69.5999984741211,70.0999984741211,58.23396682739258,1531900
2008-03-03,70.05000305175781,71.83999633789062,69.73999786376953,71.25,59.18929672241211,2337000
2008-03-04,70.44999694824219,71.7300033569336,69.73999786376953,71.11000061035156,59.0729866027832,3074600
2008-03-05,71.58000183105469,72.63999938964844,70.13999938964844,70.5,58.566246032714844,2579100
2008-03-06,70.06999969482422,70.37000274658203,66.69999694824219,66.88999938964844,55.56734085083008,2970800
2008-03-07,66.2300033569336,67.81999969482422,64.97000122070312,65.47000122070312,54.38768005371094,1924800
2008-03-10,65.4000015258789,65.4000015258789,62.95000076293945,63.150001525878906,52.46042251586914,2373100
2008-03-11,64.69999694824219,65.83999633789062,62.90999984741211,65.83999633789062,54.695072174072266,2367200
2008-03-12,65.86000061035156,67.2699966430664,64.69999694824219,65.91000366210938,54.753231048583984,1284500
2008-03-13,65.0,66.16000366210938,61.869998931884766,65.91000366210938,54.753231048583984,2288400
2008-03-14,66.5199966430664,66.87999725341797,63.279998779296875,65.29000091552734,54.23816680908203,1674300
2008-03-17,64.11000061035156,65.4000015258789,62.220001220703125,64.22000122070312,53.34929656982422,1671600
2008-03-18,65.58000183105469,67.55999755859375,65.33000183105469,67.29000091552734,55.89961624145508,2247500
2008-03-19,68.16999816894531,69.70999908447266,64.43000030517578,64.43000030517578,53.523746490478516,1727900
2008-03-20,64.5,66.22000122070312,62.279998779296875,65.8499984741211,54.703372955322266,2848200
2008-03-24,66.0199966430664,71.5999984741211,65.73999786376953,70.43000030517578,58.508087158203125,1967900
2008-03-25,69.41000366210938,71.13999938964844,68.20999908447266,68.55000305175781,56.946327209472656,1980100
2008-03-26,68.23999786376953,68.33999633789062,66.47000122070312,66.69000244140625,55.401180267333984,1094200
2008-03-27,67.37000274658203,69.0999984741211,66.5199966430664,66.91000366210938,55.58392333984375,1230300
2008-03-28,67.44999694824219,68.02999877929688,65.93000030517578,66.18000030517578,54.97751998901367,827900
2008-03-31,65.58000183105469,66.80000305175781,65.1500015258789,66.4000015258789,55.16028594970703,1474200
2008-04-01,67.19999694824219,71.45999908447266,66.6500015258789,71.27999877929688,59.2142448425293,1641200
2008-04-02,71.87000274658203,71.9800033569336,69.19999694824219,69.72000122070312,57.91828918457031,1239300
2008-04-03,69.37999725341797,70.83000183105469,68.37999725341797,70.26000213623047,58.36686706542969,1186400
2008-04-04,70.58000183105469,71.2699966430664,70.13999938964844,70.63999938964844,58.682552337646484,1471600
2008-04-07,71.30999755859375,71.9000015258789,69.86000061035156,70.1500015258789,58.2755126953125,1527300
2008-04-08,69.86000061035156,70.83999633789062,69.16000366210938,70.41999816894531,58.499778747558594,1197900
2008-04-09,70.31999969482422,70.7300033569336,68.94999694824219,69.58999633789062,57.81028747558594,1482900
2008-04-10,69.5,70.6500015258789,68.88999938964844,70.54000091552734,58.59950637817383,977100
2008-04-11,69.94999694824219,71.22000122070312,69.5199966430664,70.7699966430664,58.79056167602539,2022500
2008-04-14,70.86000061035156,70.86000061035156,67.80999755859375,68.19999694824219,56.655582427978516,2091500
2008-04-15,68.69999694824219,69.4800033569336,67.44999694824219,68.98999786376953,57.311851501464844,1080400
2008-04-16,69.72000122070312,70.69999694824219,68.94000244140625,70.19000244140625,58.308738708496094,1600300
2008-04-17,70.18000030517578,72.37999725341797,69.80000305175781,71.68000030517578,59.546512603759766,2318200
2008-04-18,72.75,73.94000244140625,71.58000183105469,72.27999877929688,60.04497528076172,1526900
2008-04-21,72.27999877929688,72.77999877929688,70.47000122070312,71.58000183105469,59.46344757080078,1412400
2008-04-22,71.80000305175781,71.80000305175781,68.37999725341797,68.9800033569336,57.303550720214844,2661100
2008-04-23,69.23999786376953,69.25,66.05000305175781,66.62999725341797,55.35134506225586,2685400
2008-04-24,67.12000274658203,67.80000305175781,65.37000274658203,66.88999938964844,55.56734085083008,1683700
2008-04-25,67.4800033569336,67.52999877929688,65.13999938964844,67.36000061035156,55.9577751159668,1063100
2008-04-28,67.66000366210938,69.44000244140625,66.18000030517578,68.63999938964844,57.0211067199707,1791900
2008-04-29,68.63999938964844,68.98999786376953,67.5,68.55999755859375,56.95465850830078,1187500
2008-04-30,68.79000091552734,70.0,68.05999755859375,68.81999969482422,57.170616149902344,2008000
2008-05-01,68.97000122070312,68.98999786376953,67.22000122070312,68.33999633789062,56.77187728881836,2640600
2008-05-02,69.20999908447266,70.41999816894531,68.33000183105469,68.75,57.11248016357422,1887000
2008-05-05,68.75,69.9000015258789,66.94999694824219,67.48999786376953,56.06576156616211,2357700
2008-05-06,62.529998779296875,67.2699966430664,62.5,65.13999938964844,54.11354446411133,5189600
2008-05-07,65.13999938964844,65.87999725341797,64.43000030517578,64.76000213623047,53.79789352416992,2392300
2008-05-08,65.19999694824219,65.30999755859375,64.0,65.1500015258789,54.12187576293945,1589100
2008-05-09,64.58999633789062,66.44000244140625,64.55000305175781,66.30000305175781,55.077213287353516,1725600
2008-05-12,66.88999938964844,70.66000366210938,66.80000305175781,70.51000213623047,58.5745735168457,2656400
2008-05-13,70.45999908447266,72.20999908447266,68.98999786376953,72.1500015258789,59.936954498291016,1708300
2008-05-14,72.01000213623047,73.7699966430664,71.9000015258789,72.62000274658203,60.32737731933594,1958600
2008-05-15,72.51000213623047,75.30000305175781,72.22000122070312,74.87999725341797,62.20484924316406,1722000
2008-05-16,73.38999938964844,77.62000274658203,72.94000244140625,77.47000122070312,64.35641479492188,2530000
2008-05-19,77.55000305175781,84.7300033569336,77.55000305175781,82.98999786376953,68.94205474853516,4972000
2008-05-20,82.44000244140625,82.91999816894531,80.16000366210938,81.5999984741211,67.78730773925781,2814200
2008-05-21,81.2699966430664,82.48999786376953,77.80000305175781,77.98999786376953,64.78842163085938,2579900
2008-05-22,77.69999694824219,77.87999725341797,74.98999786376953,75.44999694824219,63.07462692260742,2799200
2008-05-23,75.30999755859375,75.47000122070312,73.23999786376953,74.3499984741211,62.15508270263672,2465800
2008-05-27,74.2699966430664,76.33000183105469,74.2699966430664,75.97000122070312,63.50935745239258,2298800
2008-05-28,76.9800033569336,77.08999633789062,74.27999877929688,76.66999816894531,64.09452819824219,2111400
2008-05-29,75.48999786376953,76.54000091552734,75.08999633789062,76.06999969482422,63.59294128417969,1953000
2008-05-30,76.3499984741211,77.62999725341797,75.91999816894531,76.93000030517578,64.31190490722656,1998900
2008-06-02,76.23999786376953,77.83000183105469,76.22000122070312,77.25,64.57941436767578,1850100
2008-06-03,77.80000305175781,77.80000305175781,73.23999786376953,73.93000030517578,61.80394744873047,2663800
2008-06-04,73.2300033569336,75.58999633789062,73.16999816894531,73.37999725341797,61.344146728515625,2282400
2008-06-05,73.8499984741211,74.76000213623047,73.20999908447266,74.5,62.28044891357422,2118600
2008-06-06,73.4000015258789,74.1500015258789,70.8499984741211,70.94999694824219,59.312721252441406,2356500
2008-06-09,71.01000213623047,72.16000366210938,70.0199966430664,71.3499984741211,59.64713668823242,2176500
2008-06-10,70.30000305175781,72.8499984741211,69.75,72.01000213623047,60.198890686035156,2183500
2008-06-11,71.5999984741211,71.7699966430664,68.5,68.63999938964844,57.38163757324219,3867900
2008-06-12,69.0999984741211,70.05999755859375,68.5,68.81999969482422,57.532100677490234,2683400
2008-06-13,69.25,69.9800033569336,68.69999694824219,69.37000274658203,57.99189376831055,1563600
2008-06-16,69.16999816894531,70.08000183105469,68.5999984741211,69.44000244140625,58.050392150878906,972600
2008-06-17,69.94000244140625,70.20999908447266,67.26000213623047,67.94999694824219,56.804805755615234,2028500
2008-06-18,67.94000244140625,67.94000244140625,65.81999969482422,66.4000015258789,55.50902557373047,1589900
2008-06-19,66.5,67.33999633789062,64.94000244140625,66.13999938964844,55.29168701171875,1695600
2008-06-20,65.80000305175781,66.0,63.0,63.91999816894531,53.435794830322266,2407900
2008-06-23,64.31999969482422,64.5,63.04999923706055,63.380001068115234,52.984378814697266,1569500
2008-06-24,63.029998779296875,64.51000213623047,62.650001525878906,62.810001373291016,52.50786590576172,1840000
2008-06-25,64.72000122070312,64.95999908447266,62.83000183105469,63.25,52.87567901611328,1490700
2008-06-26,62.65999984741211,63.41999816894531,60.36000061035156,60.5,50.57674026489258,2233700
2008-06-27,60.5099983215332,62.65999984741211,60.349998474121094,60.52000045776367,50.593475341796875,2496600
2008-06-30,60.40999984741211,60.86000061035156,59.2599983215332,59.779998779296875,49.9748420715332,2138700
2008-07-01,57.72999954223633,59.77000045776367,57.04999923706055,58.13999938964844,48.603843688964844,2029800
2008-07-02,57.939998626708984,59.65999984741211,56.08000183105469,56.38999938964844,47.14087677001953,2458700
2008-07-03,56.58000183105469,57.70000076293945,55.41999816894531,56.4900016784668,47.22447204589844,913100
2008-07-07,55.060001373291016,56.790000915527344,53.779998779296875,54.650001525878906,45.686279296875,2244200
2008-07-08,54.91999816894531,56.84000015258789,54.06999969482422,56.84000015258789,47.51706314086914,2487000
2008-07-09,57.369998931884766,58.77000045776367,55.189998626708984,55.459999084472656,46.3634147644043,2042600
2008-07-10,55.59000015258789,56.130001068115234,52.40999984741211,52.86000061035156,44.18988037109375,2158000
2008-07-11,52.849998474121094,52.849998474121094,49.38999938964844,50.34000015258789,42.083213806152344,2804200
2008-07-14,51.470001220703125,51.86000061035156,49.970001220703125,51.150001525878906,42.76033020019531,1966200
2008-07-15,50.83000183105469,55.779998779296875,50.279998779296875,54.439998626708984,45.51072311401367,2752300
2008-07-16,54.619998931884766,60.5099983215332,52.52000045776367,60.0,50.15874481201172,2350600
2008-07-17,60.9900016784668,65.38999938964844,56.59000015258789,64.43000030517578,53.86213684082031,3784000
2008-07-18,64.43000030517578,64.94999694824219,61.06999969482422,62.93000030517578,52.60818099975586,1750500
2008-07-21,63.310001373291016,64.5199966430664,60.29999923706055,60.83000183105469,50.85263442993164,2163600
2008-07-22,60.220001220703125,63.88999938964844,59.81999969482422,63.529998779296875,53.109771728515625,2760000
2008-07-23,64.0,67.22000122070312,62.63999938964844,65.48999786376953,54.748287200927734,2209600
2008-07-24,65.12000274658203,65.37000274658203,61.540000915527344,61.540000915527344,51.446170806884766,1412500
2008-07-25,61.720001220703125,62.77000045776367,59.63999938964844,61.63999938964844,51.5297737121582,1579300
2008-07-28,62.970001220703125,62.970001220703125,59.439998626708984,59.810001373291016,49.99992752075195,1266400
2008-07-29,60.0099983215332,63.15999984741211,59.90999984741211,62.25,52.039703369140625,1428000
2008-07-30,62.43000030517578,65.83999633789062,62.43000030517578,65.5,54.75665283203125,1297400
2008-07-31,65.4800033569336,66.0,63.150001525878906,64.19000244140625,53.66151809692383,1231300
2008-08-01,65.48999786376953,65.61000061035156,62.54999923706055,64.12000274658203,53.60300827026367,1420400
2008-08-04,63.88999938964844,65.98999786376953,62.7400016784668,62.86000061035156,52.5496711730957,1294100
2008-08-05,62.720001220703125,68.5,62.720001220703125,68.5,57.26457977294922,2376700
2008-08-06,64.0999984741211,73.5,62.7599983215332,68.4000015258789,57.18099594116211,3611500
2008-08-07,67.44999694824219,69.69999694824219,65.7699966430664,68.19999694824219,57.0137939453125,2031700
2008-08-08,67.54000091552734,70.0,67.54000091552734,68.33000183105469,57.122459411621094,1419200
2008-08-11,67.79000091552734,70.05999755859375,67.56999969482422,68.80999755859375,57.52375030517578,1490300
2008-08-12,69.0,69.7699966430664,67.33999633789062,68.62000274658203,57.36490249633789,980000
2008-08-13,68.8499984741211,69.58000183105469,67.01000213623047,69.44999694824219,58.058773040771484,1018400
2008-08-14,69.44000244140625,74.18000030517578,69.04000091552734,74.0,61.862449645996094,2009800
2008-08-15,76.19999694824219,80.2699966430664,72.58000183105469,74.69999694824219,62.44763946533203,2910700
2008-08-18,74.44999694824219,74.66999816894531,71.18000030517578,72.63999938964844,60.72555923461914,1035800
2008-08-19,71.88999938964844,72.5999984741211,70.22000122070312,71.5,59.77254104614258,1239200
2008-08-20,72.23999786376953,74.8499984741211,70.04000091552734,74.4000015258789,62.19688034057617,1273600
2008-08-21,74.0,75.33000183105469,73.19999694824219,74.5999984741211,62.36405563354492,569300
2008-08-22,75.26000213623047,76.23999786376953,74.0,74.79000091552734,62.52289581298828,809900
2008-08-25,74.02999877929688,74.11000061035156,70.01000213623047,71.0999984741211,59.830116271972656,1514800
2008-08-26,71.5,72.44999694824219,70.77999877929688,71.55000305175781,60.208797454833984,1146800
2008-08-27,71.30999755859375,74.66000366210938,71.30999755859375,74.44999694824219,62.64910888671875,1222200
2008-08-28,74.55999755859375,76.94000244140625,74.36000061035156,76.77999877929688,64.6097640991211,803600
2008-08-29,76.68000030517578,76.75,74.63999938964844,74.83999633789062,62.977317810058594,612500
2008-09-02,76.30999755859375,77.27999877929688,74.70999908447266,75.36000061035156,63.41484832763672,808000
2008-09-03,76.25,81.3499984741211,75.44999694824219,76.94000244140625,64.74442291259766,1515400
2008-09-04,76.9000015258789,76.9000015258789,73.36000061035156,74.5199966430664,62.7080078125,1161500
2008-09-05,72.0999984741211,75.58999633789062,71.45999908447266,75.20999908447266,63.288658142089844,891900
2008-09-08,79.12999725341797,80.0,76.2699966430664,78.0,65.63640594482422,2203100
2008-09-09,78.04000091552734,79.63999938964844,72.94999694824219,73.33000183105469,61.706668853759766,1591900
2008-09-10,73.4800033569336,74.06999969482422,70.20999908447266,73.13999938964844,61.54676818847656,918800
2008-09-11,72.87000274658203,74.02999877929688,71.3499984741211,73.69000244140625,62.00956726074219,1181200
2008-09-12,72.70999908447266,75.23999786376953,71.5199966430664,75.16000366210938,63.24658203125,1250000
2008-09-15,71.29000091552734,76.93000030517578,71.29000091552734,73.18000030517578,61.58039855957031,1252600
2008-09-16,71.88999938964844,73.93000030517578,69.12000274658203,72.47000122070312,60.982967376708984,2090200
2008-09-17,70.1500015258789,74.9000015258789,68.83000183105469,72.9800033569336,61.41212844848633,2625700
2008-09-18,73.5999984741211,79.9000015258789,72.76000213623047,79.5,66.89865112304688,3618000
2008-09-19,83.0,83.0,75.01000213623047,83.0,69.84385681152344,3924400
2008-09-22,81.44999694824219,82.83999633789062,74.8499984741211,76.16999816894531,64.09649658203125,1114600
2008-09-23,75.95999908447266,80.4800033569336,74.80999755859375,80.0,67.31938934326172,750400
2008-09-24,80.3499984741211,81.94999694824219,77.26000213623047,78.94999694824219,66.43582916259766,1458900
2008-09-25,81.62000274658203,82.06999969482422,77.63999938964844,79.8499984741211,67.19318389892578,997200
2008-09-26,78.36000061035156,79.8499984741211,75.47000122070312,78.62000274658203,66.15817260742188,1318600
2008-09-29,77.33000183105469,78.0,72.20999908447266,73.75,62.060062408447266,1131400
2008-09-30,74.04000091552734,76.1500015258789,71.0199966430664,74.5,62.6911735534668,1051000
2008-10-01,73.75,74.06999969482422,70.5,71.19999694824219,59.914268493652344,1130100
2008-10-02,71.0,72.45999908447266,68.22000122070312,69.0,58.0629997253418,1413400
2008-10-03,69.9800033569336,71.41000366210938,63.54999923706055,64.4000015258789,54.192115783691406,1916500
2008-10-06,62.41999816894531,62.41999816894531,55.52000045776367,61.22999954223633,51.52458190917969,2171300
2008-10-07,62.119998931884766,62.81999969482422,59.5099983215332,59.83000183105469,50.34651565551758,2683700
2008-10-08,57.650001525878906,66.12000274658203,57.290000915527344,61.77000045776367,51.97898483276367,2289200
2008-10-09,62.380001068115234,65.02999877929688,56.08000183105469,56.27000045776367,47.350791931152344,1999600
2008-10-10,54.90999984741211,57.95000076293945,52.90999984741211,54.5,45.86134338378906,2072000
2008-10-13,58.63999938964844,58.84000015258789,55.02000045776367,56.849998474121094,47.83884048461914,1956500
2008-10-14,58.68000030517578,59.0,53.88999938964844,55.630001068115234,46.812232971191406,1821000
2008-10-15,54.58000183105469,56.400001525878906,50.0,51.459999084472656,43.30322265625,1677800
2008-10-16,51.439998626708984,52.36000061035156,48.5,52.060001373291016,43.80810546875,1769500
2008-10-17,51.279998779296875,58.13999938964844,51.2599983215332,55.70000076293945,46.87113952636719,1999600
2008-10-20,54.93000030517578,58.40999984741211,54.40999984741211,56.31999969482422,47.39287185668945,1123700
2008-10-21,56.20000076293945,56.970001220703125,53.15999984741211,53.45000076293945,44.9777717590332,701200
2008-10-22,52.5,54.90999984741211,48.7599983215332,50.189998626708984,42.23450469970703,977100
2008-10-23,50.27000045776367,51.869998931884766,46.369998931884766,50.650001525878906,42.621604919433594,1346600
2008-10-24,47.0,50.0,46.33000183105469,48.47999954223633,40.795555114746094,1247900
2008-10-27,47.689998626708984,50.310001373291016,44.130001068115234,44.27000045776367,37.25286865234375,1741400
2008-10-28,45.5,47.5099983215332,41.560001373291016,47.5099983215332,39.979312896728516,2134000
2008-10-29,46.939998626708984,50.68000030517578,46.040000915527344,48.560001373291016,40.862876892089844,3470300
2008-10-30,51.83000183105469,51.83000183105469,47.18000030517578,49.849998474121094,41.948421478271484,1659200
2008-10-31,50.0,55.099998474121094,48.90999984741211,54.279998779296875,45.67623519897461,1583400
2008-11-03,54.0,56.41999816894531,53.13999938964844,54.91999816894531,46.21476745605469,1075500
2008-11-04,57.0,59.439998626708984,55.439998626708984,59.0099983215332,49.65647888183594,2076200
2008-11-05,58.150001525878906,60.0,55.369998931884766,56.29999923706055,47.37601852416992,1881400
2008-11-06,52.68000030517578,57.06999969482422,50.2400016784668,54.66999816894531,46.004398345947266,2661800
2008-11-07,55.5,57.720001220703125,53.630001068115234,57.5,48.385826110839844,1141300
2008-11-10,58.88999938964844,60.0,57.290000915527344,58.06999969482422,48.86546325683594,1423900
2008-11-11,57.310001373291016,58.11000061035156,52.5099983215332,54.150001525878906,45.566810607910156,1552900
2008-11-12,52.86000061035156,56.63999938964844,52.40999984741211,53.099998474121094,44.68325424194336,1420300
2008-11-13,53.849998474121094,57.0099983215332,49.65999984741211,57.0099983215332,47.97348403930664,1591300
2008-11-14,56.34000015258789,58.0,53.150001525878906,53.25,44.809478759765625,993700
2008-11-17,52.5,53.25,49.720001220703125,50.5099983215332,42.5037841796875,1770800
2008-11-18,50.38999938964844,51.41999816894531,48.84000015258789,50.52000045776367,42.51220703125,2074300
2008-11-19,50.68000030517578,50.68000030517578,45.0099983215332,45.18000030517578,38.01862716674805,2238000
2008-11-20,45.099998474121094,45.52000045776367,40.72999954223633,41.060001373291016,34.55168533325195,2454700
2008-11-21,41.720001220703125,43.150001525878906,39.52000045776367,40.560001373291016,34.130943298339844,3115500
2008-11-24,42.09000015258789,48.0099983215332,41.33000183105469,47.45000076293945,40.41709899902344,3194600
2008-11-25,48.72999954223633,54.29999923706055,48.72999954223633,54.16999816894531,46.141075134277344,3521200
2008-11-26,53.0,63.970001220703125,52.81999969482422,61.540000915527344,52.418704986572266,3258200
2008-11-28,61.0099983215332,62.279998779296875,58.61000061035156,59.97999954223633,51.089927673339844,711600
2008-12-01,58.939998626708984,59.400001525878906,55.689998626708984,56.709999084472656,48.30460739135742,1500500
2008-12-02,57.5,62.869998931884766,56.130001068115234,61.529998779296875,52.41019821166992,1776500
2008-12-03,61.0,65.11000061035156,59.380001068115234,63.59000015258789,54.16486740112305,1808700
2008-12-04,62.65999984741211,67.20999908447266,62.5,64.22000122070312,54.70150375366211,2046500
2008-12-05,63.959999084472656,66.9800033569336,63.2599983215332,66.75,56.85649108886719,2076500
2008-12-08,70.0,74.9000015258789,69.4800033569336,74.0,63.03190231323242,3281600
2008-12-09,73.20999908447266,77.94999694824219,68.55999755859375,69.68000030517578,59.35224533081055,3586800
2008-12-10,70.4800033569336,72.37000274658203,67.62000274658203,69.93000030517578,59.56515121459961,1809000
2008-12-11,69.88999938964844,69.9000015258789,62.18000030517578,64.41999816894531,54.871856689453125,1863800
2008-12-12,62.0,68.0,62.0,67.8499984741211,57.79346466064453,1138500
2008-12-15,68.68000030517578,69.8499984741211,64.80000305175781,65.69999694824219,55.96213150024414,1215500
2008-12-16,66.25,70.8499984741211,65.31999969482422,70.8499984741211,60.34880828857422,1389600
2008-12-17,70.44999694824219,71.51000213623047,67.41000366210938,67.79000091552734,57.742347717285156,3250200
2008-12-18,68.0999984741211,70.0,65.63999938964844,66.4000015258789,56.55837631225586,1353400
2008-12-19,68.41999816894531,68.9800033569336,66.58999633789062,67.16999816894531,57.21424102783203,2417800
2008-12-22,66.55000305175781,68.05000305175781,66.12999725341797,67.4000015258789,57.4101676940918,1217400
2008-12-23,68.16999816894531,68.88999938964844,65.77999877929688,66.55999755859375,56.694644927978516,842900
2008-12-24,66.83000183105469,67.80000305175781,65.44999694824219,65.83000183105469,56.0728645324707,237100
2008-12-26,66.30000305175781,67.70999908447266,66.30000305175781,67.6500015258789,57.62310028076172,280100
2008-12-29,67.1500015258789,67.88999938964844,65.69000244140625,67.33000183105469,57.35053253173828,767500
2008-12-30,67.5199966430664,69.9000015258789,67.30000305175781,69.4800033569336,59.181861877441406,1132900
2008-12-31,67.80000305175781,70.30000305175781,67.80000305175781,69.58000183105469,59.26707077026367,1071900
2009-01-02,71.26000213623047,71.26000213623047,67.20999908447266,69.73999786376953,59.4033317565918,1375700
2009-01-05,69.38999938964844,71.0199966430664,69.11000061035156,69.94999694824219,59.58220291137695,2119200
2009-01-06,70.97000122070312,71.0,66.55000305175781,67.06999969482422,57.12907409667969,2029900
2009-01-07,66.80000305175781,67.05000305175781,63.31999969482422,64.0,54.51408767700195,1603100
2009-01-08,63.36000061035156,63.36000061035156,61.0,63.0,53.66232681274414,1942400
2009-01-09,63.0099983215332,63.0099983215332,60.779998779296875,61.189998626708984,52.12059020996094,1343600
2009-01-12,61.459999084472656,61.63999938964844,56.869998931884766,57.16999816894531,48.69642639160156,1741500
2009-01-13,58.40999984741211,58.70000076293945,56.93000030517578,58.18000030517578,49.55672836303711,1620300
2009-01-14,55.9900016784668,56.619998931884766,55.0099983215332,55.79999923706055,47.52945327758789,1481000
2009-01-15,55.5,58.36000061035156,53.33000183105469,56.72999954223633,48.321651458740234,2202500
2009-01-16,57.61000061035156,60.63999938964844,57.09000015258789,58.66999816894531,49.974098205566406,2088200
2009-01-20,57.13999938964844,57.290000915527344,52.849998474121094,53.83000183105469,45.851470947265625,2263800
2009-01-21,54.5,54.97999954223633,51.779998779296875,53.72999954223633,45.76628112792969,1585100
2009-01-22,52.720001220703125,53.13999938964844,51.02000045776367,52.33000183105469,44.57379913330078,1657300
2009-01-23,51.0,53.97999954223633,50.58000183105469,53.18000030517578,45.29780960083008,1490700
2009-01-26,53.54999923706055,54.209999084472656,50.11000061035156,50.58000183105469,43.08318328857422,2552200
2009-01-27,51.2400016784668,53.13999938964844,50.529998779296875,52.560001373291016,44.769710540771484,1488100
2009-01-28,54.45000076293945,56.2400016784668,52.810001373291016,53.459999084472656,45.53630447387695,1469100
2009-01-29,53.0099983215332,53.09000015258789,50.65999984741211,50.86000061035156,43.32167434692383,1805700
2009-01-30,51.38999938964844,51.939998626708984,49.029998779296875,49.459999084472656,42.1291618347168,1792200
2009-02-02,48.68000030517578,49.22999954223633,47.54999923706055,48.2599983215332,41.107032775878906,1788700
2009-02-03,49.0,51.58000183105469,48.66999816894531,50.81999969482422,43.2876091003418,1898600
2009-02-04,50.81999969482422,55.25,50.81999969482422,51.439998626708984,43.815704345703125,2036100
2009-02-05,50.43000030517578,52.689998626708984,50.06999969482422,51.06999969482422,43.500553131103516,1473100
2009-02-06,51.810001373291016,52.619998931884766,51.0,51.470001220703125,43.84124755859375,1588500
2009-02-09,51.16999816894531,51.16999816894531,48.529998779296875,49.290000915527344,41.98438262939453,1966500
2009-02-10,49.20000076293945,53.79999923706055,46.77000045776367,47.34000015258789,40.32341003417969,4105800
2009-02-11,46.939998626708984,47.33000183105469,44.0,44.939998626708984,38.279117584228516,2291000
2009-02-12,45.0,47.56999969482422,43.900001525878906,47.470001220703125,40.43412399291992,2494100
2009-02-13,47.20000076293945,47.5,45.25,45.72999954223633,38.95204162597656,1162900
2009-02-17,45.56999969482422,45.59000015258789,43.93000030517578,44.119998931884766,37.58066940307617,2010200
2009-02-18,44.88999938964844,44.88999938964844,41.0,42.810001373291016,36.46481704711914,2404400
2009-02-19,43.20000076293945,44.0,40.380001068115234,40.75,34.710140228271484,1663000
2009-02-20,40.13999938964844,41.869998931884766,39.29999923706055,40.45000076293945,34.45461654663086,2833300
2009-02-23,40.9900016784668,41.810001373291016,38.75,39.63999938964844,33.7646598815918,1948200
2009-02-24,39.66999816894531,42.58000183105469,38.900001525878906,41.93000030517578,35.71525192260742,1753000
2009-02-25,42.689998626708984,43.52000045776367,40.34000015258789,42.290000915527344,36.44783401489258,2318500
2009-02-26,42.86000061035156,44.900001525878906,41.72999954223633,43.09000015258789,37.1373176574707,1719600
2009-02-27,42.09000015258789,43.400001525878906,41.189998626708984,41.40999984741211,35.68939971923828,2111300
2009-03-02,40.5099983215332,42.369998931884766,40.13999938964844,40.630001068115234,35.01715087890625,1735100
2009-03-03,41.15999984741211,41.599998474121094,39.119998931884766,39.4900016784668,34.03461837768555,1814900
2009-03-04,40.22999954223633,40.75,39.09000015258789,39.52000045776367,34.06050109863281,1898700
2009-03-05,38.459999084472656,39.20000076293945,36.470001220703125,36.970001220703125,31.86275863647461,1630000
2009-03-06,37.290000915527344,37.650001525878906,35.02000045776367,35.81999969482422,30.87164306640625,1611000
2009-03-09,35.02000045776367,36.29999923706055,34.29999923706055,34.54999923706055,29.77706527709961,1282300
2009-03-10,35.18000030517578,36.41999816894531,34.83000183105469,36.349998474121094,31.328405380249023,2688000
2009-03-11,36.349998474121094,37.5,36.2599983215332,36.91999816894531,31.819656372070312,1309400
2009-03-12,36.91999816894531,37.38999938964844,35.91999816894531,37.25,32.10407638549805,3012500
2009-03-13,37.619998931884766,39.63999938964844,37.52000045776367,39.619998931884766,34.14668273925781,2098500
2009-03-16,40.04999923706055,40.65999984741211,39.630001068115234,39.869998931884766,34.362144470214844,2349700
2009-03-17,39.88999938964844,41.15999984741211,39.540000915527344,41.150001525878906,35.46532440185547,1341100
2009-03-18,40.90999984741211,40.91999816894531,39.880001068115234,40.61000061035156,34.999935150146484,2161600
2009-03-19,42.09000015258789,42.09000015258789,39.63999938964844,39.77000045776367,34.27595138549805,1632600
2009-03-20,39.83000183105469,40.220001220703125,38.22999954223633,38.70000076293945,33.35377883911133,1888600
2009-03-23,39.400001525878906,40.68000030517578,38.72999954223633,40.68000030517578,35.06025314331055,1753900
2009-03-24,40.40999984741211,41.970001220703125,40.380001068115234,41.13999938964844,35.45668029785156,1353600
2009-03-25,41.650001525878906,43.95000076293945,41.4900016784668,43.72999954223633,37.68889617919922,2380000
2009-03-26,44.08000183105469,46.18000030517578,43.83000183105469,46.060001373291016,39.697021484375,2094500
2009-03-27,45.5,46.040000915527344,43.880001068115234,44.38999938964844,38.25773620605469,1393300
2009-03-30,43.209999084472656,44.45000076293945,42.709999084472656,44.349998474121094,38.22325134277344,1426800
2009-03-31,44.47999954223633,45.119998931884766,43.95000076293945,44.290000915527344,38.17152404785156,1236900
2009-04-01,43.560001373291016,46.400001525878906,43.08000183105469,45.959999084472656,39.6108512878418,1069800
2009-04-02,47.02000045776367,48.900001525878906,47.0099983215332,47.40999984741211,40.860530853271484,1880600
2009-04-03,47.560001373291016,48.349998474121094,46.68000030517578,48.29999923706055,41.627567291259766,845700
2009-04-06,47.0,47.7599983215332,45.0,46.5099983215332,40.084861755371094,1284600
2009-04-07,45.63999938964844,45.790000915527344,43.29999923706055,43.66999816894531,37.63719177246094,842000
2009-04-08,44.31999969482422,44.540000915527344,43.34000015258789,44.0099983215332,37.930233001708984,760000
2009-04-09,46.5,47.20000076293945,45.029998779296875,47.060001373291016,40.558868408203125,1378200
2009-04-13,46.4900016784668,47.779998779296875,45.310001373291016,47.33000183105469,40.79158401489258,1300500
2009-04-14,46.97999954223633,47.75,46.54999923706055,46.97999954223633,40.48992919921875,1354200
2009-04-15,46.81999969482422,48.689998626708984,46.560001373291016,48.650001525878906,41.92921447753906,1070000
2009-04-16,49.08000183105469,53.939998626708984,48.439998626708984,52.630001068115234,45.359405517578125,3195400
2009-04-17,52.68000030517578,53.939998626708984,51.970001220703125,52.33000183105469,45.100852966308594,1413600
2009-04-20,51.2599983215332,51.470001220703125,48.599998474121094,48.939998626708984,42.17916488647461,989100
2009-04-21,48.47999954223633,49.720001220703125,47.88999938964844,49.11000061035156,42.32566833496094,921900
2009-04-22,48.81999969482422,50.869998931884766,48.40999984741211,49.22999954223633,42.429107666015625,1424000
2009-04-23,49.369998931884766,49.79999923706055,47.81999969482422,49.65999984741211,42.79970169067383,889100
2009-04-24,49.66999816894531,51.939998626708984,49.66999816894531,51.4900016784668,44.37690353393555,1191000
2009-04-27,51.220001220703125,51.9900016784668,50.0,50.47999954223633,43.50641632080078,1152800
2009-04-28,49.7400016784668,51.36000061035156,49.40999984741211,50.689998626708984,43.68739700317383,722600
2009-04-29,51.20000076293945,51.81999969482422,49.619998931884766,50.189998626708984,43.25648498535156,1035200
2009-04-30,50.0,50.459999084472656,47.5,47.54999923706055,40.981178283691406,1528100
2009-05-01,47.5,47.5,45.20000076293945,45.2599983215332,39.007530212402344,1813000
2009-05-04,46.41999816894531,50.900001525878906,45.29999923706055,50.5,43.523651123046875,3517500
2009-05-05,47.9900016784668,52.470001220703125,47.099998474121094,48.31999969482422,41.64481735229492,3094600
2009-05-06,49.369998931884766,49.869998931884766,47.81999969482422,49.75,42.87727355957031,1951600
2009-05-07,50.189998626708984,51.97999954223633,46.86000061035156,47.220001220703125,40.69676971435547,1378700
2009-05-08,47.709999084472656,48.459999084472656,46.150001525878906,47.650001525878906,41.067378997802734,1224100
2009-05-11,47.09000015258789,48.04999923706055,45.83000183105469,46.529998779296875,40.102081298828125,1255100
2009-05-12,46.88999938964844,47.66999816894531,45.31999969482422,46.0099983215332,39.6539192199707,869500
2009-05-13,45.52000045776367,45.59000015258789,42.31999969482422,42.380001068115234,36.5253791809082,1991800
2009-05-14,42.7599983215332,43.58000183105469,41.209999084472656,41.47999954223633,35.74972915649414,1815000
2009-05-15,42.0,43.189998626708984,41.09000015258789,41.380001068115234,35.663536071777344,1648800
2009-05-18,41.93000030517578,43.470001220703125,41.54999923706055,43.459999084472656,37.45619583129883,1380800
2009-05-19,43.61000061035156,44.060001373291016,42.90999984741211,43.029998779296875,37.085594177246094,1456200
2009-05-20,43.91999816894531,44.45000076293945,42.029998779296875,42.36000061035156,36.50817108154297,1537000
2009-05-21,41.06999969482422,41.540000915527344,39.650001525878906,40.529998779296875,35.33977127075195,1691100
2009-05-22,40.86000061035156,41.16999816894531,39.77000045776367,40.2599983215332,35.10432052612305,1123800
2009-05-26,39.90999984741211,42.65999984741211,39.90999984741211,41.93000030517578,36.560489654541016,1295900
2009-05-27,41.84000015258789,42.959999084472656,40.75,40.81999969482422,35.592620849609375,1397300
2009-05-28,41.619998931884766,42.189998626708984,40.25,42.0099983215332,36.63023376464844,1746500
2009-05-29,43.310001373291016,44.40999984741211,43.2400016784668,44.290000915527344,38.61824417114258,1788200
2009-06-01,45.43000030517578,48.08000183105469,45.02000045776367,47.779998779296875,41.66133117675781,1746600
2009-06-02,48.33000183105469,49.66999816894531,47.2599983215332,48.290000915527344,42.10602951049805,1736500
2009-06-03,47.90999984741211,48.08000183105469,45.400001525878906,46.2599983215332,40.33597183227539,1376900
2009-06-04,46.47999954223633,46.91999816894531,45.0,46.2599983215332,40.33597183227539,1116000
2009-06-05,47.18000030517578,47.9900016784668,45.7599983215332,46.09000015258789,40.18775939941406,1279600
2009-06-08,45.939998626708984,46.220001220703125,44.04999923706055,44.65999984741211,38.94087600708008,1190000
2009-06-09,44.93000030517578,45.470001220703125,44.0099983215332,44.619998931884766,38.90599822998047,1174400
2009-06-10,45.119998931884766,45.20000076293945,43.13999938964844,43.970001220703125,38.33925247192383,1040600
2009-06-11,41.06999969482422,43.31999969482422,41.0099983215332,42.70000076293945,37.231876373291016,5160100
2009-06-12,42.93000030517578,47.209999084472656,42.93000030517578,47.20000076293945,41.155601501464844,13891000
2009-06-15,46.869998931884766,46.869998931884766,45.04999923706055,46.0,40.10926818847656,3619900
2009-06-16,46.38999938964844,46.599998474121094,44.9900016784668,45.29999923706055,39.498905181884766,2655200
2009-06-17,45.16999816894531,45.349998474121094,43.91999816894531,44.18000030517578,38.5223388671875,2661300
2009-06-18,44.2400016784668,44.709999084472656,43.2599983215332,43.5099983215332,37.93814468383789,1233200
2009-06-19,43.959999084472656,44.15999984741211,42.81999969482422,43.56999969482422,37.990455627441406,2116100
2009-06-22,43.54999923706055,44.619998931884766,42.790000915527344,42.97999954223633,37.47602462768555,2155200
2009-06-23,43.15999984741211,43.86000061035156,42.939998626708984,43.36000061035156,37.80735778808594,1243700
2009-06-24,43.720001220703125,45.29999923706055,43.29999923706055,43.66999816894531,38.07764434814453,1330300
2009-06-25,43.529998779296875,45.2400016784668,43.290000915527344,45.029998779296875,39.263492584228516,1537500
2009-06-26,44.970001220703125,45.0099983215332,44.040000915527344,44.4900016784668,38.79265213012695,1133900
2009-06-29,45.029998779296875,45.290000915527344,43.08000183105469,43.349998474121094,37.79863739013672,1848200
2009-06-30,43.43000030517578,44.0,42.9900016784668,43.099998474121094,37.580631256103516,1929600
2009-07-01,43.650001525878906,43.720001220703125,42.709999084472656,42.83000183105469,37.3452262878418,1282600
2009-07-02,42.2599983215332,43.11000061035156,41.790000915527344,43.08000183105469,37.56319808959961,1504600
2009-07-06,42.34000015258789,43.7599983215332,41.91999816894531,43.7599983215332,38.1561279296875,1872800
2009-07-07,43.709999084472656,43.709999084472656,40.970001220703125,41.0,35.749576568603516,2446800
2009-07-08,41.349998474121094,42.130001068115234,41.0,41.79999923706055,36.447120666503906,2199400
2009-07-09,42.130001068115234,43.16999816894531,41.650001525878906,42.689998626708984,37.22314453125,1477700
2009-07-10,42.290000915527344,42.650001525878906,39.650001525878906,40.599998474121094,35.400787353515625,3034300
2009-07-13,41.0,41.40999984741211,39.13999938964844,41.349998474121094,36.05474090576172,2158100
2009-07-14,40.81999969482422,41.540000915527344,40.16999816894531,41.09000015258789,35.828060150146484,2901300
2009-07-15,41.75,42.5099983215332,41.470001220703125,42.119998931884766,36.72615432739258,1367100
2009-07-16,42.119998931884766,42.88999938964844,41.810001373291016,42.22999954223633,36.822059631347656,1332000
2009-07-17,42.20000076293945,42.5099983215332,41.56999969482422,42.18000030517578,36.77846145629883,1723500
2009-07-20,42.470001220703125,43.369998931884766,42.2599983215332,43.25,37.71143341064453,1309800
2009-07-21,43.86000061035156,44.41999816894531,41.939998626708984,42.529998779296875,37.083648681640625,1876000
2009-07-22,42.2599983215332,45.060001373291016,42.2599983215332,44.54999923706055,38.84495544433594,1829600
2009-07-23,44.720001220703125,47.040000915527344,44.36000061035156,46.77000045776367,40.78066635131836,1965600
2009-07-24,46.54999923706055,47.900001525878906,46.540000915527344,47.5,41.41719055175781,1127400
2009-07-27,47.52000045776367,47.86000061035156,46.83000183105469,47.540000915527344,41.452056884765625,911400
2009-07-28,47.290000915527344,48.68000030517578,46.849998474121094,48.40999984741211,42.210655212402344,1125900
2009-07-29,48.22999954223633,48.22999954223633,45.90999984741211,46.310001373291016,40.37958908081055,1241400
2009-07-30,46.540000915527344,47.720001220703125,46.540000915527344,47.400001525878906,41.329994201660156,1203000
2009-07-31,47.41999816894531,48.150001525878906,47.22999954223633,47.47999954223633,41.399749755859375,974700
2009-08-03,47.7400016784668,48.7400016784668,47.45000076293945,47.79999923706055,41.67876052856445,1521600
2009-08-04,46.119998931884766,50.20000076293945,45.0099983215332,49.56999969482422,43.222103118896484,3559400
2009-08-05,48.439998626708984,49.869998931884766,48.13999938964844,49.630001068115234,43.2744255065918,1942900
2009-08-06,49.58000183105469,49.630001068115234,48.2599983215332,48.72999954223633,42.48965835571289,832300
2009-08-07,49.279998779296875,51.22999954223633,48.970001220703125,50.400001525878906,43.94582748413086,1075300
2009-08-10,49.900001525878906,50.31999969482422,48.31999969482422,49.2599983215332,42.95180130004883,1218800
2009-08-11,48.93000030517578,49.0,47.560001373291016,48.290000915527344,42.10602951049805,706300
2009-08-12,48.18000030517578,49.72999954223633,47.95000076293945,49.150001525878906,42.85589599609375,1116100
2009-08-13,49.439998626708984,49.439998626708984,48.54999923706055,49.2400016784668,42.93434524536133,719500
2009-08-14,49.130001068115234,49.2400016784668,47.61000061035156,48.040000915527344,41.88802719116211,744400
2009-08-17,47.150001525878906,47.4900016784668,45.75,46.11000061035156,40.20518112182617,809600
2009-08-18,46.36000061035156,47.349998474121094,46.040000915527344,47.13999938964844,41.103294372558594,730000
2009-08-19,46.709999084472656,48.31999969482422,46.380001068115234,48.029998779296875,41.87930679321289,882500
2009-08-20,48.380001068115234,48.849998474121094,47.9900016784668,48.2400016784668,42.06242370605469,639000
2009-08-21,48.869998931884766,49.970001220703125,48.56999969482422,49.709999084472656,43.344173431396484,795200
2009-08-24,49.7599983215332,50.29999923706055,48.209999084472656,48.61000061035156,42.59928894042969,767400
2009-08-25,48.880001068115234,50.25,48.7400016784668,49.0099983215332,42.94981384277344,844600
2009-08-26,48.900001525878906,49.75,48.279998779296875,49.15999984741211,43.08127212524414,852200
2009-08-27,49.16999816894531,50.0,48.06999969482422,49.560001373291016,43.431800842285156,912400
2009-08-28,50.099998474121094,51.11000061035156,49.34000015258789,50.970001220703125,44.66745376586914,1518200
2009-08-31,50.290000915527344,50.91999816894531,49.58000183105469,50.040000915527344,43.852455139160156,2270700
2009-09-01,50.0,51.59000015258789,48.869998931884766,49.0099983215332,42.94981384277344,1370000
2009-09-02,50.459999084472656,50.47999954223633,48.13999938964844,48.369998931884766,42.38895797729492,1333800
2009-09-03,48.77000045776367,48.970001220703125,47.439998626708984,48.560001373291016,42.555458068847656,908900
2009-09-04,48.5,49.220001220703125,47.84000015258789,49.209999084472656,43.12507629394531,727900
2009-09-08,49.79999923706055,51.70000076293945,49.599998474121094,51.2400016784668,44.904075622558594,1261500
2009-09-09,51.349998474121094,52.45000076293945,50.720001220703125,52.2400016784668,45.78042221069336,1360000
2009-09-10,52.34000015258789,53.11000061035156,51.31999969482422,53.0099983215332,46.4552001953125,1187400
2009-09-11,52.90999984741211,55.4900016784668,52.5,55.16999816894531,48.34811782836914,2000700
2009-09-14,54.849998474121094,55.0,54.029998779296875,54.779998779296875,48.006351470947266,1034300
2009-09-15,54.720001220703125,56.4900016784668,54.52000045776367,56.34000015258789,49.37343215942383,1218900
2009-09-16,56.560001373291016,60.65999984741211,56.029998779296875,60.650001525878906,53.1505126953125,3969700
2009-09-17,60.43000030517578,62.0,59.709999084472656,59.900001525878906,52.49325180053711,2804400
2009-09-18,60.09000015258789,60.75,57.2400016784668,57.41999816894531,50.319908142089844,2598300
2009-09-21,56.93000030517578,57.16999816894531,55.630001068115234,56.72999954223633,49.71522521972656,1246600
2009-09-22,55.47999954223633,56.83000183105469,54.7599983215332,56.689998626708984,49.680179595947266,1384400
2009-09-23,56.88999938964844,57.4900016784668,55.470001220703125,55.540000915527344,48.672359466552734,1183100
2009-09-24,55.810001373291016,56.45000076293945,53.43000030517578,53.900001525878906,47.23516082763672,1210400
2009-09-25,53.63999938964844,54.52000045776367,52.75,53.029998779296875,46.472740173339844,874800
2009-09-28,53.5,54.959999084472656,52.93000030517578,54.599998474121094,47.84859848022461,749600
2009-09-29,54.630001068115234,55.38999938964844,54.11000061035156,54.630001068115234,47.87489318847656,790600
2009-09-30,54.970001220703125,55.0099983215332,53.29999923706055,54.06999969482422,47.38413619995117,1259200
2009-10-01,53.75,54.150001525878906,50.41999816894531,50.45000076293945,44.211761474609375,2029100
2009-10-02,49.880001068115234,50.900001525878906,49.33000183105469,50.060001373291016,43.86997604370117,1501000
2009-10-05,50.619998931884766,51.0,49.79999923706055,50.439998626708984,44.20299530029297,891000
2009-10-06,51.08000183105469,52.27000045776367,51.029998779296875,51.880001068115234,45.46494674682617,1020600
2009-10-07,51.720001220703125,52.060001373291016,50.77000045776367,51.22999954223633,44.89530944824219,545000
2009-10-08,51.779998779296875,52.939998626708984,51.560001373291016,52.540000915527344,46.04331970214844,991000
2009-10-09,52.630001068115234,52.63999938964844,51.369998931884766,51.810001373291016,45.403602600097656,718600
2009-10-12,52.34000015258789,52.4900016784668,51.36000061035156,51.75,45.35100173950195,478800
2009-10-13,51.5,51.9900016784668,50.95000076293945,51.54999923706055,45.175743103027344,627000
2009-10-14,52.459999084472656,52.459999084472656,50.779998779296875,51.36000061035156,45.00923156738281,967500
2009-10-15,50.95000076293945,53.79999923706055,50.95000076293945,53.5,46.884639739990234,1697300
2009-10-16,53.279998779296875,53.470001220703125,51.65999984741211,52.47999954223633,45.99075698852539,753700
2009-10-19,52.52000045776367,53.36000061035156,51.689998626708984,53.189998626708984,46.612953186035156,1407700
2009-10-20,53.27000045776367,53.97999954223633,52.630001068115234,53.70000076293945,47.059879302978516,1094300
2009-10-21,53.689998626708984,54.369998931884766,52.220001220703125,52.310001373291016,45.841773986816406,985400
2009-10-22,52.41999816894531,53.060001373291016,51.459999084472656,52.470001220703125,45.98197555541992,1009600
2009-10-23,52.779998779296875,53.29999923706055,50.33000183105469,50.72999954223633,44.457122802734375,1230500
2009-10-26,50.79999923706055,51.86000061035156,49.130001068115234,49.220001220703125,43.13386154174805,1259900
2009-10-27,49.060001373291016,49.650001525878906,47.52000045776367,48.33000183105469,42.35390090942383,1735100
2009-10-28,48.290000915527344,48.349998474121094,46.45000076293945,46.650001525878906,40.88163757324219,1016600
2009-10-29,47.150001525878906,48.150001525878906,46.970001220703125,47.79999923706055,41.889434814453125,1022200
2009-10-30,47.720001220703125,47.720001220703125,44.83000183105469,46.029998779296875,40.33831024169922,1751000
2009-11-02,46.27000045776367,47.7599983215332,45.5,47.119998931884766,41.29352951049805,1937200
2009-11-03,45.97999954223633,46.7599983215332,44.70000076293945,45.060001373291016,39.488243103027344,2418400
2009-11-04,45.90999984741211,47.22999954223633,45.38999938964844,45.650001525878906,40.005287170410156,2064400
2009-11-05,45.970001220703125,47.029998779296875,45.970001220703125,47.0,41.188350677490234,1529300
2009-11-06,46.68000030517578,48.220001220703125,46.36000061035156,47.959999084472656,42.0296630859375,1690900
2009-11-09,48.56999969482422,49.15999984741211,48.45000076293945,48.72999954223633,42.70442199707031,1076800
2009-11-10,48.529998779296875,48.849998474121094,47.380001068115234,48.22999954223633,42.266273498535156,1100500
2009-11-11,48.7400016784668,49.83000183105469,48.52000045776367,48.650001525878906,42.63433074951172,823700
2009-11-12,48.630001068115234,49.029998779296875,47.45000076293945,47.65999984741211,41.766746520996094,734100
2009-11-13,47.810001373291016,48.52000045776367,47.16999816894531,48.290000915527344,42.31885528564453,1040800
2009-11-16,48.7400016784668,50.90999984741211,48.70000076293945,50.189998626708984,43.98390579223633,1256900
2009-11-17,49.959999084472656,50.75,49.54999923706055,50.41999816894531,44.18546676635742,1196100
2009-11-18,50.31999969482422,51.060001373291016,50.029998779296875,50.2400016784668,44.027732849121094,2142400
2009-11-19,50.0,50.16999816894531,48.59000015258789,49.5,43.37921905517578,1619500
2009-11-20,50.70000076293945,50.70000076293945,49.18000030517578,49.77000045776367,43.61582946777344,1392000
2009-11-23,50.22999954223633,51.310001373291016,50.22999954223633,50.5099983215332,44.48780059814453,1383700
2009-11-24,50.540000915527344,50.59000015258789,49.540000915527344,49.900001525878906,43.95052719116211,960300
2009-11-25,49.9900016784668,50.38999938964844,49.70000076293945,50.029998779296875,44.065040588378906,840200
2009-11-27,47.959999084472656,49.349998474121094,47.2599983215332,48.689998626708984,42.88481140136719,549500
2009-11-30,48.599998474121094,48.90999984741211,47.720001220703125,48.47999954223633,42.699832916259766,1362700
2009-12-01,48.58000183105469,49.189998626708984,48.290000915527344,48.58000183105469,42.78791427612305,788400
2009-12-02,48.709999084472656,49.83000183105469,48.599998474121094,49.43000030517578,43.536582946777344,1123500
2009-12-03,49.689998626708984,49.77000045776367,48.41999816894531,48.5,42.71745681762695,582000
2009-12-04,49.45000076293945,50.310001373291016,48.0,49.029998779296875,43.18425750732422,1036100
2009-12-07,48.34000015258789,49.349998474121094,48.15999984741211,48.52000045776367,42.735084533691406,984600
2009-12-08,48.25,49.33000183105469,47.349998474121094,48.040000915527344,42.31229019165039,874200
2009-12-09,48.279998779296875,48.68000030517578,47.189998626708984,47.689998626708984,42.00404357910156,1218300
2009-12-10,47.88999938964844,48.13999938964844,47.400001525878906,47.599998474121094,41.92476272583008,899200
2009-12-11,47.88999938964844,47.88999938964844,46.97999954223633,47.880001068115234,42.17137908935547,919500
2009-12-14,48.130001068115234,48.689998626708984,47.84000015258789,48.5,42.71745681762695,870500
2009-12-15,48.22999954223633,48.75,47.93000030517578,48.130001068115234,42.391571044921875,580400
2009-12-16,48.36000061035156,49.25,48.33000183105469,48.869998931884766,43.0433464050293,791600
2009-12-17,48.7599983215332,49.220001220703125,48.0099983215332,48.83000183105469,43.00810623168945,660400
2009-12-18,49.0,49.779998779296875,48.79999923706055,49.779998779296875,43.8448486328125,1409500
2009-12-21,49.68000030517578,51.630001068115234,49.68000030517578,51.2400016784668,45.130775451660156,1605800
2009-12-22,51.29999923706055,53.02000045776367,51.29999923706055,52.88999938964844,46.584049224853516,1024200
2009-12-23,53.0,53.5,52.77000045776367,52.77000045776367,46.47836685180664,1088000
2009-12-24,53.2599983215332,53.66999816894531,52.939998626708984,53.529998779296875,47.14773941040039,354500
2009-12-28,53.5099983215332,53.630001068115234,52.91999816894531,53.27000045776367,46.91874694824219,476800
2009-12-29,53.22999954223633,53.77000045776367,53.220001220703125,53.54999923706055,47.16535568237305,394800
2009-12-30,53.25,53.88999938964844,53.0099983215332,53.56999969482422,47.182979583740234,653500
2009-12-31,53.61000061035156,53.720001220703125,52.66999816894531,52.66999816894531,46.3902702331543,547000
2010-01-04,53.40999984741211,53.40999984741211,52.16999816894531,52.72999954223633,46.44312286376953,1128000
2010-01-05,52.849998474121094,52.93000030517578,52.0,52.93000030517578,46.6192741394043,830300
2010-01-06,52.9900016784668,54.36000061035156,52.9900016784668,53.849998474121094,47.42958068847656,1082900
2010-01-07,54.040000915527344,54.040000915527344,52.689998626708984,53.16999816894531,46.830657958984375,1126900
2010-01-08,53.11000061035156,53.349998474121094,52.290000915527344,52.650001525878906,46.372676849365234,702000
2010-01-11,53.09000015258789,53.119998931884766,51.70000076293945,52.18000030517578,45.95869827270508,973600
2010-01-12,51.709999084472656,52.41999816894531,51.59000015258789,52.08000183105469,45.87062072753906,894800
2010-01-13,52.16999816894531,52.810001373291016,51.61000061035156,52.790000915527344,46.495967864990234,680100
2010-01-14,52.66999816894531,52.869998931884766,52.06999969482422,52.650001525878906,46.372676849365234,482600
2010-01-15,52.66999816894531,52.810001373291016,51.0,51.15999984741211,45.06031036376953,1117100
2010-01-19,51.150001525878906,51.88999938964844,50.70000076293945,51.779998779296875,45.606380462646484,718500
2010-01-20,51.25,51.2599983215332,50.4900016784668,50.959999084472656,44.8841438293457,724400
2010-01-21,50.959999084472656,50.959999084472656,48.40999984741211,48.439998626708984,42.664608001708984,1477100
2010-01-22,48.02000045776367,48.709999084472656,46.959999084472656,47.060001373291016,41.44914245605469,1644600
2010-01-25,47.619998931884766,47.70000076293945,46.25,46.77000045776367,41.1937255859375,1594600
2010-01-26,46.5,47.529998779296875,46.08000183105469,46.939998626708984,41.34346008300781,1020500
2010-01-27,46.59000015258789,46.59000015258789,45.150001525878906,46.220001220703125,40.70929718017578,1506100
2010-01-28,46.45000076293945,46.45000076293945,44.70000076293945,45.16999816894531,39.78447723388672,995700
2010-01-29,45.38999938964844,45.880001068115234,44.029998779296875,44.189998626708984,38.921321868896484,1654800
2010-02-01,44.540000915527344,44.95000076293945,44.11000061035156,44.95000076293945,39.590728759765625,858500
2010-02-02,45.27000045776367,46.040000915527344,44.900001525878906,45.84000015258789,40.37458801269531,931200
2010-02-03,45.7599983215332,46.04999923706055,44.84000015258789,45.119998931884766,39.740447998046875,812400
2010-02-04,44.58000183105469,44.88999938964844,42.97999954223633,43.29999923706055,38.13744354248047,1976200
2010-02-05,43.290000915527344,43.810001373291016,42.59000015258789,43.65999984741211,38.45450210571289,1577200
2010-02-08,43.7400016784668,44.279998779296875,43.25,43.5,38.313602447509766,1544500
2010-02-09,42.97999954223633,43.29999923706055,41.79999923706055,42.630001068115234,37.547325134277344,3844900
2010-02-10,43.689998626708984,43.709999084472656,41.900001525878906,42.83000183105469,37.723480224609375,2004300
2010-02-11,42.79999923706055,43.06999969482422,42.15999984741211,43.04999923706055,37.91724395751953,1215500
2010-02-12,42.290000915527344,42.9900016784668,41.9900016784668,42.939998626708984,37.82036209106445,1457400
2010-02-16,43.209999084472656,44.619998931884766,43.02000045776367,44.47999954223633,39.176753997802734,1312600
2010-02-17,44.63999938964844,45.0,43.970001220703125,44.349998474121094,39.06223678588867,1008500
2010-02-18,44.16999816894531,44.599998474121094,43.93000030517578,44.45000076293945,39.15032958984375,620600
2010-02-19,44.220001220703125,45.61000061035156,44.040000915527344,45.5,40.075138092041016,1372600
2010-02-22,45.709999084472656,46.41999816894531,45.380001068115234,45.81999969482422,40.35697555541992,1215900
2010-02-23,45.900001525878906,46.060001373291016,44.810001373291016,45.18000030517578,39.793312072753906,1340500
2010-02-24,45.119998931884766,45.209999084472656,44.31999969482422,44.880001068115234,39.74900817871094,697600
2010-02-25,44.36000061035156,44.59000015258789,43.720001220703125,44.54999923706055,39.45673751831055,757400
2010-02-26,44.56999969482422,44.68000030517578,43.209999084472656,43.40999984741211,38.44707489013672,1617500
2010-03-01,43.59000015258789,43.59000015258789,42.52000045776367,43.0099983215332,38.09280014038086,1574300
2010-03-02,43.20000076293945,43.540000915527344,42.630001068115234,42.68000030517578,37.8005256652832,1302700
2010-03-03,42.849998474121094,44.040000915527344,42.7400016784668,43.88999938964844,38.872188568115234,1242700
2010-03-04,43.880001068115234,44.349998474121094,43.34000015258789,43.77000045776367,38.765926361083984,1286500
2010-03-05,44.209999084472656,45.13999938964844,44.150001525878906,45.09000015258789,39.93500900268555,867300
2010-03-08,45.119998931884766,46.0099983215332,44.88999938964844,45.95000076293945,40.69668197631836,984100
2010-03-09,45.810001373291016,46.119998931884766,45.189998626708984,45.689998626708984,40.46640396118164,1400200
2010-03-10,45.75,46.060001373291016,45.25,45.40999984741211,40.21839904785156,948900
2010-03-11,45.04999923706055,45.650001525878906,44.720001220703125,45.63999938964844,40.422115325927734,685700
2010-03-12,45.93000030517578,46.0,45.06999969482422,45.2599983215332,40.0855712890625,935200
2010-03-15,45.209999084472656,45.59000015258789,44.900001525878906,45.47999954223633,40.280418395996094,835800
2010-03-16,45.689998626708984,46.619998931884766,45.29999923706055,46.4900016784668,41.1749382019043,2481200
2010-03-17,46.84000015258789,50.400001525878906,46.75,49.650001525878906,43.973670959472656,4235700
2010-03-18,49.650001525878906,49.650001525878906,47.54999923706055,48.38999938964844,42.85772705078125,1943300
2010-03-19,48.56999969482422,48.849998474121094,47.849998474121094,48.56999969482422,43.01714324951172,1772000
2010-03-22,48.0099983215332,50.29999923706055,47.939998626708984,49.54999923706055,43.88509750366211,2105600
2010-03-23,49.70000076293945,50.279998779296875,49.130001068115234,50.18000030517578,44.44307327270508,1488800
2010-03-24,49.900001525878906,50.72999954223633,49.68000030517578,49.72999954223633,44.044517517089844,1451600
2010-03-25,50.130001068115234,50.40999984741211,48.13999938964844,48.2599983215332,42.74258804321289,2447100
2010-03-26,48.36000061035156,48.79999923706055,47.130001068115234,47.779998779296875,42.31745147705078,1451200
2010-03-29,47.970001220703125,48.43000030517578,47.869998931884766,48.220001220703125,42.7071647644043,819500
2010-03-30,48.29999923706055,48.58000183105469,47.279998779296875,47.68000030517578,42.22888946533203,866100
2010-03-31,47.61000061035156,47.939998626708984,47.04999923706055,47.2400016784668,41.83918762207031,723000
2010-04-01,47.459999084472656,49.27000045776367,47.459999084472656,49.09000015258789,43.47768783569336,1512100
2010-04-05,49.119998931884766,49.95000076293945,48.90999984741211,49.41999816894531,43.76994705200195,843600
2010-04-06,49.099998474121094,49.459999084472656,48.5,48.869998931884766,43.2828483581543,1071300
2010-04-07,48.650001525878906,48.939998626708984,47.619998931884766,47.93000030517578,42.45029830932617,1324000
2010-04-08,47.88999938964844,48.31999969482422,47.20000076293945,48.08000183105469,42.58317184448242,941300
2010-04-09,48.11000061035156,48.849998474121094,47.7599983215332,48.41999816894531,42.8842887878418,879100
2010-04-12,48.290000915527344,49.400001525878906,48.25,49.279998779296875,43.645965576171875,1140200
2010-04-13,49.33000183105469,50.04999923706055,49.310001373291016,49.77000045776367,44.079933166503906,1405600
2010-04-14,49.939998626708984,51.56999969482422,49.810001373291016,51.45000076293945,45.56787872314453,1915200
2010-04-15,51.279998779296875,54.119998931884766,50.97999954223633,53.279998779296875,47.188663482666016,2851600
2010-04-16,53.2599983215332,54.9900016784668,51.689998626708984,52.900001525878906,46.85211181640625,1903400
2010-04-19,52.349998474121094,52.939998626708984,51.810001373291016,52.90999984741211,46.860965728759766,1018600
2010-04-20,53.189998626708984,54.119998931884766,52.83000183105469,53.84000015258789,47.684627532958984,1045800
2010-04-21,54.02000045776367,54.869998931884766,53.66999816894531,54.43000030517578,48.207183837890625,1367900
2010-04-22,53.9900016784668,56.0,53.25,55.95000076293945,49.55341339111328,1305800
2010-04-23,55.7599983215332,57.29999923706055,55.04999923706055,57.27000045776367,50.72249221801758,1859300
2010-04-26,57.56999969482422,58.77000045776367,57.189998626708984,57.84000015258789,51.22731399536133,1983000
2010-04-27,57.61000061035156,57.68000030517578,55.0,55.36000061035156,49.03086471557617,1995700
2010-04-28,55.599998474121094,56.380001068115234,54.91999816894531,56.060001373291016,49.650848388671875,1546700
2010-04-29,56.40999984741211,58.61000061035156,56.22999954223633,58.2400016784668,51.58160400390625,1750400
2010-04-30,58.34000015258789,59.33000183105469,57.0,57.279998779296875,50.73135757446289,1951500
2010-05-03,56.20000076293945,59.900001525878906,55.689998626708984,58.88999938964844,52.15727233886719,3965600
2010-05-04,57.040000915527344,57.11000061035156,54.75,55.5,49.15486526489258,3237300
2010-05-05,54.70000076293945,55.72999954223633,52.93000030517578,54.02000045776367,47.84406661987305,2114400
2010-05-06,53.75,55.04999923706055,48.720001220703125,51.75,45.83356857299805,2158300
2010-05-07,51.650001525878906,52.529998779296875,49.75,51.08000183105469,45.24017333984375,2271600
2010-05-10,51.959999084472656,55.310001373291016,51.38999938964844,55.04999923706055,48.75629806518555,2137400
2010-05-11,54.220001220703125,55.7599983215332,53.529998779296875,54.5099983215332,48.27803421020508,2070700
2010-05-12,54.810001373291016,55.47999954223633,54.06999969482422,54.709999084472656,48.455177307128906,2644300
2010-05-13,54.43000030517578,54.810001373291016,53.72999954223633,53.880001068115234,47.720062255859375,849000
2010-05-14,53.27000045776367,53.5099983215332,52.279998779296875,52.880001068115234,46.834373474121094,1035400
2010-05-17,53.060001373291016,53.7599983215332,51.68000030517578,53.290000915527344,47.19752883911133,1095200
2010-05-18,53.86000061035156,54.43000030517578,52.25,52.439998626708984,46.444698333740234,1521000
2010-05-19,52.13999938964844,52.81999969482422,50.959999084472656,51.939998626708984,46.001861572265625,1640200
2010-05-20,50.34000015258789,50.54999923706055,48.7599983215332,48.88999938964844,43.30055236816406,1869500
2010-05-21,47.650001525878906,50.04999923706055,47.650001525878906,49.75,44.06222915649414,1755100
2010-05-24,49.380001068115234,50.08000183105469,49.16999816894531,49.27000045776367,43.637107849121094,1017900
2010-05-25,47.959999084472656,49.349998474121094,47.41999816894531,49.349998474121094,43.70795822143555,1470000
2010-05-26,49.970001220703125,51.06999969482422,49.47999954223633,49.900001525878906,44.420108795166016,1530700
2010-05-27,51.36000061035156,52.0,50.54999923706055,51.95000076293945,46.244991302490234,1108200
2010-05-28,52.0,52.0,50.40999984741211,50.47999954223633,44.93642807006836,1220200
2010-06-01,49.689998626708984,51.18000030517578,49.65999984741211,49.790000915527344,44.32219696044922,1230100
2010-06-02,50.209999084472656,51.06999969482422,49.59000015258789,51.040000915527344,45.43491744995117,1497600
2010-06-03,51.279998779296875,51.619998931884766,50.349998474121094,51.43000030517578,45.782081604003906,1151600
2010-06-04,50.060001373291016,50.25,47.79999923706055,47.95000076293945,42.68425750732422,1756000
2010-06-07,48.310001373291016,48.310001373291016,45.849998474121094,45.86000061035156,40.823768615722656,2996400
2010-06-08,46.06999969482422,46.689998626708984,45.369998931884766,46.130001068115234,41.06413650512695,2737600
2010-06-09,46.47999954223633,46.939998626708984,45.15999984741211,45.38999938964844,40.405391693115234,1970900
2010-06-10,46.68000030517578,47.290000915527344,46.290000915527344,46.77000045776367,41.63383865356445,1522000
2010-06-11,46.31999969482422,47.099998474121094,46.13999938964844,47.0099983215332,41.84749984741211,1037500
2010-06-14,47.43000030517578,47.97999954223633,46.77000045776367,46.900001525878906,41.74955749511719,992500
2010-06-15,47.41999816894531,47.939998626708984,46.97999954223633,47.84000015258789,42.58634567260742,2475600
2010-06-16,47.310001373291016,48.220001220703125,47.0099983215332,47.7400016784668,42.497318267822266,1794600
2010-06-17,47.900001525878906,47.9900016784668,46.470001220703125,47.31999969482422,42.12343215942383,864200
2010-06-18,47.380001068115234,47.619998931884766,47.060001373291016,47.529998779296875,42.31037521362305,1255700
2010-06-21,49.16999816894531,49.709999084472656,48.33000183105469,48.720001220703125,43.369693756103516,1954400
2010-06-22,48.68000030517578,48.970001220703125,46.70000076293945,46.84000015258789,41.6961555480957,1392200
2010-06-23,46.86000061035156,47.540000915527344,45.900001525878906,47.0099983215332,41.84749984741211,987000
2010-06-24,46.59000015258789,47.439998626708984,45.97999954223633,46.119998931884766,41.05522155761719,1433500
2010-06-25,46.689998626708984,46.779998779296875,45.400001525878906,46.06999969482422,41.01069641113281,1245300
2010-06-28,46.04999923706055,46.349998474121094,45.59000015258789,45.77000045776367,40.74366760253906,843400
2010-06-29,44.939998626708984,44.959999084472656,43.599998474121094,44.2400016784668,39.38167953491211,1747600
2010-06-30,44.22999954223633,44.709999084472656,43.72999954223633,43.83000183105469,39.01668930053711,1019000
2010-07-01,43.86000061035156,44.0,42.54999923706055,43.65999984741211,38.8653678894043,1893400
2010-07-02,43.97999954223633,44.41999816894531,43.18000030517578,43.380001068115234,38.61612319946289,923200
2010-07-06,44.310001373291016,44.7400016784668,43.779998779296875,44.310001373291016,39.443992614746094,1423500
2010-07-07,44.189998626708984,44.209999084472656,43.33000183105469,43.7400016784668,38.936588287353516,2220900
2010-07-08,44.18000030517578,44.33000183105469,43.2599983215332,43.88999938964844,39.07011413574219,1403100
2010-07-09,43.869998931884766,44.5099983215332,43.790000915527344,44.470001220703125,39.58641052246094,722500
2010-07-12,44.45000076293945,44.5,43.41999816894531,43.88999938964844,39.07011413574219,665200
2010-07-13,44.470001220703125,45.470001220703125,44.40999984741211,45.2400016784668,40.27185821533203,816600
2010-07-14,44.970001220703125,45.08000183105469,44.209999084472656,45.06999969482422,40.12053298950195,824500
2010-07-15,45.0,45.060001373291016,43.650001525878906,44.470001220703125,39.58641052246094,1021700
2010-07-16,44.09000015258789,44.15999984741211,42.970001220703125,43.2400016784668,38.49151611328125,1492900
2010-07-19,43.43000030517578,43.58000183105469,42.560001373291016,43.20000076293945,38.45588684082031,1564800
2010-07-20,42.79999923706055,44.810001373291016,42.650001525878906,44.79999923706055,39.880184173583984,1082400
2010-07-21,45.439998626708984,45.439998626708984,43.86000061035156,44.150001525878906,39.30156326293945,903800
2010-07-22,44.79999923706055,45.66999816894531,44.79999923706055,45.16999816894531,40.20954895019531,896300
2010-07-23,44.869998931884766,46.290000915527344,44.869998931884766,46.209999084472656,41.13533020019531,682200
2010-07-26,46.09000015258789,47.41999816894531,46.09000015258789,47.380001068115234,42.17683410644531,709400
2010-07-27,48.040000915527344,48.040000915527344,46.70000076293945,46.88999938964844,41.74066162109375,966200
2010-07-28,46.75,46.79999923706055,45.83000183105469,46.0,40.94839096069336,850700
2010-07-29,46.02000045776367,46.16999816894531,44.560001373291016,45.02000045776367,40.076026916503906,1055100
2010-07-30,44.52000045776367,45.54999923706055,44.150001525878906,45.2400016784668,40.27185821533203,1010300
2010-08-02,45.779998779296875,47.22999954223633,45.779998779296875,46.849998474121094,41.70504379272461,1147300
2010-08-03,44.06999969482422,44.939998626708984,42.400001525878906,42.560001373291016,37.88616943359375,4253400
2010-08-04,42.790000915527344,43.25,40.869998931884766,42.2599983215332,37.61912155151367,2777500
2010-08-05,41.45000076293945,41.970001220703125,41.31999969482422,41.599998474121094,37.03159713745117,2001700
2010-08-06,41.25,41.720001220703125,41.0099983215332,41.619998931884766,37.04940414428711,1508800
2010-08-09,41.91999816894531,41.91999816894531,41.33000183105469,41.599998474121094,37.03159713745117,1088600
2010-08-10,41.25,41.279998779296875,40.189998626708984,40.599998474121094,36.14139938354492,1812100
2010-08-11,40.02000045776367,40.2599983215332,39.70000076293945,39.7400016784668,35.3758544921875,1631500
2010-08-12,39.310001373291016,39.369998931884766,38.43000030517578,38.689998626708984,34.44115447998047,1993600
2010-08-13,38.599998474121094,38.88999938964844,38.31999969482422,38.31999969482422,34.111793518066406,1510800
2010-08-16,38.04999923706055,38.29999923706055,37.68000030517578,38.25,34.04948425292969,1669000
2010-08-17,38.72999954223633,39.08000183105469,38.2599983215332,38.61000061035156,34.36995315551758,2656200
2010-08-18,38.56999969482422,39.560001373291016,38.310001373291016,39.20000076293945,34.89516830444336,1440300
2010-08-19,38.83000183105469,38.83000183105469,38.0,38.470001220703125,34.24532699584961,1799900
2010-08-20,38.02000045776367,38.90999984741211,38.02000045776367,38.900001525878906,34.62810516357422,1653600
2010-08-23,39.029998779296875,39.25,38.220001220703125,38.310001373291016,34.10289764404297,1335700
2010-08-24,37.380001068115234,37.38999938964844,36.41999816894531,37.0,33.15309143066406,4303600
2010-08-25,36.689998626708984,37.72999954223633,36.36000061035156,37.599998474121094,33.69071960449219,2097900
2010-08-26,37.75,38.130001068115234,37.36000061035156,37.70000076293945,33.780330657958984,1380900
2010-08-27,38.0099983215332,38.5099983215332,37.38999938964844,38.47999954223633,34.47924041748047,1792100
2010-08-30,38.27000045776367,38.29999923706055,37.40999984741211,37.45000076293945,33.55631637573242,1595900
2010-08-31,37.11000061035156,37.47999954223633,36.650001525878906,36.7599983215332,32.93806076049805,1742500
2010-09-01,37.25,37.72999954223633,37.189998626708984,37.65999984741211,33.74448776245117,1564800
2010-09-02,37.7599983215332,38.70000076293945,37.5099983215332,38.38999938964844,34.398590087890625,1338600
2010-09-03,38.650001525878906,39.369998931884766,38.29999923706055,38.54999923706055,34.54194641113281,1757500
2010-09-07,38.7599983215332,39.75,38.2599983215332,38.2599983215332,34.282100677490234,2855500
2010-09-08,38.2599983215332,38.470001220703125,37.7599983215332,38.25,34.27312469482422,1662700
2010-09-09,38.84000015258789,38.869998931884766,37.720001220703125,38.11000061035156,34.147701263427734,975100
2010-09-10,38.22999954223633,38.70000076293945,37.9900016784668,38.459999084472656,34.4613037109375,1151500
2010-09-13,38.81999969482422,39.0,38.0,38.47999954223633,34.47924041748047,1451200
2010-09-14,38.36000061035156,38.63999938964844,37.689998626708984,37.869998931884766,33.932655334472656,853600
2010-09-15,37.7400016784668,37.95000076293945,37.52000045776367,37.81999969482422,33.88783264160156,798200
2010-09-16,37.72999954223633,37.900001525878906,37.0,37.15999984741211,33.29646301269531,1707600
2010-09-17,36.880001068115234,37.060001373291016,36.54999923706055,36.630001068115234,32.821571350097656,2008700
2010-09-20,36.619998931884766,36.86000061035156,36.5,36.630001068115234,32.821571350097656,2120300
2010-09-21,37.130001068115234,38.2400016784668,37.130001068115234,37.779998779296875,33.85200500488281,3795900
2010-09-22,37.84000015258789,37.88999938964844,36.59000015258789,36.79999923706055,32.973907470703125,1895500
2010-09-23,36.5,36.630001068115234,35.66999816894531,35.70000076293945,31.988252639770508,1471200
2010-09-24,36.11000061035156,36.54999923706055,35.91999816894531,36.459999084472656,32.66925048828125,2809600
2010-09-27,36.650001525878906,36.650001525878906,36.029998779296875,36.209999084472656,32.44524383544922,954000
2010-09-28,36.310001373291016,36.83000183105469,35.61000061035156,36.7400016784668,32.92013168334961,1730500
2010-09-29,36.56999969482422,36.97999954223633,36.369998931884766,36.97999954223633,33.13518524169922,1643200
2010-09-30,37.279998779296875,37.59000015258789,36.65999984741211,36.91999816894531,33.081417083740234,1918900
2010-10-01,37.279998779296875,37.88999938964844,37.15999984741211,37.5,33.601139068603516,2140800
2010-10-04,37.5,37.5,36.81999969482422,36.88999938964844,33.054534912109375,1442200
2010-10-05,37.34000015258789,37.84000015258789,36.95000076293945,37.630001068115234,33.71760559082031,1152100
2010-10-06,37.529998779296875,38.16999816894531,37.34000015258789,37.9900016784668,34.04017639160156,1356700
2010-10-07,38.209999084472656,38.209999084472656,36.970001220703125,37.099998474121094,33.24270248413086,1326600
2010-10-08,37.099998474121094,37.279998779296875,36.45000076293945,36.790000915527344,32.964942932128906,2541300
2010-10-11,36.779998779296875,36.849998474121094,36.310001373291016,36.5099983215332,32.71405792236328,1358100
2010-10-12,36.33000183105469,36.349998474121094,35.869998931884766,36.0099983215332,32.26603317260742,1653400
2010-10-13,36.290000915527344,36.59000015258789,36.02000045776367,36.5099983215332,32.71405792236328,1387600
2010-10-14,36.540000915527344,36.650001525878906,36.18000030517578,36.43000030517578,32.64236068725586,1484500
2010-10-15,36.7400016784668,36.81999969482422,36.11000061035156,36.529998779296875,32.731971740722656,1278100
2010-10-18,36.529998779296875,36.529998779296875,36.18000030517578,36.5099983215332,32.71405792236328,851800
2010-10-19,35.84000015258789,36.189998626708984,35.400001525878906,35.88999938964844,32.15850830078125,2367700
2010-10-20,35.93000030517578,36.349998474121094,35.720001220703125,36.189998626708984,32.42731857299805,1322500
2010-10-21,36.33000183105469,37.11000061035156,36.09000015258789,36.369998931884766,32.58861541748047,1953200
2010-10-22,36.470001220703125,36.709999084472656,36.20000076293945,36.70000076293945,32.884307861328125,881000
2010-10-25,37.0099983215332,37.470001220703125,36.7400016784668,36.939998626708984,33.09934997558594,1036200
2010-10-26,36.70000076293945,37.0,36.52000045776367,36.75,32.92909240722656,863200
2010-10-27,36.34000015258789,36.439998626708984,35.79999923706055,36.22999954223633,32.46315383911133,1101900
2010-10-28,36.54999923706055,36.599998474121094,35.959999084472656,36.2599983215332,32.49003601074219,911900
2010-10-29,36.2400016784668,36.630001068115234,35.849998474121094,36.5099983215332,32.71405792236328,987100
2010-11-01,36.66999816894531,36.86000061035156,35.939998626708984,36.20000076293945,32.436283111572266,2042200
2010-11-02,35.650001525878906,39.70000076293945,35.650001525878906,39.290000915527344,35.44983673095703,5084300
2010-11-03,39.470001220703125,39.66999816894531,38.08000183105469,38.880001068115234,35.07991027832031,2015300
2010-11-04,39.34000015258789,41.349998474121094,39.2599983215332,41.34000015258789,37.29948043823242,2723600
2010-11-05,41.36000061035156,43.4900016784668,41.18000030517578,42.38999938964844,38.2468376159668,3053100
2010-11-08,42.2599983215332,43.5,42.099998474121094,43.43000030517578,39.1851921081543,2016300
2010-11-09,43.47999954223633,43.47999954223633,41.869998931884766,42.119998931884766,38.003238677978516,1320200
2010-11-10,42.099998474121094,42.220001220703125,40.81999969482422,41.810001373291016,37.72353744506836,1488400
2010-11-11,41.310001373291016,41.79999923706055,41.0099983215332,41.630001068115234,37.561126708984375,1149500
2010-11-12,41.20000076293945,41.810001373291016,40.540000915527344,40.65999984741211,36.68592834472656,1271500
2010-11-15,40.810001373291016,40.95000076293945,39.560001373291016,39.61000061035156,35.738555908203125,1184000
2010-11-16,39.45000076293945,39.81999969482422,38.709999084472656,39.150001525878906,35.32351303100586,1323200
2010-11-17,39.08000183105469,39.349998474121094,38.66999816894531,38.939998626708984,35.134033203125,719800
2010-11-18,39.540000915527344,40.209999084472656,39.310001373291016,39.619998931884766,35.747562408447266,806100
2010-11-19,39.630001068115234,39.709999084472656,39.16999816894531,39.54999923706055,35.684425354003906,841200
2010-11-22,39.31999969482422,40.029998779296875,39.0,40.0,36.090450286865234,843600
2010-11-23,39.369998931884766,39.619998931884766,39.04999923706055,39.20000076293945,35.36863327026367,677800
2010-11-24,39.58000183105469,40.0,39.47999954223633,39.900001525878906,36.000213623046875,542600
2010-11-26,39.68000030517578,39.68000030517578,38.70000076293945,38.7599983215332,34.97164535522461,513200
2010-11-29,38.4900016784668,39.619998931884766,38.4900016784668,39.459999084472656,35.603214263916016,889900
2010-11-30,39.04999923706055,40.459999084472656,38.79999923706055,40.119998931884766,36.19871520996094,1459100
2010-12-01,40.95000076293945,42.310001373291016,40.630001068115234,41.939998626708984,37.840816497802734,1262000
2010-12-02,42.0,42.689998626708984,41.63999938964844,42.349998474121094,38.210750579833984,1546800
2010-12-03,42.060001373291016,42.29999923706055,41.720001220703125,42.0,37.89497375488281,1909700
2010-12-06,41.95000076293945,42.060001373291016,41.45000076293945,41.66999816894531,37.59721374511719,910100
2010-12-07,42.470001220703125,42.70000076293945,42.130001068115234,42.279998779296875,38.1475944519043,2103500
2010-12-08,42.40999984741211,42.630001068115234,41.66999816894531,42.290000915527344,38.156612396240234,611100
2010-12-09,42.43000030517578,42.58000183105469,41.880001068115234,42.52000045776367,38.3641242980957,943800
2010-12-10,42.5,43.47999954223633,42.5,43.279998779296875,39.04986572265625,968400
2010-12-13,43.439998626708984,45.06999969482422,43.400001525878906,44.779998779296875,40.403236389160156,1560600
2010-12-14,44.88999938964844,47.56999969482422,44.81999969482422,47.369998931884766,42.740089416503906,3244400
2010-12-15,47.279998779296875,48.2599983215332,46.15999984741211,46.38999938964844,41.85588455200195,2328300
2010-12-16,46.41999816894531,47.34000015258789,46.18000030517578,47.33000183105469,42.704002380371094,986700
2010-12-17,47.099998474121094,47.33000183105469,45.9900016784668,46.060001373291016,41.558143615722656,2131100
2010-12-20,46.09000015258789,46.470001220703125,45.279998779296875,45.5,41.05287170410156,1541900
2010-12-21,45.54999923706055,45.900001525878906,45.380001068115234,45.5099983215332,41.06189727783203,1217000
2010-12-22,45.63999938964844,45.709999084472656,45.029998779296875,45.220001220703125,40.800235748291016,1164200
2010-12-23,45.09000015258789,45.56999969482422,44.689998626708984,44.81999969482422,40.439334869384766,1034500
2010-12-27,44.709999084472656,44.79999923706055,44.119998931884766,44.43000030517578,40.08744430541992,823800
2010-12-28,44.63999938964844,44.63999938964844,44.08000183105469,44.33000183105469,39.99723815917969,634900
2010-12-29,44.4900016784668,45.33000183105469,44.45000076293945,45.16999816894531,40.755126953125,938100
2010-12-30,45.02000045776367,45.150001525878906,44.709999084472656,44.83000183105469,40.44834899902344,867300
2010-12-31,44.70000076293945,44.90999984741211,44.189998626708984,44.36000061035156,40.024288177490234,866900
2011-01-03,44.90999984741211,45.220001220703125,44.36000061035156,44.459999084472656,40.11451721191406,1527200
2011-01-04,43.40999984741211,43.63999938964844,41.779998779296875,42.13999938964844,38.02128601074219,2475200
2011-01-05,41.720001220703125,42.119998931884766,40.52000045776367,41.2599983215332,37.22728729248047,3242200
2011-01-06,41.22999954223633,41.369998931884766,40.290000915527344,40.4900016784668,36.53253936767578,1942300
2011-01-07,40.5,40.9900016784668,39.95000076293945,40.5,36.541561126708984,1498600
2011-01-10,40.33000183105469,40.849998474121094,39.77000045776367,40.369998931884766,36.424278259277344,1508600
2011-01-11,40.63999938964844,40.970001220703125,40.279998779296875,40.5,36.541561126708984,1063800
2011-01-12,40.86000061035156,41.72999954223633,40.54999923706055,40.709999084472656,36.73103713989258,1290000
2011-01-13,40.77000045776367,41.2400016784668,40.369998931884766,40.5099983215332,36.550601959228516,1099200
2011-01-14,40.220001220703125,41.09000015258789,40.060001373291016,41.060001373291016,37.046844482421875,1003800
2011-01-18,41.040000915527344,41.25,40.380001068115234,40.599998474121094,36.63178253173828,967500
2011-01-19,40.720001220703125,40.91999816894531,40.189998626708984,40.369998931884766,36.424278259277344,1084300
2011-01-20,40.22999954223633,41.08000183105469,40.04999923706055,40.650001525878906,36.67689514160156,1024100
2011-01-21,40.93000030517578,41.220001220703125,40.290000915527344,40.5099983215332,36.550601959228516,1199900
2011-01-24,40.43000030517578,42.72999954223633,40.43000030517578,42.02000045776367,37.91300582885742,1312400
2011-01-25,41.959999084472656,42.41999816894531,41.58000183105469,42.22999954223633,38.10247802734375,1513800
2011-01-26,42.29999923706055,43.13999938964844,41.86000061035156,43.040000915527344,38.833309173583984,1545100
2011-01-27,43.09000015258789,43.25,42.540000915527344,43.15999984741211,38.94157791137695,1025700
2011-01-28,43.25,43.5,41.470001220703125,41.720001220703125,37.642337799072266,1524900
2011-01-31,41.95000076293945,42.75,41.540000915527344,42.560001373291016,38.40022659301758,1081000
2011-02-01,43.09000015258789,43.81999969482422,42.810001373291016,43.119998931884766,38.90550231933594,1523100
2011-02-02,42.9900016784668,43.31999969482422,42.4900016784668,42.849998474121094,38.661869049072266,1329400
2011-02-03,41.63999938964844,45.11000061035156,39.939998626708984,43.369998931884766,39.13105392456055,5535700
2011-02-04,43.59000015258789,43.83000183105469,42.43000030517578,42.95000076293945,38.75211715698242,1604100
2011-02-07,43.0099983215332,44.63999938964844,43.0099983215332,44.61000061035156,40.249847412109375,1514400
2011-02-08,44.779998779296875,45.75,44.36000061035156,44.7599983215332,40.38518524169922,1516100
2011-02-09,44.52000045776367,44.65999984741211,43.900001525878906,44.08000183105469,39.771663665771484,847100
2011-02-10,43.93000030517578,44.58000183105469,43.810001373291016,44.099998474121094,39.789703369140625,737500
2011-02-11,43.849998474121094,44.54999923706055,43.619998931884766,44.470001220703125,40.12354278564453,1113200
2011-02-14,44.4900016784668,44.66999816894531,44.209999084472656,44.459999084472656,40.11451721191406,1092100
2011-02-15,44.34000015258789,44.59000015258789,43.72999954223633,43.7599983215332,39.4829216003418,702500
2011-02-16,43.93000030517578,45.459999084472656,43.93000030517578,45.41999816894531,40.980690002441406,894600
2011-02-17,45.2599983215332,47.18000030517578,45.099998474121094,46.97999954223633,42.388221740722656,1536400
2011-02-18,47.16999816894531,47.16999816894531,46.41999816894531,46.72999954223633,42.16264724731445,1016200
2011-02-22,45.5099983215332,46.04999923706055,43.959999084472656,44.209999084472656,39.888954162597656,1457000
2011-02-23,44.380001068115234,44.380001068115234,42.41999816894531,43.40999984741211,39.3898811340332,1824000
2011-02-24,43.369998931884766,44.290000915527344,42.72999954223633,43.29999923706055,39.290077209472656,967100
2011-02-25,43.63999938964844,45.029998779296875,43.459999084472656,44.970001220703125,40.80541229248047,793300
2011-02-28,45.13999938964844,45.88999938964844,44.97999954223633,45.849998474121094,41.60392761230469,827800
2011-03-01,45.91999816894531,45.9900016784668,43.56999969482422,43.630001068115234,39.589500427246094,1294000
2011-03-02,43.4900016784668,44.849998474121094,43.470001220703125,43.880001068115234,39.81636428833008,957100
2011-03-03,44.4900016784668,44.939998626708984,43.7599983215332,44.349998474121094,40.242828369140625,1233900
2011-03-04,44.2599983215332,44.529998779296875,43.150001525878906,43.66999816894531,39.625816345214844,1041300
2011-03-07,43.79999923706055,44.20000076293945,42.869998931884766,42.93000030517578,38.954322814941406,1141600
2011-03-08,42.91999816894531,44.470001220703125,42.68000030517578,44.0,39.92525100708008,858000
2011-03-09,43.72999954223633,44.25,43.34000015258789,43.939998626708984,39.87080001831055,606300
2011-03-10,43.20000076293945,43.36000061035156,42.2599983215332,42.34000015258789,38.418975830078125,1337400
2011-03-11,42.16999816894531,43.08000183105469,41.88999938964844,42.13999938964844,38.23750686645508,1380800
2011-03-14,41.970001220703125,43.040000915527344,41.75,42.619998931884766,38.67303466796875,1001000
2011-03-15,41.150001525878906,43.33000183105469,41.0,43.0,39.01785659790039,915300
2011-03-16,42.79999923706055,42.880001068115234,41.630001068115234,41.97999954223633,38.09231185913086,1122500
2011-03-17,42.9900016784668,43.18000030517578,42.099998474121094,42.45000076293945,38.51879119873047,580300
2011-03-18,43.310001373291016,43.369998931884766,42.63999938964844,43.02000045776367,39.036006927490234,981000
2011-03-21,43.43000030517578,43.79999923706055,43.119998931884766,43.630001068115234,39.589500427246094,549000
2011-03-22,43.56999969482422,43.720001220703125,42.72999954223633,42.91999816894531,38.94527053833008,892200
2011-03-23,42.790000915527344,43.20000076293945,42.70000076293945,43.060001373291016,39.07231140136719,625200
2011-03-24,43.380001068115234,44.79999923706055,43.290000915527344,44.72999954223633,40.58763885498047,1027300
2011-03-25,44.75,45.83000183105469,44.68000030517578,45.290000915527344,41.09579086303711,1514800
2011-03-28,45.34000015258789,45.47999954223633,44.779998779296875,44.81999969482422,40.6693115234375,775600
2011-03-29,44.7400016784668,45.189998626708984,44.650001525878906,45.040000915527344,40.868919372558594,701700
2011-03-30,45.459999084472656,45.7400016784668,44.90999984741211,45.619998931884766,41.395206451416016,551000
2011-03-31,45.529998779296875,45.72999954223633,45.0099983215332,45.599998474121094,41.37706756591797,694800
2011-04-01,46.0,46.650001525878906,45.79999923706055,46.279998779296875,41.99409484863281,794700
2011-04-04,46.31999969482422,46.630001068115234,45.63999938964844,45.849998474121094,41.60392761230469,797500
2011-04-05,45.619998931884766,46.33000183105469,45.09000015258789,46.04999923706055,41.785400390625,547000
2011-04-06,46.41999816894531,46.77000045776367,45.79999923706055,46.119998931884766,41.84893035888672,582900
2011-04-07,46.0,46.79999923706055,45.65999984741211,45.790000915527344,41.54949188232422,575800
2011-04-08,46.18000030517578,46.54999923706055,44.790000915527344,45.0,40.83265686035156,688900
2011-04-11,45.0,45.150001525878906,44.2599983215332,44.560001373291016,40.43337631225586,969700
2011-04-12,44.130001068115234,44.43000030517578,43.7400016784668,43.95000076293945,39.8798828125,917300
2011-04-13,44.279998779296875,44.4900016784668,43.060001373291016,43.68000030517578,39.63489532470703,1225300
2011-04-14,43.34000015258789,43.779998779296875,42.63999938964844,43.45000076293945,39.426185607910156,1019800
2011-04-15,43.61000061035156,44.0,43.22999954223633,43.619998931884766,39.58041763305664,1004400
2011-04-18,42.869998931884766,43.040000915527344,42.20000076293945,42.54999923706055,38.60953140258789,1269600
2011-04-19,42.58000183105469,42.91999816894531,42.150001525878906,42.31999969482422,38.40083312988281,829200
2011-04-20,43.099998474121094,43.290000915527344,42.349998474121094,42.7599983215332,38.80007553100586,1060600
2011-04-21,43.09000015258789,43.7599983215332,42.79999923706055,43.65999984741211,39.61672592163086,760800
2011-04-25,43.599998474121094,44.040000915527344,43.439998626708984,43.84000015258789,39.78007125854492,755900
2011-04-26,44.189998626708984,44.25,43.66999816894531,43.97999954223633,39.9071044921875,1102900
2011-04-27,44.119998931884766,44.36000061035156,43.790000915527344,44.220001220703125,40.124881744384766,1491600
2011-04-28,44.040000915527344,44.439998626708984,43.849998474121094,44.34000015258789,40.2337646484375,867400
2011-04-29,44.43000030517578,45.310001373291016,44.40999984741211,45.20000076293945,41.01411819458008,1138500
2011-05-02,45.41999816894531,45.84000015258789,45.20000076293945,45.45000076293945,41.240962982177734,956200
2011-05-03,45.380001068115234,45.88999938964844,44.630001068115234,45.119998931884766,40.941532135009766,1544900
2011-05-04,44.849998474121094,45.02000045776367,43.130001068115234,44.20000076293945,40.106719970703125,1580100
2011-05-05,43.459999084472656,43.75,41.27000045776367,41.380001068115234,37.54788589477539,3179900
2011-05-06,42.040000915527344,42.529998779296875,40.779998779296875,40.91999816894531,37.13048553466797,1422500
2011-05-09,41.029998779296875,41.060001373291016,40.31999969482422,40.529998779296875,36.776611328125,1001600
2011-05-10,40.779998779296875,41.90999984741211,40.540000915527344,41.7599983215332,37.8926887512207,1451100
2011-05-11,41.599998474121094,41.599998474121094,40.400001525878906,40.939998626708984,37.14862823486328,1225700
2011-05-12,40.869998931884766,41.130001068115234,40.0,40.58000183105469,36.82197952270508,903000
2011-05-13,40.540000915527344,40.77000045776367,39.869998931884766,39.97999954223633,36.277530670166016,1229700
2011-05-16,39.7599983215332,40.97999954223633,39.619998931884766,40.31999969482422,36.58605194091797,1246600
2011-05-17,40.119998931884766,40.70000076293945,39.869998931884766,40.56999969482422,36.812896728515625,1520900
2011-05-18,40.40999984741211,40.84000015258789,40.29999923706055,40.70000076293945,36.93086624145508,901800
2011-05-19,40.83000183105469,41.099998474121094,40.43000030517578,40.619998931884766,36.8582649230957,718800
2011-05-20,40.47999954223633,40.58000183105469,39.689998626708984,40.2599983215332,36.53160858154297,1025100
2011-05-23,39.810001373291016,39.959999084472656,39.310001373291016,39.31999969482422,35.67866516113281,837000
2011-05-24,39.41999816894531,39.970001220703125,39.400001525878906,39.72999954223633,36.05067443847656,684700
2011-05-25,39.209999084472656,39.630001068115234,38.630001068115234,38.790000915527344,35.42061233520508,2038900
2011-05-26,38.720001220703125,39.16999816894531,38.25,39.099998474121094,35.70368957519531,1067300
2011-05-27,39.31999969482422,39.900001525878906,39.25,39.529998779296875,36.096343994140625,673700
2011-05-31,40.25,40.529998779296875,39.970001220703125,40.4900016784668,36.972957611083984,1337500
2011-06-01,40.220001220703125,40.279998779296875,38.9900016784668,39.02000045776367,35.630645751953125,1252200
2011-06-02,39.15999984741211,39.33000183105469,38.75,38.90999984741211,35.53019714355469,1019500
2011-06-03,38.369998931884766,38.38999938964844,37.709999084472656,37.779998779296875,34.498348236083984,1138500
2011-06-06,37.619998931884766,37.709999084472656,37.029998779296875,37.630001068115234,34.361385345458984,1672300
2011-06-07,37.95000076293945,38.04999923706055,37.470001220703125,37.630001068115234,34.361385345458984,1016000
2011-06-08,37.540000915527344,37.540000915527344,36.93000030517578,37.27000045776367,34.03265380859375,1505400
2011-06-09,37.290000915527344,37.709999084472656,37.16999816894531,37.43000030517578,34.17874526977539,1068000
2011-06-10,37.130001068115234,37.279998779296875,36.5099983215332,36.970001220703125,33.75872039794922,1283500
2011-06-13,37.08000183105469,37.79999923706055,37.08000183105469,37.56999969482422,34.306602478027344,1727600
2011-06-14,38.0099983215332,39.220001220703125,37.900001525878906,38.72999954223633,35.36583709716797,1437600
2011-06-15,38.25,38.52000045776367,37.36000061035156,37.779998779296875,34.498348236083984,1417000
2011-06-16,37.779998779296875,38.369998931884766,37.709999084472656,38.0,34.6992301940918,1417600
2011-06-17,38.41999816894531,39.08000183105469,38.38999938964844,38.869998931884766,35.4936637878418,1710400
2011-06-20,38.63999938964844,39.189998626708984,38.31999969482422,39.029998779296875,35.63978958129883,1061100
2011-06-21,39.2599983215332,39.90999984741211,39.220001220703125,39.59000015258789,36.1511344909668,980500
2011-06-22,39.29999923706055,39.66999816894531,38.91999816894531,39.08000183105469,35.685428619384766,705500
2011-06-23,38.40999984741211,38.65999984741211,37.68000030517578,38.650001525878906,35.29277420043945,1987600
2011-06-24,38.75,38.849998474121094,38.02000045776367,38.33000183105469,35.000579833984375,1045000
2011-06-27,38.43000030517578,38.5,38.0,38.25,34.92752456665039,1024800
2011-06-28,38.38999938964844,38.849998474121094,38.27000045776367,38.470001220703125,35.12842559814453,1129000
2011-06-29,38.75,38.81999969482422,38.20000076293945,38.529998779296875,35.18321228027344,1483400
2011-06-30,38.70000076293945,39.0,38.40999984741211,38.529998779296875,35.18321228027344,2162600
2011-07-01,38.650001525878906,39.900001525878906,38.20000076293945,39.720001220703125,36.269840240478516,1266100
2011-07-05,39.7400016784668,39.869998931884766,38.81999969482422,39.560001373291016,36.123741149902344,1335700
2011-07-06,39.43000030517578,39.709999084472656,39.04999923706055,39.33000183105469,35.91371536254883,887500
2011-07-07,39.790000915527344,39.9900016784668,38.88999938964844,39.689998626708984,36.242454528808594,1866500
2011-07-08,39.150001525878906,39.25,37.880001068115234,38.029998779296875,34.72663116455078,1875100
2011-07-11,37.47999954223633,37.58000183105469,36.880001068115234,37.06999969482422,33.850013732910156,2112100
2011-07-12,37.0099983215332,37.650001525878906,36.88999938964844,36.90999984741211,33.70392608642578,1670400
2011-07-13,37.04999923706055,37.59000015258789,36.83000183105469,36.93000030517578,33.7221794128418,1068200
2011-07-14,36.83000183105469,36.9900016784668,35.849998474121094,35.91999816894531,32.79990768432617,1777300
2011-07-15,36.029998779296875,36.16999816894531,35.150001525878906,35.66999816894531,32.57163619995117,1799900
2011-07-18,35.41999816894531,35.63999938964844,34.709999084472656,34.93000030517578,31.89590835571289,1244200
2011-07-19,35.06999969482422,35.70000076293945,35.029998779296875,35.369998931884766,32.297706604003906,1040100
2011-07-20,35.400001525878906,35.869998931884766,35.33000183105469,35.400001525878906,32.32508850097656,997700
2011-07-21,35.650001525878906,36.36000061035156,35.52000045776367,36.130001068115234,32.99167251586914,1399100
2011-07-22,36.08000183105469,36.11000061035156,35.099998474121094,35.849998474121094,32.73598861694336,1050000
2011-07-25,35.4900016784668,36.31999969482422,35.279998779296875,35.72999954223633,32.62643051147461,1000500
2011-07-26,35.970001220703125,36.0,35.2599983215332,35.5099983215332,32.425540924072266,1326000
2011-07-27,35.20000076293945,35.34000015258789,34.36000061035156,34.45000076293945,31.45761489868164,1932400
2011-07-28,34.5,34.720001220703125,33.810001373291016,33.83000183105469,30.891437530517578,1525100
2011-07-29,33.540000915527344,34.5099983215332,33.27000045776367,34.290000915527344,31.31150245666504,2365600
2011-08-01,34.72999954223633,34.75,33.13999938964844,33.540000915527344,30.626649856567383,1896500
2011-08-02,32.86000061035156,32.939998626708984,31.440000534057617,31.440000534057617,28.709056854248047,3885800
2011-08-03,31.649999618530273,33.11000061035156,30.81999969482422,33.0,30.133560180664062,4351400
2011-08-04,32.650001525878906,34.540000915527344,32.470001220703125,33.540000915527344,30.626649856567383,6708300
2011-08-05,34.189998626708984,34.400001525878906,33.189998626708984,33.75,30.818403244018555,6151200
2011-08-08,32.83000183105469,33.650001525878906,32.13999938964844,32.54999923706055,29.722639083862305,9031300
2011-08-09,33.13999938964844,33.40999984741211,28.889999389648438,32.310001373291016,29.503488540649414,8224900
2011-08-10,31.540000915527344,31.760000228881836,29.93000030517578,30.18000030517578,27.55850601196289,5283100
2011-08-11,30.260000228881836,31.190000534057617,29.600000381469727,30.68000030517578,28.01506805419922,3995800
2011-08-12,30.8799991607666,31.469999313354492,30.0,30.25,27.622421264648438,2641300
2011-08-15,30.950000762939453,32.86000061035156,30.6200008392334,32.83000183105469,29.97831153869629,2381300
2011-08-16,31.850000381469727,33.43000030517578,31.850000381469727,33.150001525878906,30.270532608032227,3020900
2011-08-17,33.310001373291016,33.72999954223633,32.2599983215332,32.41999816894531,29.60392951965332,2434600
2011-08-18,31.559999465942383,31.559999465942383,29.68000030517578,29.969999313354492,27.36673927307129,2899000
2011-08-19,29.950000762939453,30.350000381469727,29.239999771118164,29.559999465942383,26.992355346679688,2257800
2011-08-22,29.899999618530273,30.329999923706055,29.299999237060547,30.020000457763672,27.41240119934082,2107800
2011-08-23,30.1200008392334,31.899999618530273,29.670000076293945,31.899999618530273,29.12909698486328,2001500
2011-08-24,31.639999389648438,33.72999954223633,31.540000915527344,33.599998474121094,30.92378044128418,2253800
2011-08-25,33.79999923706055,34.0,32.84000015258789,33.56999969482422,30.89617156982422,1473000
2011-08-26,33.5,34.72999954223633,33.2400016784668,34.4900016784668,31.74289321899414,1534400
2011-08-29,35.150001525878906,35.97999954223633,34.560001373291016,35.20000076293945,32.396366119384766,1697000
2011-08-30,35.09000015258789,35.27000045776367,34.0,35.0099983215332,32.22148513793945,2186400
2011-08-31,35.459999084472656,36.08000183105469,34.880001068115234,35.029998779296875,32.2398796081543,1790200
2011-09-01,35.150001525878906,35.83000183105469,34.15999984741211,34.22999954223633,31.50360870361328,2028200
2011-09-02,34.31999969482422,34.31999969482422,32.38999938964844,32.470001220703125,29.8837890625,1820500
2011-09-06,30.68000030517578,36.70000076293945,30.68000030517578,34.880001068115234,32.101837158203125,4405400
2011-09-07,35.290000915527344,35.880001068115234,34.34000015258789,35.59000015258789,32.75528335571289,3091800
2011-09-08,34.869998931884766,35.150001525878906,34.279998779296875,34.529998779296875,31.77971076965332,1924500
2011-09-09,34.220001220703125,34.220001220703125,31.670000076293945,31.809999465942383,29.276363372802734,3392100
2011-09-12,31.559999465942383,32.4900016784668,31.200000762939453,32.33000183105469,29.75493812561035,1686800
2011-09-13,32.349998474121094,33.45000076293945,31.950000762939453,32.970001220703125,30.34395980834961,1847200
2011-09-14,33.29999923706055,33.7599983215332,32.29999923706055,33.20000076293945,30.555639266967773,1875100
2011-09-15,33.65999984741211,33.880001068115234,33.150001525878906,33.2599983215332,30.61086654663086,1122000
2011-09-16,33.45000076293945,34.220001220703125,32.70000076293945,33.18000030517578,30.5372314453125,1624300
2011-09-19,32.5,32.560001373291016,30.899999618530273,31.360000610351562,28.862201690673828,1405300
2011-09-20,31.5,32.11000061035156,30.719999313354492,30.770000457763672,28.31919288635254,1264100
2011-09-21,30.6299991607666,31.229999542236328,29.920000076293945,29.920000076293945,27.536895751953125,2059000
2011-09-22,29.040000915527344,29.40999984741211,28.200000762939453,28.65999984741211,26.377246856689453,2670700
2011-09-23,28.530000686645508,30.219999313354492,28.350000381469727,28.8799991607666,26.579727172851562,1938600
2011-09-26,29.25,29.860000610351562,28.450000762939453,29.799999237060547,27.426454544067383,1604100
2011-09-27,31.040000915527344,31.760000228881836,29.979999542236328,30.200000762939453,27.794591903686523,1712000
2011-09-28,30.3799991607666,30.440000534057617,29.34000015258789,29.420000076293945,27.07672691345215,1297000
2011-09-29,29.760000228881836,29.989999771118164,28.1299991607666,28.950000762939453,26.644161224365234,2005600
2011-09-30,28.469999313354492,28.68000030517578,27.440000534057617,27.559999465942383,25.364864349365234,1673300
2011-10-03,27.579999923706055,27.579999923706055,25.959999084472656,26.190000534057617,24.10399055480957,3081700
2011-10-04,25.84000015258789,27.510000228881836,25.059999465942383,27.420000076293945,25.236013412475586,2400000
2011-10-05,27.309999465942383,28.75,27.239999771118164,28.40999984741211,26.14715576171875,1571900
2011-10-06,28.350000381469727,29.239999771118164,27.81999969482422,29.06999969482422,26.754592895507812,827200
2011-10-07,29.40999984741211,29.6299991607666,27.530000686645508,28.040000915527344,25.80663299560547,988900
2011-10-10,28.649999618530273,29.959999084472656,28.649999618530273,29.940000534057617,27.555299758911133,1187500
2011-10-11,29.59000015258789,31.209999084472656,29.440000534057617,31.030000686645508,28.558486938476562,2064800
2011-10-12,31.239999771118164,31.81999969482422,30.860000610351562,31.459999084472656,28.95423698425293,1255800
2011-10-13,31.1200008392334,31.559999465942383,30.190000534057617,31.40999984741211,28.908212661743164,1148600
2011-10-14,31.920000076293945,32.2400016784668,31.110000610351562,32.119998931884766,29.561674118041992,725100
2011-10-17,31.93000030517578,32.099998474121094,29.889999389648438,30.139999389648438,27.73936653137207,2394100
2011-10-18,30.209999084472656,31.030000686645508,29.6200008392334,30.860000610351562,28.40201759338379,2118000
2011-10-19,30.8799991607666,31.200000762939453,29.969999313354492,30.200000762939453,27.794591903686523,1507000
2011-10-20,30.059999465942383,30.5,29.579999923706055,30.260000228881836,27.849809646606445,1303400
2011-10-21,30.549999237060547,30.950000762939453,30.239999771118164,30.8700008392334,28.411226272583008,1306800
2011-10-24,30.940000534057617,32.11000061035156,30.899999618530273,32.08000183105469,29.524852752685547,1603200
2011-10-25,31.729999542236328,32.040000915527344,30.760000228881836,30.829999923706055,28.374408721923828,1320500
2011-10-26,31.469999313354492,31.790000915527344,30.670000076293945,31.549999237060547,29.037067413330078,1637300
2011-10-27,33.4900016784668,34.90999984741211,32.36000061035156,34.630001068115234,31.87174415588379,2387200
2011-10-28,34.56999969482422,34.599998474121094,32.79999923706055,33.209999084472656,30.564849853515625,1598500
2011-10-31,33.099998474121094,33.13999938964844,31.25,31.290000915527344,28.797779083251953,1507000
2011-11-01,29.940000534057617,30.979999542236328,29.100000381469727,30.219999313354492,27.812997817993164,2421300
2011-11-02,30.969999313354492,31.950000762939453,30.479999542236328,30.889999389648438,28.42963218688965,1429700
2011-11-03,29.709999084472656,31.299999237060547,29.059999465942383,31.190000534057617,28.705734252929688,1889300
2011-11-04,30.760000228881836,31.170000076293945,29.969999313354492,30.600000381469727,28.1627254486084,1144200
2011-11-07,30.59000015258789,31.020000457763672,29.59000015258789,30.309999465942383,27.895832061767578,1463200
2011-11-08,30.649999618530273,31.469999313354492,30.25,31.350000381469727,28.852996826171875,1266400
2011-11-09,30.110000610351562,30.299999237060547,28.809999465942383,29.049999237060547,26.736188888549805,2250300
2011-11-10,30.0,30.299999237060547,29.25,29.790000915527344,27.417245864868164,1573100
2011-11-11,30.260000228881836,30.940000534057617,30.15999984741211,30.510000228881836,28.079898834228516,1124400
2011-11-14,30.209999084472656,30.93000030517578,30.170000076293945,30.559999465942383,28.12592124938965,1358900
2011-11-15,30.350000381469727,32.4900016784668,30.350000381469727,32.22999954223633,29.66290283203125,2238600
2011-11-16,31.760000228881836,32.369998931884766,31.43000030517578,31.549999237060547,29.037067413330078,1474400
2011-11-17,31.649999618530273,32.75,30.969999313354492,31.200000762939453,28.714946746826172,2377900
2011-11-18,31.5,32.439998626708984,31.239999771118164,32.18000030517578,29.61688804626465,1907900
2011-11-21,31.31999969482422,31.8700008392334,30.959999084472656,31.440000534057617,28.944822311401367,1791800
2011-11-22,31.5,31.979999542236328,30.790000915527344,30.90999984741211,28.456880569458008,1143400
2011-11-23,30.479999542236328,30.6200008392334,29.90999984741211,29.989999771118164,27.609895706176758,1266000
2011-11-25,29.81999969482422,30.40999984741211,29.350000381469727,29.420000076293945,27.085142135620117,488500
2011-11-28,30.43000030517578,30.75,29.59000015258789,29.8700008392334,27.499420166015625,1172000
2011-11-29,29.979999542236328,30.950000762939453,29.84000015258789,30.489999771118164,28.07021713256836,1038100
2011-11-30,30.719999313354492,32.4900016784668,30.139999389648438,32.439998626708984,29.865455627441406,2717200
2011-12-01,32.279998779296875,33.040000915527344,32.04999923706055,32.279998779296875,29.718156814575195,1585000
2011-12-02,32.779998779296875,34.11000061035156,32.58000183105469,32.65999984741211,30.068002700805664,1387800
2011-12-05,33.380001068115234,34.0,32.56999969482422,32.939998626708984,30.32576560974121,1154100
2011-12-06,32.810001373291016,35.099998474121094,32.61000061035156,33.900001525878906,31.209583282470703,4092400
2011-12-07,33.59000015258789,34.70000076293945,33.310001373291016,34.220001220703125,31.504194259643555,1591400
2011-12-08,33.689998626708984,34.08000183105469,32.38999938964844,32.5,29.920698165893555,1515300
2011-12-09,32.599998474121094,34.40999984741211,32.59000015258789,33.54999923706055,30.887361526489258,1120900
2011-12-12,33.0099983215332,45.0,31.8700008392334,38.70000076293945,35.62864685058594,11567800
2011-12-13,38.72999954223633,39.900001525878906,38.43000030517578,38.70000076293945,35.62864685058594,5834600
2011-12-14,38.400001525878906,38.619998931884766,37.470001220703125,37.970001220703125,34.95659255981445,2537700
2011-12-15,38.720001220703125,39.59000015258789,38.29999923706055,38.68000030517578,35.61023712158203,1861900
2011-12-16,39.119998931884766,40.209999084472656,38.59000015258789,38.779998779296875,35.70229721069336,2211800
2011-12-19,39.040000915527344,39.93000030517578,37.90999984741211,38.130001068115234,35.103878021240234,1627800
2011-12-20,38.619998931884766,39.150001525878906,38.27000045776367,38.29999923706055,35.26039123535156,1487800
2011-12-21,38.349998474121094,39.77000045776367,38.279998779296875,38.880001068115234,35.79435729980469,1236200
2011-12-22,39.0099983215332,39.439998626708984,38.349998474121094,39.220001220703125,36.10737991333008,1085400
2011-12-23,39.119998931884766,39.58000183105469,39.0,39.56999969482422,36.429595947265625,609500
2011-12-27,39.5,39.849998474121094,39.2599983215332,39.59000015258789,36.4480094909668,599700
2011-12-28,39.380001068115234,39.65999984741211,38.43000030517578,38.630001068115234,35.56419372558594,650300
2011-12-29,38.9900016784668,39.529998779296875,38.79999923706055,39.13999938964844,36.033721923828125,788800
2011-12-30,38.93000030517578,39.54999923706055,38.90999984741211,39.349998474121094,36.22705841064453,509300
2012-01-03,40.2599983215332,40.529998779296875,39.58000183105469,39.68000030517578,36.5308723449707,1133600
2012-01-04,39.900001525878906,39.900001525878906,39.0,39.29999923706055,36.18102264404297,712900
2012-01-05,38.93000030517578,39.939998626708984,38.779998779296875,39.619998931884766,36.47563171386719,826900
2012-01-06,39.56999969482422,39.97999954223633,39.16999816894531,39.290000915527344,36.17182159423828,739600
2012-01-09,39.9900016784668,40.0,39.2400016784668,39.5,36.36515808105469,674400
2012-01-10,39.939998626708984,40.25,39.470001220703125,39.70000076293945,36.54928207397461,698600
2012-01-11,39.529998779296875,40.59000015258789,39.25,40.400001525878906,37.193721771240234,1355400
2012-01-12,40.369998931884766,40.61000061035156,39.65999984741211,40.5,37.28579330444336,852100
2012-01-13,40.25,40.720001220703125,39.75,40.65999984741211,37.43309020996094,892600
2012-01-17,41.380001068115234,41.439998626708984,40.41999816894531,40.90999984741211,37.663238525390625,800800
2012-01-18,40.709999084472656,41.83000183105469,40.560001373291016,41.27000045776367,37.99468231201172,844100
2012-01-19,41.470001220703125,41.849998474121094,41.119998931884766,41.63999938964844,38.3353157043457,899000
2012-01-20,41.72999954223633,43.119998931884766,41.2400016784668,42.720001220703125,39.32960891723633,2153000
2012-01-23,42.439998626708984,42.65999984741211,41.7599983215332,42.13999938964844,38.79564666748047,920100
2012-01-24,41.95000076293945,42.380001068115234,41.75,42.220001220703125,38.86928939819336,853100
2012-01-25,42.119998931884766,43.5,41.939998626708984,43.27000045776367,39.835968017578125,1172500
2012-01-26,43.310001373291016,43.650001525878906,42.689998626708984,43.25,39.81753921508789,627800
2012-01-27,42.970001220703125,43.689998626708984,42.83000183105469,43.45000076293945,40.00168228149414,506000
2012-01-30,43.029998779296875,43.900001525878906,42.75,43.790000915527344,40.3146858215332,732700
2012-01-31,44.189998626708984,44.189998626708984,43.33000183105469,43.86000061035156,40.37913513183594,787000
2012-02-01,44.09000015258789,44.77000045776367,43.79999923706055,44.0099983215332,40.51722717285156,1397500
2012-02-02,44.16999816894531,44.709999084472656,43.75,43.95000076293945,40.46197509765625,587300
2012-02-03,44.68000030517578,45.279998779296875,43.59000015258789,44.790000915527344,41.235321044921875,1197900
2012-02-06,44.380001068115234,45.2400016784668,44.27000045776367,45.20000076293945,41.61277770996094,1014100
2012-02-07,44.900001525878906,46.25,44.66999816894531,45.72999954223633,42.10071563720703,1593600
2012-02-08,45.7400016784668,46.13999938964844,44.650001525878906,45.849998474121094,42.21118927001953,672200
2012-02-09,46.04999923706055,47.540000915527344,45.869998931884766,47.400001525878906,43.63819122314453,1640200
2012-02-10,47.0,47.349998474121094,46.43000030517578,46.939998626708984,43.21468734741211,926900
2012-02-13,47.2599983215332,47.619998931884766,47.08000183105469,47.11000061035156,43.37119674682617,1209600
2012-02-14,46.900001525878906,47.2400016784668,46.65999984741211,47.13999938964844,43.398799896240234,625300
2012-02-15,47.189998626708984,47.43000030517578,46.59000015258789,47.290000915527344,43.536903381347656,774400
2012-02-16,47.09000015258789,47.7599983215332,46.56999969482422,47.529998779296875,43.75786209106445,1469400
2012-02-17,48.0,48.06999969482422,47.58000183105469,47.68000030517578,43.895957946777344,960700
2012-02-21,47.849998474121094,48.09000015258789,46.709999084472656,46.810001373291016,43.095001220703125,475700
2012-02-22,46.599998474121094,46.77000045776367,46.02000045776367,46.130001068115234,42.46897506713867,355200
2012-02-23,46.02000045776367,46.77000045776367,45.61000061035156,46.400001525878906,42.7267951965332,723600
2012-02-24,46.45000076293945,46.79999923706055,46.13999938964844,46.16999816894531,42.515010833740234,442300
2012-02-27,45.689998626708984,46.349998474121094,45.16999816894531,45.970001220703125,42.33084487915039,1204800
2012-02-28,45.91999816894531,46.0,44.869998931884766,45.36000061035156,41.769142150878906,642400
2012-02-29,45.369998931884766,45.630001068115234,44.560001373291016,44.560001373291016,41.03246307373047,1026900
2012-03-01,44.5099983215332,45.220001220703125,43.959999084472656,44.13999938964844,40.645721435546875,1356800
2012-03-02,44.0099983215332,44.220001220703125,43.25,43.630001068115234,40.17608642578125,754700
2012-03-05,43.90999984741211,43.95000076293945,42.849998474121094,43.810001373291016,40.34185028076172,1249100
2012-03-06,43.25,43.5,42.959999084472656,43.439998626708984,40.001129150390625,612200
2012-03-07,43.63999938964844,44.0,43.34000015258789,43.81999969482422,40.35104751586914,367900
2012-03-08,44.130001068115234,45.04999923706055,43.93000030517578,44.90999984741211,41.354759216308594,498100
2012-03-09,45.150001525878906,46.310001373291016,44.83000183105469,45.9900016784668,42.349266052246094,742200
2012-03-12,46.06999969482422,46.25,45.2400016784668,45.279998779296875,41.69546890258789,645800
2012-03-13,45.540000915527344,46.209999084472656,45.5,46.209999084472656,42.551856994628906,729600
2012-03-14,46.2400016784668,46.29999923706055,45.369998931884766,45.560001373291016,41.953311920166016,443200
2012-03-15,45.45000076293945,46.15999984741211,45.099998474121094,45.9900016784668,42.349266052246094,512100
2012-03-16,46.18000030517578,46.189998626708984,45.150001525878906,45.720001220703125,42.10063171386719,1065600
2012-03-19,45.38999938964844,46.209999084472656,45.2400016784668,45.810001373291016,42.18351745605469,355900
2012-03-20,45.47999954223633,45.560001373291016,44.72999954223633,45.310001373291016,41.72309494018555,275300
2012-03-21,45.43000030517578,45.869998931884766,45.09000015258789,45.119998931884766,41.54814147949219,336100
2012-03-22,44.790000915527344,44.790000915527344,43.869998931884766,44.18000030517578,40.682552337646484,327300
2012-03-23,44.20000076293945,44.400001525878906,43.5,44.15999984741211,40.66412353515625,398100
2012-03-26,44.61000061035156,44.77000045776367,44.04999923706055,44.290000915527344,40.78384017944336,406100
2012-03-27,44.400001525878906,44.70000076293945,44.040000915527344,44.119998931884766,40.6273078918457,892100
2012-03-28,44.0,44.369998931884766,42.720001220703125,42.75,39.36575698852539,1045300
2012-03-29,42.34000015258789,42.540000915527344,41.5,42.40999984741211,39.052669525146484,639200
2012-03-30,42.84000015258789,43.08000183105469,42.47999954223633,42.72999954223633,39.34734344482422,458600
2012-04-02,42.5,43.29999923706055,42.290000915527344,43.189998626708984,39.77093505859375,713900
2012-04-03,43.04999923706055,43.16999816894531,42.68000030517578,43.0,39.59597396850586,454400
2012-04-04,42.52000045776367,42.83000183105469,42.38999938964844,42.5,39.13554000854492,240900
2012-04-05,42.36000061035156,43.060001373291016,42.27000045776367,42.5,39.13554000854492,739400
2012-04-09,41.79999923706055,42.29999923706055,41.65999984741211,42.02000045776367,38.693546295166016,966800
2012-04-10,41.939998626708984,42.15999984741211,41.209999084472656,41.2400016784668,37.97529220581055,629600
2012-04-11,41.709999084472656,42.029998779296875,41.33000183105469,41.720001220703125,38.41729736328125,648200
2012-04-12,41.66999816894531,42.900001525878906,41.529998779296875,42.11000061035156,38.77641677856445,774500
2012-04-13,41.970001220703125,41.970001220703125,41.310001373291016,41.630001068115234,38.33442306518555,602000
2012-04-16,41.650001525878906,42.15999984741211,41.47999954223633,41.529998779296875,38.242347717285156,722900
2012-04-17,41.97999954223633,42.869998931884766,41.849998474121094,42.33000183105469,38.97901153564453,540900
2012-04-18,42.099998474121094,42.099998474121094,41.220001220703125,41.349998474121094,38.076595306396484,633700
2012-04-19,41.380001068115234,41.400001525878906,40.70000076293945,41.02000045776367,37.7727165222168,604700
2012-04-20,41.15999984741211,41.63999938964844,41.0,41.18000030517578,37.92003631591797,456000
2012-04-23,40.47999954223633,40.97999954223633,40.27000045776367,40.849998474121094,37.616172790527344,356800
2012-04-24,40.90999984741211,41.220001220703125,40.66999816894531,41.11000061035156,37.8555793762207,179800
2012-04-25,41.459999084472656,42.310001373291016,41.459999084472656,41.77000045776367,38.463340759277344,361400
2012-04-26,41.970001220703125,42.150001525878906,41.20000076293945,41.93000030517578,38.61067581176758,329100
2012-04-27,42.13999938964844,42.439998626708984,41.68000030517578,42.36000061035156,39.006629943847656,511800
2012-04-30,42.22999954223633,42.970001220703125,42.060001373291016,42.810001373291016,39.42100143432617,513400
2012-05-01,42.70000076293945,43.90999984741211,42.349998474121094,43.0099983215332,39.60517883300781,779800
2012-05-02,42.66999816894531,43.040000915527344,42.2599983215332,42.7400016784668,39.35655212402344,363100
2012-05-03,42.72999954223633,42.81999969482422,41.939998626708984,42.70000076293945,39.319732666015625,701400
2012-05-04,42.36000061035156,42.63999938964844,41.25,41.369998931884766,38.095001220703125,531200
2012-05-07,40.779998779296875,41.689998626708984,39.61000061035156,41.470001220703125,38.18708038330078,1836000
2012-05-08,41.15999984741211,41.279998779296875,40.150001525878906,40.880001068115234,37.643798828125,460800
2012-05-09,39.779998779296875,40.720001220703125,39.779998779296875,40.0099983215332,36.84267044067383,960400
2012-05-10,41.060001373291016,41.060001373291016,39.849998474121094,39.9900016784668,36.824249267578125,609000
2012-05-11,39.84000015258789,40.560001373291016,39.709999084472656,40.02000045776367,36.85187530517578,965300
2012-05-14,39.810001373291016,39.90999984741211,38.93000030517578,39.029998779296875,35.94025802612305,644100
2012-05-15,39.060001373291016,39.27000045776367,38.189998626708984,38.369998931884766,35.3325080871582,510200
2012-05-16,38.720001220703125,39.0099983215332,34.61000061035156,35.2599983215332,32.46870040893555,2618800
2012-05-17,35.5,35.65999984741211,33.869998931884766,33.900001525878906,31.216346740722656,1969000
2012-05-18,34.13999938964844,35.47999954223633,34.0,34.59000015258789,31.851736068725586,1698200
2012-05-21,34.70000076293945,36.58000183105469,34.25,36.349998474121094,33.47239303588867,956700
2012-05-22,36.459999084472656,36.720001220703125,34.849998474121094,35.20000076293945,32.4134635925293,767300
2012-05-23,34.93000030517578,34.9900016784668,33.689998626708984,34.56999969482422,31.833303451538086,747000
2012-05-24,34.7400016784668,35.029998779296875,34.27000045776367,35.029998779296875,32.256900787353516,351400
2012-05-25,35.04999923706055,35.88999938964844,34.65999984741211,35.7599983215332,32.929115295410156,684200
2012-05-29,36.13999938964844,36.439998626708984,35.45000076293945,36.09000015258789,33.232994079589844,385500
2012-05-30,35.560001373291016,35.63999938964844,34.869998931884766,35.02000045776367,32.2476806640625,381700
2012-05-31,34.959999084472656,35.220001220703125,33.970001220703125,34.650001525878906,31.906984329223633,553600
2012-06-01,33.75,34.11000061035156,32.93000030517578,32.970001220703125,30.3599796295166,577600
2012-06-04,33.31999969482422,33.38999938964844,32.40999984741211,32.56999969482422,29.99164581298828,685500
2012-06-05,32.439998626708984,33.150001525878906,32.310001373291016,32.91999816894531,30.31393814086914,496300
2012-06-06,33.220001220703125,33.849998474121094,32.9900016784668,33.33000183105469,30.691482543945312,659900
2012-06-07,34.369998931884766,34.400001525878906,33.470001220703125,33.779998779296875,31.11518096923828,433700
2012-06-08,33.58000183105469,34.33000183105469,33.22999954223633,34.22999954223633,31.52968978881836,345000
2012-06-11,34.47999954223633,34.58000183105469,33.209999084472656,33.25,30.62700080871582,410200
2012-06-12,33.209999084472656,33.95000076293945,32.9900016784668,33.95000076293945,31.271787643432617,469000
2012-06-13,33.25,34.119998931884766,32.810001373291016,32.970001220703125,30.36909294128418,397000
2012-06-14,32.95000076293945,33.470001220703125,32.849998474121094,33.45000076293945,30.811216354370117,291100
2012-06-15,33.720001220703125,34.38999938964844,33.5,34.349998474121094,31.640239715576172,667800
2012-06-18,34.209999084472656,34.83000183105469,33.869998931884766,34.68000030517578,31.944202423095703,370200
2012-06-19,34.84000015258789,35.20000076293945,34.5,34.90999984741211,32.15604782104492,434000
2012-06-20,34.959999084472656,34.959999084472656,34.16999816894531,34.470001220703125,31.750762939453125,279400
2012-06-21,34.79999923706055,35.189998626708984,34.099998474121094,34.31999969482422,31.612606048583984,690300
2012-06-22,34.650001525878906,35.459999084472656,34.29999923706055,35.279998779296875,32.496849060058594,466500
2012-06-25,34.77000045776367,35.22999954223633,34.400001525878906,34.689998626708984,31.953414916992188,493400
2012-06-26,34.720001220703125,35.66999816894531,34.38999938964844,35.459999084472656,32.66266632080078,564000
2012-06-27,35.619998931884766,37.529998779296875,35.52000045776367,37.31999969482422,34.375938415527344,798300
2012-06-28,36.970001220703125,38.630001068115234,36.66999816894531,37.709999084472656,34.735164642333984,1060600
2012-06-29,38.709999084472656,40.040000915527344,38.38999938964844,39.709999084472656,36.577396392822266,1637600
2012-07-02,39.86000061035156,39.959999084472656,38.86000061035156,39.88999938964844,36.743186950683594,1073600
2012-07-03,39.88999938964844,40.720001220703125,39.630001068115234,40.720001220703125,37.50770568847656,373800
2012-07-05,40.630001068115234,41.279998779296875,40.2400016784668,41.130001068115234,37.885379791259766,524300
2012-07-06,40.709999084472656,41.22999954223633,40.540000915527344,41.119998931884766,37.87614822387695,342200
2012-07-09,41.119998931884766,41.84000015258789,40.619998931884766,41.279998779296875,38.02354049682617,543200
2012-07-10,41.540000915527344,41.650001525878906,40.06999969482422,40.5,37.30507278442383,653100
2012-07-11,40.66999816894531,41.119998931884766,40.209999084472656,41.099998474121094,37.85773468017578,621400
2012-07-12,40.83000183105469,41.970001220703125,40.61000061035156,41.68000030517578,38.3919792175293,565100
2012-07-13,41.599998474121094,43.16999816894531,41.47999954223633,43.130001068115234,39.727596282958984,666000
2012-07-16,42.95000076293945,43.5,42.79999923706055,43.2400016784668,39.82893753051758,434100
2012-07-17,43.400001525878906,43.90999984741211,42.790000915527344,43.84000015258789,40.38159942626953,559200
2012-07-18,43.7400016784668,44.25,43.59000015258789,44.040000915527344,40.5658073425293,641400
2012-07-19,44.2599983215332,44.36000061035156,43.84000015258789,44.119998931884766,40.639495849609375,437800
2012-07-20,43.7400016784668,44.709999084472656,43.630001068115234,44.08000183105469,40.6026611328125,723200
2012-07-23,43.130001068115234,44.220001220703125,42.81999969482422,43.959999084472656,40.49212646484375,961600
2012-07-24,44.08000183105469,44.34000015258789,42.400001525878906,42.72999954223633,39.35915756225586,640300
2012-07-25,43.040000915527344,43.27000045776367,41.560001373291016,42.18000030517578,38.852542877197266,816200
2012-07-26,42.27000045776367,42.29999923706055,36.7599983215332,37.83000183105469,34.84569549560547,2043400
2012-07-27,37.77000045776367,39.97999954223633,37.25,39.790000915527344,36.65109634399414,930600
2012-07-30,39.599998474121094,39.720001220703125,38.470001220703125,38.790000915527344,35.729976654052734,528900
2012-07-31,38.41999816894531,39.08000183105469,38.06999969482422,38.7400016784668,35.68391036987305,746600
2012-08-01,38.939998626708984,38.939998626708984,37.45000076293945,37.470001220703125,34.51409912109375,664400
2012-08-02,36.95000076293945,37.5,35.689998626708984,36.900001525878906,33.98906707763672,818300
2012-08-03,37.68000030517578,38.630001068115234,37.20000076293945,38.40999984741211,35.37993621826172,514900
2012-08-06,38.5,38.97999954223633,38.220001220703125,38.65999984741211,35.61021041870117,346600
2012-08-07,38.84000015258789,39.619998931884766,38.70000076293945,39.540000915527344,36.420806884765625,484000
2012-08-08,39.36000061035156,39.709999084472656,38.61000061035156,39.15999984741211,36.07076644897461,328400
2012-08-09,39.029998779296875,40.0,38.869998931884766,39.88999938964844,36.743186950683594,589300
2012-08-10,40.08000183105469,40.209999084472656,39.15999984741211,39.779998779296875,36.64186096191406,417300
2012-08-13,39.7599983215332,39.97999954223633,39.099998474121094,39.41999816894531,36.31025695800781,255100
2012-08-14,39.66999816894531,39.7400016784668,38.93000030517578,39.130001068115234,36.043155670166016,523700
2012-08-15,39.130001068115234,39.220001220703125,38.38999938964844,39.13999938964844,36.052337646484375,410400
2012-08-16,39.18000030517578,40.0,39.13999938964844,39.81999969482422,36.6787109375,344100
2012-08-17,40.02000045776367,41.20000076293945,39.97999954223633,40.400001525878906,37.21296310424805,631500
2012-08-20,40.27000045776367,40.56999969482422,39.599998474121094,40.400001525878906,37.21296310424805,432700
2012-08-21,40.45000076293945,40.790000915527344,39.869998931884766,40.08000183105469,36.9182014465332,415100
2012-08-22,39.959999084472656,40.40999984741211,39.279998779296875,40.31999969482422,37.13926315307617,683000
2012-08-23,40.2599983215332,40.369998931884766,39.58000183105469,39.59000015258789,36.47590637207031,346000
2012-08-24,39.4900016784668,41.119998931884766,39.380001068115234,41.06999969482422,37.8394889831543,598100
2012-08-27,41.25,41.38999938964844,40.040000915527344,40.2599983215332,37.093204498291016,356000
2012-08-28,40.099998474121094,40.709999084472656,39.93000030517578,40.349998474121094,37.176109313964844,220200
2012-08-29,40.45000076293945,40.619998931884766,39.599998474121094,39.9900016784668,36.844451904296875,269900
2012-08-30,39.75,39.959999084472656,38.470001220703125,38.5,35.471641540527344,626100
2012-08-31,38.7400016784668,39.56999969482422,38.099998474121094,38.91999816894531,35.85859680175781,510900
2012-09-04,38.90999984741211,39.20000076293945,37.70000076293945,37.70000076293945,34.73458480834961,675300
2012-09-05,37.79999923706055,38.22999954223633,37.25,37.939998626708984,34.9556884765625,562100
2012-09-06,38.2599983215332,38.9900016784668,38.150001525878906,38.4900016784668,35.462432861328125,593400
2012-09-07,38.689998626708984,40.470001220703125,38.689998626708984,40.349998474121094,37.176109313964844,495200
2012-09-10,40.56999969482422,42.540000915527344,40.560001373291016,41.439998626708984,38.18037414550781,782000
2012-09-11,41.4900016784668,42.310001373291016,41.4900016784668,41.970001220703125,38.66870880126953,620200
2012-09-12,42.290000915527344,46.849998474121094,42.16999816894531,46.459999084472656,42.80552291870117,2182400
2012-09-13,46.459999084472656,47.27000045776367,45.279998779296875,46.959999084472656,43.26618957519531,1750500
2012-09-14,47.040000915527344,49.9900016784668,47.040000915527344,49.16999816894531,45.30234909057617,1929200
2012-09-17,48.95000076293945,48.95000076293945,44.959999084472656,46.220001220703125,42.58439254760742,1460500
2012-09-18,46.060001373291016,46.93000030517578,45.90999984741211,46.209999084472656,42.57518768310547,646400
2012-09-19,46.290000915527344,48.11000061035156,46.22999954223633,47.56999969482422,43.828208923339844,867900
2012-09-20,47.189998626708984,47.84000015258789,46.279998779296875,47.779998779296875,44.021690368652344,1308700
2012-09-21,48.0,49.0,47.939998626708984,48.4900016784668,44.67583465576172,1196300
2012-09-24,48.2599983215332,48.61000061035156,47.52000045776367,48.27000045776367,44.47314453125,570000
2012-09-25,47.029998779296875,47.93000030517578,46.040000915527344,46.11000061035156,42.483055114746094,799300
2012-09-26,46.22999954223633,46.59000015258789,45.2599983215332,45.7599983215332,42.16056823730469,697200
2012-09-27,45.9900016784668,47.95000076293945,45.9900016784668,47.93000030517578,44.1599006652832,669600
2012-09-28,47.72999954223633,47.790000915527344,46.689998626708984,47.29999923706055,43.57944107055664,580000
2012-10-01,47.29999923706055,48.099998474121094,46.77000045776367,47.09000015258789,43.385963439941406,843000
2012-10-02,47.47999954223633,48.0,47.209999084472656,47.790000915527344,44.03090286254883,415000
2012-10-03,47.70000076293945,47.95000076293945,47.099998474121094,47.150001525878906,43.44124984741211,482900
2012-10-04,47.560001373291016,48.59000015258789,47.22999954223633,47.959999084472656,44.18752670288086,586900
2012-10-05,48.380001068115234,49.599998474121094,48.0,48.209999084472656,44.41786193847656,513800
2012-10-08,47.880001068115234,48.04999923706055,47.20000076293945,47.56999969482422,43.828208923339844,237100
2012-10-09,47.38999938964844,47.56999969482422,45.540000915527344,45.58000183105469,41.99474334716797,456000
2012-10-10,45.66999816894531,46.7400016784668,45.5,45.939998626708984,42.326419830322266,364700
2012-10-11,46.380001068115234,47.150001525878906,46.18000030517578,46.709999084472656,43.03586196899414,391900
2012-10-12,46.79999923706055,47.099998474121094,45.95000076293945,46.13999938964844,42.51068115234375,257200
2012-10-15,46.59000015258789,46.66999816894531,45.61000061035156,46.56999969482422,42.90686798095703,319100
2012-10-16,46.900001525878906,47.810001373291016,46.810001373291016,47.779998779296875,44.021690368652344,274300
2012-10-17,48.18000030517578,49.880001068115234,48.0,49.380001068115234,45.4958381652832,821000
2012-10-18,49.06999969482422,49.779998779296875,48.5099983215332,48.79999923706055,44.96146011352539,433300
2012-10-19,48.560001373291016,48.72999954223633,46.11000061035156,46.54999923706055,42.88843536376953,816600
2012-10-22,46.47999954223633,47.349998474121094,46.310001373291016,46.939998626708984,43.24775695800781,337200
2012-10-23,45.93000030517578,46.529998779296875,45.349998474121094,46.18000030517578,42.547542572021484,483400
2012-10-24,46.529998779296875,46.939998626708984,46.02000045776367,46.36000061035156,42.71338653564453,220600
2012-10-25,46.880001068115234,47.20000076293945,46.31999969482422,46.88999938964844,43.20171356201172,275600
2012-10-26,46.779998779296875,47.20000076293945,45.97999954223633,46.4900016784668,42.83315658569336,292700
2012-10-31,47.15999984741211,47.939998626708984,45.650001525878906,45.970001220703125,42.354068756103516,637000
2012-11-01,45.27000045776367,47.47999954223633,44.61000061035156,47.470001220703125,43.736061096191406,627900
2012-11-02,48.0,48.349998474121094,46.34000015258789,46.349998474121094,42.70417022705078,277300
2012-11-05,46.04999923706055,46.880001068115234,45.779998779296875,46.599998474121094,42.93450164794922,399400
2012-11-06,46.91999816894531,48.75,46.91999816894531,48.47999954223633,44.666629791259766,1366200
2012-11-07,44.83000183105469,47.810001373291016,44.5,46.06999969482422,42.446189880371094,703000
2012-11-08,45.0099983215332,46.40999984741211,44.619998931884766,46.0099983215332,42.39091873168945,1115500
2012-11-09,45.4900016784668,46.939998626708984,45.47999954223633,46.34000015258789,42.6949577331543,729400
2012-11-12,46.2400016784668,47.2400016784668,45.810001373291016,47.029998779296875,43.33068084716797,538500
2012-11-13,46.58000183105469,47.939998626708984,46.369998931884766,47.400001525878906,43.67159652709961,642100
2012-11-14,47.5099983215332,47.75,44.189998626708984,47.13999938964844,43.432044982910156,757100
2012-11-15,47.0099983215332,47.33000183105469,46.06999969482422,46.45000076293945,42.79629898071289,878000
2012-11-16,45.93000030517578,46.900001525878906,45.70000076293945,46.54999923706055,42.88843536376953,645900
2012-11-19,47.31999969482422,48.599998474121094,46.93000030517578,48.25,44.45471954345703,582600
2012-11-20,48.11000061035156,48.540000915527344,47.810001373291016,48.22999954223633,44.43629455566406,483500
2012-11-21,48.41999816894531,48.91999816894531,47.810001373291016,48.52000045776367,44.71274948120117,540500
2012-11-23,48.81999969482422,49.2400016784668,48.400001525878906,49.2400016784668,45.37625503540039,133100
2012-11-26,48.779998779296875,49.689998626708984,48.72999954223633,49.5,45.615848541259766,568300
2012-11-27,49.65999984741211,49.83000183105469,48.45000076293945,48.790000915527344,44.961578369140625,455200
2012-11-28,48.459999084472656,49.88999938964844,47.939998626708984,49.689998626708984,45.79095458984375,763900
2012-11-29,49.970001220703125,51.75,49.84000015258789,51.310001373291016,47.283836364746094,1496100
2012-11-30,51.5,53.099998474121094,51.369998931884766,52.84000015258789,48.69377899169922,1157300
2012-12-03,53.400001525878906,53.849998474121094,52.2599983215332,52.310001373291016,48.205360412597656,938600
2012-12-04,52.380001068115234,53.380001068115234,52.119998931884766,52.7599983215332,48.620052337646484,1350500
2012-12-05,52.779998779296875,53.02000045776367,51.02000045776367,51.119998931884766,47.10873031616211,2516000
2012-12-06,51.189998626708984,52.060001373291016,51.0,52.02000045776367,47.93811798095703,647300
2012-12-07,52.5,52.5,51.41999816894531,52.0,47.919700622558594,1012900
2012-12-10,52.09000015258789,52.29999923706055,51.790000915527344,52.09000015258789,48.00262451171875,535000
2012-12-11,52.540000915527344,52.709999084472656,51.939998626708984,52.25,48.150062561035156,741700
2012-12-12,52.5099983215332,52.709999084472656,50.9900016784668,51.29999923706055,47.27461624145508,1116200
2012-12-13,51.40999984741211,51.97999954223633,51.189998626708984,51.68000030517578,47.624794006347656,803800
2012-12-14,51.66999816894531,51.79999923706055,51.02000045776367,51.599998474121094,47.55107498168945,681800
2012-12-17,51.7400016784668,52.84000015258789,51.40999984741211,52.709999084472656,48.573978424072266,888200
2012-12-18,52.709999084472656,53.22999954223633,52.66999816894531,53.189998626708984,49.01630783081055,1148800
2012-12-19,53.189998626708984,53.369998931884766,52.34000015258789,53.099998474121094,48.93336868286133,711600
2012-12-20,53.02000045776367,53.25,52.7599983215332,53.25,49.07161331176758,811800
2012-12-21,53.040000915527344,53.15999984741211,51.790000915527344,52.2599983215332,48.15928268432617,1254400
2012-12-24,52.18000030517578,53.099998474121094,52.18000030517578,52.970001220703125,48.81357192993164,264300
2012-12-26,52.970001220703125,53.290000915527344,52.349998474121094,52.810001373291016,48.66613006591797,479700
2012-12-27,52.97999954223633,53.09000015258789,51.36000061035156,51.70000076293945,47.64321517944336,527700
2012-12-28,51.290000915527344,51.52000045776367,50.68000030517578,51.20000076293945,47.18246841430664,399200
2012-12-31,51.0,52.04999923706055,50.93000030517578,52.04999923706055,47.96576690673828,713200
2013-01-02,53.29999923706055,54.29999923706055,53.130001068115234,53.880001068115234,49.65217208862305,860000
2013-01-03,53.90999984741211,54.220001220703125,53.310001373291016,53.5,49.30198287963867,590900
2013-01-04,53.720001220703125,53.88999938964844,53.150001525878906,53.849998474121094,49.6245231628418,430200
2013-01-07,53.31999969482422,53.880001068115234,53.099998474121094,53.72999954223633,49.51393508911133,369000
2013-01-08,53.56999969482422,53.849998474121094,52.68000030517578,53.7599983215332,49.541587829589844,523500
2013-01-09,53.88999938964844,54.0099983215332,53.400001525878906,53.75,49.532379150390625,470400
2013-01-10,53.900001525878906,54.25,53.439998626708984,54.20000076293945,49.94704818725586,614800
2013-01-11,54.08000183105469,54.599998474121094,53.95000076293945,54.58000183105469,50.29722213745117,469600
2013-01-14,54.560001373291016,54.7400016784668,53.540000915527344,53.869998931884766,49.6429557800293,420900
2013-01-15,53.380001068115234,54.41999816894531,53.369998931884766,54.369998931884766,50.103702545166016,423300
2013-01-16,54.06999969482422,54.33000183105469,53.650001525878906,54.119998931884766,49.87334060668945,336300
2013-01-17,54.5,55.400001525878906,54.34000015258789,55.13999938964844,50.81330490112305,879600
2013-01-18,55.459999084472656,56.720001220703125,55.150001525878906,56.689998626708984,52.241676330566406,1018100
2013-01-22,56.810001373291016,59.47999954223633,56.630001068115234,58.56999969482422,53.974159240722656,1301700
2013-01-23,58.43000030517578,58.56999969482422,57.41999816894531,57.4900016784668,52.978904724121094,812800
2013-01-24,57.779998779296875,58.40999984741211,56.959999084472656,57.5,52.988121032714844,790300
2013-01-25,57.900001525878906,57.970001220703125,56.90999984741211,57.20000076293945,52.71165084838867,915100
2013-01-28,57.25,57.45000076293945,56.310001373291016,56.83000183105469,52.370697021484375,497100
2013-01-29,56.83000183105469,59.0,56.54999923706055,58.7400016784668,54.130821228027344,1345400
2013-01-30,58.72999954223633,58.790000915527344,56.36000061035156,56.83000183105469,52.370697021484375,869300
2013-01-31,56.70000076293945,57.060001373291016,56.040000915527344,56.560001373291016,52.12187576293945,826300
2013-02-01,57.22999954223633,57.27000045776367,56.540000915527344,56.880001068115234,52.41677474975586,679500
2013-02-04,56.29999923706055,57.029998779296875,56.20000076293945,56.279998779296875,51.86383819580078,453900
2013-02-05,56.599998474121094,56.939998626708984,56.20000076293945,56.36000061035156,51.937591552734375,416300
2013-02-06,56.119998931884766,56.52000045776367,55.77000045776367,56.220001220703125,51.808563232421875,967600
2013-02-07,56.27000045776367,56.380001068115234,54.869998931884766,55.40999984741211,51.06209945678711,463400
2013-02-08,55.5099983215332,56.150001525878906,55.5099983215332,56.08000183105469,51.679534912109375,394700
2013-02-11,55.970001220703125,56.290000915527344,55.63999938964844,55.650001525878906,51.28327560424805,214100
2013-02-12,55.56999969482422,56.650001525878906,55.54999923706055,56.119998931884766,51.71639633178711,732300
2013-02-13,56.290000915527344,56.470001220703125,55.75,55.86000061035156,51.476802825927734,751100
2013-02-14,55.459999084472656,55.5,52.790000915527344,54.869998931884766,50.56447219848633,1673800
2013-02-15,54.849998474121094,55.279998779296875,54.5,55.029998779296875,50.7119255065918,1055100
2013-02-19,55.02000045776367,55.33000183105469,54.5099983215332,54.810001373291016,50.50920104980469,623600
2013-02-20,54.630001068115234,54.7599983215332,52.2599983215332,52.31999969482422,48.21458053588867,690900
2013-02-21,51.810001373291016,52.38999938964844,51.5,51.9900016784668,47.91962814331055,783800
2013-02-22,52.369998931884766,52.77000045776367,51.75,51.959999084472656,47.891971588134766,829200
2013-02-25,52.400001525878906,52.689998626708984,49.349998474121094,49.47999954223633,45.60615539550781,961300
2013-02-26,49.9900016784668,50.709999084472656,49.349998474121094,50.58000183105469,46.6200065612793,725400
2013-02-27,50.52000045776367,51.41999816894531,50.47999954223633,51.099998474121094,47.099308013916016,699000
2013-02-28,51.099998474121094,51.41999816894531,50.58000183105469,50.93000030517578,46.942623138427734,1480400
2013-03-01,50.54999923706055,52.25,49.95000076293945,51.9900016784668,47.91962814331055,761800
2013-03-04,51.619998931884766,52.33000183105469,51.40999984741211,52.099998474121094,48.02101516723633,584200
2013-03-05,52.47999954223633,54.349998474121094,52.13999938964844,53.689998626708984,49.48653793334961,868000
2013-03-06,53.790000915527344,54.11000061035156,53.380001068115234,53.5,49.31142044067383,496000
2013-03-07,53.56999969482422,54.040000915527344,53.18000030517578,53.97999954223633,49.75382995605469,498800
2013-03-08,54.150001525878906,54.90999984741211,54.150001525878906,54.720001220703125,50.43589401245117,488600
2013-03-11,54.540000915527344,54.790000915527344,54.13999938964844,54.63999938964844,50.362159729003906,427300
2013-03-12,54.540000915527344,54.88999938964844,54.150001525878906,54.279998779296875,50.030338287353516,323900
2013-03-13,54.290000915527344,54.65999984741211,54.0,54.45000076293945,50.18701934814453,297100
2013-03-14,54.4900016784668,55.369998931884766,54.4900016784668,54.810001373291016,50.51884841918945,547100
2013-03-15,54.56999969482422,54.88999938964844,53.939998626708984,54.560001373291016,50.28841018676758,660900
2013-03-18,53.79999923706055,54.72999954223633,53.779998779296875,54.099998474121094,49.864437103271484,374300
2013-03-19,54.33000183105469,54.47999954223633,52.84000015258789,53.040000915527344,48.8874397277832,400100
2013-03-20,53.58000183105469,53.97999954223633,53.189998626708984,53.7400016784668,49.532623291015625,295500
2013-03-21,53.709999084472656,53.709999084472656,52.16999816894531,52.25,48.159278869628906,397800
2013-03-22,52.15999984741211,52.5,51.150001525878906,51.43000030517578,47.40346908569336,479800
2013-03-25,51.709999084472656,52.31999969482422,51.47999954223633,51.5,47.467994689941406,659500
2013-03-26,51.709999084472656,52.04999923706055,50.959999084472656,51.5,47.467994689941406,317200
2013-03-27,50.88999938964844,51.20000076293945,50.52000045776367,51.09000015258789,47.0900993347168,271800
2013-03-28,51.13999938964844,51.84000015258789,50.38999938964844,51.70000076293945,47.65232467651367,723300
2013-04-01,51.70000076293945,51.70000076293945,50.029998779296875,50.2400016784668,46.306640625,294800
2013-04-02,50.560001373291016,50.599998474121094,48.779998779296875,48.91999816894531,45.089988708496094,514800
2013-04-03,49.04999923706055,49.27000045776367,47.58000183105469,48.209999084472656,44.435569763183594,704100
2013-04-04,48.2400016784668,48.88999938964844,48.13999938964844,48.470001220703125,44.67522430419922,431800
2013-04-05,47.560001373291016,48.91999816894531,47.540000915527344,48.83000183105469,45.00703430175781,526800
2013-04-08,48.939998626708984,49.369998931884766,48.33000183105469,48.93000030517578,45.099205017089844,515600
2013-04-09,48.939998626708984,49.709999084472656,48.2599983215332,49.650001525878906,45.762840270996094,516700
2013-04-10,49.630001068115234,49.90999984741211,48.650001525878906,49.880001068115234,45.974815368652344,472700
2013-04-11,49.849998474121094,51.0099983215332,49.43000030517578,50.779998779296875,46.80436325073242,550300
2013-04-12,50.290000915527344,50.560001373291016,48.709999084472656,48.880001068115234,45.053104400634766,466700
2013-04-15,48.27000045776367,48.349998474121094,45.41999816894531,45.59000015258789,42.020687103271484,1309000
2013-04-16,46.66999816894531,48.70000076293945,46.66999816894531,48.689998626708984,44.87799072265625,1209600
2013-04-17,48.31999969482422,48.52000045776367,47.34000015258789,47.72999954223633,43.99315643310547,675300
2013-04-18,47.81999969482422,47.849998474121094,45.68000030517578,46.029998779296875,42.42625045776367,463600
2013-04-19,46.2400016784668,46.380001068115234,45.45000076293945,46.04999923706055,42.44468688964844,1037200
2013-04-22,46.25,46.900001525878906,45.52000045776367,46.66999816894531,43.016136169433594,864700
2013-04-23,47.06999969482422,47.5099983215332,46.04999923706055,46.97999954223633,43.3018684387207,634600
2013-04-24,47.099998474121094,48.029998779296875,46.599998474121094,47.7599983215332,44.02079772949219,940700
2013-04-25,48.13999938964844,48.2400016784668,47.33000183105469,47.41999816894531,43.70743942260742,703400
2013-04-26,47.36000061035156,47.36000061035156,45.86000061035156,46.52000045776367,42.877891540527344,1051100
2013-04-29,46.91999816894531,48.95000076293945,46.58000183105469,48.7400016784668,44.924068450927734,1091500
2013-04-30,48.279998779296875,50.04999923706055,48.099998474121094,49.880001068115234,45.974815368652344,912200
2013-05-01,49.58000183105469,49.65999984741211,48.0,48.380001068115234,44.592262268066406,743900
2013-05-02,49.0,51.290000915527344,48.529998779296875,50.97999954223633,46.98870086669922,982000
2013-05-03,51.59000015258789,54.08000183105469,51.29999923706055,53.47999954223633,49.29297637939453,1309100
2013-05-06,53.060001373291016,54.20000076293945,52.619998931884766,53.720001220703125,49.514190673828125,814200
2013-05-07,53.7400016784668,54.52000045776367,53.369998931884766,54.470001220703125,50.205467224121094,593900
2013-05-08,54.380001068115234,54.880001068115234,53.79999923706055,54.880001068115234,50.58336639404297,688400
2013-05-09,54.75,55.099998474121094,54.27000045776367,54.61000061035156,50.33450698852539,905000
2013-05-10,54.45000076293945,54.68000030517578,54.0,54.56999969482422,50.297637939453125,528100
2013-05-13,54.45000076293945,54.83000183105469,53.869998931884766,54.08000183105469,49.846012115478516,490000
2013-05-14,53.88999938964844,54.849998474121094,53.86000061035156,54.72999954223633,50.44511795043945,555300
2013-05-15,54.5099983215332,55.16999816894531,54.25,54.93000030517578,50.62944412231445,486400
2013-05-16,54.650001525878906,55.13999938964844,54.40999984741211,54.4900016784668,50.22390365600586,383500
2013-05-17,54.77000045776367,55.08000183105469,54.279998779296875,55.060001373291016,50.749271392822266,571500
2013-05-20,55.02000045776367,55.7400016784668,54.560001373291016,55.08000183105469,50.767704010009766,533600
2013-05-21,55.040000915527344,55.29999923706055,54.689998626708984,54.970001220703125,50.66633987426758,368300
2013-05-22,54.86000061035156,55.33000183105469,53.310001373291016,53.88999938964844,49.67087936401367,759400
2013-05-23,52.25,53.75,52.25,53.5099983215332,49.32978439331055,813400
2013-05-24,53.029998779296875,54.11000061035156,52.540000915527344,53.75,49.5510368347168,341900
2013-05-28,54.689998626708984,55.27000045776367,54.5,54.709999084472656,50.436038970947266,479900
2013-05-29,54.16999816894531,54.540000915527344,53.38999938964844,54.25,50.011962890625,303700
2013-05-30,54.380001068115234,54.880001068115234,54.25,54.65999984741211,50.389949798583984,877300
2013-05-31,54.31999969482422,54.59000015258789,53.560001373291016,53.58000183105469,49.39432144165039,495200
2013-06-03,53.77000045776367,53.77000045776367,51.86000061035156,53.209999084472656,49.05323028564453,690300
2013-06-04,53.20000076293945,54.220001220703125,51.91999816894531,52.09000015258789,48.020713806152344,450900
2013-06-05,51.790000915527344,52.209999084472656,50.86000061035156,50.97999954223633,46.99742126464844,429000
2013-06-06,50.84000015258789,51.720001220703125,50.189998626708984,51.709999084472656,47.67039489746094,811900
2013-06-07,52.11000061035156,52.529998779296875,51.25,52.189998626708984,48.11289596557617,368800
2013-06-10,52.400001525878906,53.790000915527344,51.810001373291016,53.459999084472656,49.28369140625,501200
2013-06-11,52.439998626708984,53.93000030517578,52.310001373291016,52.77000045776367,48.64759826660156,534200
2013-06-12,53.34000015258789,53.59000015258789,52.650001525878906,53.09000015258789,48.942588806152344,600300
2013-06-13,53.060001373291016,54.56999969482422,52.7400016784668,54.4900016784668,50.23322296142578,515900
2013-06-14,54.36000061035156,54.43000030517578,53.61000061035156,53.689998626708984,49.49570846557617,433000
2013-06-17,54.18000030517578,54.709999084472656,53.83000183105469,54.52000045776367,50.26088333129883,406600
2013-06-18,54.56999969482422,54.65999984741211,53.880001068115234,54.150001525878906,49.91977310180664,512100
2013-06-19,53.959999084472656,54.63999938964844,53.43000030517578,53.470001220703125,49.292911529541016,376000
2013-06-20,52.70000076293945,52.95000076293945,51.36000061035156,51.54999923706055,47.522891998291016,632500
2013-06-21,52.02000045776367,52.02000045776367,49.720001220703125,50.20000076293945,46.27836227416992,1211200
2013-06-24,49.38999938964844,49.83000183105469,47.65999984741211,48.02000045776367,44.26866149902344,968900
2013-06-25,48.630001068115234,48.95000076293945,48.220001220703125,48.619998931884766,44.82179260253906,796600
2013-06-26,49.31999969482422,49.9900016784668,48.880001068115234,49.08000183105469,45.24585723876953,563000
2013-06-27,49.540000915527344,50.310001373291016,49.029998779296875,50.25,46.32445526123047,629500
2013-06-28,50.0,50.34000015258789,48.36000061035156,48.40999984741211,44.62818908691406,666900
2013-07-01,48.86000061035156,49.970001220703125,48.599998474121094,48.790000915527344,44.97850799560547,541000
2013-07-02,48.65999984741211,49.369998931884766,47.720001220703125,47.790000915527344,44.056644439697266,655800
2013-07-03,47.59000015258789,47.900001525878906,47.27000045776367,47.459999084472656,43.75241470336914,282500
2013-07-05,47.880001068115234,48.11000061035156,46.209999084472656,46.939998626708984,43.27302932739258,723000
2013-07-08,47.220001220703125,48.040000915527344,46.279998779296875,46.90999984741211,43.24536895751953,661200
2013-07-09,47.2400016784668,49.27000045776367,47.119998931884766,48.88999938964844,45.07069396972656,761400
2013-07-10,48.880001068115234,49.540000915527344,48.560001373291016,49.33000183105469,45.47631072998047,407300
2013-07-11,50.08000183105469,50.810001373291016,49.66999816894531,50.709999084472656,46.74851989746094,717600
2013-07-12,50.54999923706055,50.81999969482422,49.88999938964844,50.68000030517578,46.72087097167969,399300
2013-07-15,50.59000015258789,50.9900016784668,49.9900016784668,50.2599983215332,46.33367156982422,267500
2013-07-16,50.41999816894531,50.56999969482422,49.029998779296875,49.2400016784668,45.39334487915039,368500
2013-07-17,49.439998626708984,50.290000915527344,49.22999954223633,49.97999954223633,46.07554244995117,382000
2013-07-18,50.09000015258789,50.83000183105469,49.9900016784668,50.220001220703125,46.29680252075195,334800
2013-07-19,50.290000915527344,50.90999984741211,50.13999938964844,50.47999954223633,46.5364875793457,607000
2013-07-22,50.560001373291016,50.83000183105469,50.150001525878906,50.22999954223633,46.30601119995117,279500
2013-07-23,50.45000076293945,50.599998474121094,49.54999923706055,49.66999816894531,45.789764404296875,271500
2013-07-24,49.66999816894531,49.849998474121094,48.4900016784668,48.93000030517578,45.107566833496094,403300
2013-07-25,48.75,49.02000045776367,47.650001525878906,48.08000183105469,44.323974609375,534200
2013-07-26,47.70000076293945,48.970001220703125,47.689998626708984,48.959999084472656,45.13522720336914,910700
2013-07-29,48.779998779296875,48.83000183105469,47.59000015258789,47.93000030517578,44.18569564819336,450800
2013-07-30,47.9900016784668,48.15999984741211,46.5,47.279998779296875,43.58647537231445,1326700
2013-07-31,47.38999938964844,47.97999954223633,46.970001220703125,47.18000030517578,43.49428176879883,596800
2013-08-01,47.95000076293945,50.779998779296875,47.95000076293945,49.68000030517578,45.79898452758789,989200
2013-08-02,49.36000061035156,49.959999084472656,48.93000030517578,49.22999954223633,45.38414001464844,403200
2013-08-05,49.0,49.5,48.68000030517578,49.43000030517578,45.56850051879883,377100
2013-08-06,49.13999938964844,49.400001525878906,47.59000015258789,47.709999084472656,43.982872009277344,769200
2013-08-07,47.650001525878906,47.7599983215332,46.900001525878906,47.20000076293945,43.512725830078125,823200
2013-08-08,47.56999969482422,48.43000030517578,47.09000015258789,48.20000076293945,44.43460464477539,491200
2013-08-09,47.72999954223633,48.619998931884766,47.54999923706055,48.380001068115234,44.60054016113281,354100
2013-08-12,47.970001220703125,48.70000076293945,47.79999923706055,48.209999084472656,44.443817138671875,522000
2013-08-13,48.27000045776367,48.47999954223633,47.90999984741211,48.29999923706055,44.52678298950195,1290100
2013-08-14,48.220001220703125,48.630001068115234,47.959999084472656,48.439998626708984,44.655845642089844,403800
2013-08-15,47.720001220703125,47.720001220703125,46.779998779296875,47.310001373291016,43.61412048339844,847800
2013-08-16,47.349998474121094,47.95000076293945,47.040000915527344,47.849998474121094,44.111934661865234,970500
2013-08-19,47.689998626708984,48.099998474121094,47.400001525878906,47.7400016784668,44.010536193847656,593100
2013-08-20,47.7400016784668,49.65999984741211,47.540000915527344,49.630001068115234,45.75288391113281,867000
2013-08-21,49.380001068115234,49.79999923706055,48.34000015258789,48.970001220703125,45.144432067871094,766700
2013-08-22,48.970001220703125,50.08000183105469,48.970001220703125,49.709999084472656,45.826637268066406,752800
2013-08-23,49.630001068115234,49.9900016784668,48.0,48.22999954223633,44.46225357055664,408400
2013-08-26,48.08000183105469,48.65999984741211,47.279998779296875,48.029998779296875,44.287071228027344,661400
2013-08-27,47.31999969482422,48.34000015258789,47.2400016784668,47.779998779296875,44.056556701660156,823900
2013-08-28,47.70000076293945,48.5099983215332,47.70000076293945,47.86000061035156,44.13031005859375,497800
2013-08-29,47.599998474121094,48.349998474121094,47.150001525878906,47.650001525878906,43.936683654785156,789800
2013-08-30,47.689998626708984,48.040000915527344,47.20000076293945,47.79999923706055,44.074981689453125,623700
2013-09-03,48.38999938964844,48.9900016784668,48.029998779296875,48.4900016784668,44.71121597290039,843500
2013-09-04,48.369998931884766,48.88999938964844,48.0,48.810001373291016,45.00627899169922,667100
2013-09-05,48.75,49.220001220703125,48.599998474121094,49.20000076293945,45.365875244140625,456600
2013-09-06,49.56999969482422,49.880001068115234,48.810001373291016,49.13999938964844,45.31056213378906,742000
2013-09-09,49.119998931884766,50.33000183105469,49.06999969482422,50.22999954223633,46.31563186645508,535600
2013-09-10,50.83000183105469,51.720001220703125,50.349998474121094,51.5,47.48664855957031,755500
2013-09-11,51.529998779296875,52.4900016784668,51.2599983215332,52.40999984741211,48.32572937011719,727600
2013-09-12,52.029998779296875,52.400001525878906,51.36000061035156,51.70000076293945,47.67107009887695,354900
2013-09-13,51.810001373291016,52.7400016784668,51.16999816894531,52.56999969482422,48.4732780456543,532600
2013-09-16,53.86000061035156,54.369998931884766,52.099998474121094,52.349998474121094,48.27041244506836,791600
2013-09-17,52.22999954223633,52.720001220703125,51.560001373291016,51.91999816894531,47.87391662597656,686500
2013-09-18,51.70000076293945,53.40999984741211,51.38999938964844,53.380001068115234,49.22013473510742,862100
2013-09-19,53.63999938964844,54.16999816894531,52.86000061035156,52.93000030517578,48.805213928222656,652400
2013-09-20,52.970001220703125,53.38999938964844,51.9900016784668,51.9900016784668,47.93846893310547,935900
2013-09-23,51.63999938964844,51.900001525878906,50.9900016784668,51.11000061035156,47.127037048339844,432700
2013-09-24,51.25,52.18000030517578,50.619998931884766,51.54999923706055,47.53275680541992,434300
2013-09-25,51.720001220703125,52.869998931884766,51.279998779296875,52.18000030517578,48.1136589050293,537600
2013-09-26,52.27000045776367,52.709999084472656,51.38999938964844,52.08000183105469,48.021453857421875,398800
2013-09-27,51.72999954223633,51.72999954223633,51.04999923706055,51.29999923706055,47.30223846435547,357600
2013-09-30,50.70000076293945,52.36000061035156,50.70000076293945,51.810001373291016,47.772499084472656,695200
2013-10-01,51.880001068115234,52.779998779296875,51.849998474121094,52.689998626708984,48.58391571044922,433100
2013-10-02,52.459999084472656,53.720001220703125,52.290000915527344,53.68000030517578,49.496761322021484,747600
2013-10-03,53.540000915527344,53.900001525878906,51.869998931884766,52.65999984741211,48.55624771118164,543000
2013-10-04,52.58000183105469,52.880001068115234,52.0,52.810001373291016,48.69455337524414,424300
2013-10-07,52.25,52.779998779296875,52.0,52.5099983215332,48.417938232421875,269300
2013-10-08,52.40999984741211,52.959999084472656,51.060001373291016,51.36000061035156,47.357547760009766,444000
2013-10-09,51.400001525878906,51.400001525878906,50.31999969482422,50.75,46.79509353637695,441800
2013-10-10,51.459999084472656,52.400001525878906,51.33000183105469,52.349998474121094,48.27041244506836,460500
2013-10-11,52.11000061035156,53.15999984741211,51.959999084472656,52.83000183105469,48.7130126953125,592600
2013-10-14,52.2400016784668,53.15999984741211,51.31999969482422,52.93000030517578,48.805213928222656,439600
2013-10-15,52.650001525878906,52.90999984741211,51.279998779296875,51.58000183105469,47.56041717529297,454300
2013-10-16,52.04999923706055,52.38999938964844,51.599998474121094,51.77000045776367,47.73561096191406,391500
2013-10-17,51.630001068115234,52.08000183105469,51.09000015258789,52.0,47.94770050048828,812600
2013-10-18,51.9900016784668,52.2599983215332,51.81999969482422,52.08000183105469,48.021453857421875,398300
2013-10-21,52.029998779296875,52.20000076293945,51.060001373291016,51.900001525878906,47.8554801940918,832400
2013-10-22,52.220001220703125,54.369998931884766,52.099998474121094,54.13999938964844,49.92092514038086,770200
2013-10-23,53.709999084472656,54.369998931884766,53.22999954223633,53.529998779296875,49.35845947265625,406800
2013-10-24,53.72999954223633,54.939998626708984,53.59000015258789,54.849998474121094,50.575592041015625,542100
2013-10-25,54.72999954223633,54.86000061035156,54.290000915527344,54.84000015258789,50.566368103027344,308400
2013-10-28,54.63999938964844,54.939998626708984,54.279998779296875,54.83000183105469,50.55713653564453,461900
2013-10-29,54.95000076293945,55.0,54.150001525878906,54.459999084472656,50.21597671508789,349800
2013-10-30,54.43000030517578,54.689998626708984,53.18000030517578,53.9900016784668,49.78260803222656,337000
2013-10-31,53.86000061035156,54.09000015258789,53.16999816894531,53.54999923706055,49.37688064575195,402800
2013-11-01,53.70000076293945,54.869998931884766,52.7599983215332,53.66999816894531,49.48753356933594,1040300
2013-11-04,54.349998474121094,60.13999938964844,54.06999969482422,57.779998779296875,53.277252197265625,3650300
2013-11-05,57.79999923706055,58.439998626708984,56.029998779296875,56.439998626708984,52.04167938232422,1541000
2013-11-06,56.650001525878906,56.70000076293945,55.869998931884766,56.18000030517578,51.80194091796875,699900
2013-11-07,56.630001068115234,57.34000015258789,55.18000030517578,55.349998474121094,51.03662872314453,750300
2013-11-08,55.2599983215332,56.630001068115234,54.599998474121094,56.599998474121094,52.1891975402832,672600
2013-11-11,56.4900016784668,56.689998626708984,55.810001373291016,56.279998779296875,51.89414978027344,364800
2013-11-12,56.099998474121094,56.279998779296875,55.439998626708984,55.84000015258789,51.48843765258789,582000
2013-11-13,55.310001373291016,56.33000183105469,55.22999954223633,56.060001373291016,51.69130325317383,620700
2013-11-14,56.2599983215332,56.43000030517578,55.45000076293945,55.959999084472656,51.59909439086914,534700
2013-11-15,55.93000030517578,56.84000015258789,55.849998474121094,56.79999923706055,52.373619079589844,639200
2013-11-18,57.0099983215332,57.41999816894531,55.099998474121094,55.34000015258789,51.02739715576172,639100
2013-11-19,55.400001525878906,56.4900016784668,55.27000045776367,55.689998626708984,51.350120544433594,612000
2013-11-20,55.58000183105469,55.939998626708984,55.20000076293945,55.72999954223633,51.38700866699219,644000
2013-11-21,55.68000030517578,56.75,55.68000030517578,56.349998474121094,51.9680061340332,999500
2013-11-22,56.5,57.29999923706055,56.31999969482422,56.790000915527344,52.37379455566406,896200
2013-11-25,56.66999816894531,57.869998931884766,56.599998474121094,57.43000030517578,52.96403503417969,824900
2013-11-26,57.22999954223633,57.79999923706055,57.099998474121094,57.31999969482422,52.86259460449219,494500
2013-11-27,57.439998626708984,57.790000915527344,56.939998626708984,57.11000061035156,52.66891860961914,340800
2013-11-29,57.099998474121094,57.099998474121094,56.279998779296875,56.369998931884766,51.98646545410156,341100
2013-12-02,56.560001373291016,56.91999816894531,55.77000045776367,56.560001373291016,52.16168212890625,500200
2013-12-03,56.209999084472656,56.56999969482422,54.72999954223633,55.5099983215332,51.19334030151367,426600
2013-12-04,54.91999816894531,55.40999984741211,53.54999923706055,54.45000076293945,50.21575164794922,707500
2013-12-05,54.2400016784668,54.790000915527344,53.939998626708984,54.619998931884766,50.37253952026367,588600
2013-12-06,55.119998931884766,56.869998931884766,55.119998931884766,55.91999816894531,51.571449279785156,808900
2013-12-09,55.97999954223633,56.560001373291016,55.2599983215332,55.61000061035156,51.28556442260742,591900
2013-12-10,55.470001220703125,56.09000015258789,54.900001525878906,54.959999084472656,50.68610382080078,484300
2013-12-11,54.970001220703125,55.0,53.689998626708984,53.900001525878906,49.70853805541992,662200
2013-12-12,53.869998931884766,54.54999923706055,53.650001525878906,54.40999984741211,50.178890228271484,533700
2013-12-13,56.75,56.75,55.29999923706055,56.130001068115234,51.7651252746582,864600
2013-12-16,56.36000061035156,56.97999954223633,56.13999938964844,56.709999084472656,52.300010681152344,743000
2013-12-17,56.41999816894531,56.66999816894531,55.9900016784668,56.4900016784668,52.097129821777344,496100
2013-12-18,56.459999084472656,58.06999969482422,56.150001525878906,57.7400016784668,53.24992752075195,698500
2013-12-19,57.4900016784668,57.59000015258789,56.59000015258789,57.15999984741211,52.71502685546875,447900
2013-12-20,57.70000076293945,57.9900016784668,57.29999923706055,57.34000015258789,52.88103103637695,1114400
2013-12-23,57.65999984741211,58.060001373291016,57.41999816894531,57.689998626708984,53.203800201416016,549400
2013-12-24,57.65999984741211,58.36000061035156,57.45000076293945,57.9900016784668,53.48048782348633,322500
2013-12-26,58.439998626708984,58.5099983215332,57.849998474121094,58.27000045776367,53.73871612548828,441900
2013-12-27,58.650001525878906,58.650001525878906,58.06999969482422,58.63999938964844,54.07994079589844,360100
2013-12-30,58.540000915527344,59.5,58.52000045776367,59.4900016784668,54.86384201049805,940900
2013-12-31,59.400001525878906,59.70000076293945,58.849998474121094,59.41999816894531,54.799285888671875,513500
2014-01-02,59.34000015258789,59.40999984741211,58.5099983215332,58.68000030517578,54.116825103759766,497000
2014-01-03,58.7400016784668,59.650001525878906,58.54999923706055,58.59000015258789,54.03382110595703,436800
2014-01-06,58.7599983215332,58.79999923706055,57.54999923706055,58.060001373291016,53.54505157470703,615500
2014-01-07,58.27000045776367,59.040000915527344,58.25,58.84000015258789,54.26437759399414,901200
2014-01-08,58.709999084472656,59.59000015258789,58.59000015258789,59.349998474121094,54.73472213745117,702000
2014-01-09,59.560001373291016,59.93000030517578,58.79999923706055,59.81999969482422,55.16818618774414,716300
2014-01-10,60.0,60.060001373291016,59.099998474121094,59.41999816894531,54.799285888671875,1119600
2014-01-13,59.189998626708984,59.970001220703125,58.380001068115234,58.65999984741211,54.09837341308594,902000
2014-01-14,58.959999084472656,59.31999969482422,58.68000030517578,59.209999084472656,54.60560607910156,1538700
2014-01-15,59.18000030517578,59.68000030517578,58.810001373291016,59.68000030517578,55.039058685302734,2008500
2014-01-16,59.599998474121094,60.27000045776367,59.31999969482422,59.90999984741211,55.251190185546875,1272500
2014-01-17,59.93000030517578,59.97999954223633,59.29999923706055,59.650001525878906,55.011409759521484,841500
2014-01-21,59.959999084472656,60.150001525878906,59.34000015258789,59.97999954223633,55.315738677978516,1088400
2014-01-22,60.099998474121094,60.16999816894531,59.4900016784668,59.599998474121094,54.96529006958008,459100
2014-01-23,60.779998779296875,62.400001525878906,60.119998931884766,61.310001373291016,56.54230499267578,1835700
2014-01-24,60.88999938964844,61.34000015258789,58.79999923706055,59.56999969482422,54.93761444091797,1886700
2014-01-27,60.13999938964844,60.13999938964844,57.86000061035156,58.040000915527344,53.52659606933594,1467800
2014-01-28,59.27000045776367,63.04999923706055,59.20000076293945,61.58000183105469,56.79132080078125,2675000
2014-01-29,60.66999816894531,62.90999984741211,60.41999816894531,62.2599983215332,57.41843032836914,1283800
2014-01-30,62.650001525878906,62.810001373291016,61.31999969482422,61.68000030517578,56.8835334777832,1080100
2014-01-31,60.400001525878906,62.72999954223633,60.2400016784668,61.72999954223633,56.92963790893555,866200
2014-02-03,61.68000030517578,62.310001373291016,58.68000030517578,59.04999923706055,54.45805740356445,1302300
2014-02-04,59.099998474121094,60.41999816894531,58.93000030517578,59.880001068115234,55.223506927490234,1149600
2014-02-05,59.880001068115234,61.38999938964844,59.45000076293945,60.189998626708984,55.5093994140625,1774900
2014-02-06,61.58000183105469,67.97000122070312,61.58000183105469,65.66000366210938,60.55404281616211,4067700
2014-02-07,66.0,66.3499984741211,63.84000015258789,64.76000213623047,59.72404098510742,2058800
2014-02-10,65.45999908447266,66.37999725341797,64.70999908447266,65.18000030517578,60.11137008666992,1145900
2014-02-11,65.11000061035156,66.08999633789062,64.55000305175781,65.54000091552734,60.443363189697266,1238300
2014-02-12,65.94999694824219,66.25,65.06999969482422,65.37999725341797,60.29580307006836,719400
2014-02-13,64.98999786376953,66.19999694824219,64.41000366210938,66.0,60.86759948730469,1055300
2014-02-14,66.05000305175781,66.80000305175781,65.47000122070312,66.33000183105469,61.171958923339844,743500
2014-02-18,66.52999877929688,67.37999725341797,65.97000122070312,66.44000244140625,61.27339172363281,869900
2014-02-19,66.02999877929688,67.1500015258789,64.68000030517578,64.91999816894531,59.87156677246094,957300
2014-02-20,64.93000030517578,65.45999908447266,64.2300033569336,65.30000305175781,60.26845932006836,662700
2014-02-21,65.41000366210938,66.19000244140625,65.41000366210938,65.7300033569336,60.66529846191406,706900
2014-02-24,65.88999938964844,66.4800033569336,65.0,65.02999877929688,60.019248962402344,592600
2014-02-25,65.01000213623047,65.98999786376953,64.56999969482422,65.55000305175781,60.499176025390625,563800
2014-02-26,65.77999877929688,68.11000061035156,65.5199966430664,66.95999908447266,61.80055618286133,1209100
2014-02-27,66.94999694824219,68.44999694824219,66.94999694824219,67.93000030517578,62.69580078125,802500
2014-02-28,67.87999725341797,68.58999633789062,67.27999877929688,67.93000030517578,62.69580078125,811300
2014-03-03,67.54000091552734,68.55000305175781,67.33999633789062,68.36000061035156,63.09267807006836,974500
2014-03-04,69.30999755859375,69.5,68.45999908447266,69.01000213623047,63.692562103271484,840300
2014-03-05,68.87999725341797,69.22000122070312,67.93000030517578,68.19999694824219,62.94502258300781,768500
2014-03-06,68.36000061035156,68.86000061035156,67.72000122070312,67.98999786376953,62.75117492675781,726200
2014-03-07,68.41999816894531,69.18000030517578,68.13999938964844,68.8499984741211,63.54491424560547,830800
2014-03-10,68.58000183105469,68.75,67.23999786376953,68.13999938964844,62.88964080810547,624700
2014-03-11,68.48999786376953,68.7699966430664,67.19999694824219,67.4800033569336,62.28046798706055,682800
2014-03-12,66.94999694824219,67.37000274658203,66.87999725341797,66.93000030517578,61.77285385131836,809700
2014-03-13,67.3499984741211,67.3499984741211,65.61000061035156,65.79000091552734,60.72068405151367,652300
2014-03-14,65.72000122070312,66.69999694824219,65.61000061035156,66.2300033569336,61.126800537109375,606000
2014-03-17,66.48999786376953,67.29000091552734,66.22000122070312,66.7300033569336,61.5882453918457,707300
2014-03-18,66.80000305175781,67.54000091552734,66.66999816894531,67.4000015258789,62.206642150878906,927100
2014-03-19,67.69000244140625,68.30999755859375,66.66000366210938,67.19999694824219,62.022029876708984,673000
2014-03-20,66.93000030517578,67.18000030517578,66.0999984741211,67.01000213623047,61.846675872802734,672700
2014-03-21,67.44000244140625,67.44000244140625,66.08000183105469,66.11000061035156,61.01604461669922,1293300
2014-03-24,66.2699966430664,66.5999984741211,64.80000305175781,65.12000274658203,60.10232162475586,658300
2014-03-25,65.55999755859375,66.08999633789062,65.37999725341797,65.91000366210938,60.831451416015625,487200
2014-03-26,66.16999816894531,66.45999908447266,64.55999755859375,64.61000061035156,59.631622314453125,660900
2014-03-27,64.55999755859375,65.22000122070312,63.83000183105469,65.11000061035156,60.093082427978516,656400
2014-03-28,65.5199966430664,66.97000122070312,65.26000213623047,66.38999938964844,61.274471282958984,702900
2014-03-31,66.86000061035156,67.54000091552734,66.16999816894531,66.44999694824219,61.329837799072266,1018800
2014-04-01,66.87000274658203,66.87000274658203,65.87000274658203,66.4800033569336,61.35752868652344,763100
2014-04-02,66.31999969482422,66.58999633789062,65.51000213623047,65.72000122070312,60.656097412109375,781900
2014-04-03,66.05000305175781,67.0,65.5999984741211,66.33999633789062,61.228309631347656,890700
2014-04-04,66.80000305175781,68.29000091552734,65.66999816894531,66.33000183105469,61.2191047668457,1419900
2014-04-07,66.47000122070312,66.91999816894531,63.81999969482422,64.06999969482422,59.13322830200195,1055900
2014-04-08,64.04000091552734,64.56999969482422,63.18000030517578,63.959999084472656,59.03168869018555,969500
2014-04-09,64.33000183105469,65.41000366210938,63.79999923706055,65.11000061035156,60.093082427978516,872200
2014-04-10,65.19999694824219,66.44000244140625,64.48999786376953,64.81999969482422,59.82544708251953,1276500
2014-04-11,64.77999877929688,64.8499984741211,63.630001068115234,63.720001220703125,58.8101921081543,871800
2014-04-14,64.16000366210938,64.62999725341797,62.95000076293945,63.560001373291016,58.66252136230469,606700
2014-04-15,63.61000061035156,63.88999938964844,62.220001220703125,63.650001525878906,58.74559020996094,900000
2014-04-16,63.97999954223633,64.94999694824219,63.70000076293945,64.87999725341797,59.880802154541016,617700
2014-04-17,64.56999969482422,65.04000091552734,62.97999954223633,64.75,59.760826110839844,1915200
2014-04-21,64.77999877929688,65.56999969482422,64.44000244140625,65.22000122070312,60.19461441040039,714700
2014-04-22,65.22000122070312,65.80000305175781,64.55000305175781,64.61000061035156,59.631622314453125,1277400
2014-04-23,64.58000183105469,65.0199966430664,63.970001220703125,64.41000366210938,59.447025299072266,772900
2014-04-24,65.0,65.2699966430664,63.540000915527344,65.25,60.222312927246094,979500
2014-04-25,64.98999786376953,65.0,63.540000915527344,64.06999969482422,59.13322830200195,767900
2014-04-28,64.1500015258789,64.36000061035156,61.380001068115234,61.88999938964844,57.12120819091797,1580800
2014-04-29,62.06999969482422,64.19999694824219,61.779998779296875,64.0,59.068626403808594,1546700
2014-04-30,63.97999954223633,64.80999755859375,63.189998626708984,64.52999877929688,59.557762145996094,1181000
2014-05-01,64.55999755859375,66.13999938964844,64.37999725341797,64.77999877929688,59.78849411010742,2268100
2014-05-02,65.25,65.66999816894531,64.73999786376953,65.1500015258789,60.13002014160156,933600
2014-05-05,64.88999938964844,65.08999633789062,63.869998931884766,65.01000213623047,60.00080108642578,1235800
2014-05-06,63.5,65.97000122070312,63.290000915527344,63.31999969482422,58.441009521484375,1328500
2014-05-07,63.400001525878906,64.0999984741211,62.029998779296875,62.22999954223633,57.434993743896484,1627400
2014-05-08,62.25,63.2599983215332,60.90999984741211,61.099998474121094,56.39206314086914,1332400
2014-05-09,61.119998931884766,61.2599983215332,59.52000045776367,59.91999816894531,55.3029899597168,1367000
2014-05-12,60.58000183105469,62.33000183105469,60.52000045776367,62.13999938964844,57.3519401550293,1056200
2014-05-13,62.040000915527344,62.86000061035156,61.40999984741211,61.65999984741211,56.90891647338867,979600
2014-05-14,61.54999923706055,61.54999923706055,60.880001068115234,60.880001068115234,56.189029693603516,682300
2014-05-15,60.560001373291016,60.56999969482422,58.939998626708984,59.7400016784668,55.13685989379883,1196300
2014-05-16,59.68000030517578,60.650001525878906,59.540000915527344,60.43000030517578,55.77370071411133,957700
2014-05-19,60.5,60.630001068115234,59.86000061035156,60.58000183105469,55.912139892578125,986200
2014-05-20,60.400001525878906,60.599998474121094,59.22999954223633,59.56999969482422,54.97995376586914,482400
2014-05-21,59.70000076293945,60.33000183105469,58.959999084472656,59.16999816894531,54.61079406738281,917600
2014-05-22,59.279998779296875,60.02000045776367,58.880001068115234,59.90999984741211,55.34053421020508,995200
2014-05-23,59.95000076293945,61.349998474121094,59.619998931884766,61.189998626708984,56.52289962768555,740100
2014-05-27,61.400001525878906,61.720001220703125,61.040000915527344,61.349998474121094,56.67070007324219,756500
2014-05-28,61.470001220703125,61.970001220703125,61.25,61.40999984741211,56.72611618041992,891200
2014-05-29,61.83000183105469,62.099998474121094,60.13999938964844,60.93000030517578,56.2827262878418,601400
2014-05-30,60.84000015258789,61.02000045776367,60.369998931884766,60.970001220703125,56.31968688964844,508800
2014-06-02,60.93000030517578,61.41999816894531,60.470001220703125,61.27000045776367,56.596797943115234,695500
2014-06-03,60.90999984741211,61.369998931884766,60.56999969482422,60.9900016784668,56.33814239501953,674800
2014-06-04,60.779998779296875,61.38999938964844,60.59000015258789,61.279998779296875,56.60601806640625,432500
2014-06-05,61.22999954223633,63.099998474121094,61.150001525878906,62.79999923706055,58.01008987426758,1072900
2014-06-06,63.02000045776367,63.79999923706055,63.0099983215332,63.529998779296875,58.68442916870117,543400
2014-06-09,63.369998931884766,64.2699966430664,63.20000076293945,63.400001525878906,58.564334869384766,529200
2014-06-10,63.349998474121094,65.05000305175781,63.349998474121094,64.91000366210938,59.95915985107422,788600
2014-06-11,64.69000244140625,64.91000366210938,63.630001068115234,64.08999633789062,59.20170974731445,562600
2014-06-12,64.19999694824219,64.44000244140625,63.529998779296875,63.939998626708984,59.063148498535156,845800
2014-06-13,63.779998779296875,64.79000091552734,63.54999923706055,64.75,59.81136703491211,708600
2014-06-16,64.55000305175781,65.18000030517578,64.26000213623047,64.54000091552734,59.61739730834961,668200
2014-06-17,63.7400016784668,64.80000305175781,63.59000015258789,63.849998474121094,58.980010986328125,638000
2014-06-18,63.83000183105469,65.4000015258789,63.34000015258789,65.19000244140625,60.21781539916992,818500
2014-06-19,65.16000366210938,65.41999816894531,64.5,65.01000213623047,60.051544189453125,551900
2014-06-20,65.05999755859375,65.33000183105469,64.58000183105469,65.23999786376953,60.263980865478516,1253800
2014-06-23,65.19000244140625,66.16999816894531,64.83999633789062,65.0,60.042301177978516,719800
2014-06-24,64.68000030517578,65.05000305175781,63.619998931884766,63.86000061035156,58.98925018310547,519700
2014-06-25,63.45000076293945,63.959999084472656,63.13999938964844,63.5,58.656715393066406,654000
2014-06-26,63.599998474121094,63.599998474121094,62.5099983215332,63.029998779296875,58.2225456237793,717100
2014-06-27,62.66999816894531,64.13999938964844,62.66999816894531,63.900001525878906,59.02621078491211,823500
2014-06-30,64.05000305175781,64.22000122070312,63.2599983215332,63.75,58.88764572143555,593400
2014-07-01,64.23999786376953,64.94000244140625,64.22000122070312,64.30999755859375,59.404930114746094,786600
2014-07-02,64.05000305175781,64.13999938964844,63.130001068115234,63.529998779296875,58.68442916870117,1105200
2014-07-03,63.599998474121094,64.44999694824219,63.599998474121094,64.36000061035156,59.45111846923828,544600
2014-07-07,64.01000213623047,64.16000366210938,63.47999954223633,63.7400016784668,58.87841033935547,679000
2014-07-08,63.540000915527344,64.83999633789062,63.220001220703125,64.30000305175781,59.39569091796875,924600
2014-07-09,64.4800033569336,64.94999694824219,64.27999877929688,64.91999816894531,59.96840286254883,548500
2014-07-10,63.709999084472656,64.7300033569336,63.36000061035156,64.5,59.58042907714844,836700
2014-07-11,64.37999725341797,65.19000244140625,63.86000061035156,65.16000366210938,60.19010543823242,547200
2014-07-14,64.68000030517578,64.80999755859375,63.959999084472656,64.37000274658203,59.46034622192383,852200
2014-07-15,64.30000305175781,64.70999908447266,64.06999969482422,64.19999694824219,59.30331802368164,706900
2014-07-16,64.47000122070312,64.72000122070312,63.59000015258789,64.41000366210938,59.4973030090332,438200
2014-07-17,63.779998779296875,63.970001220703125,62.81999969482422,62.9900016784668,58.18560791015625,726600
2014-07-18,63.119998931884766,64.2699966430664,62.970001220703125,64.05000305175781,59.164764404296875,583300
2014-07-21,63.810001373291016,64.05999755859375,63.08000183105469,63.560001373291016,58.712135314941406,382100
2014-07-22,64.05000305175781,64.62000274658203,63.97999954223633,64.56999969482422,59.64509963989258,485600
2014-07-23,65.55999755859375,66.08000183105469,64.04000091552734,65.83999633789062,60.81824493408203,965400
2014-07-24,65.22000122070312,66.01000213623047,64.55000305175781,65.94999694824219,60.91983413696289,1219700
2014-07-25,65.69000244140625,65.69000244140625,65.08999633789062,65.19999694824219,60.227046966552734,522800
2014-07-28,65.06999969482422,65.18000030517578,64.19999694824219,64.48999786376953,59.57120132446289,536300
2014-07-29,64.7699966430664,66.55000305175781,64.61000061035156,65.44999694824219,60.45796203613281,1254900
2014-07-30,65.75,66.0999984741211,64.91999816894531,65.33999633789062,60.35636520385742,888600
2014-07-31,64.55999755859375,64.9000015258789,63.02000045776367,63.130001068115234,58.31492614746094,1049800
2014-08-01,63.0,63.869998931884766,62.5099983215332,63.34000015258789,58.50891876220703,865300
2014-08-04,63.40999984741211,63.7599983215332,62.97999954223633,63.27000045776367,58.44424057006836,1221400
2014-08-05,62.599998474121094,64.26000213623047,61.599998474121094,62.25,57.50204849243164,1487700
2014-08-06,62.130001068115234,62.5099983215332,61.31999969482422,62.40999984741211,57.64984130859375,1402200
2014-08-07,62.59000015258789,62.779998779296875,60.779998779296875,61.5,56.80924606323242,1356900
2014-08-08,61.75,62.20000076293945,61.150001525878906,61.970001220703125,57.2433967590332,729800
2014-08-11,62.08000183105469,62.52000045776367,61.650001525878906,61.689998626708984,56.984771728515625,921300
2014-08-12,61.63999938964844,61.939998626708984,61.16999816894531,61.880001068115234,57.16027069091797,793400
2014-08-13,62.18000030517578,62.84000015258789,61.939998626708984,62.029998779296875,57.29883575439453,889700
2014-08-14,62.130001068115234,62.349998474121094,61.95000076293945,62.040000915527344,57.30807876586914,525400
2014-08-15,62.43000030517578,62.68000030517578,61.349998474121094,61.470001220703125,56.78152847290039,871200
2014-08-18,61.81999969482422,63.02000045776367,61.380001068115234,62.970001220703125,58.167137145996094,939800
2014-08-19,63.220001220703125,63.83000183105469,62.95000076293945,63.0,58.19484329223633,564400
2014-08-20,62.720001220703125,62.88999938964844,62.2599983215332,62.7400016784668,57.95466995239258,417000
2014-08-21,63.119998931884766,63.18000030517578,62.27000045776367,63.08000183105469,58.26873016357422,612100
2014-08-22,62.93000030517578,63.220001220703125,62.470001220703125,62.66999816894531,57.8900260925293,697800
2014-08-25,62.900001525878906,63.18000030517578,62.310001373291016,62.47999954223633,57.76980209350586,608500
2014-08-26,62.68000030517578,63.869998931884766,62.36000061035156,63.68000030517578,58.87935256958008,1005200
2014-08-27,64.05999755859375,64.18000030517578,63.220001220703125,63.41999816894531,58.638938903808594,599200
2014-08-28,63.209999084472656,63.31999969482422,62.77000045776367,63.220001220703125,58.45403289794922,528400
2014-08-29,63.41999816894531,63.68000030517578,62.869998931884766,63.380001068115234,58.60196304321289,406000
2014-09-02,63.63999938964844,63.83000183105469,62.40999984741211,62.75,58.01945495605469,771200
2014-09-03,63.06999969482422,63.20000076293945,61.70000076293945,62.04999923706055,57.37223434448242,980700
2014-09-04,62.06999969482422,63.11000061035156,61.7599983215332,62.029998779296875,57.35374450683594,811300
2014-09-05,62.060001373291016,62.81999969482422,61.70000076293945,62.720001220703125,57.991729736328125,788700
2014-09-08,62.540000915527344,62.849998474121094,62.13999938964844,62.43000030517578,57.72357177734375,338300
2014-09-09,62.43000030517578,62.65999984741211,61.43000030517578,61.70000076293945,57.04861831665039,566900
2014-09-10,61.75,62.15999984741211,61.290000915527344,62.06999969482422,57.39070510864258,723200
2014-09-11,61.90999984741211,63.189998626708984,61.779998779296875,63.15999984741211,58.3985481262207,756800
2014-09-12,63.18000030517578,63.18000030517578,62.2400016784668,62.619998931884766,57.89925003051758,872100
2014-09-15,62.52000045776367,62.810001373291016,61.91999816894531,62.31999969482422,57.621864318847656,861600
2014-09-16,62.029998779296875,62.959999084472656,61.650001525878906,62.709999084472656,57.98247528076172,640500
2014-09-17,62.869998931884766,64.1500015258789,62.63999938964844,63.29999923706055,58.527984619140625,1139700
2014-09-18,63.47999954223633,63.560001373291016,62.34000015258789,62.439998626708984,57.73281478881836,869200
2014-09-19,62.439998626708984,62.560001373291016,61.84000015258789,62.25,57.55714797973633,1266200
2014-09-22,62.189998626708984,62.290000915527344,61.54999923706055,61.720001220703125,57.067115783691406,530200
2014-09-23,61.540000915527344,62.220001220703125,61.349998474121094,61.689998626708984,57.03938293457031,880600
2014-09-24,61.529998779296875,62.709999084472656,61.13999938964844,62.630001068115234,57.90849685668945,930200
2014-09-25,62.599998474121094,62.939998626708984,60.95000076293945,61.34000015258789,56.71575164794922,1123400
2014-09-26,61.349998474121094,61.63999938964844,61.06999969482422,61.33000183105469,56.70651626586914,1062700
2014-09-29,60.7400016784668,61.099998474121094,60.290000915527344,60.619998931884766,56.05002975463867,1024300
2014-09-30,62.2400016784668,62.369998931884766,60.20000076293945,60.22999954223633,55.6894416809082,884500
2014-10-01,60.310001373291016,60.56999969482422,58.81999969482422,58.900001525878906,54.4597053527832,1493600
2014-10-02,58.79999923706055,59.5099983215332,58.0,58.779998779296875,54.34873962402344,1972900
2014-10-03,59.099998474121094,59.470001220703125,59.06999969482422,59.15999984741211,54.700103759765625,851700
2014-10-06,59.61000061035156,59.61000061035156,58.04999923706055,58.5099983215332,54.09910202026367,1061500
2014-10-07,58.0,58.40999984741211,57.279998779296875,57.279998779296875,52.96181869506836,1038000
2014-10-08,57.209999084472656,58.09000015258789,55.810001373291016,57.9900016784668,53.61831283569336,1967800
2014-10-09,58.66999816894531,59.2400016784668,56.900001525878906,57.33000183105469,53.0080451965332,2008800
2014-10-10,57.52000045776367,58.22999954223633,56.380001068115234,56.52000045776367,52.25911331176758,1736000
2014-10-13,56.630001068115234,57.34000015258789,55.220001220703125,55.279998779296875,51.11260223388672,1218000
2014-10-14,55.650001525878906,56.45000076293945,55.04999923706055,55.72999954223633,51.5286750793457,1086700
2014-10-15,55.220001220703125,56.68000030517578,54.099998474121094,56.279998779296875,52.03721618652344,1739700
2014-10-16,55.86000061035156,57.31999969482422,55.15999984741211,56.77000045776367,52.49026870727539,2142500
2014-10-17,57.5,59.45000076293945,57.439998626708984,59.09000015258789,54.635379791259766,2916300
2014-10-20,58.93000030517578,59.61000061035156,58.650001525878906,59.459999084472656,54.97747802734375,765900
2014-10-21,59.779998779296875,60.58000183105469,59.63999938964844,60.25,55.70792770385742,781700
2014-10-22,60.41999816894531,60.88999938964844,59.31999969482422,59.349998474121094,54.875770568847656,942600
2014-10-23,59.91999816894531,60.939998626708984,59.349998474121094,60.2400016784668,55.69868469238281,1195300
2014-10-24,61.04999923706055,61.439998626708984,60.25,61.25,56.632530212402344,1163300
2014-10-27,60.75,60.939998626708984,59.43000030517578,59.77000045776367,55.26411437988281,965800
2014-10-28,59.810001373291016,60.630001068115234,58.959999084472656,60.52000045776367,55.95757293701172,1392300
2014-10-29,60.40999984741211,60.7599983215332,58.709999084472656,59.400001525878906,54.92200469970703,1878300
2014-10-30,59.0099983215332,60.75,58.91999816894531,60.290000915527344,55.744930267333984,1202500
2014-10-31,61.5,62.029998779296875,60.400001525878906,61.709999084472656,57.057857513427734,1507800
2014-11-03,61.63999938964844,62.790000915527344,61.27000045776367,62.400001525878906,57.69584655761719,2139900
2014-11-04,62.720001220703125,64.70999908447266,61.220001220703125,63.5,58.71292495727539,2691100
2014-11-05,64.25,65.5,63.810001373291016,64.16999816894531,59.33241271972656,1596200
2014-11-06,64.19000244140625,64.8499984741211,63.5099983215332,64.7699966430664,59.887176513671875,1039000
2014-11-07,64.76000213623047,65.7699966430664,64.7300033569336,65.11000061035156,60.201541900634766,1237500
2014-11-10,65.05000305175781,65.7699966430664,64.95999908447266,65.41999816894531,60.488189697265625,1063700
2014-11-11,65.27999877929688,65.87999725341797,65.18000030517578,65.3499984741211,60.4234504699707,598300
2014-11-12,65.52999877929688,65.72000122070312,64.80999755859375,65.45999908447266,60.52516174316406,889700
2014-11-13,65.41999816894531,65.9000015258789,64.91999816894531,65.58000183105469,60.63613510131836,842500
2014-11-14,65.5,66.37000274658203,65.12000274658203,66.30999755859375,61.31106185913086,830800
2014-11-17,66.16000366210938,66.19999694824219,65.73999786376953,66.0,61.02445983886719,896800
2014-11-18,65.93000030517578,67.20999908447266,65.93000030517578,67.0999984741211,62.0415153503418,1369400
2014-11-19,67.08000183105469,67.83999633789062,66.4800033569336,67.66999816894531,62.56853103637695,1200200
2014-11-20,67.08999633789062,68.23999786376953,66.80000305175781,68.01000213623047,62.8829345703125,1064500
2014-11-21,68.62999725341797,69.0999984741211,68.23999786376953,68.61000061035156,63.437686920166016,1541200
2014-11-24,68.80999755859375,68.9800033569336,68.55999755859375,68.61000061035156,63.49324417114258,1596200
2014-11-25,68.66999816894531,68.91999816894531,67.27999877929688,67.58999633789062,62.54927444458008,811900
2014-11-26,67.76000213623047,67.79000091552734,66.7300033569336,67.12000274658203,62.11433029174805,670600
2014-11-28,67.0199966430664,67.04000091552734,66.01000213623047,66.0999984741211,61.170413970947266,533400
2014-12-01,65.9800033569336,66.0999984741211,64.19999694824219,64.5,59.68973159790039,1336300
2014-12-02,64.62999725341797,65.4800033569336,64.43000030517578,65.41000366210938,60.5318717956543,1226700
2014-12-03,65.62999725341797,67.11000061035156,65.45999908447266,67.06999969482422,62.068050384521484,1175400
2014-12-04,66.81999969482422,67.70999908447266,66.5999984741211,67.41999816894531,62.39194869995117,1063600
2014-12-05,67.22000122070312,67.48999786376953,66.47000122070312,66.66999816894531,61.69792175292969,693900
2014-12-08,66.36000061035156,66.47000122070312,64.98999786376953,65.25,60.38379669189453,619400
2014-12-09,64.54000091552734,66.05000305175781,64.4000015258789,66.02999877929688,61.105621337890625,723400
2014-12-10,65.86000061035156,65.91000366210938,62.63999938964844,63.15999984741211,58.44966506958008,1760800
2014-12-11,63.349998474121094,64.01000213623047,62.900001525878906,63.04999923706055,58.34787368774414,976100
2014-12-12,63.540000915527344,63.540000915527344,62.36000061035156,62.38999938964844,57.737083435058594,1214900
2014-12-15,62.4900016784668,63.29999923706055,61.45000076293945,61.5099983215332,56.92272186279297,1214100
2014-12-16,61.630001068115234,63.7599983215332,61.4900016784668,62.119998931884766,57.487220764160156,1062900
2014-12-17,62.20000076293945,64.12999725341797,61.79999923706055,63.9900016784668,59.2177619934082,1060500
2014-12-18,65.08999633789062,65.5999984741211,63.79999923706055,65.43000030517578,60.55036926269531,1025800
2014-12-19,65.80999755859375,66.97000122070312,65.30999755859375,66.77999877929688,61.799678802490234,1532000
2014-12-22,66.68000030517578,66.73999786376953,65.4000015258789,66.08999633789062,61.1611442565918,1237500
2014-12-23,66.16999816894531,66.80000305175781,65.94000244140625,66.29000091552734,61.34625244140625,776800
2014-12-24,66.13999938964844,66.5999984741211,65.95999908447266,66.2699966430664,61.32771301269531,329000
2014-12-26,66.62000274658203,66.88999938964844,66.27999877929688,66.3499984741211,61.401771545410156,375800
2014-12-29,65.9800033569336,66.91999816894531,65.9800033569336,66.8499984741211,61.864471435546875,461700
2014-12-30,66.62000274658203,67.11000061035156,66.33999633789062,66.41000366210938,61.45729064941406,484500
2014-12-31,66.5199966430664,67.41999816894531,65.63999938964844,65.7300033569336,60.8280029296875,680200
2015-01-02,66.38999938964844,67.91000366210938,66.18000030517578,66.9800033569336,61.984779357910156,978500
2015-01-05,66.29000091552734,66.38999938964844,64.81999969482422,65.12999725341797,60.27275085449219,897200
2015-01-06,65.0199966430664,66.12999725341797,64.27999877929688,64.9800033569336,60.1339225769043,686300
2015-01-07,65.30000305175781,66.33000183105469,65.05999755859375,66.20999908447266,61.272186279296875,532400
2015-01-08,66.86000061035156,68.63999938964844,66.80999755859375,68.27999877929688,63.187828063964844,1380500
2015-01-09,68.4000015258789,68.58000183105469,67.61000061035156,68.29000091552734,63.197086334228516,845700
2015-01-12,68.08000183105469,68.44000244140625,67.27999877929688,68.25,63.16005325317383,1132900
2015-01-13,69.0199966430664,69.08999633789062,66.31999969482422,67.36000061035156,62.33644104003906,972500
2015-01-14,66.3499984741211,67.88999938964844,65.37000274658203,67.73999786376953,62.688106536865234,808600
2015-01-15,68.13999938964844,68.27999877929688,65.94000244140625,66.22000122070312,61.281463623046875,1019000
2015-01-16,66.26000213623047,67.33999633789062,66.16999816894531,66.88999938964844,61.9014892578125,1486800
2015-01-20,67.19000244140625,67.45999908447266,66.12000274658203,66.98999786376953,61.99403762817383,1023500
2015-01-21,66.70999908447266,68.04000091552734,66.3499984741211,67.9800033569336,62.91020965576172,857100
2015-01-22,68.75,70.0,67.75,69.91999816894531,64.70550537109375,1791600
2015-01-23,69.87000274658203,70.37000274658203,69.18000030517578,69.73999786376953,64.53892517089844,1107400
2015-01-26,69.83000183105469,70.56999969482422,69.05000305175781,70.5199966430664,65.26078033447266,826900
2015-01-27,69.41000366210938,70.43000030517578,68.94000244140625,70.2300033569336,64.99239349365234,1172900
2015-01-28,70.91999816894531,70.94999694824219,69.98999786376953,70.02999877929688,64.80730438232422,1372600
2015-01-29,69.98999786376953,71.55999755859375,69.52999877929688,71.33999633789062,66.01964569091797,1328700
2015-01-30,70.68000030517578,71.75,69.8499984741211,70.51000213623047,65.25154113769531,1148200
2015-02-02,71.16999816894531,71.88999938964844,70.0999984741211,71.44000244140625,66.1121597290039,1308200
2015-02-03,72.0,72.0,71.19000244140625,71.81999969482422,66.46385192871094,1256400
2015-02-04,71.25,72.91999816894531,71.08000183105469,71.47000122070312,66.13993072509766,1541600
2015-02-05,73.37000274658203,75.36000061035156,73.11000061035156,74.01000213623047,68.49048614501953,2129900
2015-02-06,74.52999877929688,76.98999786376953,74.30000305175781,75.2300033569336,69.61952209472656,2654900
2015-02-09,75.20999908447266,76.80999755859375,75.16000366210938,76.16999816894531,70.48941040039062,1603000
2015-02-10,76.91000366210938,78.1500015258789,76.81999969482422,77.76000213623047,71.96083068847656,1778100
2015-02-11,77.5199966430664,79.30999755859375,77.48999786376953,78.0,72.18292999267578,1740100
2015-02-12,78.4800033569336,79.87999725341797,78.26000213623047,79.41000366210938,73.4877700805664,1256100
2015-02-13,79.66000366210938,79.98999786376953,79.0,79.87000274658203,73.9134750366211,1095800
2015-02-17,79.9000015258789,80.88999938964844,79.66999816894531,80.76000213623047,74.73709869384766,910600
2015-02-18,80.63999938964844,81.19999694824219,80.33000183105469,81.06999969482422,75.0239486694336,575800
2015-02-19,80.9800033569336,82.23999786376953,80.68000030517578,81.26000213623047,75.1998062133789,850100
2015-02-20,81.25,81.41000366210938,79.91999816894531,80.9800033569336,74.94065856933594,998600
2015-02-23,81.01000213623047,81.19000244140625,79.87999725341797,80.22000122070312,74.23737335205078,1051900
2015-02-24,80.37000274658203,81.0999984741211,80.06999969482422,80.7300033569336,74.70933532714844,966600
2015-02-25,80.77999877929688,82.58999633789062,80.52999877929688,82.37999725341797,76.33084869384766,1801600
2015-02-26,83.0,83.48999786376953,82.2300033569336,82.38999938964844,76.34008026123047,1291900
2015-02-27,82.38999938964844,83.19000244140625,82.20999908447266,83.0,76.90528869628906,852700
2015-03-02,83.5199966430664,84.54000091552734,82.76000213623047,84.5,78.29517364501953,1185900
2015-03-03,84.0999984741211,84.80000305175781,83.44999694824219,84.7699966430664,78.54530334472656,1344700
2015-03-04,84.27999877929688,84.98999786376953,84.0,84.5999984741211,78.38780212402344,1835400
2015-03-05,84.73999786376953,85.36000061035156,84.44999694824219,84.97000122070312,78.73065948486328,1161200
2015-03-06,84.5199966430664,85.80000305175781,84.33999633789062,84.75,78.52680206298828,1669400
2015-03-09,85.06999969482422,85.06999969482422,84.12000274658203,84.3499984741211,78.15617370605469,1791900
2015-03-10,83.62999725341797,83.77999877929688,82.41000366210938,82.43000030517578,76.37718200683594,1082300
2015-03-11,82.58000183105469,83.43000030517578,82.2699966430664,83.23999786376953,77.12767791748047,887100
2015-03-12,83.7300033569336,85.30000305175781,83.62999725341797,85.0999984741211,78.8510971069336,1141600
2015-03-13,84.91999816894531,84.94999694824219,83.8499984741211,84.61000061035156,78.39706420898438,914100
2015-03-16,84.62000274658203,85.36000061035156,84.62000274658203,85.11000061035156,78.86035919189453,716800
2015-03-17,84.55999755859375,85.5999984741211,84.5199966430664,85.0999984741211,78.8510971069336,727400
2015-03-18,84.62000274658203,86.25,84.0,85.7699966430664,79.47187805175781,761600
2015-03-19,85.56999969482422,85.87999725341797,83.95999908447266,84.19999694824219,78.0171890258789,930100
2015-03-20,84.62000274658203,85.25,84.01000213623047,84.05000305175781,77.8781967163086,1257900
2015-03-23,84.05000305175781,85.23999786376953,83.94000244140625,84.30999755859375,78.11910247802734,1084300
2015-03-24,84.4800033569336,85.51000213623047,84.19999694824219,85.13999938964844,78.88818359375,1431800
2015-03-25,85.4800033569336,86.0199966430664,83.94000244140625,83.94000244140625,77.77627563476562,1116900
2015-03-26,83.45999908447266,84.31999969482422,83.0199966430664,84.01000213623047,77.84114837646484,738400
2015-03-27,83.79000091552734,84.62999725341797,83.79000091552734,84.16999816894531,77.98938751220703,565500
2015-03-30,84.58000183105469,85.63999938964844,84.5,85.38999938964844,79.11981201171875,601400
2015-03-31,85.0,85.47000122070312,84.30000305175781,84.30000305175781,78.10987091064453,847400
2015-04-01,84.36000061035156,84.45999908447266,83.45999908447266,84.22000122070312,78.03571319580078,1149700
2015-04-02,84.0,85.01000213623047,83.66000366210938,84.30999755859375,78.11910247802734,870800
2015-04-06,84.05999755859375,85.05000305175781,84.05000305175781,84.47000122070312,78.26737213134766,601600
2015-04-07,84.5,84.81999969482422,83.12000274658203,83.2300033569336,77.118408203125,1109500
2015-04-08,82.97000122070312,83.2300033569336,81.7300033569336,83.19999694824219,77.09060668945312,1469700
2015-04-09,82.83000183105469,83.61000061035156,82.30999755859375,82.79000091552734,76.71074676513672,767300
2015-04-10,83.08999633789062,83.66000366210938,82.54000091552734,83.33999633789062,77.22034454345703,785700
2015-04-13,83.0,83.56999969482422,82.11000061035156,83.02999877929688,76.93309020996094,855400
2015-04-14,84.26000213623047,84.37000274658203,82.5199966430664,83.25,77.13694763183594,1092200
2015-04-15,83.5,84.73999786376953,83.16000366210938,83.80999755859375,77.65583801269531,829800
2015-04-16,83.69999694824219,83.73999786376953,82.36000061035156,82.75,76.67366027832031,1148200
2015-04-17,82.0199966430664,82.5999984741211,81.29000091552734,81.93000030517578,75.91387176513672,999500
2015-04-20,82.26000213623047,82.47000122070312,81.52999877929688,81.7699966430664,75.76563262939453,651800
2015-04-21,81.88999938964844,82.13999938964844,81.19999694824219,81.37000274658203,75.39500427246094,625600
2015-04-22,81.45999908447266,81.66000366210938,80.58000183105469,80.91000366210938,74.96879577636719,806200
2015-04-23,80.87999725341797,82.5999984741211,80.66000366210938,82.33000183105469,76.28449249267578,1050900
2015-04-24,82.44999694824219,83.48999786376953,82.12000274658203,83.47000122070312,77.34078216552734,1106000
2015-04-27,83.95999908447266,84.02999877929688,82.91999816894531,83.12000274658203,77.0165023803711,689400
2015-04-28,82.77999877929688,83.13999938964844,81.81999969482422,83.08999633789062,76.98870849609375,867600
2015-04-29,82.43000030517578,83.37999725341797,81.77999877929688,83.06999969482422,76.97014617919922,724000
2015-04-30,83.08000183105469,86.2300033569336,83.08000183105469,85.5199966430664,79.24027252197266,1937500
2015-05-01,86.12000274658203,88.56999969482422,85.69000244140625,88.33000183105469,81.84394073486328,1859600
2015-05-04,88.23999786376953,89.56999969482422,87.97000122070312,88.0999984741211,81.63082885742188,1862100
2015-05-05,85.54000091552734,87.5199966430664,84.72000122070312,85.5,79.22172546386719,1773400
2015-05-06,86.4800033569336,88.0,85.16000366210938,87.3499984741211,80.93587493896484,997300
2015-05-07,86.94999694824219,89.93000030517578,86.83999633789062,89.5,82.92802429199219,1422100
2015-05-08,90.0,91.0999984741211,89.66999816894531,90.47000122070312,83.8267822265625,947100
2015-05-11,90.12999725341797,91.79000091552734,89.9800033569336,91.29000091552734,84.58655548095703,977800
2015-05-12,90.6500015258789,91.19000244140625,90.1500015258789,90.2300033569336,83.60442352294922,1042500
2015-05-13,90.56999969482422,91.52999877929688,90.12000274658203,90.87000274658203,84.19740295410156,1094900
2015-05-14,91.56999969482422,92.8499984741211,90.77999877929688,92.72000122070312,85.91156005859375,1105900
2015-05-15,92.81999969482422,93.06999969482422,91.44000244140625,91.98999786376953,85.23517608642578,860700
2015-05-18,91.55000305175781,92.54000091552734,91.55000305175781,92.18000030517578,85.4112319946289,896800
2015-05-19,92.19999694824219,92.73999786376953,91.88999938964844,92.33999633789062,85.5594711303711,849600
2015-05-20,92.38999938964844,92.38999938964844,91.5999984741211,91.94000244140625,85.18885040283203,515000
2015-05-21,91.86000061035156,92.23999786376953,91.33999633789062,91.8499984741211,85.19811248779297,546000
2015-05-22,92.0999984741211,92.70999908447266,91.52999877929688,91.58000183105469,84.94767761230469,583400
2015-05-26,91.11000061035156,91.58999633789062,89.91999816894531,90.27999877929688,83.74181365966797,1147700
2015-05-27,90.63999938964844,91.19000244140625,90.11000061035156,90.97000122070312,84.38185119628906,1059800
2015-05-28,90.4800033569336,90.77999877929688,89.79000091552734,90.5,83.94586181640625,513900
2015-05-29,90.5999984741211,91.0199966430664,89.45999908447266,89.93000030517578,83.41716003417969,1290700
2015-06-01,90.0,90.12999725341797,89.13999938964844,89.56999969482422,83.083251953125,940700
2015-06-02,89.33999633789062,90.7300033569336,89.33999633789062,90.19999694824219,83.66761016845703,688400
2015-06-03,90.62000274658203,90.75,88.63999938964844,89.13999938964844,82.68438720703125,1236500
2015-06-04,88.38999938964844,88.9800033569336,87.63999938964844,88.62000274658203,82.20203399658203,1242100
2015-06-05,88.33999633789062,89.94000244140625,88.12999725341797,89.12000274658203,82.66584777832031,656800
2015-06-08,88.94000244140625,89.44999694824219,88.5,88.55000305175781,82.13711547851562,754600
2015-06-09,88.66000366210938,89.08999633789062,87.95999908447266,88.08000183105469,81.70113372802734,866700
2015-06-10,88.76000213623047,90.0,88.31999969482422,89.62000274658203,83.129638671875,896900
2015-06-11,89.80000305175781,90.25,89.22000122070312,89.45999908447266,82.98121643066406,563100
2015-06-12,89.11000061035156,89.44000244140625,88.44000244140625,88.88999938964844,82.45248413085938,642100
2015-06-15,88.3499984741211,88.41000366210938,87.52999877929688,87.77999877929688,81.42286682128906,726200
2015-06-16,87.5199966430664,87.94999694824219,86.88999938964844,87.79000091552734,81.43214416503906,931600
2015-06-17,87.94999694824219,88.13999938964844,86.63999938964844,87.47000122070312,81.13531494140625,616900
2015-06-18,87.86000061035156,89.0199966430664,87.5199966430664,88.87999725341797,82.4432144165039,647500
2015-06-19,88.79000091552734,89.66999816894531,88.79000091552734,89.29000091552734,82.82351684570312,870300
2015-06-22,89.75,90.1500015258789,89.16999816894531,89.83999633789062,83.33367919921875,431700
2015-06-23,89.66999816894531,90.19000244140625,88.9000015258789,89.16999816894531,82.71220397949219,380000
2015-06-24,89.23999786376953,89.33000183105469,87.20999908447266,87.73999786376953,81.38575744628906,599400
2015-06-25,88.02999877929688,88.02999877929688,86.37999725341797,86.58000183105469,80.30979919433594,624900
2015-06-26,86.88999938964844,87.37000274658203,86.12999725341797,86.4800033569336,80.21703338623047,814500
2015-06-29,85.77999877929688,86.43000030517578,84.12000274658203,84.1500015258789,78.05574798583984,645000
2015-06-30,84.83999633789062,85.0,83.91000366210938,83.93000030517578,77.85171508789062,714000
2015-07-01,84.73999786376953,85.72000122070312,84.30999755859375,85.31999969482422,79.1410140991211,924200
2015-07-02,85.7699966430664,85.97000122070312,84.76000213623047,85.37000274658203,79.18739318847656,528500
2015-07-06,84.44000244140625,86.38999938964844,84.0999984741211,85.8499984741211,79.63263702392578,709400
2015-07-07,85.79000091552734,86.47000122070312,84.1500015258789,86.44999694824219,80.18920135498047,1156100
2015-07-08,85.87999725341797,87.66000366210938,85.11000061035156,85.38999938964844,79.2059555053711,883400
2015-07-09,86.4800033569336,87.01000213623047,85.77999877929688,85.91999816894531,79.69758605957031,891500
2015-07-10,87.08999633789062,90.62000274658203,86.98999786376953,90.36000061035156,83.81599426269531,1149300
2015-07-13,90.62999725341797,91.0,90.05000305175781,90.43000030517578,83.88097381591797,732700
2015-07-14,90.18000030517578,90.52999877929688,89.83000183105469,89.98999786376953,83.4728012084961,750000
2015-07-15,89.9000015258789,89.97000122070312,88.51000213623047,89.02999877929688,82.58235168457031,624100
2015-07-16,89.45999908447266,91.0199966430664,88.95999908447266,90.69999694824219,84.1313705444336,1117800
2015-07-17,90.5999984741211,91.75,90.4800033569336,91.66999816894531,85.03115844726562,651800
2015-07-20,91.77999877929688,94.12000274658203,91.12999725341797,94.02999877929688,87.22024536132812,1223200
2015-07-21,93.87000274658203,94.06999969482422,92.73999786376953,93.5,86.72863006591797,764500
2015-07-22,93.3499984741211,95.2300033569336,92.87999725341797,93.88999938964844,87.09038543701172,1065500
2015-07-23,94.12000274658203,94.22000122070312,91.51000213623047,91.88999938964844,85.2352294921875,1004400
2015-07-24,91.83999633789062,91.98999786376953,88.9800033569336,89.79000091552734,83.28729248046875,1105000
2015-07-27,89.4000015258789,89.93000030517578,87.94999694824219,88.23999786376953,81.84954071044922,1122800
2015-07-28,88.62000274658203,89.62999725341797,87.68000030517578,89.1500015258789,82.69365692138672,891800
2015-07-29,89.04000091552734,91.4800033569336,89.04000091552734,91.12000274658203,84.52099609375,844600
2015-07-30,90.73999786376953,91.55000305175781,90.19000244140625,91.5,84.87344360351562,624500
2015-07-31,91.30999755859375,92.16000366210938,90.83000183105469,91.0199966430664,84.42820739746094,661600
2015-08-03,91.06999969482422,91.06999969482422,89.5,89.66000366210938,83.16674041748047,1208500
2015-08-04,90.19000244140625,97.23999786376953,90.19000244140625,96.05000305175781,89.09396362304688,2840700
2015-08-05,96.9800033569336,98.0,96.01000213623047,97.43000030517578,90.37403106689453,1482500
2015-08-06,97.75,97.75,94.47000122070312,95.30000305175781,88.39826202392578,1276700
2015-08-07,94.80999755859375,95.44999694824219,93.69000244140625,94.51000213623047,87.66547393798828,893700
2015-08-10,95.56999969482422,96.80000305175781,95.22000122070312,95.9800033569336,89.02902221679688,1180100
2015-08-11,95.5,96.79000091552734,94.80999755859375,96.2300033569336,89.26092529296875,1262200
2015-08-12,95.75,97.33999633789062,95.1500015258789,97.26000213623047,90.21630859375,1153600
2015-08-13,97.56999969482422,97.75,96.19000244140625,96.88999938964844,89.87309265136719,517300
2015-08-14,96.87999725341797,98.19999694824219,96.76000213623047,97.7699966430664,90.68936920166016,658300
2015-08-17,98.62000274658203,99.04000091552734,97.2699966430664,98.80999755859375,91.65406036376953,857400
2015-08-18,98.79000091552734,99.41000366210938,98.3499984741211,99.05000305175781,91.87667846679688,712800
2015-08-19,98.38999938964844,98.86000061035156,96.23999786376953,96.80000305175781,89.78962707519531,698300
2015-08-20,95.9000015258789,96.37999725341797,93.16999816894531,93.38999938964844,86.6265869140625,1268000
2015-08-21,92.5,93.05000305175781,90.80000305175781,91.66000366210938,85.11302947998047,1316700
2015-08-24,87.05999755859375,91.91999816894531,86.58999633789062,88.33999633789062,82.03013610839844,2603600
2015-08-25,91.25,91.25,85.93000030517578,86.01000213623047,79.8666000366211,1686500
2015-08-26,88.0,88.12000274658203,85.11000061035156,87.43000030517578,81.18516540527344,1773700
2015-08-27,88.44000244140625,92.08000183105469,88.12999725341797,91.61000061035156,85.06658172607422,2617400
2015-08-28,91.18000030517578,92.58999633789062,90.55000305175781,92.41999816894531,85.81875610351562,1412700
2015-08-31,92.0,95.33000183105469,91.6500015258789,93.62000274658203,86.9330062866211,1464600
2015-09-01,91.19999694824219,93.0,91.0,91.91999816894531,85.35443115234375,1516600
2015-09-02,92.79000091552734,95.61000061035156,92.12000274658203,95.5999984741211,88.77159118652344,1350100
2015-09-03,96.5199966430664,99.19999694824219,95.26000213623047,97.43000030517578,90.47090911865234,2390600
2015-09-04,96.22000122070312,96.51000213623047,94.02999877929688,95.30999755859375,88.50231170654297,1319700
2015-09-08,96.80000305175781,98.56999969482422,96.08999633789062,98.51000213623047,91.47374725341797,863300
2015-09-09,99.41000366210938,101.0,98.47000122070312,98.63999938964844,91.59446716308594,1376500
2015-09-10,98.66999816894531,99.72000122070312,97.88999938964844,98.25,91.23233032226562,1275600
2015-09-11,97.87999725341797,99.18000030517578,97.56999969482422,99.12999725341797,92.04946899414062,700700
2015-09-14,99.13999938964844,99.94000244140625,98.37000274658203,99.83999633789062,92.70873260498047,1124200
2015-09-15,100.36000061035156,100.48999786376953,99.66000366210938,100.08999633789062,92.94086456298828,1096900
2015-09-16,100.0199966430664,101.72000122070312,99.86000061035156,101.27999877929688,94.0458984375,900900
2015-09-17,101.27999877929688,102.6500015258789,100.5,101.19999694824219,93.97159576416016,822500
2015-09-18,100.18000030517578,101.16999816894531,98.37000274658203,98.94999694824219,91.88230895996094,1910400
2015-09-21,99.72000122070312,100.45999908447266,99.11000061035156,99.83000183105469,92.69945526123047,819300
2015-09-22,98.19000244140625,98.75,96.30000305175781,97.26000213623047,90.31302642822266,1157500
2015-09-23,97.48999786376953,97.48999786376953,92.0,93.70999908447266,87.01658630371094,2306500
2015-09-24,92.5,92.95999908447266,89.31999969482422,92.33000183105469,85.73516082763672,2265400
2015-09-25,93.19999694824219,93.80999755859375,91.01000213623047,92.0199966430664,85.4472885131836,1358800
2015-09-28,91.58000183105469,91.5999984741211,85.86000061035156,86.66000366210938,80.47015380859375,2178000
2015-09-29,87.04000091552734,88.80999755859375,84.37000274658203,85.1500015258789,79.06802368164062,2072200
2015-09-30,86.30999755859375,89.33000183105469,86.30999755859375,89.19999694824219,82.8287353515625,1730400
2015-10-01,89.56999969482422,93.16000366210938,89.37000274658203,92.93000030517578,86.29228973388672,1977700
2015-10-02,91.4800033569336,95.61000061035156,90.97000122070312,95.61000061035156,88.78089141845703,1724100
2015-10-05,96.66000366210938,97.98999786376953,94.29000091552734,95.41999816894531,88.60443115234375,1608000
2015-10-06,95.25,95.69999694824219,91.48999786376953,92.95999908447266,86.3201675415039,1560400
2015-10-07,93.73999786376953,95.06999969482422,93.2300033569336,94.44999694824219,87.70375061035156,1476600
2015-10-08,93.95999908447266,96.05000305175781,93.22000122070312,95.48999786376953,88.6694564819336,1000000
2015-10-09,95.66000366210938,96.0,94.66999816894531,94.9000015258789,88.12157440185547,1049100
2015-10-12,94.91999816894531,95.55999755859375,94.16999816894531,94.19999694824219,87.47158813476562,781300
2015-10-13,93.56999969482422,94.4800033569336,90.9000015258789,91.01000213623047,84.50944519042969,1224500
2015-10-14,90.95999908447266,91.5199966430664,88.87999725341797,89.88999938964844,83.46941375732422,2230500
2015-10-15,90.79000091552734,92.25,89.69999694824219,91.48999786376953,84.95514678955078,1972900
2015-10-16,91.97000122070312,92.37000274658203,90.83999633789062,91.41999816894531,84.8901596069336,852400
2015-10-19,91.08999633789062,92.0999984741211,88.69000244140625,89.41999816894531,83.03302001953125,1176500
2015-10-20,89.2300033569336,90.20999908447266,88.7300033569336,89.18000030517578,82.81012725830078,990200
2015-10-21,90.05999755859375,90.27999877929688,87.4000015258789,88.0999984741211,81.80728912353516,1180600
2015-10-22,88.62999725341797,93.55000305175781,87.83999633789062,93.30999755859375,86.64517211914062,1858900
2015-10-23,93.91000366210938,95.0199966430664,93.30000305175781,94.5,87.75017547607422,1304600
2015-10-26,94.22000122070312,94.73999786376953,91.45999908447266,92.0,85.4287338256836,1314200
2015-10-27,91.0,91.72000122070312,89.8499984741211,91.5999984741211,85.05729675292969,956100
2015-10-28,92.13999938964844,95.58000183105469,91.55999755859375,94.76000213623047,87.99158477783203,842600
2015-10-29,94.22000122070312,95.0199966430664,93.68000030517578,94.83999633789062,88.06587982177734,649300
2015-10-30,94.86000061035156,97.58999633789062,94.8499984741211,96.58000183105469,89.68160247802734,1381700
2015-11-02,96.58000183105469,97.58000183105469,95.22000122070312,96.68000030517578,89.77445220947266,1564000
2015-11-03,97.18000030517578,97.76000213623047,90.41000366210938,94.79000091552734,88.01947021484375,3929200
2015-11-04,94.91000366210938,97.19000244140625,92.5,97.04000091552734,90.10872650146484,2275400
2015-11-05,97.22000122070312,102.20999908447266,96.79000091552734,101.58999633789062,94.33375549316406,2373600
2015-11-06,101.36000061035156,103.44000244140625,100.66999816894531,102.1500015258789,94.85374450683594,1579500
2015-11-09,102.33999633789062,102.48999786376953,99.27999877929688,100.62999725341797,93.44232177734375,1069900
2015-11-10,100.19000244140625,101.80999755859375,99.66000366210938,100.08999633789062,92.94086456298828,1184900
2015-11-11,100.69000244140625,103.0,100.55999755859375,101.58999633789062,94.33375549316406,868500
2015-11-12,100.83000183105469,101.77999877929688,98.88999938964844,99.0199966430664,91.94734191894531,787800
2015-11-13,98.80999755859375,101.33999633789062,98.0,99.18000030517578,92.09588623046875,636600
2015-11-16,99.26000213623047,101.72000122070312,98.61000061035156,101.66999816894531,94.40802001953125,1143800
2015-11-17,102.0,102.98999786376953,101.0,101.56999969482422,94.31515502929688,699500
2015-11-18,101.4000015258789,103.36000061035156,99.62000274658203,103.08999633789062,95.72660064697266,950300
2015-11-19,103.6500015258789,105.7699966430664,103.16999816894531,104.75,97.26802062988281,917800
2015-11-20,105.08000183105469,106.0,104.75,105.69999694824219,98.24394989013672,840800
2015-11-23,105.77999877929688,106.83999633789062,104.63999938964844,105.5199966430664,98.07666778564453,731000
2015-11-24,104.58999633789062,105.72000122070312,103.72000122070312,104.7300033569336,97.34239959716797,901500
2015-11-25,104.55000305175781,105.0199966430664,102.94000244140625,103.37999725341797,96.0876235961914,644700
2015-11-27,103.72000122070312,104.4000015258789,103.22000122070312,103.98999786376953,96.65458679199219,265300
2015-11-30,104.0,104.44000244140625,102.13999938964844,102.66999816894531,95.42770385742188,1079900
2015-12-01,103.08999633789062,103.81999969482422,101.7699966430664,103.72000122070312,96.40364074707031,1408700
2015-12-02,103.80999755859375,104.75,102.62999725341797,103.05999755859375,95.79019927978516,1141900
2015-12-03,103.06999969482422,103.13999938964844,97.86000061035156,98.61000061035156,91.65409088134766,1531600
2015-12-04,99.13999938964844,100.43000030517578,98.2300033569336,99.54000091552734,92.51849365234375,1204600
2015-12-07,99.55000305175781,99.55000305175781,96.44999694824219,97.93000030517578,91.0220718383789,1465900
2015-12-08,96.8499984741211,98.66000366210938,96.33999633789062,98.30000305175781,91.365966796875,862700
2015-12-09,98.0199966430664,98.69999694824219,94.0199966430664,94.72000122070312,88.03851318359375,1374500
2015-12-10,94.45999908447266,96.81999969482422,92.86000061035156,95.62999725341797,88.88431549072266,1618300
2015-12-11,94.45999908447266,95.80000305175781,93.87999725341797,94.27999877929688,87.6295394897461,1254900
2015-12-14,94.5,95.3499984741211,93.55000305175781,94.69000244140625,88.0106201171875,939100
2015-12-15,95.30000305175781,97.13999938964844,95.30000305175781,95.55000305175781,88.80997467041016,853200
2015-12-16,95.76000213623047,98.02999877929688,95.04000091552734,97.55000305175781,90.66885375976562,1031600
2015-12-17,97.61000061035156,97.66000366210938,94.66000366210938,94.69999694824219,88.01991271972656,737000
2015-12-18,94.08000183105469,95.19999694824219,93.01000213623047,93.83999633789062,87.22057342529297,2172900
2015-12-21,94.37999725341797,95.5999984741211,93.97000122070312,95.38999938964844,88.6612319946289,972000
2015-12-22,95.58000183105469,95.81999969482422,94.66000366210938,95.48999786376953,88.75418853759766,693000
2015-12-23,96.13999938964844,97.45999908447266,95.97000122070312,96.8499984741211,90.01823425292969,790500
2015-12-24,96.86000061035156,97.55000305175781,96.55000305175781,96.81999969482422,89.99036407470703,261500
2015-12-28,96.2300033569336,96.5999984741211,94.69000244140625,95.81999969482422,89.0608901977539,511000
2015-12-29,96.93000030517578,97.4000015258789,95.87000274658203,96.55999755859375,89.74869537353516,576600
2015-12-30,96.20999908447266,96.86000061035156,95.23999786376953,95.58999633789062,88.84712219238281,455500
2015-12-31,95.12000274658203,96.06999969482422,94.5199966430664,94.97000122070312,88.27085876464844,689000
2016-01-04,93.5,93.5,89.91000366210938,92.41999816894531,85.9007568359375,1571600
2016-01-05,92.75,93.23999786376953,92.01000213623047,92.55000305175781,86.0215835571289,745000
2016-01-06,91.0199966430664,92.5199966430664,89.75,90.4000015258789,84.0232162475586,1063300
2016-01-07,88.52999877929688,90.41000366210938,87.75,88.30000305175781,82.0713882446289,1953200
2016-01-08,88.44999694824219,89.29000091552734,85.91999816894531,86.25,80.16596984863281,1276200
2016-01-11,86.9800033569336,87.52999877929688,84.68000030517578,85.86000061035156,79.803466796875,2340500
2016-01-12,86.7300033569336,88.18000030517578,85.66000366210938,86.70999908447266,80.59352111816406,2116300
2016-01-13,86.88999938964844,87.23999786376953,82.9000015258789,83.55000305175781,77.65642547607422,1659100
2016-01-14,83.66999816894531,85.87000274658203,82.55999755859375,85.30999755859375,79.29229736328125,2195300
2016-01-15,82.5,84.4000015258789,81.87999725341797,83.83999633789062,77.92598724365234,1109100
2016-01-19,85.0999984741211,85.47000122070312,81.5,82.5199966430664,76.6990737915039,1301600
2016-01-20,80.91000366210938,83.1500015258789,78.83000183105469,81.5999984741211,75.84398651123047,1545400
2016-01-21,82.08999633789062,83.38999938964844,80.33999633789062,82.23999786376953,76.43881225585938,1004000
2016-01-22,83.7300033569336,88.06999969482422,83.70999908447266,85.37000274658203,79.3480224609375,1289100
2016-01-25,84.6500015258789,85.61000061035156,82.52999877929688,82.88999938964844,77.0429916381836,937400
2016-01-26,83.08999633789062,84.27999877929688,82.63999938964844,84.2300033569336,78.28846740722656,773900
2016-01-27,84.33000183105469,85.66999816894531,83.12999725341797,83.66000366210938,77.75865173339844,815500
2016-01-28,84.66000366210938,85.55999755859375,82.9800033569336,83.23999786376953,77.36829376220703,578900
2016-01-29,83.37000274658203,88.97000122070312,83.08999633789062,88.19999694824219,81.97842407226562,1897600
2016-02-01,87.54000091552734,88.29000091552734,86.83999633789062,87.06999969482422,80.92811584472656,1710900
2016-02-02,86.63999938964844,87.83999633789062,85.69000244140625,86.93000030517578,80.79798889160156,1965400
2016-02-03,88.11000061035156,88.6500015258789,85.19999694824219,88.0199966430664,81.81110382080078,2036400
2016-02-04,92.26000213623047,95.44000244140625,91.5,93.7699966430664,87.15550994873047,2703300
2016-02-05,93.9000015258789,94.4800033569336,90.4000015258789,93.63999938964844,87.03466796875,1663100
2016-02-08,91.98999786376953,92.18000030517578,87.16999816894531,89.22000122070312,82.92646789550781,1785500
2016-02-09,88.19999694824219,94.73999786376953,87.37999725341797,91.01000213623047,84.59020233154297,1856100
2016-02-10,91.8499984741211,94.25,91.37000274658203,93.08000183105469,86.51416778564453,1757800
2016-02-11,91.41999816894531,91.93000030517578,88.83000183105469,89.98999786376953,83.64215087890625,1559900
2016-02-12,91.61000061035156,92.4800033569336,89.5,92.0199966430664,85.5289306640625,1530200
2016-02-16,93.86000061035156,94.08000183105469,91.80000305175781,93.26000213623047,86.68147277832031,1067300
2016-02-17,94.38999938964844,97.04000091552734,93.80000305175781,95.33999633789062,88.61475372314453,1319000
2016-02-18,94.66999816894531,95.51000213623047,93.70999908447266,94.12000274658203,87.48081970214844,956000
2016-02-19,93.77999877929688,95.95999908447266,92.26000213623047,94.87999725341797,88.18719482421875,924200
2016-02-22,94.68000030517578,96.81999969482422,94.68000030517578,96.05000305175781,89.46328735351562,872200
2016-02-23,95.23999786376953,96.26000213623047,93.94999694824219,94.4800033569336,88.00091552734375,947700
2016-02-24,93.66999816894531,97.83999633789062,93.23999786376953,97.3499984741211,90.67410278320312,1514600
2016-02-25,97.30000305175781,98.8499984741211,96.05999755859375,97.9800033569336,91.26087951660156,655000
2016-02-26,99.2699966430664,99.69999694824219,98.45999908447266,98.7300033569336,91.95948028564453,1049600
2016-02-29,98.9800033569336,99.56999969482422,98.51000213623047,98.52999877929688,91.773193359375,970200
2016-03-01,99.76000213623047,102.26000213623047,98.27999877929688,101.62000274658203,94.65127563476562,1036900
2016-03-02,101.16999816894531,102.48999786376953,100.30000305175781,102.23999786376953,95.228759765625,1177200
2016-03-03,102.5,103.16999816894531,101.2300033569336,102.70999908447266,95.66653442382812,1095500
2016-03-04,102.87999725341797,103.37000274658203,101.27999877929688,101.76000213623047,94.78170013427734,1255600
2016-03-07,101.31999969482422,103.16999816894531,100.87999725341797,103.0199966430664,95.95527648925781,1123800
2016-03-08,101.83999633789062,103.05000305175781,100.61000061035156,102.12999725341797,95.12630462646484,1248500
2016-03-09,103.2300033569336,103.26000213623047,101.58000183105469,102.55999755859375,95.52680969238281,1156200
2016-03-10,103.0,103.75,101.91000366210938,103.22000122070312,96.14156341552734,931600
2016-03-11,104.19999694824219,104.66999816894531,102.94000244140625,104.12999725341797,96.9891586303711,736200
2016-03-14,103.9800033569336,104.36000061035156,102.69000244140625,103.75,96.63523864746094,1030100
2016-03-15,102.83000183105469,104.26000213623047,102.30000305175781,103.5199966430664,96.42100524902344,799500
2016-03-16,103.30999755859375,103.73999786376953,102.45999908447266,103.58000183105469,96.47689056396484,1001500
2016-03-17,103.22000122070312,105.2699966430664,103.04000091552734,104.69000244140625,97.51074981689453,1090000
2016-03-18,104.91999816894531,105.69000244140625,104.56999969482422,105.41999816894531,98.1906967163086,1328200
2016-03-21,105.41999816894531,105.45999908447266,104.37999725341797,104.91000366210938,97.71566772460938,674700
2016-03-22,104.4800033569336,105.37000274658203,104.18000030517578,104.94999694824219,97.7529525756836,848000
2016-03-23,104.29000091552734,105.58999633789062,104.08000183105469,104.5999984741211,97.42694091796875,756000
2016-03-24,104.4000015258789,105.1500015258789,104.04000091552734,105.11000061035156,97.90196228027344,534300
2016-03-28,105.19000244140625,106.22000122070312,105.19000244140625,105.58999633789062,98.34905242919922,617300
2016-03-29,105.22000122070312,106.76000213623047,105.01000213623047,105.93000030517578,98.66574096679688,678000
2016-03-30,106.04000091552734,106.45999908447266,104.6500015258789,105.48999786376953,98.25592041015625,664100
2016-03-31,105.68000030517578,106.77999877929688,104.33000183105469,105.56999969482422,98.3304214477539,1162600
2016-04-01,105.25,107.77999877929688,104.9800033569336,107.20999908447266,99.85795593261719,1155800
2016-04-04,107.04000091552734,107.04000091552734,105.13999938964844,106.0,98.73092651367188,784500
2016-04-05,104.8499984741211,105.83000183105469,104.61000061035156,105.55999755859375,98.32109832763672,894900
2016-04-06,105.55000305175781,107.58000183105469,105.47000122070312,106.66000366210938,99.3456802368164,1212700
2016-04-07,105.95999908447266,106.18000030517578,105.08000183105469,105.8499984741211,98.59119415283203,788400
2016-04-08,106.91999816894531,109.0,106.91999816894531,108.0,100.59378051757812,1216600
2016-04-11,109.08000183105469,109.62999725341797,106.47000122070312,106.54000091552734,99.2339096069336,1094300
2016-04-12,106.4800033569336,106.9000015258789,105.7699966430664,106.54000091552734,99.2339096069336,1101300
2016-04-13,107.44000244140625,107.56999969482422,105.05000305175781,106.77999877929688,99.45745086669922,1410500
2016-04-14,107.0,107.0,106.12000274658203,106.58000183105469,99.2711410522461,824300
2016-04-15,106.63999938964844,107.11000061035156,106.2699966430664,107.0,99.66236114501953,548400
2016-04-18,106.7699966430664,108.33999633789062,106.48999786376953,108.08000183105469,100.66828155517578,412000
2016-04-19,108.30999755859375,108.91999816894531,107.22000122070312,107.80999755859375,100.41682434082031,641700
2016-04-20,107.55000305175781,109.5999984741211,107.12000274658203,108.70999908447266,101.25506591796875,852200
2016-04-21,109.23999786376953,109.5999984741211,107.87999725341797,107.95999908447266,100.55652618408203,642700
2016-04-22,108.23999786376953,109.43000030517578,107.88999938964844,108.88999938964844,101.42273712158203,622400
2016-04-25,108.83999633789062,109.16000366210938,108.33000183105469,109.05999755859375,101.58109283447266,505300
2016-04-26,109.55000305175781,109.94000244140625,108.29000091552734,109.20999908447266,101.72079467773438,702300
2016-04-27,109.43000030517578,111.1500015258789,109.26000213623047,110.83999633789062,103.2389907836914,669000
2016-04-28,109.87999725341797,110.95999908447266,108.55000305175781,108.68000030517578,101.2271499633789,1003600
2016-04-29,108.19000244140625,108.43000030517578,106.47000122070312,107.62999725341797,100.2491455078125,1006400
2016-05-02,108.26000213623047,109.4800033569336,107.55999755859375,109.05999755859375,101.58109283447266,975200
2016-05-03,111.69999694824219,114.20999908447266,109.36000061035156,113.7300033569336,105.93081665039062,2746700
2016-05-04,113.4000015258789,114.11000061035156,109.62000274658203,112.26000213623047,104.56163024902344,2293700
2016-05-05,113.27999877929688,114.5199966430664,112.19999694824219,114.5,106.64804077148438,1441300
2016-05-06,114.25,114.8499984741211,112.51000213623047,114.43000030517578,106.58283233642578,970900
2016-05-09,114.25,115.93000030517578,114.0999984741211,115.56999969482422,107.64466094970703,760000
2016-05-10,115.98999786376953,117.69000244140625,115.30999755859375,117.58999633789062,109.52611541748047,1024400
2016-05-11,117.29000091552734,118.0,115.1500015258789,115.2300033569336,107.3279800415039,840100
2016-05-12,116.0199966430664,117.12000274658203,114.91999816894531,116.12000274658203,108.15695190429688,841900
2016-05-13,115.75,116.56999969482422,115.16000366210938,115.63999938964844,107.7098388671875,594300
2016-05-16,116.43000030517578,117.56999969482422,116.08000183105469,116.13999938964844,108.17558288574219,846200
2016-05-17,115.87999725341797,116.4800033569336,114.83000183105469,115.6500015258789,107.71916198730469,734800
2016-05-18,115.19999694824219,116.55999755859375,114.87000274658203,115.51000213623047,107.5887451171875,495200
2016-05-19,114.62999725341797,114.87000274658203,113.3499984741211,113.88999938964844,106.07988739013672,951200
2016-05-20,114.6500015258789,116.18000030517578,114.62999725341797,115.75,107.81229400634766,1134400
2016-05-23,115.80000305175781,118.0999984741211,115.80000305175781,117.56999969482422,109.50749206542969,800500
2016-05-24,118.47000122070312,120.0999984741211,117.55999755859375,119.12999725341797,111.14960479736328,941400
2016-05-25,119.30999755859375,120.30999755859375,119.30999755859375,120.06999969482422,112.02664947509766,664700
2016-05-26,120.06999969482422,120.4000015258789,118.79000091552734,119.26000213623047,111.27088928222656,974000
2016-05-27,119.19999694824219,119.31999969482422,117.75,118.12000274658203,110.20726776123047,1020800
2016-05-31,118.1500015258789,118.45999908447266,115.88999938964844,116.75,108.92903900146484,883300
2016-06-01,116.01000213623047,117.68000030517578,115.7300033569336,117.0199966430664,109.1809310913086,847300
2016-06-02,116.25,116.61000061035156,114.66999816894531,115.51000213623047,107.7720947265625,1202400
2016-06-03,115.51000213623047,116.02999877929688,114.25,115.69999694824219,107.9493408203125,723400
2016-06-06,115.91999816894531,116.87000274658203,115.25,116.38999938964844,108.5931625366211,507200
2016-06-07,116.3499984741211,117.8499984741211,116.3499984741211,117.06999969482422,109.22760009765625,498400
2016-06-08,117.48999786376953,118.63999938964844,116.77999877929688,118.36000061035156,110.43115234375,694300
2016-06-09,117.52999877929688,118.0,116.61000061035156,116.83000183105469,109.00370025634766,472900
2016-06-10,116.0199966430664,116.12000274658203,114.62999725341797,115.48999786376953,107.75341796875,476200
2016-06-13,115.05000305175781,116.12999725341797,114.23999786376953,114.27999877929688,106.62451171875,826600
2016-06-14,114.01000213623047,114.45999908447266,112.8499984741211,114.16999816894531,106.52186584472656,704600
2016-06-15,114.4800033569336,115.38999938964844,113.54000091552734,113.58000183105469,105.97138214111328,827600
2016-06-16,112.8499984741211,114.4800033569336,112.16000366210938,114.08000183105469,106.43789672851562,831700
2016-06-17,113.86000061035156,114.2300033569336,113.08000183105469,113.98999786376953,106.35392761230469,1002200
2016-06-20,115.68000030517578,116.31999969482422,114.7300033569336,115.22000122070312,107.50154113769531,1020900
2016-06-21,115.37000274658203,116.52999877929688,115.2300033569336,116.19000244140625,108.40655517578125,898200
2016-06-22,116.23999786376953,116.56999969482422,115.41000366210938,115.79000091552734,108.0333480834961,575400
2016-06-23,117.0,119.08000183105469,116.86000061035156,119.04000091552734,111.06562042236328,634500
2016-06-24,114.47000122070312,121.22000122070312,114.44999694824219,118.5999984741211,110.65508270263672,3085300
2016-06-27,117.30999755859375,117.94999694824219,113.26000213623047,113.83999633789062,106.21398162841797,1319900
2016-06-28,114.9000015258789,115.80000305175781,114.47000122070312,115.5999984741211,107.85606384277344,856900
2016-06-29,116.58999633789062,118.91999816894531,116.33000183105469,118.6500015258789,110.70174407958984,558100
2016-06-30,118.94999694824219,120.83000183105469,118.37000274658203,120.36000061035156,112.29720306396484,1123200
2016-07-01,120.56999969482422,121.2300033569336,119.04000091552734,119.87999725341797,111.84934997558594,1037200
2016-07-05,118.86000061035156,119.93000030517578,118.37000274658203,119.66000366210938,111.64408874511719,647900
2016-07-06,119.0,121.83000183105469,119.0,121.62000274658203,113.4728012084961,912000
2016-07-07,122.25,122.25,120.95999908447266,121.80999755859375,113.65007019042969,426400
2016-07-08,123.02999877929688,124.27999877929688,122.13999938964844,123.61000061035156,115.32948303222656,1323800
2016-07-11,125.72000122070312,127.16999816894531,123.5999984741211,123.9800033569336,115.67469787597656,764000
2016-07-12,125.04000091552734,126.16000366210938,124.25,125.66999816894531,117.25148010253906,825400
2016-07-13,126.2699966430664,126.4800033569336,125.52999877929688,125.81999969482422,117.39144134521484,714700
2016-07-14,126.43000030517578,126.8499984741211,124.08000183105469,124.7300033569336,116.37445068359375,849400
2016-07-15,125.13999938964844,125.61000061035156,124.33999633789062,124.80000305175781,116.43976593017578,646900
2016-07-18,124.87999725341797,125.41999816894531,123.88999938964844,124.98999786376953,116.6170425415039,655700
2016-07-19,124.37000274658203,125.02999877929688,123.77999877929688,124.61000061035156,116.26248168945312,765700
2016-07-20,124.75,126.23999786376953,123.94000244140625,125.48999786376953,117.08354949951172,649800
2016-07-21,125.16999816894531,125.63999938964844,124.0,125.41999816894531,117.01824188232422,917200
2016-07-22,125.70999908447266,126.68000030517578,125.48999786376953,126.4000015258789,117.93257904052734,548700
2016-07-25,126.01000213623047,126.94000244140625,124.9800033569336,125.12000274658203,116.73833465576172,885400
2016-07-26,124.55999755859375,124.94000244140625,123.44000244140625,124.36000061035156,116.02923583984375,1120700
2016-07-27,124.4000015258789,126.19000244140625,124.4000015258789,125.66000366210938,117.24215698242188,880800
2016-07-28,125.45999908447266,127.19999694824219,125.25,126.94000244140625,118.43641662597656,549500
2016-07-29,126.77999877929688,126.77999877929688,123.5,123.9800033569336,115.67469787597656,1602700
2016-08-01,121.11000061035156,121.86000061035156,115.6500015258789,116.30999755859375,108.51849365234375,4172700
2016-08-02,116.01000213623047,118.02999877929688,115.08999633789062,116.55999755859375,108.75173950195312,2045300
2016-08-03,116.80000305175781,118.76000213623047,115.91999816894531,117.61000061035156,109.73143005371094,1214900
2016-08-04,117.61000061035156,118.41999816894531,116.94999694824219,117.69999694824219,109.81537628173828,807600
2016-08-05,118.08000183105469,119.41999816894531,117.98999786376953,118.9800033569336,111.00963592529297,954000
2016-08-08,119.12000274658203,121.58999633789062,119.04000091552734,120.23999786376953,112.18525695800781,1422000
2016-08-09,120.37999725341797,121.19999694824219,119.19999694824219,119.56999969482422,111.56012725830078,741600
2016-08-10,120.2699966430664,121.87999725341797,119.87999725341797,121.54000091552734,113.39813995361328,1111000
2016-08-11,121.76000213623047,122.47000122070312,120.72000122070312,121.0999984741211,112.98762512207031,1017200
2016-08-12,121.19999694824219,121.69999694824219,118.58000183105469,118.91999816894531,110.95364379882812,890700
2016-08-15,119.41000366210938,120.87000274658203,118.94000244140625,119.7699966430664,111.7467041015625,892200
2016-08-16,119.70999908447266,119.70999908447266,117.56999969482422,118.0199966430664,110.1139907836914,841500
2016-08-17,117.87000274658203,117.87000274658203,114.54000091552734,117.61000061035156,109.73143005371094,1349100
2016-08-18,117.06999969482422,118.66999816894531,116.80000305175781,118.0999984741211,110.18860626220703,629800
2016-08-19,117.55999755859375,118.0999984741211,115.98999786376953,116.69999694824219,108.88236999511719,1216700
2016-08-22,116.12999725341797,119.13999938964844,115.11000061035156,118.91000366210938,111.13481903076172,858600
2016-08-23,119.20999908447266,119.73999786376953,118.77999877929688,119.44999694824219,111.63948822021484,765700
2016-08-24,119.11000061035156,120.38999938964844,118.80999755859375,120.2300033569336,112.36848449707031,1013500
2016-08-25,120.20999908447266,120.20999908447266,117.0199966430664,117.55999755859375,109.87305450439453,1234000
2016-08-26,117.83000183105469,118.43000030517578,115.45999908447266,116.08000183105469,108.48983764648438,849000
2016-08-29,116.0,117.55999755859375,115.55999755859375,116.8499984741211,109.20950317382812,575900
2016-08-30,116.98999786376953,116.98999786376953,115.79000091552734,116.2300033569336,108.63003540039062,599300
2016-08-31,116.0999984741211,116.0999984741211,113.43000030517578,113.87000274658203,106.42438507080078,1037200
2016-09-01,113.31999969482422,113.31999969482422,110.68000030517578,112.37999725341797,105.03178405761719,1918800
2016-09-02,113.44000244140625,114.5999984741211,112.73999786376953,114.4800033569336,106.99445343017578,909100
2016-09-06,114.88999938964844,115.12000274658203,112.16000366210938,112.95999908447266,105.5738525390625,895700
2016-09-07,112.95999908447266,114.4000015258789,112.45999908447266,112.94999694824219,105.56449890136719,874900
2016-09-08,112.97000122070312,113.41999816894531,111.18000030517578,111.38999938964844,104.10652160644531,1248200
2016-09-09,110.37999725341797,110.37999725341797,107.06999969482422,107.87000274658203,100.8166732788086,1509200
2016-09-12,107.36000061035156,112.44999694824219,107.08999633789062,112.11000061035156,104.7794418334961,1691300
2016-09-13,111.0999984741211,111.6500015258789,109.30999755859375,109.88999938964844,102.7045669555664,890500
2016-09-14,109.5,110.62999725341797,108.88999938964844,109.0999984741211,101.96625518798828,1231600
2016-09-15,109.33999633789062,110.27999877929688,108.18000030517578,109.75,102.57374572753906,1125400
2016-09-16,109.7699966430664,110.13999938964844,108.19000244140625,108.33999633789062,101.25594329833984,1823600
2016-09-19,109.12999725341797,109.66000366210938,107.18000030517578,107.55000305175781,100.51758575439453,1089600
2016-09-20,107.95999908447266,107.95999908447266,106.41999816894531,107.0999984741211,100.09703826904297,921300
2016-09-21,107.9000015258789,110.29000091552734,106.81999969482422,109.95999908447266,102.77000427246094,1197000
2016-09-22,111.3499984741211,113.01000213623047,110.94000244140625,112.86000061035156,105.48038482666016,1561000
2016-09-23,112.4800033569336,112.98999786376953,111.52999877929688,112.05000305175781,104.7233657836914,1054900
2016-09-26,111.2300033569336,114.66000366210938,110.66999816894531,113.44000244140625,106.0224609375,1640900
2016-09-27,113.62000274658203,114.69000244140625,112.83000183105469,114.12000274658203,106.65801239013672,1624300
2016-09-28,115.11000061035156,119.31999969482422,114.29000091552734,115.55999755859375,108.00386810302734,1938300
2016-09-29,113.58000183105469,116.20999908447266,111.94999694824219,114.88999938964844,107.37765502929688,2405600
2016-09-30,115.05000305175781,115.44999694824219,113.62999725341797,113.7300033569336,106.29350280761719,1647100
2016-10-03,113.31999969482422,113.62000274658203,109.70999908447266,110.69999694824219,103.46162414550781,1491700
2016-10-04,110.83999633789062,111.11000061035156,109.3499984741211,110.83999633789062,103.59246826171875,1387400
2016-10-05,111.56999969482422,111.94000244140625,108.9000015258789,109.3499984741211,102.19991302490234,1447800
2016-10-06,109.30999755859375,111.5999984741211,108.95999908447266,111.27999877929688,104.00370025634766,1420500
2016-10-07,111.01000213623047,111.23999786376953,106.13999938964844,106.47000122070312,99.50822448730469,2746300
2016-10-10,107.72000122070312,108.76000213623047,107.0999984741211,107.2300033569336,100.2185287475586,1180600
2016-10-11,106.9800033569336,107.55999755859375,106.0199966430664,106.70999908447266,99.7325210571289,1017300
2016-10-12,106.72000122070312,107.58999633789062,106.0,107.41000366210938,100.38678741455078,1130600
2016-10-13,105.9800033569336,108.87999725341797,105.70999908447266,108.7699966430664,101.65782165527344,989500
2016-10-14,109.66000366210938,110.22000122070312,109.2699966430664,109.7699966430664,102.5924301147461,1082300
2016-10-17,110.0999984741211,113.27999877929688,109.5999984741211,112.58999633789062,105.22805786132812,1840600
2016-10-18,114.05999755859375,114.2699966430664,111.55000305175781,111.62000274658203,104.32147216796875,931000
2016-10-19,112.11000061035156,112.11000061035156,109.19000244140625,110.43000030517578,103.20928955078125,945900
2016-10-20,110.33999633789062,110.9000015258789,108.37000274658203,110.13999938964844,102.93824768066406,727000
2016-10-21,109.18000030517578,111.69000244140625,109.01000213623047,111.52999877929688,104.23734283447266,777900
2016-10-24,112.06999969482422,112.87999725341797,111.38999938964844,112.47000122070312,105.11589813232422,442700
2016-10-25,112.55999755859375,112.7300033569336,110.76000213623047,110.83000183105469,103.5831527709961,686200
2016-10-26,111.93000030517578,112.94000244140625,110.2300033569336,112.19999694824219,104.86351776123047,1060000
2016-10-27,112.19999694824219,112.38999938964844,110.62000274658203,111.83999633789062,104.52708435058594,681000
2016-10-28,112.06999969482422,114.55000305175781,111.70999908447266,112.56999969482422,105.20935821533203,1137300
2016-10-31,113.22000122070312,114.37000274658203,112.80000305175781,113.19999694824219,105.79815673828125,1010500
2016-11-01,113.80000305175781,117.19999694824219,113.80000305175781,115.5999984741211,108.04125213623047,1618000
2016-11-02,115.63999938964844,116.13999938964844,112.30999755859375,112.55999755859375,105.19998931884766,1552400
2016-11-03,112.97000122070312,114.73999786376953,111.05999755859375,114.12000274658203,106.65801239013672,1647500
2016-11-04,114.68000030517578,118.55000305175781,114.33999633789062,116.75,109.11602783203125,1605600
2016-11-07,118.62999725341797,119.58999633789062,117.68000030517578,118.4000015258789,110.65814971923828,1473600
2016-11-08,118.48999786376953,120.11000061035156,118.05999755859375,119.7300033569336,111.90118408203125,1384800
2016-11-09,128.3300018310547,136.8000030517578,128.05999755859375,131.5500030517578,122.94830322265625,5374700
2016-11-10,132.4499969482422,138.17999267578125,131.8300018310547,136.0399932861328,127.14471435546875,2618000
2016-11-11,135.44000244140625,135.88999938964844,132.77999877929688,134.17999267578125,125.40630340576172,2286500
2016-11-14,135.08999633789062,135.47999572753906,132.4600067138672,134.8000030517578,125.98580932617188,3274600
2016-11-15,134.22000122070312,136.1199951171875,133.66000366210938,134.66000366210938,125.85493469238281,1772700
2016-11-16,131.67999267578125,131.89999389648438,129.72000122070312,130.2899932861328,121.77069091796875,2448400
2016-11-17,129.66000366210938,130.38999938964844,127.19999694824219,129.8800048828125,121.38748931884766,1685500
2016-11-18,129.22000122070312,130.22999572753906,128.07000732421875,128.1999969482422,119.81733703613281,1415800
2016-11-21,128.77000427246094,130.00999450683594,127.69000244140625,128.0800018310547,119.89225006103516,1208600
2016-11-22,128.99000549316406,129.1999969482422,127.22000122070312,128.0,119.81734466552734,1143600
2016-11-23,127.83000183105469,129.7899932861328,126.3499984741211,129.66000366210938,121.37126922607422,1331100
2016-11-25,130.0,132.10000610351562,130.0,132.07000732421875,123.62718200683594,690400
2016-11-28,132.17999267578125,132.17999267578125,124.44000244140625,124.58999633789062,116.62535095214844,3326300
2016-11-29,124.66000366210938,126.70999908447266,124.44999694824219,126.12999725341797,118.06690979003906,1509800
2016-11-30,127.1500015258789,128.0800018310547,125.62999725341797,125.6500015258789,117.61758422851562,1333200
2016-12-01,125.87000274658203,127.08000183105469,124.6500015258789,125.5,117.47718048095703,1590600
2016-12-02,125.31999969482422,127.58999633789062,125.0,127.05999755859375,118.93746185302734,1028800
2016-12-05,126.94999694824219,128.33999633789062,125.91999816894531,127.5,119.34929656982422,1219000
2016-12-06,127.9000015258789,128.75999450683594,127.08999633789062,128.42999267578125,120.21985626220703,746500
2016-12-07,128.5500030517578,130.33999633789062,127.69000244140625,129.9199981689453,121.61460876464844,1260900
2016-12-08,130.39999389648438,130.75,127.95999908447266,129.10000610351562,120.84703063964844,1420800
2016-12-09,128.97000122070312,129.42999267578125,126.79000091552734,128.50999450683594,120.29474639892578,1054100
2016-12-12,128.25999450683594,128.61000061035156,124.77999877929688,125.05000305175781,117.05595397949219,1340400
2016-12-13,125.7300033569336,127.44000244140625,124.80000305175781,125.43000030517578,117.41165161132812,1355400
2016-12-14,125.4000015258789,126.95999908447266,123.66999816894531,124.72000122070312,116.74703979492188,1348600
2016-12-15,125.18000030517578,125.91999816894531,123.36000061035156,123.93000030517578,116.00753021240234,898500
2016-12-16,124.02999877929688,124.88999938964844,122.91999816894531,123.44999694824219,115.5582275390625,1356800
2016-12-19,123.45999908447266,124.33999633789062,121.83999633789062,124.18000030517578,116.24154663085938,1234500
2016-12-20,124.0999984741211,126.91000366210938,123.12999725341797,125.94999694824219,117.8984146118164,1011200
2016-12-21,126.05000305175781,126.80999755859375,125.79000091552734,126.19000244140625,118.12307739257812,792200
2016-12-22,125.81999969482422,126.5199966430664,124.98999786376953,125.30999755859375,117.29930877685547,552100
2016-12-23,125.62999725341797,126.1500015258789,123.87000274658203,125.58999633789062,117.5614242553711,507000
2016-12-27,125.80000305175781,128.10000610351562,125.66000366210938,127.54000091552734,119.38675689697266,403600
2016-12-28,128.64999389648438,129.7100067138672,126.52999877929688,126.8499984741211,118.74087524414062,799100
2016-12-29,127.05000305175781,128.99000549316406,126.8499984741211,127.25,119.11531829833984,781900
2016-12-30,127.7300033569336,128.3699951171875,124.7699966430664,125.1500015258789,117.14952850341797,716100
2017-01-03,126.04000091552734,127.05999755859375,123.4800033569336,124.63999938964844,116.67213439941406,1015100
2017-01-04,124.44999694824219,127.97000122070312,124.05999755859375,127.79000091552734,119.62078094482422,840500
2017-01-05,127.43000030517578,128.64999389648438,126.30999755859375,127.44000244140625,119.29315185546875,789700
2017-01-06,126.5,127.11000061035156,123.37000274658203,123.80000305175781,115.88585662841797,1104300
2017-01-09,123.58000183105469,123.80000305175781,122.56999969482422,122.72000122070312,114.87490844726562,892400
2017-01-10,123.02999877929688,123.80000305175781,122.38999938964844,123.61000061035156,115.70799255371094,687500
2017-01-11,123.75,123.75,122.5,123.4800033569336,115.5863037109375,489400
2017-01-12,123.38999938964844,123.4800033569336,120.79000091552734,122.54000091552734,114.7063980102539,833100
2017-01-13,122.72000122070312,124.5,122.69000244140625,124.4000015258789,116.44747924804688,898300
2017-01-17,124.37000274658203,124.37000274658203,121.52999877929688,123.66000366210938,115.75479125976562,750700
2017-01-18,123.7699966430664,127.62000274658203,122.80999755859375,127.30000305175781,119.16210174560547,1572200
2017-01-19,127.52999877929688,128.38999938964844,125.18000030517578,126.30000305175781,118.22603607177734,1315100
2017-01-20,126.83000183105469,130.32000732421875,126.83000183105469,129.8699951171875,121.56784057617188,1304200
2017-01-23,130.05999755859375,130.52000427246094,128.1199951171875,129.52999877929688,121.2495346069336,1107000
2017-01-24,130.35000610351562,133.35000610351562,129.7100067138672,132.35000610351562,123.8892593383789,1146700
2017-01-25,134.27999877929688,136.24000549316406,134.1300048828125,135.27999877929688,126.6319351196289,1574200
2017-01-26,135.94000244140625,136.82000732421875,134.35000610351562,135.25,126.6038589477539,955100
2017-01-27,135.8800048828125,136.0,133.91000366210938,134.36000061035156,125.77078247070312,507700
2017-01-30,133.89999389648438,133.89999389648438,129.72999572753906,130.72999572753906,122.37283325195312,1739200
2017-01-31,130.77000427246094,131.60000610351562,126.83000183105469,128.3300018310547,120.12627410888672,1485900
2017-02-01,128.97000122070312,129.77000427246094,127.48999786376953,128.32000732421875,120.11691284179688,1247200
2017-02-02,128.5,130.14999389648438,127.55999755859375,128.00999450683594,119.82671356201172,1221100
2017-02-03,128.97000122070312,129.89999389648438,128.11000061035156,128.8800048828125,120.64110565185547,841800
2017-02-06,128.72999572753906,129.1199951171875,126.69000244140625,128.0800018310547,119.89225006103516,1271200
2017-02-07,120.73999786376953,125.0,120.5999984741211,121.80000305175781,114.01372528076172,4259000
2017-02-08,121.4000015258789,122.9800033569336,118.56999969482422,120.29000091552734,112.60022735595703,2892000
2017-02-09,120.29000091552734,121.38999938964844,119.77999877929688,120.5,112.79679107666016,2188500
2017-02-10,121.4800033569336,124.41000366210938,121.2699966430664,122.5999984741211,114.76253509521484,2229200
2017-02-13,124.47000122070312,129.25,122.37000274658203,122.45999908447266,114.63150024414062,2054000
2017-02-14,121.98999786376953,122.77999877929688,120.5,122.73999786376953,114.89360809326172,1606900
2017-02-15,122.77999877929688,123.97000122070312,122.3499984741211,123.11000061035156,115.2399673461914,1331600
2017-02-16,123.20999908447266,123.5199966430664,119.80000305175781,120.4000015258789,112.70319366455078,1563500
2017-02-17,120.25,120.56999969482422,118.2699966430664,119.33000183105469,111.70159912109375,1471700
2017-02-21,119.95999908447266,122.41999816894531,119.80000305175781,121.31999969482422,113.56437683105469,1572400
2017-02-22,121.30000305175781,122.16999816894531,120.0,120.13999938964844,112.6920394897461,1144800
2017-02-23,120.33000183105469,120.76000213623047,114.80000305175781,116.3499984741211,109.13699340820312,3562500
2017-02-24,114.77999877929688,118.41999816894531,114.0999984741211,117.81999969482422,110.51586151123047,1792300
2017-02-27,117.2699966430664,122.7699966430664,116.81999969482422,120.5999984741211,113.12350463867188,1894100
2017-02-28,120.97000122070312,121.87000274658203,119.80000305175781,120.61000061035156,113.1329116821289,1590000
2017-03-01,123.16999816894531,125.30000305175781,122.54000091552734,124.37999725341797,116.66918182373047,2631800
2017-03-02,124.25,124.2699966430664,121.0,121.31999969482422,113.79889678955078,1597200
2017-03-03,121.55000305175781,122.33999633789062,120.56999969482422,121.47000122070312,113.93960571289062,1441000
2017-03-06,120.55000305175781,121.5,119.70999908447266,120.22000122070312,112.7670669555664,998700
2017-03-07,120.0,120.23999786376953,117.66000366210938,118.37000274658203,111.03176879882812,1313900
2017-03-08,118.62999725341797,120.33000183105469,118.37000274658203,119.11000061035156,111.72590637207031,894000
2017-03-09,118.91999816894531,119.94999694824219,115.4800033569336,116.9000015258789,109.65290832519531,1837400
2017-03-10,118.16999816894531,120.26000213623047,116.9000015258789,118.75,111.38821411132812,1656500
2017-03-13,118.87000274658203,119.7300033569336,118.18000030517578,119.58999633789062,112.17613983154297,1255700
2017-03-14,118.55999755859375,119.54000091552734,117.6500015258789,117.94000244140625,110.62843322753906,803200
2017-03-15,118.13999938964844,119.26000213623047,116.9000015258789,118.83000183105469,111.46324920654297,2084700
2017-03-16,119.51000213623047,119.58000183105469,115.83000183105469,116.38999938964844,109.17451477050781,1955700
2017-03-17,116.55000305175781,117.62000274658203,116.33999633789062,116.47000122070312,109.24955749511719,1759800
2017-03-20,116.81999969482422,116.95999908447266,114.58999633789062,115.05000305175781,107.91759490966797,1370200
2017-03-21,115.8499984741211,116.16000366210938,113.69999694824219,114.0999984741211,107.02647399902344,1298000
2017-03-22,114.0,115.56999969482422,113.33999633789062,115.30000305175781,108.15209197998047,1231300
2017-03-23,115.27999877929688,116.30000305175781,114.37000274658203,115.38999938964844,108.23649597167969,1193200
2017-03-24,114.94999694824219,115.2300033569336,111.52999877929688,112.73999786376953,105.75080108642578,1661700
2017-03-27,110.0,113.05000305175781,108.94999694824219,112.5,105.52568054199219,1899700
2017-03-28,112.25,115.44000244140625,112.13999938964844,114.5999984741211,107.4954833984375,1699500
2017-03-29,115.30000305175781,118.77999877929688,114.91999816894531,118.16000366210938,110.83480072021484,2030400
2017-03-30,120.51000213623047,121.5999984741211,116.86000061035156,117.69000244140625,110.3939208984375,2099900
2017-03-31,117.33999633789062,121.04000091552734,117.25,120.4800033569336,113.01095581054688,1676700
2017-04-03,120.12999725341797,120.69000244140625,117.87999725341797,119.36000061035156,111.96040344238281,1269000
2017-04-04,119.33000183105469,119.94999694824219,118.36000061035156,119.25,111.85723114013672,1149100
2017-04-05,119.7699966430664,121.16999816894531,118.0,118.22000122070312,110.8910903930664,1513500
2017-04-06,118.5,120.26000213623047,118.4000015258789,119.3499984741211,111.95100402832031,1012600
2017-04-07,120.94999694824219,124.29000091552734,120.94999694824219,123.98999786376953,116.3033447265625,2923900
2017-04-10,123.76000213623047,123.76000213623047,121.0,121.33999633789062,113.817626953125,1480800
2017-04-11,120.87999725341797,121.6500015258789,118.88999938964844,121.19000244140625,113.67694854736328,893000
2017-04-12,120.91999816894531,120.91999816894531,117.30000305175781,117.94000244140625,110.62843322753906,1217000
2017-04-13,117.3499984741211,118.11000061035156,116.26000213623047,117.27999877929688,110.00933837890625,1263000
2017-04-17,117.45999908447266,118.62000274658203,117.29000091552734,118.19000244140625,110.86294555664062,728700
2017-04-18,117.58000183105469,118.33999633789062,116.37000274658203,116.9000015258789,109.65290832519531,753000
2017-04-19,117.76000213623047,118.9000015258789,116.93000030517578,117.41000366210938,110.13129425048828,841400
2017-04-20,117.9800033569336,120.5199966430664,117.76000213623047,119.83000183105469,112.40126037597656,793800
2017-04-21,119.91999816894531,121.3499984741211,119.27999877929688,120.97000122070312,113.47059631347656,1192800
2017-04-24,122.12000274658203,122.7699966430664,121.44999694824219,122.0199966430664,114.45548248291016,974400
2017-04-25,122.75,123.44000244140625,121.18000030517578,121.44999694824219,113.9207992553711,1128600
2017-04-26,121.51000213623047,121.51000213623047,120.25,120.7300033569336,113.2454833984375,898500
2017-04-27,120.8499984741211,122.9800033569336,119.91999816894531,122.80000305175781,115.1871337890625,711700
2017-04-28,122.62999725341797,122.69000244140625,120.76000213623047,120.87999725341797,113.38619232177734,758600
2017-05-01,121.26000213623047,125.19999694824219,120.93000030517578,123.3499984741211,115.70304107666016,1513100
2017-05-02,126.06999969482422,129.33999633789062,125.94999694824219,128.4499969482422,120.48686981201172,2596400
2017-05-03,127.55999755859375,129.32000732421875,126.87000274658203,127.58999633789062,119.68019104003906,1160100
2017-05-04,127.68000030517578,129.33999633789062,126.91000366210938,128.33999633789062,120.3836898803711,1095400
2017-05-05,128.33999633789062,128.8699951171875,127.30999755859375,127.73999786376953,119.82087707519531,922200
2017-05-08,127.4000015258789,127.4000015258789,124.97000122070312,126.66999816894531,118.81720733642578,967500
2017-05-09,127.0,127.11000061035156,125.48999786376953,126.11000061035156,118.29194641113281,1376600
2017-05-10,129.77000427246094,133.7899932861328,129.41000366210938,130.6300048828125,122.53173065185547,2414700
2017-05-11,129.5500030517578,130.0,126.81999969482422,129.0399932861328,121.04029846191406,1576700
2017-05-12,129.0,129.0,127.26000213623047,128.25,120.29926300048828,942300
2017-05-15,128.4199981689453,130.8300018310547,126.80000305175781,130.7100067138672,122.60674285888672,1176300
2017-05-16,130.7100067138672,130.7100067138672,128.30999755859375,128.3300018310547,120.37429809570312,766800
2017-05-17,128.3300018310547,128.3300018310547,122.88999938964844,124.9000015258789,117.15694427490234,1652400
2017-05-18,124.38999938964844,126.9800033569336,123.38999938964844,126.05999755859375,118.24504089355469,932200
2017-05-19,126.77999877929688,127.86000061035156,125.54000091552734,125.94999694824219,118.14186096191406,774000
2017-05-22,126.18000030517578,127.43000030517578,125.75,126.93000030517578,119.29790496826172,587800
2017-05-23,127.05999755859375,128.4499969482422,126.23999786376953,126.6500015258789,119.03472900390625,769600
2017-05-24,126.19999694824219,126.41999816894531,123.3499984741211,125.12000274658203,117.59673309326172,1491200
2017-05-25,125.73999786376953,130.10000610351562,125.52999877929688,127.75,120.06859588623047,1984400
2017-05-26,127.05999755859375,127.47000122070312,125.19999694824219,126.43000030517578,118.82797241210938,996800
2017-05-30,125.61000061035156,125.97000122070312,124.29000091552734,125.05000305175781,117.53092956542969,897400
2017-05-31,125.04000091552734,125.37999725341797,123.86000061035156,124.6500015258789,117.15499114990234,1158200
2017-06-01,125.0999984741211,127.41999816894531,124.4000015258789,126.83000183105469,119.20390319824219,1128800
2017-06-02,126.66999816894531,126.83000183105469,126.01000213623047,126.26000213623047,118.66818237304688,727000
2017-06-05,125.86000061035156,126.87000274658203,125.5,125.91000366210938,118.33922576904297,773300
2017-06-06,125.30999755859375,126.06999969482422,124.47000122070312,125.16000366210938,117.63433074951172,833100
2017-06-07,125.75,128.07000732421875,125.47000122070312,126.70999908447266,119.09112548828125,855600
2017-06-08,126.70999908447266,129.89999389648438,126.37999725341797,128.33999633789062,120.62312316894531,1214800
2017-06-09,128.75,131.69000244140625,128.39999389648438,130.3300018310547,122.49343872070312,1050400
2017-06-12,129.58999633789062,130.80999755859375,128.0,129.91000366210938,122.09872436523438,1027300
2017-06-13,130.36000061035156,132.5399932861328,130.17999267578125,132.25999450683594,124.30741882324219,769900
2017-06-14,132.0,132.11000061035156,128.8000030517578,129.2100067138672,121.44080352783203,1001900
2017-06-15,127.56999969482422,128.97000122070312,126.58000183105469,128.63999938964844,120.90505981445312,656700
2017-06-16,128.63999938964844,130.3800048828125,128.4199981689453,129.3800048828125,121.6005859375,904900
2017-06-19,130.0399932861328,130.97999572753906,129.3699951171875,130.24000549316406,122.40888214111328,534400
2017-06-20,129.72999572753906,130.24000549316406,128.58999633789062,129.5399932861328,121.7509536743164,895900
2017-06-21,129.55999755859375,130.30999755859375,127.80000305175781,128.1699981689453,120.46334075927734,821300
2017-06-22,128.16000366210938,130.22000122070312,127.5999984741211,129.33999633789062,121.56299591064453,733800
2017-06-23,129.3800048828125,132.61000061035156,129.1300048828125,132.22999572753906,124.27921295166016,1218100
2017-06-26,133.38999938964844,134.9199981689453,132.25,133.47999572753906,125.45406341552734,1457600
2017-06-27,132.8000030517578,132.94000244140625,131.0500030517578,131.3800048828125,123.4803237915039,1148000
2017-06-28,132.27999877929688,132.66000366210938,130.11000061035156,130.1999969482422,122.37127685546875,1098200
2017-06-29,129.9600067138672,129.9600067138672,126.0199966430664,127.01000213623047,119.37307739257812,1268400
2017-06-30,127.44999694824219,128.47000122070312,125.66999816894531,126.68000030517578,119.06292724609375,1273700
2017-07-03,127.2300033569336,127.91999816894531,125.55000305175781,127.13999938964844,119.49527740478516,701500
2017-07-05,127.41000366210938,130.0,127.27999877929688,130.0,122.18328857421875,1538700
2017-07-06,129.25,130.1199951171875,128.1699981689453,129.4499969482422,121.66638946533203,1434100
2017-07-07,129.4199981689453,129.47000122070312,127.47000122070312,128.1699981689453,120.46334075927734,1064600
2017-07-10,127.5999984741211,127.5999984741211,125.61000061035156,125.91999816894531,118.3486099243164,1055100
2017-07-11,126.38999938964844,126.38999938964844,123.58999633789062,125.08999633789062,117.56853485107422,1044400
2017-07-12,126.9800033569336,126.9800033569336,125.12999725341797,126.16000366210938,118.5741958618164,951900
2017-07-13,126.0,127.27999877929688,124.61000061035156,125.33000183105469,117.79411315917969,1048700
2017-07-14,125.66999816894531,126.25,124.6500015258789,124.95999908447266,117.44632720947266,566400
2017-07-17,124.55000305175781,125.73999786376953,124.05000305175781,124.68000030517578,117.18318176269531,794600
2017-07-18,123.80000305175781,124.4000015258789,122.54000091552734,123.02999877929688,115.63240814208984,836100
2017-07-19,123.2699966430664,125.54000091552734,122.87999725341797,125.47000122070312,117.92568969726562,990100
2017-07-20,125.29000091552734,126.06999969482422,124.11000061035156,125.30000305175781,117.76589965820312,585500
2017-07-21,124.83000183105469,126.19000244140625,124.69999694824219,126.19000244140625,118.6024169921875,608900
2017-07-24,126.0199966430664,126.87999725341797,125.06999969482422,126.5,118.89376831054688,871000
2017-07-25,127.29000091552734,128.25999450683594,126.43000030517578,127.0999984741211,119.45767211914062,876100
2017-07-26,126.88999938964844,127.02999877929688,124.6500015258789,125.6500015258789,118.09486389160156,1086800
2017-07-27,125.36000061035156,125.97000122070312,123.6500015258789,124.04000091552734,116.58167266845703,1000700
2017-07-28,123.93000030517578,124.3499984741211,121.9000015258789,124.0,116.54407501220703,1667400
2017-07-31,124.38999938964844,124.54000091552734,123.01000213623047,123.12000274658203,115.71698760986328,1245000
2017-08-01,123.80000305175781,124.54000091552734,116.27999877929688,119.19999694824219,112.03267669677734,3276900
2017-08-02,120.01000213623047,123.5,114.51000213623047,123.12000274658203,115.71698760986328,4817400
2017-08-03,123.1500015258789,124.25,119.6500015258789,120.1500015258789,112.9255599975586,1941100
2017-08-04,120.33000183105469,122.69000244140625,119.69000244140625,121.83999633789062,114.51392364501953,1168200
2017-08-07,121.58999633789062,123.11000061035156,120.80000305175781,120.81999969482422,113.55526733398438,1132000
2017-08-08,120.55000305175781,120.55000305175781,118.23999786376953,118.38999938964844,111.27136993408203,1134800
2017-08-09,118.1500015258789,118.37000274658203,116.69999694824219,117.87999725341797,110.79203796386719,1244900
2017-08-10,117.5,117.62999725341797,114.66999816894531,114.70999908447266,107.81266784667969,1334700
2017-08-11,114.81999969482422,115.19000244140625,113.94000244140625,114.19999694824219,107.33332061767578,1072800
2017-08-14,114.9000015258789,115.47000122070312,113.87999725341797,115.16999816894531,108.24500274658203,1565100
2017-08-15,115.37999725341797,117.43000030517578,115.37999725341797,116.61000061035156,109.59840393066406,1274800
2017-08-16,117.1500015258789,117.55999755859375,115.41000366210938,116.08999633789062,109.10967254638672,876400
2017-08-17,115.41000366210938,116.01000213623047,114.05000305175781,114.11000061035156,107.24874877929688,766300
2017-08-18,113.91999816894531,114.55000305175781,112.12000274658203,113.97000122070312,107.1171646118164,922600
2017-08-21,113.98999786376953,113.98999786376953,111.7699966430664,112.56999969482422,106.03392791748047,1021600
2017-08-22,112.94999694824219,115.41000366210938,112.8499984741211,115.16000366210938,108.47354888916016,1227100
2017-08-23,114.05999755859375,114.87000274658203,113.30999755859375,114.62999725341797,107.97431945800781,1265500
2017-08-24,115.12000274658203,115.38999938964844,113.76000213623047,114.33999633789062,107.70114135742188,1029900
2017-08-25,114.69000244140625,114.69000244140625,111.8499984741211,113.12999725341797,106.56141662597656,1383000
2017-08-28,113.45999908447266,115.94999694824219,112.0999984741211,115.94000244140625,109.20826721191406,1655100
2017-08-29,115.44000244140625,117.12999725341797,114.86000061035156,116.5,109.7357406616211,1777800
2017-08-30,116.5999984741211,122.11000061035156,116.5999984741211,121.86000061035156,114.78453826904297,2265000
2017-08-31,122.81999969482422,123.31999969482422,119.7300033569336,121.26000213623047,114.21937561035156,2081100
2017-09-01,121.91999816894531,121.91999816894531,119.2300033569336,121.19999694824219,114.16285705566406,1253800
2017-09-05,120.19999694824219,120.91000366210938,117.66000366210938,118.13999938964844,111.28052520751953,1503200
2017-09-06,118.13999938964844,119.69999694824219,117.16999816894531,119.05000305175781,112.1376953125,1489500
2017-09-07,119.54000091552734,120.1500015258789,118.33999633789062,119.7300033569336,112.77820587158203,1154700
2017-09-08,119.87999725341797,121.5999984741211,118.9800033569336,121.5199966430664,114.46427154541016,1071900
2017-09-11,121.0,121.38999938964844,116.88999938964844,117.0,110.20672607421875,1459600
2017-09-12,117.52999877929688,118.54000091552734,117.12000274658203,118.0,111.14865112304688,927200
2017-09-13,117.55000305175781,117.62999725341797,115.0199966430664,117.0199966430664,110.22554779052734,1063800
2017-09-14,116.33999633789062,116.51000213623047,114.29000091552734,114.54000091552734,107.8895492553711,1368000
2017-09-15,114.11000061035156,114.61000061035156,112.83000183105469,113.20999908447266,106.63676452636719,1933200
2017-09-18,113.80000305175781,116.87000274658203,113.80000305175781,115.58999633789062,108.87857055664062,1613600
2017-09-19,115.66999816894531,115.95999908447266,113.88999938964844,115.18000030517578,108.49239349365234,1122300
2017-09-20,115.72000122070312,118.20999908447266,115.33999633789062,118.19999694824219,111.3370361328125,1488300
2017-09-21,118.52999877929688,118.80999755859375,116.4000015258789,117.0,110.20672607421875,905300
2017-09-22,117.0,117.36000061035156,116.1500015258789,116.66999816894531,109.8958740234375,609100
2017-09-25,116.5199966430664,116.93000030517578,114.81999969482422,115.7300033569336,109.01045989990234,947700
2017-09-26,115.87999725341797,116.48999786376953,114.5999984741211,115.88999938964844,109.16116333007812,626100
2017-09-27,116.30999755859375,120.0999984741211,116.05999755859375,118.83000183105469,111.93046569824219,1027600
2017-09-28,118.95999908447266,120.36000061035156,118.9000015258789,119.12000274658203,112.20362854003906,1114900
2017-09-29,119.19000244140625,120.01000213623047,118.33000183105469,119.5999984741211,112.6557388305664,955700
2017-10-02,119.58000183105469,120.33000183105469,118.16000366210938,118.93000030517578,112.02465057373047,1042200
2017-10-03,119.37000274658203,119.9000015258789,117.87999725341797,119.70999908447266,112.75936889648438,996500
2017-10-04,119.66999816894531,119.66999816894531,117.80000305175781,118.58999633789062,111.70439147949219,570700
2017-10-05,118.55999755859375,120.93000030517578,118.08999633789062,120.87999725341797,113.86141967773438,1111700
2017-10-06,119.9000015258789,120.87999725341797,119.25,120.25,113.26800537109375,1220600
2017-10-09,120.3499984741211,121.18000030517578,119.43000030517578,120.19000244140625,113.21150970458984,732700
2017-10-10,120.48999786376953,120.48999786376953,118.08999633789062,119.01000213623047,112.10000610351562,886000
2017-10-11,119.11000061035156,119.3499984741211,116.83999633789062,117.27999877929688,110.4704360961914,1002900
2017-10-12,116.76000213623047,118.37999725341797,116.58000183105469,117.79000091552734,110.95084381103516,1010900
2017-10-13,118.66999816894531,118.66999816894531,116.08000183105469,116.27999877929688,109.52853393554688,939500
2017-10-16,116.63999938964844,117.44999694824219,115.01000213623047,117.33000183105469,110.51756286621094,785700
2017-10-17,116.88999938964844,117.81999969482422,116.62999725341797,117.01000213623047,110.21614074707031,613400
2017-10-18,117.5199966430664,117.5999984741211,116.88999938964844,116.94000244140625,110.15020751953125,567000
2017-10-19,116.31999969482422,120.33000183105469,116.1500015258789,120.04000091552734,113.07020568847656,1419200
2017-10-20,120.58000183105469,122.54000091552734,120.08000183105469,121.61000061035156,114.54904174804688,1107000
2017-10-23,121.5999984741211,122.0,120.19000244140625,121.08000183105469,114.04981994628906,954600
2017-10-24,121.16999816894531,123.8499984741211,121.16999816894531,123.76000213623047,116.57422637939453,1045900
2017-10-25,123.25,123.5,121.33999633789062,122.33000183105469,115.22724914550781,1439300
2017-10-26,123.0,123.94000244140625,120.91000366210938,123.01000213623047,115.86776733398438,1339700
2017-10-27,122.55000305175781,123.08999633789062,121.30999755859375,122.44999694824219,115.34027862548828,887100
2017-10-30,122.19000244140625,123.16999816894531,121.27999877929688,121.97000122070312,114.8881607055664,1348500
2017-10-31,122.5,123.01000213623047,121.68000030517578,121.75,114.68092346191406,961500
2017-11-01,122.55000305175781,122.69999694824219,120.08000183105469,121.0199966430664,113.99329376220703,1788500
2017-11-02,122.86000061035156,128.77000427246094,122.2699966430664,124.2699966430664,117.05460357666016,3874700
2017-11-03,123.80000305175781,126.45999908447266,123.08999633789062,126.43000030517578,119.08918762207031,1557900
2017-11-06,126.19999694824219,126.43000030517578,123.6500015258789,124.61000061035156,117.37486267089844,1006500
2017-11-07,124.30000305175781,125.0,121.62999725341797,122.66000366210938,115.53809356689453,1283300
2017-11-08,122.95999908447266,124.18000030517578,122.06999969482422,123.9000015258789,116.70609283447266,870300
2017-11-09,123.44999694824219,124.87000274658203,122.51000213623047,124.68000030517578,117.44080352783203,1024400
2017-11-10,124.0999984741211,124.51000213623047,122.37000274658203,124.08999633789062,116.88506317138672,991100
2017-11-13,123.33000183105469,124.5,123.26000213623047,123.98999786376953,116.79086303710938,726200
2017-11-14,123.9000015258789,124.18000030517578,122.58000183105469,123.91999816894531,116.72493743896484,828800
2017-11-15,123.61000061035156,123.70999908447266,121.26000213623047,121.55999755859375,114.50194549560547,1005500
2017-11-16,122.1500015258789,125.7300033569336,121.37000274658203,123.8499984741211,116.65898895263672,1051000
2017-11-17,123.26000213623047,124.98999786376953,122.91000366210938,123.04000091552734,115.89601135253906,957400
2017-11-20,122.94999694824219,125.37999725341797,122.72000122070312,123.87000274658203,116.67784118652344,783400
2017-11-21,123.87000274658203,123.87000274658203,122.04000091552734,122.73999786376953,115.8472671508789,837200
2017-11-22,122.88999938964844,123.63999938964844,122.0199966430664,122.8499984741211,115.95108032226562,609800
2017-11-24,122.61000061035156,122.97000122070312,121.76000213623047,122.31999969482422,115.45082092285156,287600
2017-11-27,122.25,122.55999755859375,118.58999633789062,119.62999725341797,112.9118881225586,1466200
2017-11-28,119.9800033569336,121.75,119.72000122070312,121.66000366210938,114.82791137695312,832500
2017-11-29,121.9800033569336,125.54000091552734,121.3499984741211,124.86000061035156,117.84819030761719,1157300
2017-11-30,124.5999984741211,126.61000061035156,123.5,125.6500015258789,118.59381866455078,1540500
2017-12-01,125.7300033569336,125.8499984741211,120.47000122070312,121.20999908447266,114.4031753540039,1911000
2017-12-04,122.69000244140625,126.77999877929688,122.0999984741211,125.25,118.21629333496094,1860500
2017-12-05,123.88999938964844,126.2699966430664,121.5999984741211,122.70999908447266,115.8189468383789,1025800
2017-12-06,122.25,122.7699966430664,121.04000091552734,121.11000061035156,114.30879211425781,1238600
2017-12-07,121.29000091552734,125.80000305175781,120.58000183105469,124.87999725341797,117.86707305908203,1688500
2017-12-08,125.54000091552734,127.62000274658203,125.05000305175781,125.87999725341797,118.81090545654297,1359300
2017-12-11,125.01000213623047,125.62000274658203,122.3499984741211,122.91999816894531,116.01712799072266,1187800
2017-12-12,123.08999633789062,124.87000274658203,120.91000366210938,121.51000213623047,114.68631744384766,1225800
2017-12-13,122.16999816894531,123.97000122070312,121.38999938964844,123.11000061035156,116.19648742675781,1472600
2017-12-14,123.05999755859375,123.11000061035156,119.3499984741211,120.23999786376953,113.48765563964844,1229100
2017-12-15,121.44999694824219,122.58999633789062,120.56999969482422,120.81999969482422,114.03507995605469,1448900
2017-12-18,121.5,123.5,120.0,122.30999755859375,115.44137573242188,1160700
2017-12-19,122.48999786376953,122.86000061035156,118.8499984741211,119.26000213623047,112.56266021728516,1433000
2017-12-20,120.22000122070312,120.37000274658203,117.73999786376953,118.9800033569336,112.29839324951172,1398700
2017-12-21,119.87000274658203,122.91999816894531,118.69000244140625,122.8499984741211,115.95108032226562,1344200
2017-12-22,122.55999755859375,125.68000030517578,119.98999786376953,124.2300033569336,117.25357055664062,1158200
2017-12-26,124.0199966430664,127.8499984741211,124.0,126.72000122070312,119.60375213623047,958100
2017-12-27,127.1500015258789,127.88999938964844,125.88999938964844,127.4800033569336,120.3210678100586,801300
2017-12-28,127.5,127.97000122070312,126.55999755859375,127.5999984741211,120.43434143066406,745700
2017-12-29,128.47999572753906,129.6300048828125,127.02999877929688,128.3699951171875,121.1611099243164,967600
2018-01-02,129.75,132.32000732421875,128.9600067138672,131.8699951171875,124.46453857421875,1869700
2018-01-03,132.58999633789062,135.0,132.22999572753906,134.2899932861328,126.74862670898438,2600900
2018-01-04,135.0800018310547,135.4499969482422,132.5500030517578,133.3800048828125,125.88970947265625,1325900
2018-01-05,133.4499969482422,134.0,130.86000061035156,131.89999389648438,124.49285125732422,1285300
2018-01-08,131.89999389648438,134.0800018310547,129.8000030517578,133.94000244140625,126.4183120727539,993300
2018-01-09,133.83999633789062,135.60000610351562,133.49000549316406,134.13999938964844,126.60706329345703,1229000
2018-01-10,133.24000549316406,133.72999572753906,131.4600067138672,132.39999389648438,124.96475982666016,1330800
2018-01-11,133.3699951171875,135.88999938964844,132.66000366210938,135.17999267578125,127.5886459350586,916300
2018-01-12,135.27000427246094,135.35000610351562,133.61000061035156,133.97000122070312,126.44660949707031,915900
2018-01-16,134.35000610351562,136.32000732421875,132.94000244140625,133.69000244140625,126.18233489990234,1602800
2018-01-17,134.55999755859375,135.4499969482422,133.7100067138672,134.5800018310547,127.0223617553711,698100
2018-01-18,134.85000610351562,136.49000549316406,134.17999267578125,135.16000366210938,127.56975555419922,1371700
2018-01-19,135.88999938964844,137.64999389648438,134.42999267578125,135.02999877929688,127.4470443725586,1428300
2018-01-22,135.1999969482422,135.1999969482422,132.02000427246094,133.0,125.53105926513672,1443600
2018-01-23,132.75999450683594,135.22000122070312,131.8000030517578,134.8800048828125,127.30547332763672,1118200
2018-01-24,134.6999969482422,136.9600067138672,133.32000732421875,135.49000549316406,127.88125610351562,1297900
2018-01-25,136.11000061035156,139.19000244140625,135.24000549316406,138.5399932861328,130.7599334716797,1094000
2018-01-26,139.02000427246094,141.1999969482422,138.5399932861328,141.11000061035156,133.18565368652344,1570800
2018-01-29,141.0,141.0,138.17999267578125,138.9199981689453,131.11862182617188,1400900
2018-01-30,138.22999572753906,140.80999755859375,137.52000427246094,139.8300018310547,131.97752380371094,1782800
2018-01-31,140.49000549316406,140.49000549316406,132.75,135.39999389648438,127.79630279541016,2190500
2018-02-01,134.61000061035156,136.94000244140625,133.9199981689453,134.22999572753906,126.6919937133789,2100200
2018-02-02,132.89999389648438,133.85000610351562,129.99000549316406,131.0,123.64338684082031,1861500
2018-02-05,130.1300048828125,131.2899932861328,123.06999969482422,125.19999694824219,118.16910552978516,2381000
2018-02-06,123.12999725341797,128.66000366210938,122.73999786376953,126.77999877929688,119.6603775024414,1746600
2018-02-07,125.91999816894531,131.27000427246094,125.62999725341797,128.24000549316406,121.03839874267578,1551700
2018-02-08,128.47999572753906,128.6199951171875,121.4000015258789,121.47000122070312,114.64859771728516,1734200
2018-02-09,122.30999755859375,126.12000274658203,119.33999633789062,125.0,117.98031616210938,1390400
2018-02-12,126.4000015258789,128.41000366210938,125.37999725341797,127.16000366210938,120.01902770996094,1613800
2018-02-13,128.1999969482422,132.02999877929688,128.0,129.3699951171875,122.10491943359375,1688200
2018-02-14,128.07000732421875,130.05999755859375,126.4800033569336,129.6199951171875,122.34086608886719,1333200
2018-02-15,130.97999572753906,134.44000244140625,130.1699981689453,133.47000122070312,125.97469329833984,1867300
2018-02-16,128.0,131.5399932861328,125.5,126.56999969482422,119.46216583251953,3235500
2018-02-20,125.66999816894531,126.66999816894531,122.51000213623047,124.47000122070312,117.4801025390625,1881900
2018-02-21,124.62999725341797,125.94999694824219,121.87999725341797,122.04000091552734,115.1865463256836,1667600
2018-02-22,122.18000030517578,123.62000274658203,120.66999816894531,122.12000274658203,115.5271224975586,1404000
2018-02-23,122.9800033569336,123.16999816894531,121.11000061035156,121.69000244140625,115.12034606933594,1279500
2018-02-26,121.69000244140625,122.30000305175781,119.62000274658203,121.75,115.17711639404297,1311600
2018-02-27,121.4000015258789,121.98999786376953,118.30000305175781,118.87000274658203,112.45258331298828,2051300
2018-02-28,119.33000183105469,120.02999877929688,117.66000366210938,117.7300033569336,111.3741226196289,1359200
2018-03-01,118.36000061035156,119.66000366210938,115.83999633789062,117.06999969482422,110.74976348876953,1327800
2018-03-02,116.02999877929688,118.36000061035156,114.2300033569336,117.73999786376953,111.38358306884766,1806900
2018-03-05,117.63999938964844,118.5,115.58999633789062,117.7300033569336,111.3741226196289,1561000
2018-03-06,118.3499984741211,120.3499984741211,117.77999877929688,119.41000366210938,112.96343231201172,1155500
2018-03-07,117.91000366210938,119.51000213623047,117.08000183105469,119.08999633789062,112.66071319580078,891300
2018-03-08,119.30000305175781,121.19999694824219,117.4000015258789,119.18000030517578,112.745849609375,1699500
2018-03-09,120.1500015258789,121.52999877929688,119.80999755859375,121.19999694824219,114.65680694580078,947800
2018-03-12,121.58999633789062,121.68000030517578,120.08000183105469,120.98999786376953,114.45812225341797,739800
2018-03-13,121.79000091552734,123.44999694824219,121.41999816894531,121.66999816894531,115.10140228271484,1058200
2018-03-14,122.0,122.0,119.12000274658203,120.43000030517578,113.9283676147461,888900
2018-03-15,120.5199966430664,120.91000366210938,117.63999938964844,117.91999816894531,111.55384826660156,1009400
2018-03-16,116.19999694824219,118.26000213623047,115.62999725341797,117.12000274658203,110.79706573486328,1871400
2018-03-19,116.4000015258789,116.52999877929688,113.58999633789062,114.9000015258789,108.69691467285156,1391500
2018-03-20,115.12000274658203,116.0,112.97000122070312,114.13999938964844,107.97793579101562,1116000
2018-03-21,114.55000305175781,116.31999969482422,113.83999633789062,114.80999755859375,108.61176300048828,1043400
2018-03-22,113.9000015258789,115.56999969482422,113.5199966430664,113.5999984741211,107.46708679199219,1334300
2018-03-23,114.2699966430664,117.37999725341797,113.9800033569336,115.5999984741211,109.35912322998047,1688700
2018-03-26,117.87999725341797,118.06999969482422,114.88999938964844,116.69999694824219,110.39971923828125,1618000
2018-03-27,116.69999694824219,117.25,114.05999755859375,114.7300033569336,108.53608703613281,1418600
2018-03-28,114.43000030517578,114.61000061035156,110.2300033569336,111.30000305175781,105.2912826538086,1648800
2018-03-29,112.2300033569336,114.91000366210938,111.4000015258789,114.16999816894531,108.00630950927734,1600500
2018-04-02,113.83000183105469,114.38999938964844,109.95999908447266,112.23999786376953,106.18051147460938,1836000
2018-04-03,112.29000091552734,113.18000030517578,111.16000366210938,112.70999908447266,106.6251220703125,1440700
2018-04-04,110.52999877929688,114.5199966430664,110.01000213623047,114.41000366210938,108.23336791992188,937100
2018-04-05,114.88999938964844,117.37999725341797,114.55999755859375,116.98999786376953,110.674072265625,1570500
2018-04-06,116.05000305175781,116.05000305175781,112.81999969482422,113.55999755859375,107.42924499511719,1409500
2018-04-09,113.72000122070312,114.80999755859375,112.29000091552734,112.91000366210938,106.81433868408203,1748400
2018-04-10,114.2300033569336,116.43000030517578,113.79000091552734,116.0999984741211,109.83209991455078,1140100
2018-04-11,115.01000213623047,115.51000213623047,114.27999877929688,115.0,108.79151916503906,879600
2018-04-12,115.36000061035156,115.72000122070312,114.55000305175781,114.88999938964844,108.68744659423828,885100
2018-04-13,114.9800033569336,115.70999908447266,112.08000183105469,112.80999755859375,106.71973419189453,1470900
2018-04-16,113.94000244140625,115.47000122070312,112.69000244140625,114.73999786376953,108.54554748535156,1188800
2018-04-17,115.37999725341797,118.27999877929688,114.25,117.7699966430664,111.4119644165039,1905000
2018-04-18,117.76000213623047,118.86000061035156,117.26000213623047,118.37999725341797,111.98902130126953,2103000
2018-04-19,118.45999908447266,118.80000305175781,114.9000015258789,115.33000183105469,109.10366821289062,1338600
2018-04-20,115.87000274658203,116.13999938964844,113.22000122070312,113.75,107.6089859008789,1111500
2018-04-23,113.86000061035156,114.69999694824219,113.19000244140625,113.80000305175781,107.65628814697266,795700
2018-04-24,114.66999816894531,115.33999633789062,110.0,111.36000061035156,105.34803009033203,1006800
2018-04-25,111.1500015258789,112.4000015258789,109.69000244140625,112.12000274658203,106.0670166015625,1122300
2018-04-26,112.91999816894531,112.91999816894531,110.31999969482422,110.91999816894531,104.93177795410156,1560200
2018-04-27,111.0,112.58000183105469,110.31999969482422,112.4000015258789,106.33186340332031,1748100
2018-04-30,112.51000213623047,114.86000061035156,111.66000366210938,111.69000244140625,105.66021728515625,1278900
2018-05-01,111.9000015258789,112.0199966430664,108.16999816894531,111.7699966430664,105.73590087890625,1559600
2018-05-02,113.8499984741211,115.61000061035156,112.5,113.66000366210938,107.52385711669922,1592600
2018-05-03,119.88999938964844,123.86000061035156,115.94000244140625,122.19999694824219,115.60279083251953,4538800
2018-05-04,121.3499984741211,124.22000122070312,119.80999755859375,122.69999694824219,116.07579040527344,1975700
2018-05-07,122.9000015258789,124.58000183105469,122.06999969482422,123.43000030517578,116.76641082763672,1387800
2018-05-08,123.7300033569336,127.68000030517578,123.12000274658203,126.7300033569336,119.88824462890625,2048800
2018-05-09,126.7300033569336,127.5999984741211,124.7300033569336,127.05999755859375,120.200439453125,1335200
2018-05-10,127.38999938964844,127.54000091552734,125.48999786376953,125.69000244140625,118.90441131591797,1210200
2018-05-11,126.08000183105469,127.88999938964844,125.54000091552734,127.37000274658203,120.49369812011719,1165200
2018-05-14,127.9000015258789,127.91999816894531,126.44000244140625,126.83999633789062,119.99229431152344,901400
2018-05-15,125.69000244140625,127.5,125.54000091552734,127.33999633789062,120.46531677246094,1201400
2018-05-16,127.5,129.33999633789062,127.16999816894531,128.22000122070312,121.29780578613281,1116300
2018-05-17,127.5999984741211,128.13999938964844,125.44000244140625,126.04000091552734,119.2354965209961,1081100
2018-05-18,126.04000091552734,129.4199981689453,125.80000305175781,129.1999969482422,122.22488403320312,1660400
2018-05-21,129.77000427246094,130.47999572753906,129.0,129.5399932861328,122.54652404785156,1256200
2018-05-22,129.75999450683594,130.33999633789062,128.1300048828125,128.1999969482422,121.27887725830078,725900
2018-05-23,126.61000061035156,129.38999938964844,125.83000183105469,129.2899932861328,122.57772827148438,1095200
2018-05-24,128.57000732421875,129.74000549316406,126.63999938964844,127.91000366210938,121.26941680908203,734400
2018-05-25,128.13999938964844,128.8800048828125,127.05000305175781,127.33999633789062,120.72899627685547,890900
2018-05-29,126.11000061035156,129.44000244140625,126.05000305175781,127.22000122070312,120.615234375,1232400
2018-05-30,127.5999984741211,128.9199981689453,126.83999633789062,127.77999877929688,121.14612579345703,1016300
2018-05-31,128.14999389648438,130.0500030517578,127.0199966430664,127.73999786376953,121.10822296142578,1160800
2018-06-01,129.0399932861328,130.0800018310547,128.33999633789062,129.32000732421875,122.60620880126953,808900
2018-06-04,129.86000061035156,130.3300018310547,128.50999450683594,129.50999450683594,122.78632354736328,618000
2018-06-05,129.57000732421875,130.42999267578125,128.5399932861328,128.80999755859375,122.12267303466797,771700
2018-06-06,129.5500030517578,130.72999572753906,128.36000061035156,130.22999572753906,123.4689712524414,1314600
2018-06-07,130.27999877929688,131.69000244140625,129.55999755859375,130.5500030517578,123.77233123779297,681800
2018-06-08,130.2899932861328,130.3800048828125,128.44000244140625,130.0399932861328,123.28880310058594,1209200
2018-06-11,130.0,130.97999572753906,129.63999938964844,130.25999450683594,123.49738311767578,713700
2018-06-12,130.75,132.38999938964844,130.50999450683594,130.97000122070312,124.17051696777344,908300
2018-06-13,131.4199981689453,132.77000427246094,130.77999877929688,131.2100067138672,124.39808654785156,994800
2018-06-14,131.50999450683594,132.25,130.6300048828125,131.86000061035156,125.01435852050781,902600
2018-06-15,131.47999572753906,132.85000610351562,130.55999755859375,132.08999633789062,125.23241424560547,1591900
2018-06-18,131.07000732421875,132.86000061035156,130.44000244140625,132.5500030517578,125.66853332519531,1013100
2018-06-19,131.0800018310547,132.27999877929688,130.63999938964844,131.16000366210938,124.35069274902344,1064700
2018-06-20,132.0,133.5500030517578,131.10000610351562,133.24000549316406,126.32273864746094,970000
2018-06-21,132.52999877929688,133.58999633789062,129.77999877929688,129.86000061035156,123.11817169189453,956600
2018-06-22,130.69000244140625,132.3300018310547,130.02999877929688,131.57000732421875,124.7394027709961,1122100
2018-06-25,130.25999450683594,130.72000122070312,127.54000091552734,128.42999267578125,121.76238250732422,827100
2018-06-26,128.2100067138672,129.36000061035156,126.70999908447266,127.76000213623047,121.12720489501953,1401000
2018-06-27,127.93000030517578,129.75999450683594,127.44999694824219,128.3300018310547,121.66758728027344,1219800
2018-06-28,127.73999786376953,128.2899932861328,125.62000274658203,127.05000305175781,120.45406341552734,1266400
2018-06-29,127.93000030517578,130.07000732421875,127.5,129.05999755859375,122.35968780517578,1104900
2018-07-02,127.66999816894531,128.64999389648438,126.26000213623047,127.22000122070312,120.615234375,1111900
2018-07-03,128.07000732421875,129.27000427246094,127.70999908447266,128.52000427246094,121.84774017333984,789900
2018-07-05,129.39999389648438,129.5800018310547,127.58000183105469,129.42999267578125,122.71048736572266,559900
2018-07-06,129.35000610351562,131.52000427246094,129.25999450683594,130.44000244140625,123.66801452636719,735600
2018-07-09,130.52000427246094,130.85000610351562,128.86000061035156,129.3000030517578,122.58724212646484,865900
2018-07-10,129.02999877929688,129.60000610351562,127.0,127.3499984741211,120.73847198486328,1194600
2018-07-11,126.20999908447266,128.9499969482422,125.51000213623047,127.16000366210938,120.5583267211914,1691800
2018-07-12,128.38999938964844,128.38999938964844,125.58999633789062,127.29000091552734,120.68157196044922,1361500
2018-07-13,127.62999725341797,128.19000244140625,125.87999725341797,126.16000366210938,119.61024475097656,916700
2018-07-16,125.88999938964844,125.9000015258789,121.7699966430664,122.91000366210938,116.52899932861328,1607600
2018-07-17,122.6500015258789,124.47000122070312,122.36000061035156,123.6500015258789,117.23057556152344,1323500
2018-07-18,123.91000366210938,124.98999786376953,123.72000122070312,124.43000030517578,117.97008514404297,1513000
2018-07-19,124.25,125.05999755859375,123.52999877929688,124.93000030517578,118.4441146850586,715700
2018-07-20,124.43000030517578,124.94000244140625,123.55999755859375,123.87999725341797,117.44861602783203,797300
2018-07-23,123.16000366210938,124.30000305175781,122.87999725341797,123.63999938964844,117.22107696533203,963900
2018-07-24,124.2699966430664,124.66000366210938,122.18000030517578,122.58000183105469,116.21609497070312,1172900
2018-07-25,121.93000030517578,121.93000030517578,117.6500015258789,120.5,114.2441177368164,2339000
2018-07-26,121.0,121.0,116.0199966430664,116.79000091552734,110.7267074584961,2585700
2018-07-27,117.30999755859375,119.5199966430664,116.91999816894531,118.37999725341797,112.23414611816406,1662900
2018-07-30,117.93000030517578,118.37000274658203,115.43000030517578,117.2300033569336,111.14386749267578,2148500
2018-07-31,115.58999633789062,115.68000030517578,111.08000183105469,112.0,106.18537902832031,4311800
2018-08-01,113.91000366210938,114.8499984741211,112.01000213623047,113.41999816894531,107.53166198730469,2804300
2018-08-02,112.94000244140625,115.05999755859375,112.13999938964844,114.66999816894531,108.71676635742188,1223300
2018-08-03,114.54000091552734,115.56999969482422,114.05999755859375,114.5,108.55558776855469,1240000
2018-08-06,114.19999694824219,114.9800033569336,113.54000091552734,114.79000091552734,108.8305435180664,752400
2018-08-07,114.5,117.43000030517578,114.5,115.81999969482422,109.80706024169922,883400
2018-08-08,116.05000305175781,116.08000183105469,113.87999725341797,113.95999908447266,108.04364013671875,779300
2018-08-09,113.83999633789062,114.44999694824219,112.81999969482422,112.91000366210938,107.04814147949219,953300
2018-08-10,112.18000030517578,112.4800033569336,110.41999816894531,110.51000213623047,104.77273559570312,1116000
2018-08-13,110.51000213623047,111.2300033569336,109.45999908447266,110.33999633789062,104.61156463623047,959200
2018-08-14,110.3499984741211,111.83999633789062,110.01000213623047,111.36000061035156,105.57862091064453,798700
2018-08-15,111.0,111.0,109.1500015258789,109.81999969482422,104.1185531616211,984400
2018-08-16,110.5,110.95999908447266,109.6500015258789,109.83000183105469,104.12804412841797,2213800
2018-08-17,109.75,110.7300033569336,109.6500015258789,110.33999633789062,104.61156463623047,845400
2018-08-20,110.0199966430664,110.4800033569336,109.37999725341797,110.04000091552734,104.32715606689453,862500
2018-08-21,110.11000061035156,112.22000122070312,110.11000061035156,111.7699966430664,106.23763275146484,1028800
2018-08-22,111.80999755859375,113.18000030517578,111.66000366210938,112.44000244140625,106.8744888305664,896600
2018-08-23,112.56999969482422,112.79000091552734,110.29000091552734,111.0999984741211,105.60081481933594,911300
2018-08-24,111.43000030517578,112.12999725341797,111.0,111.61000061035156,106.0855712890625,685400
2018-08-27,113.08999633789062,114.69000244140625,111.91000366210938,113.58000183105469,107.95807647705078,1435300
2018-08-28,113.54000091552734,114.13999938964844,111.95999908447266,112.19000244140625,106.6368637084961,941100
2018-08-29,111.91999816894531,113.6500015258789,111.26000213623047,113.37999725341797,107.76795959472656,811900
2018-08-30,113.3499984741211,113.3499984741211,112.0,112.1500015258789,106.59883880615234,801700
2018-08-31,111.80000305175781,112.1500015258789,110.0,110.80000305175781,105.31565856933594,984200
2018-09-04,110.0,111.0,109.33000183105469,110.68000030517578,105.20159912109375,858400
2018-09-05,110.36000061035156,111.19000244140625,109.2300033569336,110.0,104.55526733398438,895800
2018-09-06,110.5,111.44000244140625,109.41999816894531,110.22000122070312,104.7643814086914,793500
2018-09-07,109.73999786376953,111.08999633789062,109.25,110.81999969482422,105.3346939086914,815700
2018-09-10,110.44000244140625,110.62999725341797,106.0999984741211,107.19999694824219,101.89384460449219,2089700
2018-09-11,106.69999694824219,109.87999725341797,106.23999786376953,109.08999633789062,103.69029998779297,1541300
2018-09-12,109.19000244140625,109.81999969482422,107.6500015258789,108.87000274658203,103.481201171875,1070800
2018-09-13,109.79000091552734,111.31999969482422,108.98999786376953,109.69000244140625,104.26061248779297,617800
2018-09-14,109.69999694824219,111.5,109.69999694824219,111.19999694824219,105.69586181640625,700200
2018-09-17,112.02999877929688,112.48999786376953,110.70999908447266,110.95999908447266,105.46775817871094,784600
2018-09-18,110.83999633789062,113.08999633789062,110.83999633789062,112.87000274658203,107.283203125,990200
2018-09-19,112.63999938964844,114.9000015258789,112.55999755859375,114.41999816894531,108.75650787353516,1178500
2018-09-20,114.63999938964844,117.56999969482422,114.62000274658203,115.04000091552734,109.34579467773438,1483700
2018-09-21,115.41000366210938,115.9000015258789,112.79000091552734,115.55000305175781,109.83056640625,2365400
2018-09-24,114.8499984741211,115.08999633789062,113.62999725341797,114.54000091552734,108.87054443359375,1204300
2018-09-25,114.5,115.04000091552734,112.70999908447266,112.86000061035156,107.2737045288086,1353500
2018-09-26,112.72000122070312,113.93000030517578,111.27999877929688,112.87999725341797,107.2927017211914,1279100
2018-09-27,113.38999938964844,115.66000366210938,112.94000244140625,113.02999877929688,107.4352798461914,1482600
2018-09-28,112.4000015258789,112.83999633789062,110.41999816894531,111.19999694824219,105.69586181640625,1223400
2018-10-01,111.86000061035156,113.0,111.19999694824219,112.27999877929688,106.722412109375,816800
2018-10-02,111.7699966430664,113.23999786376953,111.63999938964844,112.36000061035156,106.79843139648438,701600
2018-10-03,112.43000030517578,113.5,112.43000030517578,112.8499984741211,107.26420593261719,835200
2018-10-04,112.44999694824219,114.58999633789062,111.43000030517578,111.5,105.98103332519531,1824500
2018-10-05,111.73999786376953,111.94000244140625,109.44999694824219,110.63999938964844,105.16358184814453,1294600
2018-10-08,110.30999755859375,110.95999908447266,109.52999877929688,110.66999816894531,105.19210815429688,1154800
2018-10-09,110.37999725341797,110.58999633789062,109.04000091552734,109.1500015258789,103.74732971191406,1002700
2018-10-10,108.3499984741211,108.3499984741211,105.12999725341797,105.25,100.04035186767578,1644100
2018-10-11,104.51000213623047,105.30999755859375,98.69999694824219,100.37000274658203,95.40191650390625,2417900
2018-10-12,101.94999694824219,102.80000305175781,100.5,100.98999786376953,95.99122619628906,2073500
2018-10-15,100.30999755859375,101.6500015258789,98.98999786376953,99.29000091552734,94.3753890991211,1303800
2018-10-16,99.83000183105469,101.11000061035156,99.0199966430664,100.9000015258789,95.90570068359375,1317600
2018-10-17,97.38999938964844,98.04000091552734,95.45999908447266,96.2300033569336,91.46685028076172,2239400
2018-10-18,94.51000213623047,96.80000305175781,93.4000015258789,94.12999725341797,89.47078704833984,1716000
2018-10-19,94.58999633789062,94.6500015258789,92.79000091552734,92.83999633789062,88.2446517944336,1223100
2018-10-22,93.23999786376953,94.11000061035156,90.81999969482422,90.87999725341797,86.38163757324219,1297800
2018-10-23,89.48999786376953,92.70999908447266,87.69000244140625,92.33999633789062,87.7693862915039,2140600
2018-10-24,92.38999938964844,94.23999786376953,91.04000091552734,91.69999694824219,87.16107940673828,2188400
2018-10-25,92.62000274658203,93.87000274658203,90.80999755859375,90.91000366210938,86.41018676757812,1557100
2018-10-26,89.5,89.69999694824219,86.08999633789062,88.37000274658203,83.99589538574219,3301100
2018-10-29,89.69999694824219,91.0199966430664,82.5199966430664,84.19999694824219,80.03229522705078,3795300
2018-10-30,94.55000305175781,99.22000122070312,89.98999786376953,98.93000030517578,94.03319549560547,6538500
2018-10-31,99.91000366210938,104.31999969482422,99.91000366210938,101.13999938964844,96.13382720947266,3474500
2018-11-01,101.7699966430664,103.31999969482422,100.06999969482422,102.75,97.66411590576172,2289100
2018-11-02,103.12999725341797,104.4000015258789,101.55999755859375,101.70999908447266,96.67560577392578,2141300
2018-11-05,101.54000091552734,101.94000244140625,98.56999969482422,100.58999633789062,95.61102294921875,1810300
2018-11-06,100.36000061035156,105.6500015258789,98.12999725341797,104.12000274658203,98.96627807617188,2810500
2018-11-07,109.97000122070312,112.58000183105469,108.69999694824219,109.19999694824219,103.79486846923828,3319200
2018-11-08,108.38999938964844,109.37000274658203,105.66000366210938,107.9800033569336,102.63526916503906,1741900
2018-11-09,106.73999786376953,107.56999969482422,104.20999908447266,105.76000213623047,100.525146484375,1284100
2018-11-12,105.58999633789062,105.58999633789062,102.63999938964844,103.69999694824219,98.56707763671875,1095700
2018-11-13,103.87000274658203,107.22000122070312,103.75,104.91000366210938,99.71720886230469,1131000
2018-11-14,106.41000366210938,107.77999877929688,104.87000274658203,105.88999938964844,100.64868927001953,1175300
2018-11-15,104.58999633789062,107.41999816894531,104.26000213623047,107.16000366210938,101.85584259033203,1239400
2018-11-16,105.95999908447266,107.37999725341797,104.4800033569336,106.54000091552734,101.26653289794922,1341400
2018-11-19,106.18000030517578,107.16999816894531,103.08999633789062,103.9000015258789,98.75719451904297,1144600
2018-11-20,101.56999969482422,104.31999969482422,100.94000244140625,102.76000213623047,97.93755340576172,1787500
2018-11-21,104.05999755859375,105.08999633789062,103.0999984741211,103.80000305175781,98.92874908447266,780500
2018-11-23,103.0199966430664,104.11000061035156,102.38999938964844,103.12999725341797,98.2901840209961,562100
2018-11-26,104.66999816894531,106.81999969482422,104.55999755859375,105.95999908447266,100.98737335205078,1053600
2018-11-27,105.55999755859375,106.63999938964844,104.27999877929688,105.19999694824219,100.2630615234375,742300
2018-11-28,105.55999755859375,108.37000274658203,103.31999969482422,107.95999908447266,102.8935317993164,1020000
2018-11-29,107.83000183105469,109.0,106.81999969482422,106.91999816894531,101.90235137939453,869800
2018-11-30,106.5199966430664,107.44000244140625,105.56999969482422,105.70999908447266,100.7491226196289,1254700
2018-12-03,107.7699966430664,109.12999725341797,105.77999877929688,106.05999755859375,101.08269500732422,1485700
2018-12-04,105.26000213623047,105.73999786376953,100.43000030517578,100.55999755859375,95.84080505371094,1325700
2018-12-06,100.08000183105469,103.70999908447266,99.5999984741211,103.38999938964844,98.5379867553711,1607400
2018-12-07,103.5,105.94000244140625,101.11000061035156,101.36000061035156,96.60326385498047,1363000
2018-12-10,100.94000244140625,102.37999725341797,99.55999755859375,101.54000091552734,96.77481842041016,1349100
2018-12-11,103.5999984741211,103.9800033569336,99.5199966430664,99.66000366210938,94.98304748535156,785500
2018-12-12,101.36000061035156,102.1500015258789,99.3499984741211,100.62000274658203,95.89798736572266,925400
2018-12-13,101.56999969482422,102.1500015258789,97.5199966430664,98.75,94.11575317382812,1114100
2018-12-14,97.79000091552734,99.69000244140625,97.02999877929688,99.63999938964844,94.9639663696289,1584600
2018-12-17,100.88999938964844,101.08999633789062,97.62000274658203,98.37999725341797,93.76309204101562,1327000
2018-12-18,98.66000366210938,100.22000122070312,97.81999969482422,98.70999908447266,94.07760620117188,846000
2018-12-19,98.5,100.7300033569336,95.58000183105469,95.93000030517578,91.42807006835938,952300
2018-12-20,95.51000213623047,96.16000366210938,91.94000244140625,95.08999633789062,90.62748718261719,2372200
2018-12-21,95.66000366210938,97.56999969482422,92.9800033569336,93.30000305175781,88.92151641845703,1897000
2018-12-24,92.30000305175781,94.80000305175781,90.9800033569336,90.98999786376953,86.71991729736328,681600
2018-12-26,92.11000061035156,96.76000213623047,90.04000091552734,96.72000122070312,92.18101501464844,1024000
2018-12-27,95.37000274658203,98.19999694824219,94.19999694824219,98.19999694824219,93.59154510498047,1022700
2018-12-28,97.91000366210938,99.19000244140625,96.5,97.06999969482422,92.51460266113281,1294700
2018-12-31,97.43000030517578,98.80000305175781,97.0,98.80000305175781,94.16339874267578,678800
2019-01-02,97.5,99.37000274658203,96.5999984741211,97.58999633789062,93.01016998291016,1062000
2019-01-03,98.48999786376953,98.94999694824219,95.30999755859375,96.58999633789062,92.05712890625,972900
2019-01-04,98.12000274658203,101.94999694824219,98.12000274658203,101.52999877929688,96.76527404785156,1146300
2019-01-07,101.08000183105469,104.45999908447266,101.08000183105469,103.55000305175781,98.69048309326172,1177800
2019-01-08,104.66000366210938,105.0,101.26000213623047,103.13999938964844,98.29972839355469,973400
2019-01-09,103.80000305175781,105.16000366210938,102.1500015258789,103.41999816894531,98.56658935546875,887300
2019-01-10,103.06999969482422,103.9800033569336,102.25,103.02999877929688,98.19486999511719,775600
2019-01-11,101.80999755859375,102.5,100.8499984741211,101.62000274658203,96.8510513305664,667800
2019-01-14,100.7699966430664,103.4000015258789,100.70999908447266,102.0199966430664,97.2322769165039,1090600
2019-01-15,101.55000305175781,102.18000030517578,99.19000244140625,100.41000366210938,95.69783020019531,744400
2019-01-16,100.38999938964844,101.54000091552734,99.76000213623047,100.22000122070312,95.51675415039062,1025900
2019-01-17,99.7699966430664,102.29000091552734,99.5,101.19000244140625,96.44124603271484,870500
2019-01-18,102.12000274658203,105.37999725341797,101.9800033569336,103.61000061035156,98.74767303466797,1499600
2019-01-22,103.06999969482422,103.19999694824219,99.4800033569336,101.83999633789062,97.06072235107422,723400
2019-01-23,101.6500015258789,101.6500015258789,97.44999694824219,99.47000122070312,94.80197143554688,1440600
2019-01-24,99.31999969482422,100.76000213623047,99.31999969482422,100.04000091552734,95.34522247314453,1322900
2019-01-25,100.80999755859375,101.69000244140625,100.0999984741211,100.7699966430664,96.04093933105469,868000
2019-01-28,100.04000091552734,102.66999816894531,100.04000091552734,102.6500015258789,97.83272552490234,758300
2019-01-29,102.55999755859375,103.68000030517578,101.72000122070312,101.95999908447266,97.17509460449219,1191600
2019-01-30,102.37999725341797,102.91999816894531,100.54000091552734,101.0,96.26014709472656,1348900
2019-01-31,100.76000213623047,102.75,98.93000030517578,101.6500015258789,96.8796615600586,1538300
2019-02-01,102.20999908447266,104.69999694824219,101.66000366210938,104.41000366210938,99.51013946533203,1937800
2019-02-04,104.26000213623047,105.08999633789062,103.87000274658203,104.19999694824219,99.30998229980469,1239400
2019-02-05,104.87999725341797,105.3499984741211,103.76000213623047,105.29000091552734,100.34882354736328,1694400
2019-02-06,105.62999725341797,105.66999816894531,101.11000061035156,101.2699966430664,96.5174789428711,1636600
2019-02-07,101.0999984741211,102.86000061035156,100.5,101.86000061035156,97.07981872558594,1329900
2019-02-08,101.86000061035156,103.68000030517578,101.30000305175781,103.47000122070312,98.6142349243164,1226300
2019-02-11,104.12999725341797,106.0199966430664,103.47000122070312,105.61000061035156,100.65381622314453,1992300
2019-02-12,105.62999725341797,108.20999908447266,105.43000030517578,106.76000213623047,101.74983978271484,1858400
2019-02-13,107.62000274658203,108.41000366210938,105.62000274658203,105.88999938964844,100.92068481445312,1646800
2019-02-14,113.62000274658203,114.72000122070312,109.55999755859375,112.69000244140625,107.40155029296875,4241300
2019-02-15,113.68000030517578,115.41999816894531,112.01000213623047,113.13999938964844,107.83043670654297,1653200
2019-02-19,113.0,114.95999908447266,112.26000213623047,113.16000366210938,107.84950256347656,1181000
2019-02-20,113.80999755859375,115.30999755859375,113.44000244140625,114.2699966430664,108.90742492675781,1657900
2019-02-21,113.30999755859375,114.75,112.87000274658203,112.98999786376953,107.98041534423828,765800
2019-02-22,113.62999725341797,113.97000122070312,112.13999938964844,112.68000030517578,107.68416595458984,1012300
2019-02-25,113.44000244140625,113.83999633789062,111.30999755859375,111.41000366210938,106.47045135498047,1118900
2019-02-26,111.01000213623047,113.91999816894531,110.9000015258789,113.25,108.22889709472656,1081700
2019-02-27,112.95999908447266,114.44000244140625,111.62999725341797,112.11000061035156,107.13941192626953,936700
2019-02-28,112.0,112.43000030517578,110.80000305175781,111.45999908447266,106.51822662353516,1417100
2019-03-01,111.88999938964844,114.23999786376953,111.88999938964844,113.02999877929688,108.01862335205078,1276900
2019-03-04,113.1500015258789,115.19999694824219,112.81999969482422,115.12000274658203,110.01598358154297,1190400
2019-03-05,114.83999633789062,115.44999694824219,113.06999969482422,113.18000030517578,108.16197967529297,805200
2019-03-06,114.73999786376953,115.26000213623047,113.80000305175781,114.58999633789062,109.50947570800781,1301500
2019-03-07,114.19000244140625,115.30000305175781,113.41999816894531,114.08999633789062,109.03164672851562,1177700
2019-03-08,113.37999725341797,114.25,112.68000030517578,113.52999877929688,108.4964599609375,807100
2019-03-11,113.52999877929688,115.63999938964844,113.52999877929688,114.01000213623047,108.95518493652344,910000
2019-03-12,114.2699966430664,114.2699966430664,111.12000274658203,111.48999786376953,106.54692077636719,1469900
2019-03-13,112.08999633789062,112.97000122070312,109.6500015258789,109.87000274658203,104.99874877929688,1466200
2019-03-14,109.6500015258789,111.56999969482422,109.19000244140625,111.2300033569336,106.29843139648438,1288200
2019-03-15,111.37999725341797,112.62000274658203,111.37999725341797,112.58999633789062,107.5981216430664,1256400
2019-03-18,112.94000244140625,114.27999877929688,112.54000091552734,113.97000122070312,108.91695404052734,919000
2019-03-19,114.72000122070312,116.05999755859375,114.47000122070312,115.2699966430664,110.1593246459961,1372600
2019-03-20,115.0,116.5,113.7699966430664,115.3499984741211,110.23579406738281,1182400
2019-03-21,115.55000305175781,118.08999633789062,115.4800033569336,117.48999786376953,112.28089904785156,938600
2019-03-22,117.08999633789062,117.31999969482422,113.3499984741211,113.44999694824219,108.4200210571289,1095100
2019-03-25,113.55000305175781,115.7300033569336,112.86000061035156,114.98999786376953,109.89171600341797,1605200
2019-03-26,116.1500015258789,116.48999786376953,112.79000091552734,114.48999786376953,109.41390228271484,916600
2019-03-27,114.43000030517578,115.68000030517578,113.95999908447266,115.0999984741211,109.9968490600586,1432600
2019-03-28,115.55999755859375,116.69999694824219,114.72000122070312,115.91999816894531,110.78050231933594,670800
2019-03-29,117.26000213623047,120.0,116.83999633789062,118.4000015258789,113.15055084228516,2181900
2019-04-01,119.0999984741211,121.05000305175781,119.05999755859375,120.19000244140625,114.8611831665039,1287100
2019-04-02,119.93000030517578,121.5999984741211,119.62999725341797,120.56999969482422,115.22432708740234,1656600
2019-04-03,120.98999786376953,121.29000091552734,118.37000274658203,119.19999694824219,113.91507720947266,993100
2019-04-04,119.1500015258789,120.86000061035156,118.51000213623047,119.6500015258789,114.34510803222656,814300
2019-04-05,119.45999908447266,120.75,119.4000015258789,120.20999908447266,114.88030242919922,666100
2019-04-08,119.52999877929688,120.94999694824219,119.45999908447266,120.69000244140625,115.33902740478516,799200
2019-04-09,119.76000213623047,120.5199966430664,118.7300033569336,119.69999694824219,114.39289855957031,685300
2019-04-10,119.87000274658203,120.05000305175781,118.66999816894531,119.76000213623047,114.45024871826172,570900
2019-04-11,119.37000274658203,121.0,119.27999877929688,120.48999786376953,115.14788055419922,655900
2019-04-12,121.38999938964844,122.88999938964844,120.94000244140625,122.1500015258789,116.73428344726562,1192000
2019-04-15,121.91000366210938,122.33999633789062,121.04000091552734,122.11000061035156,116.696044921875,450000
2019-04-16,122.16999816894531,123.23999786376953,121.27999877929688,122.58000183105469,117.14521026611328,662400
2019-04-17,123.0199966430664,123.2699966430664,120.9000015258789,122.0999984741211,116.68649291992188,692200
2019-04-18,122.63999938964844,124.2300033569336,122.45999908447266,122.80000305175781,117.35547637939453,1355200
2019-04-22,122.13999938964844,123.31999969482422,121.61000061035156,123.2699966430664,117.80462646484375,507800
2019-04-23,123.2300033569336,124.08999633789062,122.51000213623047,123.12000274658203,117.6612777709961,722200
2019-04-24,123.55999755859375,125.0,122.88999938964844,124.61000061035156,119.08521270751953,653300
2019-04-25,124.16999816894531,124.16999816894531,121.2699966430664,121.75,116.35200500488281,989800
2019-04-26,121.87999725341797,123.19999694824219,121.62000274658203,122.91999816894531,117.47014617919922,691600
2019-04-29,123.26000213623047,123.6500015258789,122.12999725341797,123.05999755859375,117.60394287109375,1402400
2019-04-30,125.0,126.88999938964844,124.19000244140625,126.11000061035156,120.51871490478516,2097000
2019-05-01,126.9800033569336,128.4199981689453,123.72000122070312,123.76000213623047,118.27291107177734,2353700
2019-05-02,128.5,130.4199981689453,126.37999725341797,129.1999969482422,123.47169494628906,2297300
2019-05-03,129.72999572753906,130.0,127.41999816894531,128.5,122.80274963378906,987100
2019-05-06,126.26000213623047,129.41000366210938,126.0,128.47000122070312,122.77407836914062,1499600
2019-05-07,126.86000061035156,129.91000366210938,126.41999816894531,129.77999877929688,124.02600860595703,1554200
2019-05-08,129.2899932861328,131.0,128.4499969482422,128.5500030517578,122.85054016113281,1128500
2019-05-09,127.27999877929688,128.85000610351562,126.37999725341797,128.41000366210938,122.71672058105469,670100
2019-05-10,128.1999969482422,129.3800048828125,126.68000030517578,128.94000244140625,123.22325897216797,866000
2019-05-13,126.63999938964844,128.0399932861328,125.83999633789062,127.7300033569336,122.06688690185547,881800
2019-05-14,128.0,129.91000366210938,127.6500015258789,129.1699981689453,123.44302368164062,920800
2019-05-15,128.1199951171875,130.3800048828125,128.0,129.8300018310547,124.07377624511719,896700
2019-05-16,129.72999572753906,131.0,129.55999755859375,130.52000427246094,124.73319244384766,934800
2019-05-17,129.3000030517578,130.69000244140625,129.02999877929688,129.9499969482422,124.18844604492188,800400
2019-05-20,129.38999938964844,130.35000610351562,128.72999572753906,129.99000549316406,124.22669982910156,716900
2019-05-21,130.3000030517578,132.60000610351562,130.19000244140625,131.55999755859375,125.72708129882812,642400
2019-05-22,130.72000122070312,130.99000549316406,127.58000183105469,127.94000244140625,122.267578125,1423500
2019-05-23,126.70999908447266,126.86000061035156,123.41000366210938,125.02999877929688,119.77681732177734,1278400
2019-05-24,125.54000091552734,126.4800033569336,124.5199966430664,126.25,120.94554138183594,529900
2019-05-28,125.88999938964844,128.25,125.75,125.81999969482422,120.53361511230469,1137800
2019-05-29,125.43000030517578,126.18000030517578,124.70999908447266,125.76000213623047,120.47614288330078,640800
2019-05-30,126.23999786376953,127.73999786376953,126.19000244140625,127.08999633789062,121.75025177001953,590900
2019-05-31,125.55000305175781,125.86000061035156,123.70999908447266,124.91000366210938,119.66185760498047,1111900
2019-06-03,125.29000091552734,128.32000732421875,125.29000091552734,128.32000732421875,122.92858123779297,1403400
2019-06-04,129.32000732421875,131.94000244140625,128.9499969482422,131.8699951171875,126.32942199707031,1269600
2019-06-05,132.4199981689453,133.4499969482422,130.99000549316406,133.38999938964844,127.78556823730469,1103700
2019-06-06,133.97999572753906,135.32000732421875,133.32000732421875,135.05999755859375,129.38539123535156,1348200
2019-06-07,135.55999755859375,135.55999755859375,134.08999633789062,134.3800048828125,128.73397827148438,946500
2019-06-10,135.10000610351562,135.82000732421875,134.0,135.55999755859375,129.86441040039062,748900
2019-06-11,136.0500030517578,136.4499969482422,128.58999633789062,130.97000122070312,125.46722412109375,1549600
2019-06-12,130.97000122070312,131.39999389648438,129.47999572753906,130.7899932861328,125.2947998046875,662000
2019-06-13,131.0399932861328,134.25999450683594,130.16000366210938,132.22000122070312,126.66471862792969,808900
2019-06-14,132.11000061035156,133.1300048828125,130.89999389648438,132.58999633789062,127.01918029785156,780900
2019-06-17,132.97999572753906,133.91000366210938,132.22999572753906,133.52000427246094,127.91010284423828,668600
2019-06-18,134.5800018310547,135.69000244140625,132.39999389648438,132.39999389648438,126.8371353149414,592300
2019-06-19,132.92999267578125,132.9600067138672,129.25,131.5500030517578,126.02288055419922,970300
2019-06-20,132.6999969482422,134.24000549316406,132.33999633789062,133.7100067138672,128.09210205078125,1034700
2019-06-21,133.80999755859375,135.50999450683594,133.1300048828125,134.9199981689453,129.25125122070312,980300
2019-06-24,135.1199951171875,135.6199951171875,134.27999877929688,134.44000244140625,128.79144287109375,648000
2019-06-25,134.44000244140625,135.91000366210938,133.72000122070312,134.38999938964844,128.74354553222656,566000
2019-06-26,134.41000366210938,135.14999389648438,133.1999969482422,134.3000030517578,128.65736389160156,732100
2019-06-27,135.41000366210938,136.30999755859375,134.27999877929688,135.41000366210938,129.720703125,686900
2019-06-28,135.47999572753906,137.9199981689453,135.47999572753906,137.30999755859375,131.54087829589844,1193300
2019-07-01,138.6999969482422,139.13999938964844,135.91000366210938,137.50999450683594,131.73243713378906,858000
2019-07-02,138.05999755859375,138.11000061035156,135.99000549316406,137.05999755859375,131.30136108398438,807000
2019-07-03,137.5399932861328,140.0,136.99000549316406,139.9499969482422,134.06993103027344,512600
2019-07-05,139.61000061035156,140.0,138.2100067138672,139.75999450683594,133.88792419433594,538700
2019-07-08,138.7899932861328,139.50999450683594,136.61000061035156,138.05999755859375,132.2593536376953,1281000
2019-07-09,137.97000122070312,138.0,136.44000244140625,137.92999267578125,132.13479614257812,735000
2019-07-10,138.4199981689453,138.97000122070312,136.30999755859375,136.9199981689453,131.16726684570312,565000
2019-07-11,136.47000122070312,136.91000366210938,135.16000366210938,136.80999755859375,131.06187438964844,637000
2019-07-12,136.63999938964844,138.0,134.66000366210938,135.7899932861328,130.08474731445312,878600
2019-07-15,136.1999969482422,136.1999969482422,132.50999450683594,134.77000427246094,129.1075439453125,1185700
2019-07-16,135.17999267578125,138.1199951171875,135.0,137.6300048828125,131.847412109375,1229700
2019-07-17,137.88999938964844,138.99000549316406,136.08999633789062,137.58999633789062,131.80909729003906,649500
2019-07-18,137.42999267578125,137.72000122070312,134.8300018310547,136.4199981689453,130.6882781982422,985500
2019-07-19,136.86000061035156,137.5399932861328,135.88999938964844,136.00999450683594,130.2954864501953,754200
2019-07-22,135.88999938964844,136.82000732421875,134.19000244140625,134.5500030517578,128.89682006835938,916400
2019-07-23,135.0,136.0399932861328,134.67999267578125,135.72000122070312,130.01768493652344,1018700
2019-07-24,135.4499969482422,137.55999755859375,134.94000244140625,137.5399932861328,131.76113891601562,3155600
2019-07-25,139.6199951171875,139.8000030517578,133.9600067138672,134.5,128.8489227294922,1768200
2019-07-26,135.1999969482422,139.08999633789062,134.57000732421875,136.8000030517578,131.0522918701172,961000
2019-07-29,136.8000030517578,137.22999572753906,134.85000610351562,136.0500030517578,130.33380126953125,1017100
2019-07-30,137.25,140.72000122070312,137.1300048828125,140.32000732421875,134.42442321777344,1516300
2019-07-31,139.8000030517578,141.83999633789062,138.2899932861328,138.35000610351562,132.53717041015625,1167800
2019-08-01,138.3800048828125,140.47000122070312,135.77999877929688,136.75,131.00439453125,810900
2019-08-02,135.55999755859375,138.38999938964844,134.27999877929688,137.7100067138672,131.92405700683594,595200
2019-08-05,136.10000610351562,138.0399932861328,135.3699951171875,137.5800018310547,131.79949951171875,1062000
2019-08-06,138.07000732421875,138.69000244140625,136.0,138.1199951171875,132.31683349609375,920300
2019-08-07,136.9199981689453,138.47000122070312,136.1300048828125,137.99000549316406,132.1923370361328,861900
2019-08-08,138.3300018310547,140.47000122070312,137.6300048828125,139.33999633789062,133.48558044433594,858400
2019-08-09,139.35000610351562,141.0,138.41000366210938,140.0,134.11782836914062,847800
2019-08-12,139.60000610351562,141.02999877929688,138.8800048828125,139.3800048828125,133.52389526367188,702000
2019-08-13,139.16000366210938,142.0399932861328,138.5,140.69000244140625,134.77883911132812,647700
2019-08-14,139.10000610351562,139.91000366210938,138.0,139.13999938964844,133.29400634765625,622400
2019-08-15,139.22999572753906,140.57000732421875,138.44000244140625,138.86000061035156,133.0257568359375,653600
2019-08-16,139.5500030517578,142.00999450683594,139.5500030517578,141.72999572753906,135.775146484375,659400
2019-08-19,142.5,143.0500030517578,141.50999450683594,142.36000061035156,136.37869262695312,695200
2019-08-20,142.2899932861328,143.9499969482422,140.9199981689453,141.9499969482422,136.28269958496094,1489900
2019-08-21,143.25,144.0500030517578,142.30999755859375,143.27999877929688,137.55955505371094,800700
2019-08-22,143.33999633789062,144.22999572753906,142.19000244140625,143.36000061035156,137.6363983154297,417300
2019-08-23,143.1699981689453,144.1199951171875,138.92999267578125,139.72999572753906,134.15130615234375,979900
2019-08-26,140.3800048828125,140.72000122070312,137.27999877929688,138.8300018310547,133.28724670410156,831700
2019-08-27,139.9600067138672,141.77000427246094,139.4199981689453,139.82000732421875,134.2377166748047,709200
2019-08-28,139.47999572753906,141.10000610351562,138.64999389648438,139.82000732421875,134.2377166748047,654500
2019-08-29,141.52999877929688,141.85000610351562,140.3800048828125,140.55999755859375,134.9481658935547,608400
2019-08-30,141.52999877929688,142.22000122070312,140.89999389648438,141.25,135.61062622070312,910000
2019-09-03,140.47000122070312,144.02000427246094,138.33999633789062,143.8699951171875,138.12603759765625,1181600
2019-09-04,144.97999572753906,145.16000366210938,142.89999389648438,143.1300048828125,137.41558837890625,715000
2019-09-05,144.60000610351562,144.9600067138672,140.89999389648438,142.86000061035156,137.15638732910156,808400
2019-09-06,142.66000366210938,145.1699981689453,142.6300048828125,145.00999450683594,139.22048950195312,931000
2019-09-09,144.83999633789062,145.52999877929688,141.75,142.05999755859375,136.38827514648438,707400
2019-09-10,141.83999633789062,142.1699981689453,137.2899932861328,142.13999938964844,136.46511840820312,1199400
2019-09-11,141.94000244140625,145.27000427246094,141.30999755859375,145.25999450683594,139.46051025390625,1017800
2019-09-12,146.0,148.14999389648438,143.97000122070312,144.91000366210938,139.12454223632812,1743500
2019-09-13,145.42999267578125,147.6300048828125,144.74000549316406,147.5800018310547,141.68792724609375,976500
2019-09-16,147.00999450683594,147.05999755859375,144.4600067138672,145.6300048828125,139.81576538085938,912800
2019-09-17,145.38999938964844,149.2100067138672,144.6699981689453,148.11000061035156,142.19676208496094,917400
2019-09-18,147.39999389648438,148.86000061035156,146.17999267578125,148.64999389648438,142.7151641845703,949200
2019-09-19,149.42999267578125,151.22999572753906,147.61000061035156,150.3000030517578,144.29931640625,1090400
2019-09-20,150.75999450683594,151.50999450683594,148.47000122070312,149.8000030517578,143.81924438476562,1114100
2019-09-23,149.27000427246094,151.13999938964844,149.07000732421875,149.77999877929688,143.80007934570312,796900
2019-09-24,149.63999938964844,151.17999267578125,149.39999389648438,149.66000366210938,143.68484497070312,727500
2019-09-25,149.57000732421875,150.9600067138672,147.9600067138672,150.8800048828125,144.85617065429688,568500
2019-09-26,150.75,151.99000549316406,150.41000366210938,151.6199951171875,145.56658935546875,787200
2019-09-27,152.0,152.24000549316406,147.6699981689453,149.0399932861328,143.089599609375,950700
2019-09-30,149.67999267578125,152.49000549316406,149.30999755859375,151.24000549316406,145.2018280029297,1235800
2019-10-01,151.33999633789062,152.47000122070312,148.86000061035156,149.05999755859375,143.10879516601562,732100
2019-10-02,148.30999755859375,148.58999633789062,144.35000610351562,145.49000549316406,139.68138122558594,1210500
2019-10-03,145.49000549316406,146.3000030517578,144.1999969482422,145.3000030517578,139.4989471435547,870500
2019-10-04,145.16000366210938,148.0399932861328,145.11000061035156,147.07000732421875,141.1982879638672,866400
2019-10-07,146.97000122070312,148.52999877929688,146.5,147.6300048828125,141.73593139648438,884800
2019-10-08,146.5,150.22000122070312,146.25999450683594,147.35000610351562,141.46707153320312,953700
2019-10-09,148.8300018310547,149.08999633789062,147.4600067138672,148.25999450683594,142.3407745361328,882900
2019-10-10,148.4499969482422,149.5399932861328,147.2899932861328,148.5,142.5711669921875,447400
2019-10-11,149.6999969482422,150.14999389648438,147.25,147.44000244140625,141.5535125732422,747200
2019-10-14,147.52000427246094,148.17999267578125,146.52999877929688,146.6699981689453,140.81422424316406,673100
2019-10-15,148.89999389648438,149.0399932861328,146.47999572753906,146.99000549316406,141.1214599609375,1161000
2019-10-16,147.17999267578125,147.8699951171875,146.36000061035156,147.2100067138672,141.3327178955078,972600
2019-10-17,147.64999389648438,149.5,147.50999450683594,147.72999572753906,141.83192443847656,489400
2019-10-18,147.05999755859375,147.07000732421875,143.72000122070312,146.0399932861328,140.20941162109375,1566100
2019-10-21,147.0,148.05999755859375,146.3300018310547,146.6300048828125,140.77586364746094,561300
2019-10-22,145.69000244140625,148.25,145.63999938964844,145.75,139.9309844970703,610700
2019-10-23,146.41000366210938,147.05999755859375,143.86000061035156,144.49000549316406,138.7212677001953,827600
2019-10-24,144.9499969482422,146.5,144.6300048828125,145.39999389648438,139.5949249267578,606300
2019-10-25,145.5,148.47999572753906,145.0500030517578,147.0800018310547,141.2078857421875,621300
2019-10-28,147.6300048828125,147.86000061035156,145.67999267578125,145.7100067138672,139.89256286621094,1264500
2019-10-29,147.6300048828125,149.0,143.27000427246094,144.27000427246094,138.51004028320312,1359100
2019-10-30,143.63999938964844,145.4199981689453,141.91000366210938,144.63999938964844,138.8652801513672,1075600
2019-10-31,145.1999969482422,146.5399932861328,142.08999633789062,142.8699951171875,137.16592407226562,965400
2019-11-01,143.7100067138672,145.47000122070312,142.75999450683594,143.64999389648438,137.91481018066406,912700
2019-11-04,144.22999572753906,144.8800048828125,141.94000244140625,142.0,136.33065795898438,1624700
2019-11-05,142.6999969482422,143.47000122070312,140.1300048828125,141.02999877929688,135.3994140625,1626400
2019-11-06,133.5,139.0,131.5,138.1199951171875,132.60562133789062,2253200
2019-11-07,139.3699951171875,139.8300018310547,136.6699981689453,137.41000366210938,131.92393493652344,1193500
2019-11-08,137.0,137.7100067138672,135.72999572753906,136.44000244140625,130.99266052246094,1045400
2019-11-11,135.5399932861328,137.02999877929688,135.32000732421875,136.52999877929688,131.07907104492188,656000
2019-11-12,136.75999450683594,137.97999572753906,136.11000061035156,136.50999450683594,131.0598602294922,636000
2019-11-13,135.91000366210938,138.83999633789062,134.86000061035156,138.55999755859375,133.0280303955078,916300
2019-11-14,138.6199951171875,141.89999389648438,138.38999938964844,141.58999633789062,135.9370574951172,1498300
2019-11-15,141.99000549316406,142.38999938964844,140.14999389648438,140.52000427246094,134.90977478027344,1180100
2019-11-18,140.41000366210938,142.27000427246094,139.74000549316406,140.39999389648438,135.09255981445312,1099800
2019-11-19,140.94000244140625,141.8300018310547,139.86000061035156,141.14999389648438,135.81423950195312,788500
2019-11-20,140.75999450683594,142.5800018310547,140.24000549316406,140.75,135.42935180664062,793100
2019-11-21,140.0,141.92999267578125,139.9199981689453,140.6300048828125,135.31387329101562,1064600
2019-11-22,141.55999755859375,141.89999389648438,138.3800048828125,138.47000122070312,133.2355499267578,1378100
2019-11-25,139.3000030517578,140.3699951171875,138.69000244140625,140.2899932861328,134.98672485351562,1008000
2019-11-26,140.5,142.13999938964844,140.27999877929688,142.02000427246094,136.65133666992188,732400
2019-11-27,142.02000427246094,144.39999389648438,141.6300048828125,143.75999450683594,138.32554626464844,991600
2019-11-29,143.4199981689453,143.75,140.97999572753906,141.8699951171875,136.50698852539062,425700
2019-12-02,142.3000030517578,142.3000030517578,140.24000549316406,141.5800018310547,136.22799682617188,581100
2019-12-03,140.49000549316406,142.75,140.33999633789062,141.97000122070312,136.6032257080078,572600
2019-12-04,141.8699951171875,144.22000122070312,141.3800048828125,141.41000366210938,136.06442260742188,693700
2019-12-05,141.80999755859375,144.2899932861328,141.32000732421875,143.94000244140625,138.49879455566406,1132200
2019-12-06,144.69000244140625,145.0,142.61000061035156,143.5,138.07540893554688,574900
2019-12-09,143.42999267578125,143.42999267578125,141.75999450683594,142.4600067138672,137.07470703125,889500
2019-12-10,142.1999969482422,142.2899932861328,140.0,140.05999755859375,134.7654571533203,870600
2019-12-11,140.2100067138672,142.52999877929688,140.11000061035156,142.39999389648438,137.0169677734375,511200
2019-12-12,142.39999389648438,143.3300018310547,141.47000122070312,142.49000549316406,137.1035614013672,559700
2019-12-13,141.91000366210938,143.92999267578125,141.91000366210938,143.0,137.59429931640625,666300
2019-12-16,143.86000061035156,144.1300048828125,142.2899932861328,142.35000610351562,136.9688720703125,632400
2019-12-17,143.47000122070312,144.83999633789062,142.88999938964844,143.02999877929688,137.62319946289062,1077800
2019-12-18,143.1199951171875,143.9600067138672,142.3000030517578,143.42999267578125,138.00802612304688,1369400
2019-12-19,143.38999938964844,144.3699951171875,141.52000427246094,141.7100067138672,136.3530731201172,1250200
2019-12-20,141.86000061035156,143.32000732421875,141.3699951171875,141.77000427246094,136.41082763671875,2218600
2019-12-23,142.1999969482422,142.1999969482422,139.52000427246094,140.36000061035156,135.05409240722656,790300
2019-12-24,140.89999389648438,143.35000610351562,140.50999450683594,142.64999389648438,137.25755310058594,305600
2019-12-26,142.75999450683594,143.92999267578125,142.66000366210938,143.64999389648438,138.21974182128906,315800
2019-12-27,143.85000610351562,144.4199981689453,142.91000366210938,143.88999938964844,138.4506378173828,500900
2019-12-30,143.86000061035156,144.22999572753906,142.16000366210938,142.52999877929688,137.14205932617188,536000
2019-12-31,142.77000427246094,144.38999938964844,142.7100067138672,143.99000549316406,138.546875,600200
2020-01-02,145.0,145.7100067138672,142.02000427246094,142.72000122070312,137.3249053955078,843400
2020-01-03,141.36000061035156,143.60000610351562,141.0,142.10000610351562,136.72836303710938,906800
2020-01-06,142.19000244140625,142.8699951171875,140.7899932861328,141.85000610351562,136.48777770996094,798000
2020-01-07,141.5,142.8300018310547,140.22999572753906,140.25,134.94827270507812,976500
2020-01-08,140.32000732421875,142.4600067138672,140.16000366210938,141.3699951171875,136.02590942382812,674100
2020-01-09,141.75999450683594,143.5,141.50999450683594,142.3000030517578,136.92074584960938,649900
2020-01-10,142.1300048828125,143.1999969482422,140.6199951171875,143.16000366210938,137.74827575683594,659900
2020-01-13,142.91000366210938,143.1699981689453,141.9499969482422,142.22000122070312,136.84378051757812,687800
2020-01-14,141.72000122070312,141.9499969482422,138.38999938964844,139.39999389648438,134.13040161132812,1412700
2020-01-15,139.13999938964844,140.85000610351562,138.66000366210938,139.66000366210938,134.38055419921875,1203100
2020-01-16,140.13999938964844,140.39999389648438,138.30999755859375,139.8699951171875,134.5826416015625,888700
2020-01-17,139.97999572753906,141.47000122070312,139.85000610351562,141.11000061035156,135.7757568359375,826800
2020-01-21,140.5,142.10000610351562,140.24000549316406,141.77999877929688,136.42044067382812,1173700
2020-01-22,142.27000427246094,142.39999389648438,140.82000732421875,141.6999969482422,136.34344482421875,665500
2020-01-23,141.19000244140625,142.8000030517578,140.1300048828125,142.55999755859375,137.17092895507812,545400
2020-01-24,142.64999389648438,142.77999877929688,139.1199951171875,140.52000427246094,135.2080535888672,565300
2020-01-27,139.19000244140625,141.77000427246094,138.6300048828125,138.8800048828125,133.6300811767578,1071800
2020-01-28,139.60000610351562,141.88999938964844,138.05999755859375,141.3000030517578,135.95858764648438,838000
2020-01-29,141.33999633789062,142.2899932861328,139.30999755859375,139.33999633789062,134.0726318359375,669000
2020-01-30,138.77999877929688,142.44000244140625,138.77999877929688,142.38999938964844,137.0073699951172,621600
2020-01-31,141.58999633789062,141.8300018310547,139.41000366210938,141.6300048828125,136.276123046875,1042500
2020-02-03,142.38999938964844,145.22000122070312,142.24000549316406,144.5500030517578,139.085693359375,1011900
2020-02-04,145.77000427246094,146.0,141.0,144.5399932861328,139.0760955810547,936800
2020-02-05,145.92999267578125,149.0500030517578,145.27000427246094,148.41000366210938,142.7998046875,1222800
2020-02-06,148.1699981689453,148.64999389648438,146.7899932861328,147.02999877929688,141.4719696044922,1030000
2020-02-07,146.77000427246094,148.1699981689453,146.05999755859375,147.72000122070312,142.1359100341797,544800
2020-02-10,147.05999755859375,147.6999969482422,145.6699981689453,147.1199951171875,141.5585479736328,732400
2020-02-11,147.02999877929688,147.5399932861328,143.9600067138672,144.1999969482422,138.7489471435547,982900
2020-02-12,143.50999450683594,145.8000030517578,141.0800018310547,145.16000366210938,139.67266845703125,1050900
2020-02-13,145.4499969482422,146.60000610351562,144.5500030517578,145.0800018310547,139.5956268310547,704800
2020-02-14,145.1699981689453,147.63999938964844,144.8699951171875,146.97000122070312,141.41424560546875,640600
2020-02-18,142.74000549316406,143.63999938964844,136.3000030517578,137.1699981689453,131.98472595214844,2306400
2020-02-19,136.4499969482422,137.61000061035156,134.3800048828125,135.39999389648438,130.2816162109375,1220000
2020-02-20,135.38999938964844,137.3800048828125,134.22000122070312,135.7899932861328,130.65687561035156,1299600
2020-02-21,135.4199981689453,135.7100067138672,133.13999938964844,133.9499969482422,128.8863983154297,1032300
2020-02-24,130.0,131.2100067138672,127.98999786376953,130.22000122070312,125.29742431640625,994600
2020-02-25,129.77999877929688,130.72999572753906,124.58000183105469,124.83999633789062,120.43524932861328,901000
2020-02-26,125.73999786376953,126.51000213623047,119.37000274658203,121.0199966430664,116.75003051757812,1911200
2020-02-27,119.4800033569336,123.69000244140625,118.44999694824219,118.72000122070312,114.53115844726562,2282500
2020-02-28,115.94999694824219,120.37000274658203,113.19999694824219,120.26000213623047,116.01683807373047,2431900
2020-03-02,120.68000030517578,126.25,119.69000244140625,125.83999633789062,121.39995574951172,1619600
2020-03-03,128.22000122070312,131.83999633789062,126.95999908447266,128.0800018310547,123.5609359741211,2133200
2020-03-04,129.9199981689453,134.88999938964844,129.0,134.72999572753906,129.9762725830078,1515700
2020-03-05,131.52000427246094,132.4499969482422,127.45999908447266,129.75,125.17198944091797,1129700
2020-03-06,126.38999938964844,128.07000732421875,123.04000091552734,127.44000244140625,122.94351196289062,1387700
2020-03-09,120.94000244140625,124.19999694824219,116.66999816894531,118.73999786376953,114.55047607421875,1425700
2020-03-10,121.36000061035156,123.29000091552734,117.22000122070312,123.0,118.66016387939453,1539400
2020-03-11,119.81999969482422,120.1500015258789,115.23999786376953,117.61000061035156,113.46033477783203,1454800
2020-03-12,111.0999984741211,118.80000305175781,106.77999877929688,107.12000274658203,103.3404769897461,2366900
2020-03-13,112.91999816894531,112.91999816894531,102.29000091552734,109.7699966430664,105.89696502685547,2147300
2020-03-16,100.48999786376953,102.01000213623047,95.0,95.0,91.64810180664062,1575800
2020-03-17,97.45999908447266,98.47000122070312,92.54000091552734,92.98999786376953,89.70901489257812,1774100
2020-03-18,88.5,89.11000061035156,65.55999755859375,76.61000061035156,73.90696716308594,2865300
2020-03-19,77.0199966430664,91.58999633789062,73.08999633789062,90.22000122070312,87.03675079345703,2696200
2020-03-20,90.55999755859375,91.80000305175781,83.52999877929688,84.6500015258789,81.66327667236328,3278700
2020-03-23,84.19999694824219,85.87999725341797,77.83999633789062,82.0199966430664,79.12606811523438,1956900
2020-03-24,85.01000213623047,88.30000305175781,82.7300033569336,85.44000244140625,82.42542266845703,3488100
2020-03-25,84.9800033569336,100.01000213623047,84.05000305175781,95.73999786376953,92.36197662353516,2192400
2020-03-26,96.23999786376953,103.0,95.79000091552734,102.22000122070312,98.61334228515625,1451900
2020-03-27,98.68000030517578,103.11000061035156,97.2300033569336,99.20999908447266,95.70954895019531,1741500
2020-03-30,99.18000030517578,102.23999786376953,96.19999694824219,101.86000061035156,98.26605987548828,1034300
2020-03-31,100.61000061035156,113.20999908447266,98.51000213623047,108.06999969482422,104.25694274902344,2921900
2020-04-01,104.19999694824219,112.66999816894531,102.95999908447266,107.12000274658203,103.3404769897461,2616100
2020-04-02,107.83000183105469,110.87999725341797,104.31999969482422,107.30000305175781,103.51409912109375,2667100
2020-04-03,106.94000244140625,107.7300033569336,94.0999984741211,99.20999908447266,95.70954895019531,1988500
2020-04-06,101.9800033569336,104.26000213623047,101.30000305175781,103.16999816894531,99.52982330322266,1997400
2020-04-07,107.81999969482422,113.8499984741211,107.2300033569336,107.91999816894531,104.11223602294922,1600800
2020-04-08,108.16000366210938,113.36000061035156,106.0,112.97000122070312,108.98406219482422,1182300
2020-04-09,115.29000091552734,124.4800033569336,112.55999755859375,113.0999984741211,109.1094741821289,2769300
2020-04-13,113.87999725341797,114.79000091552734,108.38999938964844,109.43000030517578,105.56895446777344,1523700
2020-04-14,111.1500015258789,112.9000015258789,108.9800033569336,112.47000122070312,108.5016860961914,1209300
2020-04-15,108.80000305175781,110.20999908447266,106.58999633789062,110.18000030517578,106.29248046875,1659500
2020-04-16,109.66000366210938,110.05000305175781,105.05000305175781,106.2300033569336,102.48186492919922,1708800
2020-04-17,109.23999786376953,112.4800033569336,108.1500015258789,112.02999877929688,108.07720184326172,1203100
2020-04-20,110.29000091552734,111.88999938964844,107.4000015258789,108.0,104.18940734863281,1347900
2020-04-21,105.36000061035156,107.0999984741211,104.58000183105469,106.0,102.25997161865234,1068400
2020-04-22,107.9800033569336,108.54000091552734,104.19999694824219,104.9000015258789,101.19879913330078,891400
2020-04-23,105.25,105.86000061035156,100.70999908447266,101.19999694824219,97.62933349609375,2290200
2020-04-24,103.1500015258789,103.9800033569336,100.91999816894531,102.02999877929688,98.43003845214844,1541200
2020-04-27,103.6500015258789,109.08999633789062,103.6500015258789,108.27999877929688,104.45953369140625,1325300
2020-04-28,110.75,114.19000244140625,110.61000061035156,110.7699966430664,106.86166381835938,1214000
2020-04-29,113.30999755859375,117.87000274658203,112.77999877929688,116.6500015258789,112.53421783447266,1478900
2020-04-30,115.18000030517578,115.18000030517578,112.0,112.97000122070312,108.98406219482422,1262400
2020-05-01,110.9000015258789,111.97000122070312,107.87000274658203,110.68000030517578,106.77484130859375,983900
2020-05-04,108.86000061035156,112.05999755859375,107.66000366210938,111.7300033569336,107.7878189086914,1157800
2020-05-05,112.62000274658203,114.12999725341797,107.62000274658203,108.04000091552734,104.2280044555664,1401000
2020-05-06,110.81999969482422,111.33999633789062,99.76000213623047,100.30999755859375,96.77074432373047,1781600
2020-05-07,101.0,104.33999633789062,100.33000183105469,102.18000030517578,98.57476806640625,1066600
2020-05-08,104.0,104.6500015258789,100.5199966430664,101.11000061035156,97.5425033569336,1210900
2020-05-11,99.86000061035156,99.86000061035156,94.61000061035156,97.11000061035156,93.68364715576172,2016500
2020-05-12,97.62000274658203,99.61000061035156,97.37000274658203,98.7300033569336,95.24649810791016,1283400
2020-05-13,97.79000091552734,100.45999908447266,92.79000091552734,93.05000305175781,89.76690673828125,1460400
2020-05-14,91.56999969482422,98.2699966430664,88.5999984741211,96.86000061035156,93.44246673583984,1870100
2020-05-15,96.91999816894531,98.36000061035156,95.47000122070312,96.06999969482422,92.68034362792969,2076600
2020-05-18,99.55000305175781,102.2300033569336,99.08999633789062,101.23999786376953,97.66791534423828,1288300
2020-05-19,101.2699966430664,101.5,98.75,99.05999755859375,95.56484985351562,928800
2020-05-20,99.3499984741211,102.41000366210938,99.0,101.47000122070312,97.88982391357422,1476900
2020-05-21,100.80999755859375,102.4000015258789,99.61000061035156,100.62999725341797,97.40582275390625,961000
2020-05-22,101.75,102.12999725341797,98.5999984741211,99.83999633789062,96.64114379882812,1013900
2020-05-26,103.5,105.22000122070312,101.0199966430664,104.7300033569336,101.37447357177734,1791800
2020-05-27,108.8499984741211,111.58000183105469,106.9800033569336,111.51000213623047,107.9372329711914,2153300
2020-05-28,112.69999694824219,113.11000061035156,109.73999786376953,110.37000274658203,106.83377838134766,1107300
2020-05-29,109.61000061035156,109.95999908447266,108.0,108.31999969482422,104.84944915771484,843600
2020-06-01,108.06999969482422,109.27999877929688,107.11000061035156,107.33999633789062,103.90084075927734,1692000
2020-06-02,107.80999755859375,110.63999938964844,107.0999984741211,110.58999633789062,107.04669952392578,2537100
2020-06-03,112.13999938964844,119.41999816894531,111.80000305175781,118.33000183105469,114.53873443603516,2469900
2020-06-04,117.55999755859375,122.5999984741211,117.52999877929688,120.63999938964844,116.77471160888672,1461400
2020-06-05,125.2699966430664,128.7899932861328,123.2300033569336,124.12999725341797,120.15289306640625,1135100
2020-06-08,125.04000091552734,127.01000213623047,122.61000061035156,124.05999755859375,120.08512115478516,1021700
2020-06-09,121.5,122.72000122070312,117.62000274658203,118.02999877929688,114.24833679199219,1190600
2020-06-10,116.58000183105469,117.83000183105469,114.48999786376953,116.06999969482422,112.35114288330078,710900
2020-06-11,111.80999755859375,114.44000244140625,108.88999938964844,109.08999633789062,105.59477233886719,1936700
2020-06-12,113.4000015258789,115.80000305175781,110.16999816894531,112.08999633789062,108.49864959716797,1026900
2020-06-15,108.43000030517578,113.66000366210938,107.0,113.2300033569336,109.60213470458984,801200
2020-06-16,125.27999877929688,128.24000549316406,120.52999877929688,123.1500015258789,119.20429229736328,3247700
2020-06-17,123.0,123.62000274658203,118.36000061035156,118.98999786376953,115.17759704589844,1014500
2020-06-18,117.97000122070312,122.98999786376953,117.62999725341797,121.02999877929688,117.15221405029297,969500
2020-06-19,123.5,123.5,119.80000305175781,120.05000305175781,116.20362091064453,1212900
2020-06-22,118.76000213623047,119.94000244140625,117.73999786376953,119.70999908447266,115.87451171875,719200
2020-06-23,121.44999694824219,121.70999908447266,118.77999877929688,119.63999938964844,115.80674743652344,818200
2020-06-24,117.87999725341797,119.66000366210938,116.63999938964844,118.05999755859375,114.27737426757812,1299300
2020-06-25,116.95999908447266,117.47000122070312,114.91000366210938,116.91000366210938,113.16422271728516,1507100
2020-06-26,115.9800033569336,116.63999938964844,111.51000213623047,112.80000305175781,109.18590545654297,3678100
2020-06-29,114.7699966430664,116.73999786376953,114.20999908447266,116.0199966430664,112.30271911621094,1169500
2020-06-30,115.91999816894531,116.41999816894531,113.91000366210938,115.8499984741211,112.13818359375,1200300
2020-07-01,116.36000061035156,117.36000061035156,114.33000183105469,115.95999908447266,112.2446517944336,1119000
2020-07-02,118.58000183105469,121.27999877929688,117.58999633789062,120.81999969482422,116.94892883300781,1674100
2020-07-06,123.0,123.88999938964844,122.25,123.7300033569336,119.7657241821289,1268400
2020-07-07,122.29000091552734,123.06999969482422,122.04000091552734,122.66999816894531,118.73965454101562,1716200
2020-07-08,122.27999877929688,123.62999725341797,118.87000274658203,119.12000274658203,115.30340576171875,1087100
2020-07-09,118.8499984741211,119.48999786376953,114.44000244140625,117.0999984741211,113.34812927246094,1243200
2020-07-10,117.0,119.44000244140625,116.77999877929688,118.79000091552734,114.98400115966797,657400
2020-07-13,120.0,122.13999938964844,118.44999694824219,119.16000366210938,115.3421401977539,705000
2020-07-14,119.25,121.13999938964844,118.27999877929688,120.83000183105469,116.95862579345703,612300
2020-07-15,122.61000061035156,125.3499984741211,122.61000061035156,123.52999877929688,119.57210540771484,879400
2020-07-16,122.81999969482422,124.4000015258789,122.52999877929688,124.2300033569336,120.24968719482422,577100
2020-07-17,125.0199966430664,126.16000366210938,124.05000305175781,124.94999694824219,120.94661712646484,518900
2020-07-20,124.37000274658203,125.4000015258789,123.29000091552734,125.11000061035156,121.10149383544922,571600
2020-07-21,125.5,128.2100067138672,125.43000030517578,126.95999908447266,122.89222717285156,525700
2020-07-22,127.79000091552734,128.8800048828125,126.62000274658203,127.1500015258789,123.07614135742188,565400
2020-07-23,127.0999984741211,128.36000061035156,126.25,127.12999725341797,123.0567855834961,576300
2020-07-24,127.06999969482422,127.70999908447266,125.62999725341797,127.27999877929688,123.20195007324219,926400
2020-07-27,126.45999908447266,128.2899932861328,125.83000183105469,128.1300048828125,124.0247573852539,836400
2020-07-28,127.58000183105469,127.61000061035156,120.2699966430664,120.5,116.63919067382812,1748300
2020-07-29,121.06999969482422,122.08000183105469,119.97000122070312,121.08000183105469,117.20062255859375,870300
2020-07-30,119.69000244140625,121.0,118.58999633789062,119.68000030517578,115.8454818725586,702400
2020-07-31,119.52999877929688,119.97000122070312,114.83999633789062,117.41999816894531,113.65788269042969,1499900
2020-08-03,118.0,119.13999938964844,115.62000274658203,117.52999877929688,113.76435089111328,1254500
2020-08-04,118.08999633789062,124.91999816894531,118.08999633789062,124.33000183105469,120.34648895263672,2278100
2020-08-05,125.22000122070312,128.5500030517578,123.0199966430664,126.54000091552734,122.48567962646484,1445700
2020-08-06,125.08000183105469,127.41999816894531,125.0,126.4000015258789,122.35016632080078,1059500
2020-08-07,126.38999938964844,130.69000244140625,125.83999633789062,130.0800018310547,125.91223907470703,1163600
2020-08-10,131.10000610351562,132.64999389648438,130.47000122070312,132.05999755859375,127.82881927490234,1028400
2020-08-11,133.52999877929688,136.13999938964844,132.6999969482422,133.24000549316406,128.9710235595703,760500
2020-08-12,133.57000732421875,134.27999877929688,130.74000549316406,131.88999938964844,127.66424560546875,908400
2020-08-13,130.5,131.80999755859375,128.97999572753906,129.63999938964844,125.48636627197266,484400
2020-08-14,129.02000427246094,130.88999938964844,128.5500030517578,129.74000549316406,125.58316040039062,313500
2020-08-17,129.75,131.08999633789062,129.47999572753906,130.02999877929688,125.86385345458984,585600
2020-08-18,130.32000732421875,130.8300018310547,128.24000549316406,128.63999938964844,124.84484100341797,452300
2020-08-19,128.5399932861328,129.22999572753906,126.70999908447266,127.02999877929688,123.2823486328125,526200
2020-08-20,126.01000213623047,126.69000244140625,125.33000183105469,126.11000061035156,122.38948822021484,389200
2020-08-21,125.62999725341797,126.4000015258789,124.80999755859375,125.83000183105469,122.11772918701172,560000
2020-08-24,126.5199966430664,126.79000091552734,124.02999877929688,124.66999816894531,120.9919662475586,856600
2020-08-25,125.25,125.62000274658203,122.5199966430664,124.51000213623047,120.83670043945312,1344600
2020-08-26,123.30000305175781,123.79000091552734,121.48999786376953,122.88999938964844,119.26448059082031,1157300
2020-08-27,123.8499984741211,125.62999725341797,123.76000213623047,124.05999755859375,120.39995574951172,890400
2020-08-28,124.41999816894531,124.45999908447266,121.44999694824219,122.88999938964844,119.26448059082031,655800
2020-08-31,122.87000274658203,122.94000244140625,119.94999694824219,120.0,116.45975494384766,915000
2020-09-01,119.54000091552734,122.2699966430664,119.27999877929688,122.22000122070312,118.61424255371094,957300
2020-09-02,122.01000213623047,126.0,120.37000274658203,125.4000015258789,121.7004165649414,892200
2020-09-03,125.77999877929688,127.19999694824219,122.44999694824219,123.93000030517578,120.2738037109375,765900
2020-09-04,124.98999786376953,126.23999786376953,123.45999908447266,125.0,121.31222534179688,855700
2020-09-08,124.66000366210938,124.66000366210938,121.76000213623047,122.37000274658203,118.75981903076172,1121200
2020-09-09,122.02999877929688,122.91000366210938,119.68000030517578,121.66000366210938,118.07077026367188,846300
2020-09-10,122.26000213623047,124.76000213623047,121.68000030517578,123.33000183105469,119.69149017333984,593100
2020-09-11,123.45999908447266,129.41000366210938,123.01000213623047,125.9800033569336,122.2633285522461,995700
2020-09-14,126.5,130.8000030517578,126.36000061035156,130.33999633789062,126.49468994140625,740300
2020-09-15,130.91000366210938,134.13999938964844,130.69000244140625,131.4199981689453,127.54283905029297,830100
2020-09-16,132.25,134.5800018310547,129.77000427246094,133.2899932861328,129.35765075683594,1135100
2020-09-17,131.80999755859375,134.24000549316406,129.91000366210938,133.75,129.8040771484375,752300
2020-09-18,132.8699951171875,134.6999969482422,131.3300018310547,131.38999938964844,127.51371765136719,980200
2020-09-21,128.17999267578125,129.4199981689453,124.58000183105469,126.66999816894531,122.93295288085938,732400
2020-09-22,126.80999755859375,129.0800018310547,126.30000305175781,128.42999267578125,124.6410140991211,487400
2020-09-23,129.58999633789062,132.0800018310547,126.38999938964844,126.41999816894531,122.6903305053711,1256900
2020-09-24,126.06999969482422,130.47000122070312,125.5999984741211,128.5399932861328,124.74776458740234,683100
2020-09-25,126.80000305175781,131.22000122070312,126.80000305175781,130.47999572753906,126.63055419921875,829600
2020-09-28,131.74000549316406,135.7100067138672,131.74000549316406,133.72000122070312,129.77496337890625,708500
2020-09-29,132.85000610351562,133.60000610351562,131.17999267578125,132.6999969482422,128.78506469726562,544200
2020-09-30,133.36000061035156,136.44000244140625,133.24000549316406,135.5399932861328,131.54127502441406,1029100
2020-10-01,136.0,138.80999755859375,133.8300018310547,134.3800048828125,130.41549682617188,975100
2020-10-02,132.25,138.0500030517578,132.25,136.8000030517578,132.76409912109375,1159200
2020-10-05,138.0,143.6300048828125,137.97999572753906,141.5500030517578,137.3740234375,1533200
2020-10-06,142.11000061035156,147.14999389648438,140.6199951171875,141.30999755859375,137.14102172851562,1611500
2020-10-07,143.80999755859375,147.75,143.3300018310547,146.47999572753906,142.15850830078125,923500
2020-10-08,149.99000549316406,153.8800048828125,148.66000366210938,153.08999633789062,148.57350158691406,1698500
2020-10-09,153.1300048828125,153.50999450683594,149.44000244140625,150.77999877929688,146.33164978027344,980000
2020-10-12,151.27000427246094,152.19000244140625,148.17999267578125,150.08999633789062,145.6620330810547,788500
2020-10-13,145.25,147.13999938964844,144.3699951171875,145.89999389648438,141.59559631347656,1127700
2020-10-14,146.88999938964844,148.5800018310547,146.0399932861328,147.72999572753906,143.3716278076172,937500
2020-10-15,146.0800018310547,146.97000122070312,143.85000610351562,145.8300018310547,141.52769470214844,940200
2020-10-16,147.17999267578125,147.97000122070312,145.52000427246094,146.4199981689453,142.10031127929688,876000
2020-10-19,146.72999572753906,146.92999267578125,144.3300018310547,145.6199951171875,141.3238983154297,636800
2020-10-20,146.9199981689453,148.1999969482422,144.19000244140625,145.4499969482422,141.15892028808594,592100
2020-10-21,144.55999755859375,147.3000030517578,144.19000244140625,144.6999969482422,140.43101501464844,607800
2020-10-22,144.1300048828125,146.1300048828125,143.3800048828125,144.8300018310547,140.5572052001953,513300
2020-10-23,146.30999755859375,146.57000732421875,143.8699951171875,145.41000366210938,141.1200714111328,727100
2020-10-26,143.27999877929688,144.07000732421875,140.00999450683594,141.08999633789062,136.92752075195312,806900
2020-10-27,141.44000244140625,142.89999389648438,140.6300048828125,142.10000610351562,137.90774536132812,565700
2020-10-28,139.0800018310547,139.4199981689453,136.33999633789062,137.47999572753906,133.4240264892578,942000
2020-10-29,137.75,145.94000244140625,137.10000610351562,143.5,139.26644897460938,1047600
2020-10-30,142.17999267578125,145.89999389648438,141.3699951171875,144.83999633789062,140.56687927246094,834200
2020-11-02,146.47000122070312,149.6999969482422,145.99000549316406,149.44000244140625,145.0312042236328,1218000
2020-11-03,150.38999938964844,151.4199981689453,148.16000366210938,150.16000366210938,145.72998046875,1009100
2020-11-04,140.61000061035156,142.85000610351562,131.36000061035156,136.36000061035156,132.3370819091797,3240500
2020-11-05,133.0,141.0,132.05999755859375,137.47000122070312,133.41432189941406,1926300
2020-11-06,135.33999633789062,141.85000610351562,132.85000610351562,134.69000244140625,130.7163543701172,1138500
2020-11-09,143.5800018310547,144.44000244140625,133.35000610351562,135.67999267578125,131.6771240234375,2262400
2020-11-10,137.25,145.0500030517578,136.9600067138672,140.02000427246094,135.88912963867188,1536400
2020-11-11,140.61000061035156,142.47999572753906,137.55999755859375,141.63999938964844,137.46131896972656,844500
2020-11-12,141.44000244140625,141.44000244140625,137.2100067138672,139.0399932861328,134.93800354003906,857100
2020-11-13,140.42999267578125,142.47999572753906,137.07000732421875,137.97999572753906,133.9092559814453,900400
2020-11-16,141.05999755859375,143.63999938964844,138.0,141.47000122070312,137.6354522705078,690000
2020-11-17,140.25,141.44000244140625,138.7899932861328,140.5399932861328,136.7306671142578,549700
2020-11-18,141.10000610351562,142.69000244140625,139.2899932861328,140.80999755859375,136.99334716796875,589400
2020-11-19,140.02000427246094,142.25999450683594,138.38999938964844,140.11000061035156,136.31234741210938,541200
2020-11-20,139.0500030517578,139.8699951171875,135.50999450683594,139.38999938964844,135.61183166503906,728900
2020-11-23,140.50999450683594,141.82000732421875,137.97999572753906,138.85000610351562,135.0864715576172,766900
2020-11-24,141.0800018310547,145.5399932861328,140.10000610351562,144.92999267578125,141.0016632080078,959300
2020-11-25,143.8699951171875,144.86000061035156,140.8699951171875,144.02000427246094,140.11636352539062,685600
2020-11-27,144.0,144.7899932861328,140.52000427246094,142.3300018310547,138.47215270996094,298000
2020-11-30,141.89999389648438,142.05999755859375,137.8800048828125,139.64999389648438,135.86480712890625,811200
2020-12-01,141.60000610351562,145.24000549316406,141.22000122070312,143.35000610351562,139.46453857421875,906100
2020-12-02,142.5399932861328,144.0800018310547,140.61000061035156,140.83999633789062,137.02256774902344,541000
2020-12-03,140.4199981689453,145.77000427246094,138.75999450683594,144.57000732421875,140.6514434814453,1164900
2020-12-04,144.42999267578125,146.72000122070312,144.10000610351562,146.44000244140625,142.47076416015625,612800
2020-12-07,145.19000244140625,146.41000366210938,144.38999938964844,146.0800018310547,142.12051391601562,527700
2020-12-08,144.0399932861328,146.58999633789062,144.0399932861328,144.4499969482422,140.5347137451172,455700
2020-12-09,144.08999633789062,144.08999633789062,140.5399932861328,141.75,137.9078826904297,904500
2020-12-10,140.85000610351562,141.11000061035156,137.36000061035156,137.75999450683594,134.02601623535156,1448400
2020-12-11,137.97999572753906,139.47999572753906,137.22999572753906,138.8800048828125,135.11569213867188,599500
2020-12-14,139.5,140.0,135.32000732421875,135.44000244140625,131.76890563964844,675800
2020-12-15,136.30999755859375,137.9199981689453,134.52999877929688,137.44000244140625,133.71470642089844,1037900
2020-12-16,138.97999572753906,139.42999267578125,136.22000122070312,137.69000244140625,133.9579315185547,934400
2020-12-17,138.25,139.8000030517578,137.72999572753906,139.5399932861328,135.75778198242188,763400
2020-12-18,140.0,145.8699951171875,139.08999633789062,145.22000122070312,141.2838592529297,2209600
2020-12-21,141.4199981689453,146.77999877929688,140.74000549316406,144.5399932861328,140.6222686767578,1051300
2020-12-22,144.99000549316406,146.0800018310547,142.60000610351562,143.27000427246094,139.38668823242188,641400
2020-12-23,143.19000244140625,143.8699951171875,141.24000549316406,142.7100067138672,138.84182739257812,644600
2020-12-24,142.94000244140625,143.3699951171875,141.72000122070312,143.22000122070312,139.3380584716797,185900
2020-12-28,144.13999938964844,147.8699951171875,143.38999938964844,146.1699981689453,142.20806884765625,633900
2020-12-29,146.25999450683594,146.39999389648438,142.24000549316406,142.77000427246094,138.90025329589844,512200
2020-12-30,143.24000549316406,147.4499969482422,143.24000549316406,146.47000122070312,142.49996948242188,514000
2020-12-31,145.89999389648438,148.82000732421875,144.5,148.30999755859375,144.29006958007812,467400
2021-01-04,149.02999877929688,151.0,145.5800018310547,146.52999877929688,142.5583038330078,766600
2021-01-05,146.52999877929688,148.02000427246094,145.60000610351562,147.57000732421875,143.57012939453125,663100
2021-01-06,156.0,163.27000427246094,155.10000610351562,160.75999450683594,156.40261840820312,2826100
2021-01-07,162.1999969482422,163.97000122070312,159.5500030517578,162.00999450683594,157.61874389648438,952300
2021-01-08,161.91000366210938,164.1199951171875,160.0,162.8300018310547,158.41653442382812,801800
2021-01-11,161.1999969482422,164.27000427246094,160.24000549316406,163.0,158.5819091796875,615600
2021-01-12,162.99000549316406,168.24000549316406,162.02000427246094,166.1999969482422,161.69515991210938,963000
2021-01-13,165.00999450683594,166.07000732421875,160.97000122070312,161.60000610351562,157.2198486328125,839000
2021-01-14,162.11000061035156,162.7100067138672,159.85000610351562,160.6199951171875,156.2664337158203,694400
2021-01-15,158.82000732421875,161.30999755859375,157.1199951171875,160.9199981689453,156.55828857421875,717600
2021-01-19,161.2100067138672,161.5500030517578,158.2899932861328,158.86000061035156,154.55409240722656,639900
2021-01-20,159.47999572753906,161.00999450683594,159.1999969482422,160.6199951171875,156.2664337158203,575600
2021-01-21,160.35000610351562,162.35000610351562,158.0399932861328,158.86000061035156,154.55409240722656,624000
2021-01-22,157.6300048828125,159.17999267578125,155.88999938964844,158.3699951171875,154.07737731933594,684300
2021-01-25,158.0,158.05999755859375,155.0800018310547,156.80999755859375,152.55967712402344,732800
2021-01-26,158.02999877929688,158.02999877929688,150.22000122070312,150.5,146.42071533203125,695500
2021-01-27,147.83999633789062,148.72999572753906,143.10000610351562,146.02999877929688,142.07188415527344,913200
2021-01-28,148.64999389648438,150.10000610351562,146.9600067138672,148.9600067138672,144.92245483398438,627700
2021-01-29,148.0399932861328,150.63999938964844,146.25999450683594,149.13999938964844,145.0975799560547,860900
2021-02-01,150.7100067138672,152.49000549316406,148.52000427246094,152.0,147.8800506591797,551900
2021-02-02,153.57000732421875,155.1199951171875,151.89999389648438,151.92999267578125,147.81195068359375,476200
2021-02-03,151.82000732421875,154.02999877929688,151.5,152.35000610351562,148.2205810546875,514500
2021-02-04,152.7899932861328,155.3300018310547,150.8300018310547,153.14999389648438,148.99888610839844,722600
2021-02-05,154.86000061035156,154.86000061035156,152.25,152.94000244140625,148.7946014404297,587600
2021-02-08,154.25,156.25,152.7100067138672,154.17999267578125,150.0009765625,490000
2021-02-09,154.36000061035156,157.72999572753906,153.3300018310547,155.64999389648438,151.43109130859375,609100
2021-02-10,156.67999267578125,161.08999633789062,155.38999938964844,159.24000549316406,154.923828125,723900
2021-02-11,159.60000610351562,161.52999877929688,158.75,160.05999755859375,155.72158813476562,608000
2021-02-12,159.02999877929688,164.72999572753906,158.83999633789062,164.5,160.04122924804688,787600
2021-02-16,160.82000732421875,167.52999877929688,159.02000427246094,162.4499969482422,158.0467987060547,957000
2021-02-17,162.0,162.25,157.8000030517578,161.8800048828125,157.49227905273438,623000
2021-02-18,161.35000610351562,162.05999755859375,159.3699951171875,160.6199951171875,156.2664337158203,606400
2021-02-19,161.85000610351562,165.3000030517578,161.77999877929688,164.3800048828125,159.92453002929688,1004500
2021-02-22,163.3800048828125,164.55999755859375,161.44000244140625,161.99000549316406,157.5992889404297,521200
2021-02-23,164.17999267578125,166.67999267578125,159.44000244140625,165.99000549316406,161.49085998535156,922000
2021-02-24,165.57000732421875,175.02000427246094,165.57000732421875,174.14999389648438,169.42967224121094,1614000
2021-02-25,174.47000122070312,174.47000122070312,167.5500030517578,168.27999877929688,163.71881103515625,793300
2021-02-26,167.47999572753906,169.05999755859375,164.5,166.99000549316406,162.82179260253906,926400
2021-03-01,169.72999572753906,173.91000366210938,169.72999572753906,171.9600067138672,167.667724609375,646600
2021-03-02,172.36000061035156,173.0,168.6199951171875,168.94000244140625,164.72308349609375,733500
2021-03-03,168.94000244140625,171.72999572753906,168.94000244140625,170.25999450683594,166.0101318359375,1432200
2021-03-04,169.72999572753906,171.25,162.60000610351562,166.0,161.85646057128906,1380800
2021-03-05,168.39999389648438,169.27000427246094,161.22000122070312,167.4199981689453,163.24099731445312,1071500
2021-03-08,167.69000244140625,172.4600067138672,167.0399932861328,169.10000610351562,164.87908935546875,672000
2021-03-09,169.66000366210938,169.99000549316406,166.1300048828125,167.82000732421875,163.63104248046875,583900
2021-03-10,168.0800018310547,172.6699981689453,166.66000366210938,171.33999633789062,167.0631866455078,630600
2021-03-11,173.33999633789062,174.67999267578125,170.39999389648438,171.92999267578125,167.63844299316406,757200
2021-03-12,172.07000732421875,172.89999389648438,170.0,171.94000244140625,167.64822387695312,374000
2021-03-15,171.9600067138672,172.49000549316406,168.75999450683594,172.49000549316406,168.18446350097656,562700
2021-03-16,173.0,173.0,168.17999267578125,168.55999755859375,164.35255432128906,803500
2021-03-17,168.80999755859375,170.6300048828125,166.4600067138672,168.6300048828125,164.42080688476562,545700
2021-03-18,169.07000732421875,171.25,166.9499969482422,168.0500030517578,163.85528564453125,770600
2021-03-19,167.2100067138672,167.6699981689453,164.4499969482422,165.27000427246094,161.14468383789062,1177100
2021-03-22,164.5500030517578,164.5500030517578,160.88999938964844,162.0399932861328,157.99534606933594,818600
2021-03-23,161.38999938964844,161.4499969482422,157.8000030517578,158.41000366210938,154.4559326171875,958700
2021-03-24,160.32000732421875,163.39999389648438,159.25,160.5500030517578,156.54251098632812,720700
2021-03-25,160.60000610351562,167.16000366210938,158.72999572753906,165.58999633789062,161.4567108154297,1007400
2021-03-26,168.38999938964844,170.72999572753906,166.55999755859375,170.33999633789062,166.08815002441406,699400
2021-03-29,171.55999755859375,173.6699981689453,168.8000030517578,170.89999389648438,166.63412475585938,959400
2021-03-30,170.5,175.1699981689453,170.5,172.22999572753906,167.93093872070312,805900
2021-03-31,175.0,176.35000610351562,167.1999969482422,168.75,164.5377960205078,1421000
2021-04-01,168.0,169.74000549316406,164.1300048828125,166.38999938964844,162.23672485351562,1337600
2021-04-05,169.80999755859375,170.74000549316406,168.3300018310547,170.2899932861328,166.03939819335938,755400
2021-04-06,170.0,170.88999938964844,168.69000244140625,170.6300048828125,166.37091064453125,668700
2021-04-07,171.52999877929688,171.64999389648438,168.0800018310547,168.91000366210938,164.69383239746094,712400
2021-04-08,167.33999633789062,170.5500030517578,165.86000061035156,170.35000610351562,166.09788513183594,637700
2021-04-09,170.74000549316406,172.82000732421875,170.0399932861328,172.52999877929688,168.2234649658203,569500
2021-04-12,173.3699951171875,174.82000732421875,172.0399932861328,174.35000610351562,169.998046875,551400
2021-04-13,173.22000122070312,174.0,171.22000122070312,172.63999938964844,168.3307342529297,627800
2021-04-14,172.10000610351562,174.80999755859375,171.69000244140625,174.0800018310547,169.73477172851562,454600
2021-04-15,174.8800048828125,175.1300048828125,173.0,174.75,170.38807678222656,518600
2021-04-16,176.1199951171875,176.74000549316406,175.4600067138672,175.6699981689453,171.2851104736328,546100
2021-04-19,175.6699981689453,177.10000610351562,175.61000061035156,176.74000549316406,172.32838439941406,709000
2021-04-20,176.17999267578125,176.89999389648438,172.58999633789062,174.50999450683594,170.15403747558594,619700
2021-04-21,173.72999572753906,177.39999389648438,173.0,177.3699951171875,172.94265747070312,648300
2021-04-22,177.8300018310547,178.27999877929688,176.0500030517578,176.11000061035156,171.71409606933594,656200
2021-04-23,176.30999755859375,177.1300048828125,175.35000610351562,176.57000732421875,172.1626434326172,503700
2021-04-26,177.22000122070312,179.5500030517578,176.5800018310547,179.47999572753906,175.0,746800
2021-04-27,180.0,181.9499969482422,179.47000122070312,180.86000061035156,176.34555053710938,569800
2021-04-28,182.22999572753906,182.5500030517578,178.77000427246094,179.0399932861328,174.5709686279297,530800
2021-04-29,180.05999755859375,181.8000030517578,179.30999755859375,181.67999267578125,177.14508056640625,364400
2021-04-30,180.77000427246094,180.77000427246094,178.0,178.24000549316406,173.79092407226562,558400
2021-05-03,180.0,181.25999450683594,178.63999938964844,179.67999267578125,175.19500732421875,562300
2021-05-04,181.16000366210938,189.8000030517578,180.08999633789062,189.2100067138672,184.48709106445312,1512800
2021-05-05,190.9600067138672,191.61000061035156,188.32000732421875,189.5,184.76988220214844,913100
2021-05-06,190.0,191.27999877929688,187.77000427246094,191.2100067138672,186.4372100830078,698000
2021-05-07,190.47999572753906,192.64999389648438,189.25,191.7100067138672,186.92469787597656,539900
2021-05-10,193.17999267578125,194.1699981689453,190.47000122070312,190.75999450683594,185.9984130859375,589100
2021-05-11,189.08999633789062,191.97000122070312,187.0399932861328,191.44000244140625,186.66146850585938,686900
2021-05-12,191.5,193.24000549316406,187.5,188.16000366210938,183.46331787109375,661600
2021-05-13,187.6999969482422,190.97000122070312,187.41000366210938,190.0500030517578,185.30613708496094,1164600
2021-05-14,191.75,193.1300048828125,190.39999389648438,191.17999267578125,186.40794372558594,848500
2021-05-17,191.2899932861328,194.0,189.6999969482422,193.11000061035156,188.28976440429688,572600
2021-05-18,193.66000366210938,193.8800048828125,190.0500030517578,190.05999755859375,185.31591796875,495100
2021-05-19,186.94000244140625,187.10000610351562,182.8000030517578,184.9499969482422,180.33348083496094,703400
2021-05-20,185.74000549316406,186.22999572753906,182.8699951171875,184.72999572753906,180.11895751953125,723600
2021-05-21,185.58999633789062,187.8800048828125,184.41000366210938,184.47000122070312,179.86544799804688,568800
2021-05-24,186.00999450683594,186.30999755859375,183.27999877929688,184.6699981689453,180.06045532226562,906100
2021-05-25,185.22000122070312,186.22000122070312,181.8800048828125,182.4199981689453,177.86659240722656,804400
2021-05-26,183.00999450683594,185.0,182.5,183.92999267578125,179.3389129638672,490700
2021-05-27,186.33999633789062,187.0,184.75999450683594,185.52999877929688,181.2635955810547,1524200
2021-05-28,185.83999633789062,186.17999267578125,182.80999755859375,183.32000732421875,179.1044464111328,592000
2021-06-01,185.25,185.89999389648438,183.3699951171875,183.6199951171875,179.3975372314453,507300
2021-06-02,184.11000061035156,184.14999389648438,180.47000122070312,180.49000549316406,176.3395233154297,879500
2021-06-03,180.0,183.9199981689453,179.11000061035156,182.99000549316406,178.7820281982422,1156000
2021-06-04,183.42999267578125,184.30999755859375,178.67999267578125,179.60000610351562,175.469970703125,1082800
2021-06-07,180.5500030517578,182.52000427246094,177.5,177.9600067138672,173.86770629882812,1012700
2021-06-08,177.97000122070312,180.92999267578125,176.6999969482422,179.0,174.8837890625,1698100
2021-06-09,178.57000732421875,179.82000732421875,177.0,178.6199951171875,174.5124969482422,833300
2021-06-10,180.1300048828125,180.25,173.00999450683594,173.10000610351562,169.11947631835938,1311200
2021-06-11,174.91000366210938,176.0500030517578,173.75999450683594,174.24000549316406,170.2332305908203,766200
2021-06-14,173.99000549316406,174.9600067138672,170.5500030517578,171.72999572753906,167.7809600830078,865500
2021-06-15,172.0399932861328,173.22999572753906,170.8800048828125,172.05999755859375,168.10337829589844,555600
2021-06-16,171.38999938964844,172.2899932861328,169.66000366210938,170.3800048828125,166.46202087402344,598300
2021-06-17,170.6300048828125,171.2899932861328,164.3000030517578,166.0500030517578,162.23158264160156,1274900
2021-06-18,164.63999938964844,167.22999572753906,163.0,165.83999633789062,162.02639770507812,1243300
2021-06-21,167.5,169.6199951171875,167.1199951171875,168.94000244140625,165.05511474609375,536100
2021-06-22,169.77000427246094,170.50999450683594,168.11000061035156,169.89999389648438,165.99301147460938,584700
2021-06-23,169.72000122070312,171.5399932861328,168.8800048828125,170.3300018310547,166.41314697265625,490500
2021-06-24,172.19000244140625,177.05999755859375,171.57000732421875,175.89999389648438,171.8550567626953,2227100
2021-06-25,181.0,181.3800048828125,176.9199981689453,177.61000061035156,173.52572631835938,1379700
2021-06-28,177.61000061035156,178.17999267578125,175.55999755859375,176.99000549316406,172.92002868652344,661800
2021-06-29,178.1699981689453,179.44000244140625,173.13999938964844,174.10000610351562,170.09645080566406,662900
2021-06-30,173.22999572753906,174.2899932861328,171.41000366210938,174.07000732421875,170.06715393066406,868400
2021-07-01,174.63999938964844,175.49000549316406,173.11000061035156,173.8300018310547,169.83267211914062,881300
2021-07-02,173.32000732421875,173.47000122070312,170.8300018310547,170.97999572753906,167.04818725585938,1068200
2021-07-06,170.55999755859375,171.60000610351562,167.16000366210938,171.02999877929688,167.09706115722656,714300
2021-07-07,170.94000244140625,175.3000030517578,170.77999877929688,174.44000244140625,170.42864990234375,818400
2021-07-08,172.3000030517578,173.91000366210938,172.0,172.8699951171875,168.894775390625,741800
2021-07-09,175.1699981689453,176.64999389648438,174.32000732421875,174.92999267578125,170.9073486328125,685300
2021-07-12,172.92999267578125,175.25999450683594,171.80999755859375,174.74000549316406,170.7217254638672,435400
2021-07-13,174.57000732421875,174.5800018310547,172.24000549316406,173.52999877929688,169.53958129882812,526600
2021-07-14,172.7899932861328,176.19000244140625,172.3000030517578,175.9600067138672,171.91366577148438,829300
2021-07-15,175.47000122070312,177.52999877929688,175.08999633789062,176.66000366210938,172.5975799560547,662500
2021-07-16,176.8000030517578,177.17999267578125,175.0,175.35000610351562,171.31771850585938,612900
2021-07-19,172.7899932861328,173.19000244140625,168.7899932861328,170.75,166.82350158691406,1510500
2021-07-20,171.16000366210938,176.2899932861328,171.16000366210938,174.33999633789062,170.3309326171875,570200
2021-07-21,175.35000610351562,176.8300018310547,174.63999938964844,176.35000610351562,172.29473876953125,585300
2021-07-22,176.27999877929688,176.8000030517578,174.2899932861328,176.0500030517578,172.00160217285156,412600
2021-07-23,176.9499969482422,178.44000244140625,175.97999572753906,178.13999938964844,174.0435333251953,408700
2021-07-26,178.41000366210938,178.77999877929688,175.91000366210938,175.99000549316406,171.94302368164062,842600
2021-07-27,174.3300018310547,176.97999572753906,172.52999877929688,176.66000366210938,172.5975799560547,498400
2021-07-28,177.07000732421875,183.8800048828125,174.9600067138672,182.97999572753906,178.7722625732422,1149500
2021-07-29,184.0,185.8300018310547,180.55999755859375,182.61000061035156,178.4107666015625,860400
2021-07-30,182.05999755859375,183.85000610351562,179.2899932861328,179.99000549316406,175.8509979248047,803200
2021-08-02,181.10000610351562,183.3800048828125,179.42999267578125,179.5800018310547,175.45045471191406,517000
2021-08-03,179.75,181.13999938964844,177.3800048828125,180.85000610351562,176.69125366210938,556600
2021-08-04,171.13999938964844,181.72999572753906,170.3300018310547,179.66000366210938,175.52859497070312,924100
2021-08-05,180.5800018310547,181.35000610351562,174.94000244140625,177.8000030517578,173.71136474609375,922800
2021-08-06,179.50999450683594,181.74000549316406,178.35000610351562,181.16000366210938,176.9940948486328,671300
2021-08-09,181.58999633789062,185.58999633789062,180.1699981689453,183.22999572753906,179.01651000976562,907200
2021-08-10,183.41000366210938,189.64999389648438,183.3699951171875,187.33999633789062,183.03201293945312,1122200
2021-08-11,189.60000610351562,193.86000061035156,189.47999572753906,193.41000366210938,188.96243286132812,1185200
2021-08-12,193.41000366210938,193.9600067138672,190.49000549316406,192.36000061035156,187.9365692138672,524700
2021-08-13,191.8800048828125,192.24000549316406,189.49000549316406,189.7899932861328,185.42567443847656,384900
2021-08-16,188.77000427246094,190.1300048828125,187.02999877929688,187.7899932861328,183.4716339111328,435900
2021-08-17,186.75,188.3000030517578,184.05999755859375,185.1999969482422,181.29840087890625,929000
2021-08-18,184.6199951171875,186.92999267578125,183.0,184.27000427246094,180.38803100585938,423000
2021-08-19,182.22999572753906,184.91000366210938,181.52999877929688,183.30999755859375,179.4482421875,358900
2021-08-20,183.27000427246094,184.72999572753906,182.47999572753906,183.38999938964844,179.52655029296875,445900
2021-08-23,184.39999389648438,185.6999969482422,182.92999267578125,184.94000244140625,181.0438690185547,383700
2021-08-24,185.5500030517578,186.94000244140625,184.0,186.3699951171875,182.4437713623047,408100
2021-08-25,186.5500030517578,191.86000061035156,186.13999938964844,189.5800018310547,185.5861358642578,571300
2021-08-26,189.42999267578125,189.42999267578125,186.75999450683594,187.52999877929688,183.57931518554688,348200
2021-08-27,189.08999633789062,189.67999267578125,187.42999267578125,187.9499969482422,183.990478515625,507100
2021-08-30,188.6999969482422,189.27000427246094,185.94000244140625,186.0399932861328,182.12071228027344,718400
2021-08-31,187.27000427246094,187.72000122070312,184.88999938964844,185.92999267578125,182.01303100585938,768600
2021-09-01,186.35000610351562,187.0500030517578,183.97999572753906,185.85000610351562,181.93475341796875,486300
2021-09-02,185.85000610351562,186.4600067138672,181.9199981689453,183.0,179.14476013183594,1456200
2021-09-03,182.75,182.75,178.77000427246094,180.30999755859375,176.51141357421875,1062700
2021-09-07,179.02000427246094,179.8000030517578,176.07000732421875,177.0500030517578,173.3201141357422,803500
2021-09-08,176.36000061035156,177.10000610351562,174.9499969482422,176.0,172.292236328125,549900
2021-09-09,175.39999389648438,178.27999877929688,175.08999633789062,176.0,172.292236328125,535500
2021-09-10,177.13999938964844,180.8699951171875,177.10000610351562,177.69000244140625,173.94662475585938,667700
2021-09-13,178.91000366210938,180.35000610351562,176.6999969482422,177.92999267578125,174.18157958984375,863200
2021-09-14,177.88999938964844,177.88999938964844,175.07000732421875,175.72999572753906,172.02792358398438,794300
2021-09-15,175.72999572753906,176.2100067138672,174.4499969482422,174.97999572753906,171.29368591308594,1155100
2021-09-16,174.72999572753906,175.1300048828125,172.42999267578125,172.52999877929688,168.8953399658203,921000
2021-09-17,171.58999633789062,172.80999755859375,169.58999633789062,169.8800048828125,166.30116271972656,1262500
2021-09-20,167.07000732421875,170.4600067138672,166.30999755859375,169.4199981689453,165.85084533691406,1092000
2021-09-21,170.5,172.94000244140625,168.1199951171875,171.55999755859375,167.94577026367188,1468000
2021-09-22,173.33999633789062,174.8300018310547,173.16000366210938,174.25,170.57908630371094,1185400
2021-09-23,175.24000549316406,180.80999755859375,174.3000030517578,178.7100067138672,174.94515991210938,1000900
2021-09-24,178.02000427246094,179.3000030517578,175.64999389648438,176.05999755859375,172.35098266601562,620300
2021-09-27,176.38999938964844,180.2100067138672,176.38999938964844,178.22999572753906,174.4752655029297,658700
2021-09-28,178.32000732421875,179.72999572753906,176.30999755859375,177.0,173.27117919921875,1059400
2021-09-29,176.7100067138672,176.7100067138672,173.3699951171875,173.75999450683594,170.0994110107422,1008200
2021-09-30,174.24000549316406,174.24000549316406,168.77000427246094,169.16000366210938,165.59629821777344,1550200
2021-10-01,169.0,173.75,167.24000549316406,172.94000244140625,169.29669189453125,1236700
2021-10-04,172.16000366210938,173.80999755859375,170.6699981689453,171.49000549316406,167.87725830078125,1432800
2021-10-05,171.4199981689453,171.52000427246094,168.13999938964844,169.27999877929688,165.71376037597656,1475100
2021-10-06,170.97000122070312,174.77999877929688,170.94000244140625,174.7100067138672,171.02940368652344,1060200
2021-10-07,176.0399932861328,179.3000030517578,175.5800018310547,176.63999938964844,172.9187774658203,924900
2021-10-08,176.9600067138672,178.27000427246094,175.27999877929688,175.44000244140625,171.74403381347656,658400
2021-10-11,175.0,176.10000610351562,171.77999877929688,171.8800048828125,168.25906372070312,531800
2021-10-12,170.77999877929688,172.3800048828125,170.44000244140625,170.8300018310547,167.23114013671875,524100
2021-10-13,171.25,172.36000061035156,168.86000061035156,170.47999572753906,166.8885040283203,542200
2021-10-14,171.6999969482422,176.47999572753906,171.5,176.27999877929688,172.56634521484375,670700
2021-10-15,177.94000244140625,178.25,176.3300018310547,176.92999267578125,173.20263671875,363300
2021-10-18,177.89999389648438,181.3300018310547,177.02999877929688,180.5399932861328,176.73658752441406,828300
2021-10-19,180.8699951171875,181.17999267578125,179.08999633789062,179.8699951171875,176.0806884765625,501900
2021-10-20,179.8699951171875,185.99000549316406,179.72999572753906,185.7100067138672,181.7976837158203,827900
2021-10-21,185.61000061035156,185.61000061035156,182.92999267578125,184.4499969482422,180.564208984375,535800
2021-10-22,184.9499969482422,186.5,184.44000244140625,185.16000366210938,181.25926208496094,423300
2021-10-25,186.07000732421875,191.47000122070312,184.5,190.8699951171875,186.84896850585938,793100
2021-10-26,191.52000427246094,191.52000427246094,188.14999389648438,189.1300048828125,185.1456298828125,513800
2021-10-27,189.10000610351562,190.38999938964844,184.77000427246094,185.02999877929688,181.13198852539062,588400
2021-10-28,187.0399932861328,190.92999267578125,186.77999877929688,188.8699951171875,184.89112854003906,694900
2021-10-29,187.42999267578125,190.3800048828125,187.36000061035156,190.1199951171875,186.11474609375,1014400
2021-11-01,191.0,191.85000610351562,186.7100067138672,188.16000366210938,184.19602966308594,879000
2021-11-02,188.3000030517578,197.0,187.02999877929688,195.00999450683594,190.9017333984375,1318400
2021-11-03,195.00999450683594,196.9600067138672,194.0,195.0,190.8919677734375,942900
2021-11-04,192.85000610351562,196.4199981689453,190.0800018310547,193.97999572753906,189.8934326171875,1923100
2021-11-05,196.60000610351562,200.4600067138672,195.3000030517578,196.05999755859375,191.92962646484375,1169700
2021-11-08,206.5,207.5,200.22000122070312,205.75999450683594,201.42527770996094,1604900
2021-11-09,210.16000366210938,210.16000366210938,202.9199981689453,205.77999877929688,201.44485473632812,901300
2021-11-10,204.64999389648438,205.77999877929688,199.1199951171875,200.27999877929688,196.0607147216797,864000
2021-11-11,199.6300048828125,201.5500030517578,198.25999450683594,199.25999450683594,195.06219482421875,556600
2021-11-12,200.0,202.55999755859375,199.1199951171875,202.27999877929688,198.01861572265625,497000
2021-11-15,203.0,203.25999450683594,201.33999633789062,201.94000244140625,198.0480194091797,388100
2021-11-16,202.66000366210938,204.0,201.9499969482422,202.9499969482422,199.03854370117188,452300
2021-11-17,202.4499969482422,202.6300048828125,201.2899932861328,202.02999877929688,198.13629150390625,446200
2021-11-18,201.75,202.9600067138672,198.33999633789062,198.58999633789062,194.7625732421875,748500
2021-11-19,198.27000427246094,199.35000610351562,195.77000427246094,196.14999389648438,192.36959838867188,997800
2021-11-22,196.77000427246094,201.0800018310547,196.77000427246094,198.16000366210938,194.3408660888672,804600
2021-11-23,199.3000030517578,200.3800048828125,197.25,199.99000549316406,196.13558959960938,679600
2021-11-24,199.47000122070312,202.16000366210938,198.61000061035156,201.88999938964844,197.99896240234375,531200
2021-11-26,197.44000244140625,198.86000061035156,194.2100067138672,197.4499969482422,193.64453125,441900
2021-11-29,198.69000244140625,200.91000366210938,198.35000610351562,199.35000610351562,195.5079345703125,629300
2021-11-30,197.4499969482422,198.38999938964844,190.97000122070312,191.63999938964844,187.94654846191406,951700
2021-12-01,194.88999938964844,196.11000061035156,188.89999389648438,188.97999572753906,185.3377685546875,743300
2021-12-02,189.66000366210938,196.91000366210938,189.0399932861328,195.80999755859375,192.0361785888672,691600
2021-12-03,195.39999389648438,197.97999572753906,189.2100067138672,191.3699951171875,187.6817169189453,999900
2021-12-06,194.10000610351562,200.4499969482422,192.27999877929688,197.5800018310547,193.77206420898438,831400
2021-12-07,199.86000061035156,201.99000549316406,199.5,199.75999450683594,195.9100341796875,580600
2021-12-08,199.74000549316406,201.0500030517578,198.86000061035156,200.52000427246094,196.65541076660156,948900
2021-12-09,200.17999267578125,202.74000549316406,199.8000030517578,201.32000732421875,197.43997192382812,614800
2021-12-10,203.0,205.91000366210938,202.25999450683594,205.4600067138672,201.5001678466797,782300
2021-12-13,205.0,205.72000122070312,201.5,203.8699951171875,199.94081115722656,673000
2021-12-14,203.2100067138672,205.3300018310547,202.13999938964844,204.13999938964844,200.20559692382812,792700
2021-12-15,204.0500030517578,206.3000030517578,202.3000030517578,206.25999450683594,202.28475952148438,688900
2021-12-16,206.6300048828125,207.4499969482422,204.74000549316406,205.35000610351562,201.39231872558594,617300
2021-12-17,205.17999267578125,206.19000244140625,203.22000122070312,204.74000549316406,200.79403686523438,1358700
2021-12-20,201.0,201.99000549316406,195.83999633789062,198.77999877929688,194.94891357421875,779600
2021-12-21,200.0,203.88999938964844,199.27000427246094,202.35000610351562,198.45013427734375,545500
2021-12-22,203.0399932861328,205.80999755859375,202.38999938964844,205.69000244140625,201.7257537841797,608000
2021-12-23,205.57000732421875,207.99000549316406,204.4600067138672,206.36000061035156,202.3828125,365400
2021-12-27,207.02999877929688,207.7899932861328,205.8000030517578,207.49000549316406,203.49105834960938,394500
2021-12-28,206.74000549316406,209.13999938964844,206.74000549316406,208.83999633789062,204.81503295898438,287100
2021-12-29,207.75999450683594,210.0,207.75999450683594,208.97000122070312,204.94253540039062,588400
2021-12-30,209.13999938964844,210.25,206.52000427246094,206.8300018310547,202.84376525878906,388100
2021-12-31,206.4199981689453,208.35000610351562,204.8800048828125,207.5800018310547,203.57931518554688,523600
2022-01-03,208.39999389648438,209.91000366210938,206.86000061035156,207.89999389648438,203.89315795898438,614700
2022-01-04,210.0,213.64999389648438,209.2100067138672,210.52999877929688,206.4724578857422,710300
2022-01-05,210.6199951171875,213.27000427246094,208.36000061035156,208.47999572753906,204.46194458007812,637400
2022-01-06,209.8000030517578,211.88999938964844,207.57000732421875,209.9499969482422,205.9036102294922,563400
2022-01-07,210.0,211.6300048828125,206.22999572753906,207.9199981689453,203.9127655029297,692700
2022-01-10,207.38999938964844,207.38999938964844,198.75,200.0800018310547,196.22384643554688,868100
2022-01-11,200.0500030517578,200.60000610351562,195.8699951171875,200.44000244140625,196.57693481445312,1017600
2022-01-12,201.74000549316406,203.75,199.7100067138672,202.8800048828125,198.9698944091797,912800
2022-01-13,202.77999877929688,204.1300048828125,198.85000610351562,199.07000732421875,195.2333526611328,951400
2022-01-14,197.0399932861328,198.6199951171875,190.22999572753906,192.22999572753906,188.525146484375,2301700
2022-01-18,189.52999877929688,190.8000030517578,186.8800048828125,190.58999633789062,186.916748046875,1180100
2022-01-19,191.42999267578125,192.30999755859375,187.72000122070312,188.22000122070312,184.59243774414062,986200
2022-01-20,189.5800018310547,192.38999938964844,187.8800048828125,188.22000122070312,184.59243774414062,1199100
2022-01-21,187.42999267578125,190.64999389648438,185.52000427246094,186.02000427246094,182.43484497070312,1105500
2022-01-24,183.08999633789062,189.66000366210938,179.72000122070312,188.7899932861328,185.15145874023438,1431600
2022-01-25,184.00999450683594,185.5500030517578,179.9199981689453,183.50999450683594,179.97320556640625,999400
2022-01-26,185.4499969482422,188.1999969482422,181.19000244140625,183.66000366210938,180.12034606933594,1050900
2022-01-27,186.1199951171875,187.8000030517578,181.30999755859375,183.2100067138672,179.6790008544922,751300
2022-01-28,183.61000061035156,188.4499969482422,181.74000549316406,188.4199981689453,184.78858947753906,716300
2022-01-31,186.49000549316406,190.3800048828125,186.19000244140625,190.30999755859375,186.6421661376953,764000
2022-02-01,190.8699951171875,193.1699981689453,186.69000244140625,191.39999389648438,187.71115112304688,637300
2022-02-02,190.92999267578125,192.02000427246094,189.52000427246094,189.97999572753906,186.31851196289062,521600
2022-02-03,187.4600067138672,189.66000366210938,184.57000732421875,185.36000061035156,181.78756713867188,664400
2022-02-04,184.74000549316406,185.74000549316406,181.89999389648438,184.0399932861328,180.49301147460938,913100
2022-02-07,184.9199981689453,184.9199981689453,180.85000610351562,182.4199981689453,178.90420532226562,944900
2022-02-08,182.58999633789062,186.08999633789062,182.5,185.61000061035156,182.03274536132812,693200
2022-02-09,187.57000732421875,189.77000427246094,187.2899932861328,188.8300018310547,185.19070434570312,768800
2022-02-10,186.27000427246094,193.30999755859375,182.69000244140625,188.94000244140625,185.29856872558594,1170400
2022-02-11,187.6999969482422,190.6199951171875,185.97000122070312,187.0,183.3959503173828,1037200
2022-02-14,187.0,190.0500030517578,182.42999267578125,183.88999938964844,180.3459014892578,838700
2022-02-15,185.0399932861328,190.58999633789062,184.86000061035156,189.11000061035156,185.46530151367188,865800
2022-02-16,188.41000366210938,191.97000122070312,183.72000122070312,191.72000122070312,188.02500915527344,1201100
2022-02-17,191.05999755859375,192.5399932861328,187.41000366210938,187.61000061035156,183.9942169189453,999700
2022-02-18,187.7100067138672,188.60000610351562,183.52000427246094,185.30999755859375,181.73855590820312,844800
2022-02-22,184.72999572753906,187.0399932861328,181.8000030517578,183.05999755859375,179.5319061279297,994800
2022-02-23,183.2100067138672,184.9600067138672,174.8300018310547,175.3000030517578,171.9214324951172,895600
2022-02-24,170.77999877929688,177.82000732421875,169.7100067138672,177.14999389648438,173.73580932617188,1006300
2022-02-25,177.30999755859375,183.86000061035156,176.2100067138672,183.47999572753906,179.9438018798828,1045300
2022-02-28,179.83999633789062,182.74000549316406,178.60000610351562,181.4499969482422,178.34170532226562,1064500
2022-03-01,180.38999938964844,181.0,172.89999389648438,174.44000244140625,171.4518280029297,810800
2022-03-02,176.75999450683594,179.32000732421875,174.52999877929688,178.25,175.196533203125,946300
2022-03-03,180.5399932861328,180.99000549316406,176.2100067138672,177.32000732421875,174.28248596191406,656000
2022-03-04,174.1199951171875,177.2899932861328,172.50999450683594,177.10000610351562,174.06626892089844,1129400
2022-03-07,177.2899932861328,177.58999633789062,169.52999877929688,170.17999267578125,167.26478576660156,1347700
2022-03-08,170.77999877929688,177.17999267578125,169.99000549316406,170.9499969482422,168.0216064453125,775600
2022-03-09,176.0500030517578,178.22000122070312,173.75999450683594,176.77000427246094,173.74188232421875,620200
2022-03-10,173.47000122070312,176.61000061035156,173.47000122070312,175.3800048828125,172.37570190429688,682800
2022-03-11,176.74000549316406,178.22000122070312,174.86000061035156,175.32000732421875,172.31675720214844,610900
2022-03-14,177.8000030517578,180.24000549316406,175.97999572753906,177.9199981689453,174.8721923828125,691500
2022-03-15,179.8699951171875,182.88999938964844,176.57000732421875,182.00999450683594,178.89212036132812,1167900
2022-03-16,183.1699981689453,186.86000061035156,177.10000610351562,181.27999877929688,178.17465209960938,946900
2022-03-17,179.50999450683594,183.82000732421875,178.49000549316406,183.07000732421875,179.93399047851562,523100
2022-03-18,182.97000122070312,184.4199981689453,180.0,183.47000122070312,180.3271484375,1012500
2022-03-21,182.3800048828125,184.50999450683594,181.2899932861328,182.3300018310547,179.2066650390625,525900
2022-03-22,183.3699951171875,184.5,180.99000549316406,182.0500030517578,178.93142700195312,499300
2022-03-23,181.1699981689453,181.4499969482422,177.17999267578125,177.33999633789062,174.3021240234375,551800
2022-03-24,178.57000732421875,180.85000610351562,177.6300048828125,180.83999633789062,177.7421875,723000
2022-03-25,181.1300048828125,184.80999755859375,179.11000061035156,184.7100067138672,181.5458984375,822500
2022-03-28,184.0,187.36000061035156,182.8800048828125,187.2899932861328,184.08169555664062,973800
2022-03-29,189.99000549316406,192.0,188.07000732421875,191.3300018310547,188.052490234375,811600
2022-03-30,191.3699951171875,191.7100067138672,186.19000244140625,187.1199951171875,183.91461181640625,795500
2022-03-31,185.60000610351562,187.4600067138672,183.69000244140625,183.6999969482422,180.55316162109375,953200
2022-04-01,185.35000610351562,186.47999572753906,183.5800018310547,184.17999267578125,181.0249786376953,800200
2022-04-04,184.36000061035156,184.7100067138672,182.33999633789062,183.44000244140625,180.2976531982422,619700
2022-04-05,181.9199981689453,184.94000244140625,181.9199981689453,182.35000610351562,179.22630310058594,653400
2022-04-06,180.64999389648438,181.1300048828125,177.52999877929688,179.0,175.9336700439453,995100
2022-04-07,178.99000549316406,179.72999572753906,175.64999389648438,176.07000732421875,173.05389404296875,1085500
2022-04-08,177.07000732421875,179.5800018310547,174.33999633789062,176.91000366210938,173.87948608398438,433800
2022-04-11,176.35000610351562,179.7100067138672,175.77999877929688,176.1699981689453,173.15216064453125,483700
2022-04-12,177.25999450683594,179.9499969482422,174.80999755859375,175.5,172.49365234375,378300
2022-04-13,175.6300048828125,177.25999450683594,175.39999389648438,176.47000122070312,173.44703674316406,517500
2022-04-14,176.39999389648438,177.82000732421875,174.72000122070312,174.77000427246094,171.7761688232422,536500
2022-04-18,174.3000030517578,176.22000122070312,172.44000244140625,173.99000549316406,171.009521484375,441400
2022-04-19,174.5,177.7100067138672,173.9199981689453,177.2100067138672,174.1743621826172,633900
2022-04-20,179.24000549316406,183.6199951171875,178.67999267578125,182.6300048828125,179.50152587890625,662300
2022-04-21,184.16000366210938,185.2100067138672,179.5800018310547,181.3699951171875,178.2631072998047,698800
2022-04-22,180.8000030517578,180.91000366210938,170.94000244140625,171.0800018310547,168.1493682861328,1127600
2022-04-25,171.1699981689453,176.75999450683594,169.52999877929688,176.00999450683594,172.99490356445312,1074200
2022-04-26,174.94000244140625,175.57000732421875,170.5,170.5,167.5792999267578,626400
2022-04-27,170.91000366210938,174.00999450683594,170.08999633789062,172.08999633789062,169.14207458496094,537300
2022-04-28,172.6699981689453,178.97000122070312,171.02999877929688,177.8800048828125,174.83290100097656,765700
2022-04-29,176.52000427246094,177.94000244140625,171.83999633789062,172.2899932861328,169.33863830566406,640000
2022-05-02,172.91000366210938,174.25,168.47000122070312,172.02000427246094,169.07325744628906,1090900
2022-05-03,171.6699981689453,178.38999938964844,171.5,176.92999267578125,173.89913940429688,1076000
2022-05-04,175.39999389648438,185.57000732421875,175.25,185.42999267578125,182.2535400390625,1314400
2022-05-05,183.00999450683594,183.50999450683594,174.58999633789062,177.0800018310547,174.04660034179688,747300
2022-05-06,174.6999969482422,174.82000732421875,164.6300048828125,169.8800048828125,166.9699249267578,1157100
2022-05-09,167.58999633789062,169.27999877929688,161.85000610351562,162.9499969482422,160.15863037109375,964500
2022-05-10,165.72999572753906,166.2899932861328,158.14999389648438,161.5399932861328,158.7727813720703,802200
2022-05-11,161.82000732421875,165.38999938964844,157.8000030517578,158.10000610351562,155.39170837402344,822500
2022-05-12,157.88999938964844,165.2899932861328,156.52999877929688,165.11000061035156,162.28164672851562,1426900
2022-05-13,166.5800018310547,170.88999938964844,165.67999267578125,168.02000427246094,165.14178466796875,1020700
2022-05-16,164.5,165.33999633789062,157.1300048828125,160.1300048828125,157.3869171142578,1338400
2022-05-17,163.74000549316406,165.13999938964844,161.52000427246094,164.8800048828125,162.05557250976562,917700
2022-05-18,163.0500030517578,163.8300018310547,159.89999389648438,160.52999877929688,157.7800750732422,594800
2022-05-19,159.30999755859375,163.41000366210938,159.30999755859375,160.30999755859375,157.5638427734375,546500
2022-05-20,162.52000427246094,163.1999969482422,156.8800048828125,160.02999877929688,157.28866577148438,826700
2022-05-23,162.02999877929688,163.97000122070312,160.02999877929688,163.91000366210938,161.10220336914062,727400
2022-05-24,163.3300018310547,163.66000366210938,157.3300018310547,161.24000549316406,158.47793579101562,745200
2022-05-25,160.47999572753906,161.6300048828125,158.8300018310547,160.64999389648438,157.89804077148438,545300
2022-05-26,162.27999877929688,165.4499969482422,161.7100067138672,164.27999877929688,161.868896484375,334900
2022-05-27,165.77000427246094,169.74000549316406,165.77000427246094,169.7100067138672,167.21920776367188,461800
2022-05-31,167.3300018310547,167.3300018310547,163.50999450683594,164.8699951171875,162.45021057128906,968200
2022-06-01,165.89999389648438,166.25,161.2899932861328,164.5399932861328,162.1250457763672,648100
2022-06-02,165.9600067138672,168.67999267578125,163.97000122070312,168.47999572753906,166.00726318359375,550300
2022-06-03,167.30999755859375,167.8699951171875,164.77999877929688,165.94000244140625,163.5045166015625,614900
2022-06-06,167.1699981689453,167.8000030517578,165.89999389648438,166.72999572753906,164.28292846679688,485400
2022-06-07,164.99000549316406,169.7899932861328,164.4199981689453,169.27000427246094,166.78565979003906,443600
2022-06-08,167.3699951171875,168.02000427246094,162.72999572753906,163.00999450683594,160.6175079345703,408500
2022-06-09,162.07000732421875,164.5,161.0399932861328,161.0800018310547,158.7158660888672,522300
2022-06-10,157.0,158.1999969482422,154.8800048828125,156.35000610351562,154.05528259277344,663600
2022-06-13,151.99000549316406,155.11000061035156,151.41000366210938,152.97000122070312,150.72486877441406,1012500
2022-06-14,152.91000366210938,153.19000244140625,150.33999633789062,151.0399932861328,148.8231964111328,1004600
2022-06-15,152.82000732421875,154.1699981689453,148.99000549316406,151.4499969482422,149.22718811035156,758100
2022-06-16,147.97999572753906,148.83999633789062,144.08999633789062,144.92999267578125,142.80284118652344,792500
2022-06-17,145.5,148.1699981689453,143.24000549316406,144.64999389648438,142.52699279785156,1162400
2022-06-21,145.75,146.50999450683594,143.32000732421875,144.6699981689453,142.54669189453125,898900
2022-06-22,142.44000244140625,144.88999938964844,141.32000732421875,143.8300018310547,141.71902465820312,753100
2022-06-23,143.4600067138672,144.52999877929688,141.17999267578125,141.4499969482422,139.3739471435547,904200
2022-06-24,142.72000122070312,146.2899932861328,142.17999267578125,145.82000732421875,143.67982482910156,2470300
2022-06-27,146.6699981689453,146.6699981689453,143.3699951171875,145.9600067138672,143.81777954101562,722500
2022-06-28,146.55999755859375,147.9600067138672,143.22999572753906,143.3699951171875,141.26576232910156,502100
2022-06-29,143.94000244140625,143.94000244140625,139.5,143.27999877929688,141.1770782470703,841800
2022-06-30,141.72000122070312,143.60000610351562,139.08999633789062,142.10000610351562,140.014404296875,861400
2022-07-01,141.72000122070312,144.1699981689453,140.27000427246094,142.47000122070312,140.37901306152344,952500
2022-07-05,139.00999450683594,144.6999969482422,137.5399932861328,144.6300048828125,142.50730895996094,954000
2022-07-06,144.4499969482422,146.1699981689453,143.08999633789062,145.64999389648438,143.51231384277344,1086100
2022-07-07,147.07000732421875,148.33999633789062,146.19000244140625,147.27999877929688,145.11839294433594,697200
2022-07-08,147.77999877929688,147.77999877929688,145.0800018310547,146.41000366210938,144.2611541748047,568500
2022-07-11,144.8000030517578,148.27999877929688,144.42999267578125,148.0800018310547,145.90663146972656,578500
2022-07-12,147.5500030517578,150.5,147.5500030517578,148.49000549316406,146.31063842773438,677600
2022-07-13,145.3800048828125,147.6999969482422,143.99000549316406,146.2899932861328,144.14291381835938,528700
2022-07-14,144.25,147.85000610351562,142.52999877929688,147.27000427246094,145.1085205078125,581600
2022-07-15,149.6199951171875,149.6199951171875,147.2899932861328,148.72000122070312,146.53724670410156,429800
2022-07-18,149.47999572753906,150.52000427246094,147.80999755859375,148.39999389648438,146.22193908691406,406000
2022-07-19,150.61000061035156,152.85000610351562,149.57000732421875,152.57000732421875,150.3307647705078,414200
2022-07-20,151.52000427246094,154.77999877929688,151.52000427246094,154.5800018310547,152.31126403808594,632500
2022-07-21,153.86000061035156,156.64999389648438,153.14999389648438,156.4600067138672,154.1636505126953,592300
2022-07-22,157.16000366210938,157.82000732421875,154.1300048828125,155.64999389648438,153.3655548095703,480400
2022-07-25,156.32000732421875,156.8000030517578,154.86000061035156,156.39999389648438,154.10452270507812,591000
2022-07-26,155.50999450683594,157.0,154.69000244140625,156.2100067138672,153.91732788085938,399300
2022-07-27,157.1999969482422,161.0399932861328,155.75999450683594,160.60000610351562,158.2428741455078,730300
2022-07-28,161.3699951171875,163.39999389648438,159.1300048828125,162.91000366210938,160.5189971923828,578400
2022-07-29,163.6699981689453,165.97999572753906,163.32000732421875,165.3300018310547,162.90345764160156,693900
2022-08-01,164.00999450683594,166.3699951171875,163.33999633789062,164.86000061035156,162.44036865234375,676500
2022-08-02,163.63999938964844,166.0500030517578,162.75,163.97999572753906,161.5732879638672,524400
2022-08-03,165.27000427246094,166.94000244140625,164.27999877929688,166.25,163.80996704101562,843100
2022-08-04,164.41000366210938,174.2100067138672,163.52000427246094,170.4199981689453,167.9187774658203,1427500
2022-08-05,168.4199981689453,172.8699951171875,167.22000122070312,172.02000427246094,169.49526977539062,1120000
2022-08-08,173.11000061035156,174.7899932861328,170.05999755859375,172.1699981689453,169.64306640625,803500
2022-08-09,171.74000549316406,172.3300018310547,169.69000244140625,170.5,167.99758911132812,705300
2022-08-10,174.1999969482422,175.85000610351562,173.5800018310547,174.52000427246094,171.95860290527344,538800
2022-08-11,176.42999267578125,177.69000244140625,175.42999267578125,175.61000061035156,173.03257751464844,619500
2022-08-12,176.52000427246094,178.2899932861328,175.66000366210938,178.22999572753906,175.61412048339844,572600
2022-08-15,177.16000366210938,179.39999389648438,176.2100067138672,177.91000366210938,175.298828125,497400
2022-08-16,176.4499969482422,179.75,176.4499969482422,178.38999938964844,176.16786193847656,504300
2022-08-17,176.25999450683594,178.7899932861328,175.83999633789062,178.2100067138672,175.99012756347656,672100
2022-08-18,178.10000610351562,179.0500030517578,176.4499969482422,177.7899932861328,175.57534790039062,413100
2022-08-19,177.83999633789062,177.83999633789062,175.0800018310547,175.66000366210938,173.47189331054688,534800
2022-08-22,172.66000366210938,174.33999633789062,172.02000427246094,172.1699981689453,170.0253448486328,682400
2022-08-23,172.0,173.5,170.75,171.14999389648438,169.01806640625,453500
2022-08-24,171.10000610351562,172.39999389648438,169.9199981689453,171.13999938964844,169.0081787109375,722200
2022-08-25,172.38999938964844,174.97000122070312,171.97999572753906,174.8800048828125,172.7016143798828,469700
2022-08-26,174.82000732421875,174.82000732421875,168.50999450683594,169.11000061035156,167.00347900390625,579000
2022-08-29,167.38999938964844,171.5800018310547,167.38999938964844,169.24000549316406,167.1318817138672,498700
2022-08-30,169.8699951171875,170.47999572753906,164.6999969482422,166.77000427246094,164.69261169433594,578800
2022-08-31,167.91000366210938,167.91000366210938,164.89999389648438,166.49000549316406,164.41610717773438,736500
2022-09-01,167.14999389648438,167.14999389648438,163.77000427246094,166.22000122070312,164.14947509765625,781600
2022-09-02,168.49000549316406,169.72999572753906,163.9499969482422,164.9499969482422,162.895263671875,537100
2022-09-06,165.69000244140625,166.39999389648438,163.3000030517578,164.41000366210938,162.36203002929688,570600
2022-09-07,163.77000427246094,170.13999938964844,163.77000427246094,170.02999877929688,167.91201782226562,478200
2022-09-08,168.4499969482422,171.6699981689453,166.8300018310547,170.8300018310547,168.70205688476562,718600
2022-09-09,172.0,172.72000122070312,171.0500030517578,171.80999755859375,169.6698455810547,723800
2022-09-12,173.22000122070312,173.74000549316406,170.2899932861328,171.3000030517578,169.1661834716797,776200
2022-09-13,167.50999450683594,168.08999633789062,163.10000610351562,163.66000366210938,161.62135314941406,688100
2022-09-14,163.4499969482422,163.6699981689453,158.3000030517578,160.22000122070312,158.22421264648438,1064800
2022-09-15,160.22000122070312,164.0800018310547,159.83999633789062,162.22000122070312,160.1992950439453,752600
2022-09-16,161.47999572753906,161.47999572753906,157.38999938964844,159.39999389648438,157.41441345214844,1050200
2022-09-19,158.52000427246094,163.27999877929688,158.4600067138672,162.97000122070312,160.93995666503906,763100
2022-09-20,160.89999389648438,162.8300018310547,159.3000030517578,162.19000244140625,160.16966247558594,814800
2022-09-21,164.0500030517578,167.05999755859375,160.3699951171875,160.47000122070312,158.47109985351562,802400
2022-09-22,160.1699981689453,161.66000366210938,158.61000061035156,158.9600067138672,156.97991943359375,647000
2022-09-23,156.02000427246094,156.8800048828125,153.22999572753906,155.6300048828125,153.69139099121094,763600
2022-09-26,155.91000366210938,157.3300018310547,152.5500030517578,153.9499969482422,152.03233337402344,779400
2022-09-27,155.82000732421875,156.3699951171875,150.5399932861328,152.33999633789062,150.44236755371094,860600
2022-09-28,153.39999389648438,156.80999755859375,152.42999267578125,156.14999389648438,154.2049102783203,662200
2022-09-29,154.13999938964844,158.1199951171875,151.72999572753906,157.77999877929688,155.81459045410156,1629300
2022-09-30,158.22000122070312,161.7899932861328,156.75,157.7100067138672,155.74546813964844,950800
2022-10-03,158.8699951171875,162.10000610351562,158.0399932861328,160.39999389648438,158.40196228027344,912500
2022-10-04,163.49000549316406,165.52000427246094,163.3000030517578,163.9600067138672,161.9176483154297,653700
2022-10-05,161.75999450683594,165.8800048828125,161.24000549316406,164.11000061035156,162.06576538085938,654900
2022-10-06,163.41000366210938,164.94000244140625,162.00999450683594,162.1999969482422,160.17953491210938,538300
2022-10-07,160.27000427246094,160.60000610351562,156.5,157.49000549316406,155.52821350097656,509000
2022-10-10,158.89999389648438,159.3000030517578,156.25999450683594,158.17999267578125,156.20960998535156,374700
2022-10-11,158.1699981689453,159.22000122070312,156.11000061035156,156.27000427246094,154.32342529296875,536400
2022-10-12,156.02999877929688,156.02999877929688,152.82000732421875,154.07000732421875,152.1508331298828,664900
2022-10-13,150.3699951171875,156.47000122070312,147.63999938964844,155.27000427246094,153.3358917236328,832400
2022-10-14,156.99000549316406,157.47999572753906,148.00999450683594,148.44000244140625,146.59095764160156,603300
2022-10-17,150.64999389648438,154.4499969482422,150.10000610351562,154.02999877929688,152.11131286621094,529100
2022-10-18,157.3800048828125,159.2899932861328,156.80999755859375,158.77999877929688,156.80215454101562,598500
2022-10-19,157.52999877929688,158.0,153.13999938964844,154.77000427246094,152.84210205078125,594000
2022-10-20,154.47000122070312,156.25,149.05999755859375,149.16000366210938,147.30198669433594,928000
2022-10-21,149.24000549316406,155.8800048828125,148.50999450683594,155.42999267578125,153.49386596679688,832000
2022-10-24,156.7100067138672,157.2899932861328,154.6300048828125,155.9199981689453,153.97776794433594,885700
2022-10-25,155.07000732421875,163.00999450683594,155.07000732421875,162.27999877929688,160.258544921875,735600
2022-10-26,162.7899932861328,163.19000244140625,160.1300048828125,161.41000366210938,159.39939880371094,646300
2022-10-27,161.6699981689453,164.08999633789062,161.52999877929688,162.05999755859375,160.04129028320312,556200
2022-10-28,162.60000610351562,166.52000427246094,161.50999450683594,165.69000244140625,163.62606811523438,729400
2022-10-31,164.8699951171875,165.49000549316406,162.2100067138672,163.6999969482422,161.66085815429688,845000
2022-11-01,165.25999450683594,166.22999572753906,162.02999877929688,164.7899932861328,162.73727416992188,1469200
2022-11-02,166.94000244140625,169.92999267578125,162.8800048828125,162.91000366210938,160.88070678710938,1377600
2022-11-03,160.94000244140625,171.5399932861328,160.66000366210938,169.0399932861328,166.93435668945312,1485100
2022-11-04,171.72999572753906,172.99000549316406,167.86000061035156,170.14999389648438,168.03050231933594,944200
2022-11-07,171.41000366210938,173.00999450683594,168.8699951171875,172.16000366210938,170.01548767089844,838700
2022-11-08,173.22000122070312,174.08999633789062,170.9199981689453,172.5,170.3512420654297,552200
2022-11-09,171.75,171.97999572753906,168.5500030517578,168.94000244140625,166.83560180664062,544200
2022-11-10,176.1199951171875,181.8800048828125,176.1199951171875,180.07000732421875,177.8269500732422,1095800
2022-11-11,181.47999572753906,183.57000732421875,178.02000427246094,178.9600067138672,176.7307891845703,920700
2022-11-14,177.86000061035156,179.75999450683594,174.9600067138672,175.16000366210938,173.3656005859375,590000
2022-11-15,177.99000549316406,179.72999572753906,173.77999877929688,175.89999389648438,174.09799194335938,743100
2022-11-16,175.5,177.5500030517578,174.39999389648438,176.7899932861328,174.97889709472656,1256900
2022-11-17,174.89999389648438,175.92999267578125,173.47999572753906,175.74000549316406,173.93966674804688,569700
2022-11-18,177.8699951171875,179.7100067138672,176.8000030517578,178.88999938964844,177.05738830566406,652900
2022-11-21,178.49000549316406,180.27000427246094,177.3000030517578,178.55999755859375,176.7307891845703,366600
2022-11-22,179.49000549316406,182.47999572753906,178.80999755859375,182.27999877929688,180.4126739501953,567000
2022-11-23,182.47999572753906,184.85000610351562,181.61000061035156,182.27999877929688,180.4126739501953,333600
2022-11-25,182.02999877929688,183.33999633789062,181.42999267578125,183.33999633789062,181.4617919921875,170400
2022-11-28,182.25,183.3300018310547,178.99000549316406,179.67999267578125,177.83929443359375,658200
2022-11-29,179.1199951171875,180.3699951171875,177.8300018310547,178.4499969482422,176.62188720703125,501800
2022-11-30,177.89999389648438,183.77000427246094,177.4499969482422,183.3300018310547,181.45191955566406,860800
2022-12-01,184.25,184.8300018310547,182.0,183.8300018310547,181.94677734375,638400
2022-12-02,181.75999450683594,185.4600067138672,180.8800048828125,184.49000549316406,182.60003662109375,528700
2022-12-05,182.30999755859375,182.30999755859375,178.24000549316406,179.0,177.16629028320312,591700
2022-12-06,179.66000366210938,180.0,176.44000244140625,177.9499969482422,176.12701416015625,484300
2022-12-07,178.17999267578125,181.19000244140625,178.00999450683594,179.10000610351562,177.26522827148438,603500
2022-12-08,183.47000122070312,183.66000366210938,181.11000061035156,182.80999755859375,180.93724060058594,559500
2022-12-09,182.5800018310547,184.99000549316406,181.9600067138672,182.4499969482422,180.58091735839844,911800
2022-12-12,182.77999877929688,184.16000366210938,180.83999633789062,184.13999938964844,182.25360107421875,679300
2022-12-13,188.61000061035156,190.14999389648438,184.0,185.92999267578125,184.0252685546875,922200
2022-12-14,185.02000427246094,185.99000549316406,182.41000366210938,184.60000610351562,182.70889282226562,837200
2022-12-15,181.67999267578125,182.11000061035156,178.60000610351562,179.27999877929688,177.44338989257812,611000
2022-12-16,176.97000122070312,178.4199981689453,175.11000061035156,177.1699981689453,175.35501098632812,963300
2022-12-19,177.4600067138672,178.72000122070312,174.25,175.4199981689453,173.62294006347656,655000
2022-12-20,175.5,177.6199951171875,174.9600067138672,176.5800018310547,174.77105712890625,683000
2022-12-21,178.05999755859375,178.7100067138672,175.22000122070312,175.9600067138672,174.15740966796875,637200
2022-12-22,174.19000244140625,174.9499969482422,171.27999877929688,174.02999877929688,172.24717712402344,660100
2022-12-23,173.77999877929688,175.22999572753906,172.5,175.1999969482422,173.40518188476562,413100
2022-12-27,175.8000030517578,176.7100067138672,174.52999877929688,175.67999267578125,173.88027954101562,330400
2022-12-28,176.1699981689453,176.77999877929688,174.0399932861328,174.08999633789062,172.30654907226562,270800
2022-12-29,175.5500030517578,177.02999877929688,174.10000610351562,176.02999877929688,174.2266845703125,326300
2022-12-30,174.83999633789062,175.66000366210938,172.69000244140625,175.11000061035156,173.3161163330078,449100
2023-01-03,177.39999389648438,178.08999633789062,174.75999450683594,176.10000610351562,174.2959747314453,591900
2023-01-04,178.17999267578125,179.85000610351562,176.83999633789062,179.57000732421875,177.7304229736328,606400
2023-01-05,177.77999877929688,178.92999267578125,175.07000732421875,175.4600067138672,173.66253662109375,432400
2023-01-06,177.61000061035156,181.52999877929688,175.94000244140625,181.36000061035156,179.5020751953125,700300
2023-01-09,181.9199981689453,182.3000030517578,177.67999267578125,178.02000427246094,176.19631958007812,806100
2023-01-10,177.0800018310547,177.55999755859375,174.82000732421875,176.75,174.93930053710938,671900
2023-01-11,177.9600067138672,182.47000122070312,177.38999938964844,182.41000366210938,180.54135131835938,679700
2023-01-12,182.8000030517578,183.47000122070312,179.1300048828125,180.80999755859375,178.95773315429688,633700
2023-01-13,181.55999755859375,184.0800018310547,180.0,183.19000244140625,181.3133544921875,479500
2023-01-17,182.30999755859375,183.00999450683594,181.0500030517578,182.55999755859375,180.68978881835938,442300
2023-01-18,182.61000061035156,184.1999969482422,180.10000610351562,180.36000061035156,178.5123291015625,458200
2023-01-19,179.74000549316406,180.5800018310547,176.42999267578125,176.6699981689453,174.86012268066406,498900
2023-01-20,177.27999877929688,179.25999450683594,175.82000732421875,178.88999938964844,177.05738830566406,819600
2023-01-23,178.75,180.24000549316406,176.97000122070312,179.4499969482422,177.61166381835938,719900
2023-01-24,177.44000244140625,179.02000427246094,176.17999267578125,178.3000030517578,176.47344970703125,571000
2023-01-25,176.91000366210938,179.1999969482422,175.02000427246094,178.6699981689453,176.8396453857422,625500
2023-01-26,179.61000061035156,179.61000061035156,175.1699981689453,179.52000427246094,177.6809539794922,743100
2023-01-27,178.7899932861328,180.10000610351562,177.74000549316406,178.5,176.67138671875,869000
2023-01-30,177.61000061035156,180.0399932861328,177.3300018310547,178.3800048828125,176.55262756347656,710900
2023-01-31,179.5800018310547,183.3300018310547,179.05999755859375,183.3300018310547,181.45191955566406,687600
2023-02-01,182.91000366210938,185.3800048828125,180.14999389648438,183.88999938964844,182.0061798095703,560900
2023-02-02,185.75999450683594,189.07000732421875,184.38999938964844,187.52000427246094,185.59898376464844,1056800
2023-02-03,185.22000122070312,186.60000610351562,182.89999389648438,183.52000427246094,181.63995361328125,526800
2023-02-06,181.89999389648438,183.36000061035156,180.6999969482422,181.58999633789062,179.729736328125,682800
2023-02-07,180.52000427246094,185.1999969482422,180.41000366210938,184.16000366210938,182.2733917236328,785600
2023-02-08,182.5800018310547,185.44000244140625,182.5800018310547,185.14999389648438,183.2532501220703,712700
2023-02-09,186.74000549316406,188.33999633789062,184.30999755859375,185.08999633789062,183.19387817382812,829200
2023-02-10,183.89999389648438,185.6300048828125,182.72000122070312,184.1300048828125,182.24371337890625,793900
2023-02-13,185.2100067138672,186.1699981689453,184.00999450683594,186.05999755859375,184.1539306640625,609200
2023-02-14,185.35000610351562,187.6999969482422,183.91000366210938,185.5800018310547,183.67884826660156,890300
2023-02-15,187.5,197.75999450683594,186.3800048828125,195.4499969482422,193.44775390625,2026100
2023-02-16,181.9499969482422,190.47000122070312,181.66000366210938,185.3699951171875,183.4709930419922,2402700
2023-02-17,183.6199951171875,188.2899932861328,183.5,185.64999389648438,183.74813842773438,1122400
2023-02-21,184.13999938964844,184.75999450683594,180.2899932861328,180.52000427246094,178.6707000732422,910400
2023-02-22,182.6300048828125,182.6300048828125,180.1199951171875,180.88999938964844,179.03689575195312,608300
2023-02-23,181.1300048828125,182.58999633789062,180.1199951171875,182.57000732421875,180.69972229003906,567200
2023-02-24,180.8300018310547,183.85000610351562,179.6300048828125,183.63999938964844,181.75872802734375,630300
2023-02-27,185.44000244140625,186.0,180.77000427246094,181.58999633789062,179.729736328125,768500
2023-02-28,181.5,183.11000061035156,180.7899932861328,180.91000366210938,179.05670166015625,612800
2023-03-01,179.6999969482422,182.83999633789062,179.52999877929688,179.97000122070312,178.1263427734375,708400
2023-03-02,179.0,182.72999572753906,176.77000427246094,181.64999389648438,179.78909301757812,910600
2023-03-03,182.00999450683594,182.9600067138672,180.0,182.47000122070312,181.0292510986328,730900
2023-03-06,182.08999633789062,182.55999755859375,178.77000427246094,179.7899932861328,178.37039184570312,692300
2023-03-07,179.77999877929688,180.97999572753906,176.7100067138672,177.22999572753906,175.8306121826172,597000
2023-03-08,177.22000122070312,181.33999633789062,176.66000366210938,178.9199981689453,177.5072784423828,607600
2023-03-09,179.36000061035156,180.4600067138672,173.38999938964844,174.07000732421875,172.69558715820312,726300
2023-03-10,174.47000122070312,174.89999389648438,168.49000549316406,169.2899932861328,167.95330810546875,1003600
2023-03-13,166.25,169.0,165.00999450683594,165.97999572753906,164.66944885253906,910700
2023-03-14,169.6300048828125,171.0399932861328,165.74000549316406,167.50999450683594,166.1873779296875,953000
2023-03-15,163.80999755859375,164.92999267578125,159.75999450683594,162.80999755859375,161.52447509765625,1081500
2023-03-16,161.77999877929688,166.33999633789062,160.41000366210938,166.2100067138672,164.8976287841797,1026800
2023-03-17,165.39999389648438,165.4600067138672,160.80999755859375,161.02000427246094,159.74862670898438,1296700
2023-03-20,162.22000122070312,163.52999877929688,161.4499969482422,163.27000427246094,161.98086547851562,1126400
2023-03-21,165.8000030517578,166.7100067138672,164.88999938964844,166.13999938964844,164.82818603515625,1067800
2023-03-22,165.4600067138672,168.05999755859375,163.6199951171875,163.7100067138672,162.41738891601562,726200
2023-03-23,163.3000030517578,167.00999450683594,163.3000030517578,164.5,163.20114135742188,740000
2023-03-24,162.91000366210938,166.25999450683594,161.69000244140625,166.1999969482422,164.88771057128906,717100
2023-03-27,167.9600067138672,168.00999450683594,165.6300048828125,165.8000030517578,164.49087524414062,739800
2023-03-28,165.61000061035156,168.25,164.75999450683594,168.0399932861328,166.7131805419922,597800
2023-03-29,169.52999877929688,170.0,168.6199951171875,169.99000549316406,168.64779663085938,456700
2023-03-30,171.55999755859375,171.9499969482422,169.44000244140625,170.13999938964844,168.79660034179688,394800
2023-03-31,171.27000427246094,172.3699951171875,170.13999938964844,171.55999755859375,170.2053985595703,1537700
2023-04-03,174.4499969482422,174.6699981689453,171.3800048828125,172.92999267578125,171.56455993652344,849200
2023-04-04,172.8800048828125,173.3000030517578,168.32000732421875,168.86000061035156,167.52671813964844,929600
2023-04-05,166.85000610351562,167.9499969482422,163.27000427246094,164.05999755859375,162.7646026611328,1304100
2023-04-06,163.33999633789062,165.35000610351562,162.0,164.92999267578125,163.62771606445312,877200
2023-04-10,164.0399932861328,166.6999969482422,163.9600067138672,166.00999450683594,164.69920349121094,523100
2023-04-11,166.3300018310547,167.85000610351562,166.25,166.57000732421875,165.25479125976562,786900
2023-04-12,167.83999633789062,169.02999877929688,166.63999938964844,167.32000732421875,165.99887084960938,700500
2023-04-13,167.22999572753906,169.9499969482422,166.5,169.4600067138672,168.12197875976562,605900
2023-04-14,168.75,171.13999938964844,168.25999450683594,169.0800018310547,167.74496459960938,615500
2023-04-17,169.0,172.02999877929688,168.27999877929688,171.8800048828125,170.5228729248047,575800
2023-04-18,172.0,173.4499969482422,170.50999450683594,172.36000061035156,170.99908447265625,670300
2023-04-19,172.30999755859375,174.2899932861328,171.27999877929688,173.5399932861328,172.1697540283203,456100
2023-04-20,172.5,173.58999633789062,171.27999877929688,172.44000244140625,171.07846069335938,562600
2023-04-21,172.64999389648438,172.85000610351562,169.74000549316406,171.13999938964844,169.7886962890625,826100
2023-04-24,171.97999572753906,172.75999450683594,170.5500030517578,171.41000366210938,170.0565643310547,524100
2023-04-25,170.4600067138672,171.07000732421875,169.3800048828125,169.6699981689453,168.330322265625,466800
2023-04-26,168.2100067138672,169.22999572753906,166.44000244140625,166.64999389648438,165.3341522216797,651100
2023-04-27,166.66000366210938,173.0399932861328,166.5500030517578,172.97999572753906,171.61416625976562,707600
2023-04-28,172.27000427246094,175.27999877929688,172.27000427246094,175.1199951171875,173.73728942871094,576500
2023-05-01,174.1699981689453,177.7899932861328,174.1699981689453,177.50999450683594,176.10841369628906,815900
2023-05-02,176.75,179.5500030517578,174.77999877929688,179.27000427246094,177.85450744628906,1105400
2023-05-03,180.0,182.63999938964844,178.5399932861328,178.6199951171875,177.2096405029297,1213800
2023-05-04,194.89999389648438,199.10000610351562,187.1999969482422,190.22999572753906,188.72796630859375,2325700
2023-05-05,192.97999572753906,195.0500030517578,191.00999450683594,193.57000732421875,192.04161071777344,1068100
2023-05-08,193.6999969482422,194.7100067138672,192.63999938964844,192.8300018310547,191.30743408203125,515800
2023-05-09,192.55999755859375,194.1300048828125,191.60000610351562,193.11000061035156,191.5852508544922,560400
2023-05-10,194.99000549316406,196.33999633789062,192.36000061035156,196.08999633789062,194.54171752929688,738500
2023-05-11,195.13999938964844,196.4600067138672,194.05999755859375,194.8300018310547,193.29165649414062,481300
2023-05-12,194.80999755859375,196.32000732421875,193.32000732421875,195.3800048828125,193.83731079101562,469400
2023-05-15,195.4199981689453,196.1999969482422,194.50999450683594,196.1699981689453,194.62107849121094,571500
2023-05-16,195.60000610351562,196.2100067138672,194.22999572753906,195.00999450683594,193.47023010253906,580600
2023-05-17,196.1699981689453,197.42999267578125,194.77999877929688,196.50999450683594,194.9583740234375,572700
2023-05-18,196.36000061035156,197.1199951171875,194.50999450683594,196.41000366210938,194.8591766357422,745300
2023-05-19,197.2899932861328,197.72000122070312,194.4499969482422,197.22000122070312,195.6627960205078,663100
2023-05-22,197.44000244140625,198.0,195.60000610351562,197.25999450683594,195.7024688720703,714000
2023-05-23,195.41000366210938,197.24000549316406,193.57000732421875,195.1999969482422,193.65872192382812,1089400
2023-05-24,194.19000244140625,194.19000244140625,192.17999267578125,194.10000610351562,192.56741333007812,845900
2023-05-25,194.25,195.86000061035156,193.52000427246094,195.10000610351562,193.98928833007812,648200
2023-05-26,195.5,196.39999389648438,193.57000732421875,196.0,194.8841552734375,731800
2023-05-30,195.49000549316406,196.64999389648438,193.6199951171875,196.0500030517578,194.93386840820312,724900
2023-05-31,195.4499969482422,196.3300018310547,193.61000061035156,195.5,194.38699340820312,1104900
2023-06-01,195.35000610351562,198.8000030517578,194.47999572753906,198.8000030517578,197.66819763183594,916000
2023-06-02,199.99000549316406,202.80999755859375,199.02999877929688,202.72999572753906,201.57583618164062,1029200
2023-06-05,202.17999267578125,204.3000030517578,201.02000427246094,202.24000549316406,201.088623046875,755300
2023-06-06,202.55999755859375,206.6699981689453,202.27999877929688,203.1199951171875,201.963623046875,736400
2023-06-07,201.58999633789062,206.42999267578125,201.25999450683594,204.99000549316406,203.82296752929688,918500
2023-06-08,204.41000366210938,206.77000427246094,204.08999633789062,206.17999267578125,205.00619506835938,763100
2023-06-09,205.5800018310547,207.3800048828125,204.6999969482422,206.63999938964844,205.46356201171875,632800
2023-06-12,206.50999450683594,207.1300048828125,205.64999389648438,205.88999938964844,204.71783447265625,765000
2023-06-13,206.3800048828125,209.22000122070312,206.13999938964844,207.6999969482422,206.5175323486328,691900
2023-06-14,208.1300048828125,208.52999877929688,206.14999389648438,207.38999938964844,206.20928955078125,726200
2023-06-15,206.94000244140625,209.41000366210938,206.2899932861328,208.94000244140625,207.75048828125,568100
2023-06-16,209.42999267578125,210.08999633789062,207.1300048828125,207.30999755859375,206.12974548339844,1259300
2023-06-20,206.36000061035156,208.99000549316406,206.02999877929688,208.67999267578125,207.49195861816406,528100
2023-06-21,208.61000061035156,212.22000122070312,208.1199951171875,210.57000732421875,209.3712158203125,1034200
2023-06-22,210.74000549316406,213.94000244140625,209.77999877929688,213.4499969482422,212.23480224609375,850700
2023-06-23,212.14999389648438,214.94000244140625,211.91000366210938,214.42999267578125,213.20921325683594,1687900
2023-06-26,213.94000244140625,215.88999938964844,213.86000061035156,214.77000427246094,213.5472869873047,923200
2023-06-27,215.3699951171875,220.89999389648438,215.05999755859375,220.4199981689453,219.16513061523438,698300
2023-06-28,220.5,221.6300048828125,219.47000122070312,220.86000061035156,219.6026153564453,827800
2023-06-29,220.30999755859375,224.88999938964844,220.30999755859375,224.83999633789062,223.55995178222656,882500
2023-06-30,225.2899932861328,225.92999267578125,223.61000061035156,225.44000244140625,224.1565399169922,811400
2023-07-03,224.52999877929688,224.52999877929688,222.25,223.33999633789062,222.06849670410156,457100
2023-07-05,220.5399932861328,222.69000244140625,218.41000366210938,220.6300048828125,219.37393188476562,1253700
2023-07-06,216.4499969482422,219.1999969482422,215.77000427246094,217.99000549316406,216.74896240234375,822400
2023-07-07,217.85000610351562,219.02000427246094,215.6999969482422,217.3800048828125,216.14242553710938,792000
2023-07-10,217.39999389648438,219.9499969482422,216.24000549316406,219.38999938964844,218.1409912109375,609800
2023-07-11,220.42999267578125,224.32000732421875,219.17999267578125,223.61000061035156,222.33697509765625,1199900
2023-07-12,225.02999877929688,225.25999450683594,219.9499969482422,220.27999877929688,219.0259246826172,1000900
2023-07-13,221.5399932861328,223.66000366210938,219.3800048828125,223.36000061035156,222.08837890625,665000
2023-07-14,224.19000244140625,225.0399932861328,221.60000610351562,224.75,223.47047424316406,668200
2023-07-17,224.83999633789062,226.19000244140625,223.64999389648438,223.7100067138672,222.4364013671875,860500
2023-07-18,222.67999267578125,224.17999267578125,221.8300018310547,223.89999389648438,222.62530517578125,726000
2023-07-19,222.91000366210938,223.32000732421875,220.47000122070312,221.33999633789062,220.0798797607422,789400
2023-07-20,222.75,222.75,220.24000549316406,221.6300048828125,220.36825561523438,902800
2023-07-21,221.17999267578125,224.02999877929688,220.22000122070312,222.3000030517578,221.03443908691406,784300
2023-07-24,222.25,223.32000732421875,220.77000427246094,222.60000610351562,221.3327178955078,587800
2023-07-25,222.25,223.8300018310547,221.5500030517578,222.25,220.9846954345703,755200
2023-07-26,221.8699951171875,224.32000732421875,221.30999755859375,223.4600067138672,222.1878204345703,717900
2023-07-27,224.88999938964844,225.47000122070312,216.5399932861328,218.2899932861328,217.0472412109375,1461800
2023-07-28,220.61000061035156,221.47999572753906,218.92999267578125,220.19000244140625,218.93643188476562,753000
2023-07-31,220.8000030517578,221.47999572753906,219.52000427246094,220.5,219.2446746826172,688900
2023-08-01,220.5399932861328,224.75999450683594,220.10000610351562,223.97000122070312,222.69491577148438,1127700
2023-08-02,223.19000244140625,227.44000244140625,222.3000030517578,223.0800018310547,221.8099822998047,1389200
2023-08-03,219.57000732421875,226.55999755859375,212.6999969482422,226.19000244140625,224.9022674560547,1385100
2023-08-04,227.63999938964844,229.24000549316406,224.14999389648438,226.0,224.71334838867188,888200
2023-08-07,227.83999633789062,229.75,225.80999755859375,228.72000122070312,227.4178924560547,773200
2023-08-08,226.7899932861328,228.4199981689453,224.75,226.83999633789062,225.54856872558594,724000
2023-08-09,226.9199981689453,226.9199981689453,222.7100067138672,223.3800048828125,222.1082763671875,591400
2023-08-10,223.14999389648438,225.25,222.5399932861328,224.30999755859375,223.03298950195312,542100
2023-08-11,223.82000732421875,226.3800048828125,223.6199951171875,223.9199981689453,222.64520263671875,570700
2023-08-14,223.47000122070312,225.24000549316406,222.38999938964844,225.1300048828125,223.8483123779297,365600
2023-08-15,224.5800018310547,225.3800048828125,223.10000610351562,224.13999938964844,222.8639373779297,369000
2023-08-16,223.41000366210938,225.13999938964844,222.3699951171875,222.5,221.6585235595703,400200
2023-08-17,223.13999938964844,223.92999267578125,213.02000427246094,213.3300018310547,212.52320861816406,826500
2023-08-18,211.63999938964844,213.00999450683594,208.27000427246094,211.8000030517578,210.99899291992188,1209000
2023-08-21,212.5399932861328,213.07000732421875,208.72999572753906,212.57000732421875,211.76608276367188,856400
2023-08-22,212.92999267578125,215.19000244140625,212.88999938964844,214.5800018310547,213.7684783935547,1001700
2023-08-23,214.27000427246094,217.77000427246094,214.27000427246094,217.05999755859375,216.2390899658203,778800
2023-08-24,216.52000427246094,218.22999572753906,214.97000122070312,214.97999572753906,214.16696166992188,578600
2023-08-25,215.14999389648438,215.94000244140625,211.9199981689453,214.8300018310547,214.0175323486328,571500
2023-08-28,215.5399932861328,217.72999572753906,214.6999969482422,215.11000061035156,214.29647827148438,434600
2023-08-29,214.6999969482422,218.6300048828125,213.63999938964844,218.58999633789062,217.7633056640625,624900
2023-08-30,218.72999572753906,220.14999389648438,217.39999389648438,218.24000549316406,217.41464233398438,414100
2023-08-31,217.8000030517578,218.6699981689453,216.69000244140625,218.25,217.42459106445312,530300
2023-09-01,219.4199981689453,223.97000122070312,219.0500030517578,222.9199981689453,222.07691955566406,677100
2023-09-05,221.88999938964844,222.19000244140625,214.47999572753906,216.24000549316406,215.42221069335938,827400
2023-09-06,216.22999572753906,217.05999755859375,211.99000549316406,215.1999969482422,214.38612365722656,657500
2023-09-07,213.6300048828125,215.99000549316406,212.1300048828125,215.55999755859375,214.74476623535156,762500
2023-09-08,215.0500030517578,218.10000610351562,214.52000427246094,216.25,215.43215942382812,648900
2023-09-11,217.61000061035156,217.92999267578125,214.52999877929688,216.58999633789062,215.7708740234375,363300
2023-09-12,215.27000427246094,215.9499969482422,213.52999877929688,214.77000427246094,213.95774841308594,540300
2023-09-13,214.11000061035156,215.3300018310547,211.8300018310547,213.74000549316406,212.93165588378906,612500
2023-09-14,215.47999572753906,216.05999755859375,211.44000244140625,214.97000122070312,214.15699768066406,649200
2023-09-15,214.82000732421875,214.82000732421875,209.27000427246094,210.58999633789062,209.79354858398438,1457000
2023-09-18,211.0399932861328,212.6300048828125,209.10000610351562,211.69000244140625,210.889404296875,496500
2023-09-19,211.0,211.77999877929688,207.85000610351562,209.8800048828125,209.0862579345703,656500
2023-09-20,211.0,211.91000366210938,207.91000366210938,209.5500030517578,208.7574920654297,974700
2023-09-21,208.69000244140625,208.88999938964844,201.27000427246094,202.35000610351562,201.58473205566406,1581800
2023-09-22,201.74000549316406,202.8800048828125,199.8000030517578,200.6199951171875,199.86126708984375,1021600
2023-09-25,200.0,202.66000366210938,199.6199951171875,202.0399932861328,201.27589416503906,624700
2023-09-26,201.3000030517578,203.1999969482422,200.17999267578125,201.35000610351562,200.58851623535156,938500
2023-09-27,202.63999938964844,204.42999267578125,200.72999572753906,203.60000610351562,202.8300018310547,1050000
2023-09-28,203.5800018310547,208.25,203.5800018310547,205.02999877929688,204.2545928955078,1123300
2023-09-29,206.30999755859375,207.85000610351562,201.22000122070312,202.02000427246094,201.2559814453125,717600
2023-10-02,201.35000610351562,203.69000244140625,199.3300018310547,200.92999267578125,200.1700897216797,853700
2023-10-03,199.91000366210938,202.99000549316406,198.9600067138672,199.99000549316406,199.233642578125,895400
2023-10-04,201.19000244140625,206.6999969482422,200.61000061035156,205.02999877929688,204.2545928955078,1336700
2023-10-05,204.30999755859375,207.6300048828125,203.92999267578125,206.9499969482422,206.16732788085938,949800
2023-10-06,206.89999389648438,214.75999450683594,206.58999633789062,212.39999389648438,211.59671020507812,1228000
2023-10-09,210.49000549316406,211.9600067138672,208.33999633789062,210.25,209.45484924316406,774400
2023-10-10,210.25999450683594,213.52999877929688,209.42999267578125,211.0,210.20201110839844,541500
2023-10-11,211.05999755859375,214.88999938964844,211.02000427246094,214.75999450683594,213.9477996826172,455800
2023-10-12,215.27999877929688,215.27999877929688,208.66000366210938,210.6300048828125,209.8334197998047,538400
2023-10-13,211.5800018310547,212.75,208.64999389648438,209.2899932861328,208.49847412109375,491900
2023-10-16,211.72999572753906,213.9600067138672,210.8699951171875,213.0399932861328,212.2342987060547,581400
2023-10-17,211.94000244140625,215.5,211.3000030517578,214.7899932861328,213.97767639160156,569000
2023-10-18,211.5500030517578,211.97999572753906,203.44000244140625,203.74000549316406,202.96946716308594,779400
2023-10-19,204.30999755859375,207.94000244140625,202.4199981689453,202.69000244140625,201.92343139648438,837100
2023-10-20,202.61000061035156,203.07000732421875,200.33999633789062,201.5500030517578,200.7877655029297,750000
2023-10-23,200.8300018310547,204.47999572753906,200.44000244140625,202.5,201.73416137695312,705400
2023-10-24,205.0800018310547,206.8000030517578,203.9499969482422,205.14999389648438,204.37413024902344,844700
2023-10-25,203.9199981689453,206.4199981689453,203.08999633789062,203.3699951171875,202.60086059570312,772700
2023-10-26,199.19000244140625,202.22999572753906,190.80999755859375,193.97000122070312,193.23641967773438,2527900
2023-10-27,192.8699951171875,196.08999633789062,190.50999450683594,193.69000244140625,192.95748901367188,1569300
2023-10-30,195.0,197.83999633789062,194.39999389648438,195.99000549316406,195.248779296875,1091600
2023-10-31,195.9199981689453,199.17999267578125,195.80999755859375,196.49000549316406,195.74688720703125,1224000
2023-11-01,197.10000610351562,204.72000122070312,195.6999969482422,203.8000030517578,203.02923583984375,1717700
2023-11-02,206.02000427246094,210.42999267578125,206.02000427246094,206.82000732421875,206.03782653808594,1207900
2023-11-03,209.32000732421875,210.27999877929688,206.91000366210938,207.77999877929688,206.9941864013672,961300
2023-11-06,208.27999877929688,208.27999877929688,206.38999938964844,207.13999938964844,206.3566131591797,1138500
2023-11-07,207.30999755859375,208.83999633789062,206.11000061035156,207.2100067138672,206.42636108398438,670400
2023-11-08,208.27999877929688,209.3800048828125,206.7899932861328,208.42999267578125,207.6417236328125,555800
2023-11-09,209.2899932861328,211.4499969482422,208.08999633789062,209.22999572753906,208.43870544433594,826800
2023-11-10,210.24000549316406,212.0800018310547,208.55999755859375,211.66000366210938,211.29376220703125,839600
2023-11-13,211.0399932861328,211.7100067138672,209.66000366210938,210.49000549316406,210.12579345703125,605700
2023-11-14,213.3800048828125,219.3000030517578,213.3800048828125,216.5399932861328,216.16531372070312,1068600
2023-11-15,217.33999633789062,217.99000549316406,210.75,210.8699951171875,210.505126953125,918500
2023-11-16,211.6699981689453,213.4499969482422,210.0399932861328,212.27000427246094,211.9027099609375,803300
2023-11-17,212.50999450683594,214.10000610351562,211.9600067138672,212.35000610351562,211.98257446289062,713100
2023-11-20,211.8300018310547,212.72999572753906,209.38999938964844,210.3800048828125,210.01597595214844,552800
2023-11-21,211.49000549316406,212.77999877929688,209.6699981689453,209.83999633789062,209.47689819335938,746700
2023-11-22,211.52000427246094,213.47000122070312,210.77000427246094,211.89999389648438,211.53334045410156,511800
2023-11-24,211.9600067138672,212.47999572753906,210.72000122070312,211.67999267578125,211.313720703125,172500
2023-11-27,211.27999877929688,213.85000610351562,210.6199951171875,212.85000610351562,212.48170471191406,657400
2023-11-28,212.85000610351562,214.0,210.24000549316406,211.16000366210938,210.7946319580078,802200
2023-11-29,212.3000030517578,213.88999938964844,212.17999267578125,212.67999267578125,212.31198120117188,609400
2023-11-30,212.49000549316406,213.80999755859375,209.60000610351562,213.55999755859375,213.1904754638672,808500
2023-12-01,214.25,217.3699951171875,214.25,215.6300048828125,215.25689697265625,653400
2023-12-04,214.6699981689453,216.2899932861328,213.47999572753906,214.8000030517578,214.42832946777344,830900
2023-12-05,213.9600067138672,214.8300018310547,210.91000366210938,212.02000427246094,211.65313720703125,836300
2023-12-06,213.6300048828125,216.0800018310547,211.66000366210938,211.92999267578125,211.5632781982422,717900
2023-12-07,212.35000610351562,214.25,210.86000061035156,214.1699981689453,213.79940795898438,485200
2023-12-08,213.72999572753906,216.8300018310547,212.6699981689453,216.02999877929688,215.6562042236328,563600
2023-12-11,216.6300048828125,219.27999877929688,216.38999938964844,218.86000061035156,218.48130798339844,880600
2023-12-12,220.58999633789062,222.0800018310547,218.41000366210938,220.89999389648438,220.51776123046875,619800
2023-12-13,221.08999633789062,224.72999572753906,219.60000610351562,223.6699981689453,223.28297424316406,512000
2023-12-14,224.8800048828125,225.3000030517578,221.32000732421875,224.75999450683594,224.37109375,917600
2023-12-15,224.0,226.83999633789062,223.24000549316406,224.35000610351562,223.96180725097656,1092500
2023-12-18,224.5800018310547,224.5800018310547,221.66000366210938,222.6999969482422,222.3146514892578,832700
2023-12-19,224.4199981689453,225.22999572753906,223.85000610351562,224.69000244140625,224.3012237548828,503100
2023-12-20,223.6699981689453,224.36000061035156,220.8699951171875,221.17999267578125,220.7972869873047,540900
2023-12-21,223.19000244140625,223.63999938964844,221.5,223.27999877929688,222.89364624023438,614600
2023-12-22,224.0500030517578,224.9499969482422,223.1300048828125,224.92999267578125,224.54078674316406,470000
2023-12-26,225.36000061035156,225.94000244140625,224.89999389648438,225.64999389648438,225.25955200195312,302800
2023-12-27,225.0,226.07000732421875,224.4600067138672,225.82000732421875,225.42926025390625,461700
2023-12-28,225.88999938964844,226.11000061035156,225.0800018310547,225.44000244140625,225.04991149902344,427200
2023-12-29,225.5500030517578,227.3300018310547,225.1300048828125,227.00999450683594,226.6171875,559200
2024-01-02,225.2899932861328,226.22000122070312,222.57000732421875,223.60000610351562,223.21310424804688,720200
2024-01-03,222.0800018310547,222.0800018310547,218.3699951171875,219.3300018310547,218.9504852294922,744500
2024-01-04,219.6199951171875,221.86000061035156,218.3800048828125,220.67999267578125,220.2981414794922,862800
2024-01-05,220.1300048828125,223.77000427246094,219.5800018310547,221.6199951171875,221.2365264892578,618700
2024-01-08,220.91000366210938,224.11000061035156,220.22999572753906,224.0,223.61241149902344,662200
2024-01-09,221.97000122070312,223.5,220.3800048828125,223.4199981689453,223.03341674804688,406200
2024-01-10,223.30999755859375,226.22000122070312,222.74000549316406,226.11000061035156,225.71875,519600
2024-01-11,226.1999969482422,226.52000427246094,223.57000732421875,224.36000061035156,223.97178649902344,640100
2024-01-12,222.60000610351562,224.00999450683594,221.8800048828125,223.9600067138672,223.57247924804688,711000
2024-01-16,223.2899932861328,223.5399932861328,220.89999389648438,222.3800048828125,221.99520874023438,637700
2024-01-17,220.88999938964844,222.27999877929688,220.5,221.25999450683594,220.87713623046875,553000
2024-01-18,221.67999267578125,225.22000122070312,221.3300018310547,225.1199951171875,224.73046875,469900
2024-01-19,226.22999572753906,226.24000549316406,222.9199981689453,226.0800018310547,225.68881225585938,495800
2024-01-22,226.82000732421875,229.8000030517578,226.5800018310547,227.27999877929688,226.88673400878906,722200
2024-01-23,226.8300018310547,228.25,222.7899932861328,222.8000030517578,222.41448974609375,856200
2024-01-24,224.0500030517578,224.27000427246094,219.72999572753906,219.8000030517578,219.419677734375,823000
2024-01-25,222.4600067138672,223.5500030517578,221.00999450683594,223.41000366210938,223.0234375,655600
2024-01-26,223.41000366210938,224.3000030517578,222.0,222.36000061035156,221.97525024414062,691600
2024-01-29,222.08999633789062,229.47999572753906,222.08999633789062,229.3699951171875,228.97311401367188,696900
2024-01-30,228.8000030517578,232.00999450683594,228.69000244140625,231.0500030517578,230.65020751953125,753300
2024-01-31,230.5399932861328,231.8300018310547,225.66000366210938,226.00999450683594,225.61892700195312,706500
2024-02-01,227.27000427246094,230.66000366210938,223.89999389648438,230.36000061035156,229.96141052246094,702700
2024-02-02,228.97999572753906,235.42999267578125,228.75,234.44000244140625,234.0343475341797,1036900
2024-02-05,232.39999389648438,234.30999755859375,227.66000366210938,229.64999389648438,229.25262451171875,1064900
2024-02-06,229.8699951171875,232.55999755859375,229.1999969482422,231.5800018310547,231.17929077148438,818000
2024-02-07,234.0,237.52999877929688,233.50999450683594,236.52000427246094,236.11074829101562,822400
2024-02-08,236.97000122070312,239.25,235.0,238.44000244140625,238.0274200439453,882000
2024-02-09,237.74000549316406,240.11000061035156,237.39999389648438,240.0,239.584716796875,1050200
2024-02-12,241.13999938964844,243.44000244140625,240.1300048828125,240.1300048828125,239.71450805664062,910400
2024-02-13,236.0,238.0399932861328,234.52999877929688,237.1199951171875,236.70970153808594,859600
2024-02-14,238.7899932861328,242.5500030517578,237.85000610351562,241.10000610351562,240.68283081054688,1024800
2024-02-15,243.47000122070312,244.60000610351562,239.63999938964844,242.4600067138672,242.04046630859375,1187500
2024-02-16,256.760009765625,260.80999755859375,253.3699951171875,255.14999389648438,254.70849609375,2201400
2024-02-20,253.22000122070312,254.8300018310547,249.49000549316406,251.3800048828125,250.94503784179688,1115300
2024-02-21,251.6300048828125,253.86000061035156,250.67999267578125,253.42999267578125,252.99147033691406,650100
2024-02-22,255.50999450683594,257.2200012207031,254.58999633789062,256.94000244140625,256.49542236328125,717000
2024-02-23,257.9200134277344,257.9200134277344,255.67999267578125,257.2300109863281,256.784912109375,786800
2024-02-26,257.8299865722656,261.45001220703125,257.5299987792969,261.0799865722656,260.62823486328125,855800
2024-02-27,261.82000732421875,263.67999267578125,261.2900085449219,263.55999755859375,263.10394287109375,727400
2024-02-28,263.3599853515625,265.1000061035156,261.1700134277344,262.29998779296875,261.84613037109375,1066800
2024-02-29,263.9100036621094,266.7799987792969,261.32000732421875,265.8500061035156,265.3900146484375,1113600
2024-03-01,267.07000732421875,268.4100036621094,265.739990234375,267.42999267578125,267.42999267578125,712300
2024-03-04,268.3999938964844,269.67999267578125,266.9800109863281,267.8500061035156,267.8500061035156,885900
2024-03-05,266.17999267578125,268.8399963378906,263.05999755859375,264.9800109863281,264.9800109863281,1026000
2024-03-06,265.489990234375,268.2900085449219,264.2300109863281,267.3399963378906,267.3399963378906,743300
2024-03-07,268.9800109863281,271.7300109863281,268.9800109863281,271.1700134277344,271.1700134277344,643400
2024-03-08,270.25,271.4200134277344,264.8599853515625,266.70001220703125,266.70001220703125,926200
2024-03-11,266.3599853515625,266.3599853515625,262.8699951171875,264.95001220703125,264.95001220703125,975200
2024-03-12,265.260009765625,269.9700012207031,264.8900146484375,269.5799865722656,269.5799865722656,577700
2024-03-13,269.42999267578125,270.6499938964844,268.3800048828125,269.32000732421875,269.32000732421875,618100
2024-03-14,268.6000061035156,272.7300109863281,268.6000061035156,270.7300109863281,270.7300109863281,1003000
2024-03-15,268.8399963378906,271.6000061035156,266.54998779296875,266.8599853515625,266.8599853515625,1861300
2024-03-18,267.8500061035156,270.25,267.54998779296875,269.4200134277344,269.4200134277344,934600
2024-03-19,266.8299865722656,271.80999755859375,266.8299865722656,269.010009765625,269.010009765625,1239500
2024-03-20,269.79998779296875,272.260009765625,268.9599914550781,271.739990234375,271.739990234375,933100
2024-03-21,272.45001220703125,275.8699951171875,270.3800048828125,275.5899963378906,275.5899963378906,1035600
2024-03-22,274.79998779296875,275.1499938964844,272.260009765625,274.3599853515625,274.3599853515625,581600
2024-03-25,274.489990234375,274.8299865722656,272.04998779296875,272.6199951171875,272.6199951171875,427800
2024-03-26,272.6600036621094,275.3500061035156,272.6600036621094,273.8699951171875,273.8699951171875,537800
2024-03-27,275.5199890136719,276.5799865722656,271.67999267578125,272.7900085449219,272.7900085449219,703200
2024-03-28,273.4800109863281,274.7900085449219,271.42999267578125,272.9200134277344,272.9200134277344,683000
2024-04-01,273.1099853515625,273.1099853515625,269.55999755859375,269.69000244140625,269.69000244140625,599100
2024-04-02,269.7300109863281,270.4599914550781,264.1600036621094,266.25,266.25,888500
2024-04-03,266.1600036621094,269.79998779296875,265.760009765625,268.7699890136719,268.7699890136719,629700
2024-04-04,270.95001220703125,272.7699890136719,265.5,265.8900146484375,265.8900146484375,576800
2024-04-05,267.19000244140625,270.8699951171875,267.19000244140625,270.1499938964844,270.1499938964844,454100
2024-04-08,270.5199890136719,271.6199951171875,269.3800048828125,269.7200012207031,269.7200012207031,580200
2024-04-09,269.54998779296875,270.2300109863281,263.0799865722656,265.6199951171875,265.6199951171875,637500
2024-04-10,260.0199890136719,265.8999938964844,259.0799865722656,264.55999755859375,264.55999755859375,800600
2024-04-11,264.2300109863281,267.0299987792969,263.8399963378906,265.5,265.5,545900
2024-04-12,263.25,264.6700134277344,261.2900085449219,262.7799987792969,262.7799987792969,507900
2024-04-15,268.4100036621094,268.4100036621094,260.25,260.4700012207031,260.4700012207031,514100
2024-04-16,260.8299865722656,261.2099914550781,257.0199890136719,258.5400085449219,258.5400085449219,782800
2024-04-17,260.0799865722656,260.0899963378906,256.07000732421875,258.260009765625,258.260009765625,708200
2024-04-18,260.260009765625,260.260009765625,254.33999633789062,255.07000732421875,255.07000732421875,538100
2024-04-19,256.2799987792969,257.45001220703125,251.32000732421875,252.05999755859375,252.05999755859375,613800
2024-04-22,253.02999877929688,256.1300048828125,251.5800018310547,254.47999572753906,254.47999572753906,591400
2024-04-23,254.14999389648438,260.010009765625,254.14999389648438,259.3399963378906,259.3399963378906,764900
2024-04-24,258.2099914550781,259.9599914550781,253.75999450683594,256.3999938964844,256.3999938964844,568000
2024-04-25,253.99000549316406,258.989990234375,250.77000427246094,258.5400085449219,258.5400085449219,655900
2024-04-26,258.989990234375,261.8299865722656,258.7900085449219,261.239990234375,261.239990234375,671600
